site_id,climate,country,module_tech,module,rate,seed,method,ci_low,ci_high,plr,truth,error
alice_springs,BWh,Australia,mono-Si,Canadian_Solar_Inc__CS6K_275M,-0.5,0,rdtools,-0.5093411771093908,-0.38013409526533315,-0.44847944893894154,-0.5000000000000004,0.051520551061058906
alice_springs,BWh,Australia,mono-Si,Canadian_Solar_Inc__CS6K_275M,-0.5,0,xgboost,,,-0.38075185018299856,-0.5000000000000004,0.11924814981700188
alice_springs,BWh,Australia,mono-Si,Canadian_Solar_Inc__CS6K_275M,-0.5,0,random_forest,,,-0.38468685842728556,-0.5000000000000004,0.11531314157271488
alice_springs,BWh,Australia,mono-Si,Canadian_Solar_Inc__CS6K_275M,-0.5,0,xgboost_full,,,-0.32901583604771667,-0.5000000000000004,0.17098416395228377
alice_springs,BWh,Australia,mono-Si,Canadian_Solar_Inc__CS6K_275M,-0.5,1,rdtools,-0.49671201318919334,-0.3569062494716588,-0.4252475218131768,-0.5000000000000004,0.07475247818682362
alice_springs,BWh,Australia,mono-Si,Canadian_Solar_Inc__CS6K_275M,-0.5,1,xgboost,,,-0.4374805099111348,-0.5000000000000004,0.06251949008886565
alice_springs,BWh,Australia,mono-Si,Canadian_Solar_Inc__CS6K_275M,-0.5,1,random_forest,,,-0.4255247786722282,-0.5000000000000004,0.07447522132777223
alice_springs,BWh,Australia,mono-Si,Canadian_Solar_Inc__CS6K_275M,-0.5,1,xgboost_full,,,-0.38009683401976796,-0.5000000000000004,0.11990316598023248
alice_springs,BWh,Australia,mono-Si,Canadian_Solar_Inc__CS6K_275M,-0.5,2,rdtools,-0.5668489586154193,-0.426534257015343,-0.4863796016219002,-0.5000000000000004,0.013620398378100251
alice_springs,BWh,Australia,mono-Si,Canadian_Solar_Inc__CS6K_275M,-0.5,2,xgboost,,,-0.45228843219637027,-0.5000000000000004,0.04771156780363017
alice_springs,BWh,Australia,mono-Si,Canadian_Solar_Inc__CS6K_275M,-0.5,2,random_forest,,,-0.4307790473605319,-0.5000000000000004,0.06922095263946854
alice_springs,BWh,Australia,mono-Si,Canadian_Solar_Inc__CS6K_275M,-0.5,2,xgboost_full,,,-0.4403821489090076,-0.5000000000000004,0.059617851090992824
alice_springs,BWh,Australia,mono-Si,Canadian_Solar_Inc__CS6K_275M,-1.0,0,rdtools,-0.9719903093928617,-0.839850806756004,-0.9015413400160155,-1.0000000000000049,0.0984586599839894
alice_springs,BWh,Australia,mono-Si,Canadian_Solar_Inc__CS6K_275M,-1.0,0,xgboost,,,-0.78935612842298,-1.0000000000000049,0.2106438715770249
alice_springs,BWh,Australia,mono-Si,Canadian_Solar_Inc__CS6K_275M,-1.0,0,random_forest,,,-0.7535500434353692,-1.0000000000000049,0.24644995656463564
alice_springs,BWh,Australia,mono-Si,Canadian_Solar_Inc__CS6K_275M,-1.0,0,xgboost_full,,,-0.7115780839374031,-1.0000000000000049,0.2884219160626018
alice_springs,BWh,Australia,mono-Si,Canadian_Solar_Inc__CS6K_275M,-1.0,1,rdtools,-0.9769012969030211,-0.8490097537193282,-0.9151831639693686,-1.0000000000000049,0.08481683603063628
alice_springs,BWh,Australia,mono-Si,Canadian_Solar_Inc__CS6K_275M,-1.0,1,xgboost,,,-0.8071805756678601,-1.0000000000000049,0.19281942433214483
alice_springs,BWh,Australia,mono-Si,Canadian_Solar_Inc__CS6K_275M,-1.0,1,random_forest,,,-0.7953138131731485,-1.0000000000000049,0.20468618682685635
alice_springs,BWh,Australia,mono-Si,Canadian_Solar_Inc__CS6K_275M,-1.0,1,xgboost_full,,,-0.7543237624107801,-1.0000000000000049,0.24567623758922474
alice_springs,BWh,Australia,mono-Si,Canadian_Solar_Inc__CS6K_275M,-1.0,2,rdtools,-1.0441670913499708,-0.9056958951341287,-0.9799306496665716,-1.0000000000000049,0.020069350333433267
alice_springs,BWh,Australia,mono-Si,Canadian_Solar_Inc__CS6K_275M,-1.0,2,xgboost,,,-0.8398641615218638,-1.0000000000000049,0.16013583847814106
alice_springs,BWh,Australia,mono-Si,Canadian_Solar_Inc__CS6K_275M,-1.0,2,random_forest,,,-0.8166341809414612,-1.0000000000000049,0.18336581905854366
alice_springs,BWh,Australia,mono-Si,Canadian_Solar_Inc__CS6K_275M,-1.0,2,xgboost_full,,,-0.8158173645090694,-1.0000000000000049,0.1841826354909355
alice_springs,BWh,Australia,CdTe,First_Solar__Inc__FS_6385,-0.5,0,rdtools,-0.5077100700238035,-0.3101437067593131,-0.41075899100036506,-0.5000000000000032,0.08924100899963816
alice_springs,BWh,Australia,CdTe,First_Solar__Inc__FS_6385,-0.5,0,xgboost,,,-0.3222514469202364,-0.5000000000000032,0.17774855307976684
alice_springs,BWh,Australia,CdTe,First_Solar__Inc__FS_6385,-0.5,0,random_forest,,,-0.3375249264966129,-0.5000000000000032,0.1624750735033903
alice_springs,BWh,Australia,CdTe,First_Solar__Inc__FS_6385,-0.5,0,xgboost_full,,,-0.28683485922356144,-0.5000000000000032,0.21316514077644177
alice_springs,BWh,Australia,CdTe,First_Solar__Inc__FS_6385,-0.5,1,rdtools,-0.45500375043582286,-0.286613542919012,-0.3694266522883138,-0.5000000000000032,0.13057334771168944
alice_springs,BWh,Australia,CdTe,First_Solar__Inc__FS_6385,-0.5,1,xgboost,,,-0.3984046906873043,-0.5000000000000032,0.10159530931269894
alice_springs,BWh,Australia,CdTe,First_Solar__Inc__FS_6385,-0.5,1,random_forest,,,-0.3933063182748097,-0.5000000000000032,0.1066936817251935
alice_springs,BWh,Australia,CdTe,First_Solar__Inc__FS_6385,-0.5,1,xgboost_full,,,-0.35669875293790065,-0.5000000000000032,0.14330124706210257
alice_springs,BWh,Australia,CdTe,First_Solar__Inc__FS_6385,-0.5,2,rdtools,-0.5119324436014372,-0.3407493994720512,-0.4229866284698453,-0.5000000000000032,0.07701337153015791
alice_springs,BWh,Australia,CdTe,First_Solar__Inc__FS_6385,-0.5,2,xgboost,,,-0.41730323266987723,-0.5000000000000032,0.08269676733012599
alice_springs,BWh,Australia,CdTe,First_Solar__Inc__FS_6385,-0.5,2,random_forest,,,-0.38147256995973455,-0.5000000000000032,0.11852743004026867
alice_springs,BWh,Australia,CdTe,First_Solar__Inc__FS_6385,-0.5,2,xgboost_full,,,-0.38289921412556494,-0.5000000000000032,0.11710078587443828
alice_springs,BWh,Australia,CdTe,First_Solar__Inc__FS_6385,-1.0,0,rdtools,-0.9243697885274674,-0.7362296580105676,-0.8418830213523965,-0.999999999999998,0.15811697864760155
alice_springs,BWh,Australia,CdTe,First_Solar__Inc__FS_6385,-1.0,0,xgboost,,,-0.7222935490402871,-0.999999999999998,0.2777064509597109
alice_springs,BWh,Australia,CdTe,First_Solar__Inc__FS_6385,-1.0,0,random_forest,,,-0.6856705866717494,-0.999999999999998,0.3143294133282486
alice_springs,BWh,Australia,CdTe,First_Solar__Inc__FS_6385,-1.0,0,xgboost_full,,,-0.6492795029061971,-0.999999999999998,0.35072049709380093
alice_springs,BWh,Australia,CdTe,First_Solar__Inc__FS_6385,-1.0,1,rdtools,-0.878893964838795,-0.7060876406789601,-0.7936517027222165,-0.999999999999998,0.20634829727778148
alice_springs,BWh,Australia,CdTe,First_Solar__Inc__FS_6385,-1.0,1,xgboost,,,-0.7785744622153247,-0.999999999999998,0.22142553778467333
alice_springs,BWh,Australia,CdTe,First_Solar__Inc__FS_6385,-1.0,1,random_forest,,,-0.7283300614493077,-0.999999999999998,0.2716699385506903
alice_springs,BWh,Australia,CdTe,First_Solar__Inc__FS_6385,-1.0,1,xgboost_full,,,-0.6971161581803775,-0.999999999999998,0.30288384181962047
alice_springs,BWh,Australia,CdTe,First_Solar__Inc__FS_6385,-1.0,2,rdtools,-0.9890821378044534,-0.8006939167187865,-0.878915050408835,-0.999999999999998,0.121084949591163
alice_springs,BWh,Australia,CdTe,First_Solar__Inc__FS_6385,-1.0,2,xgboost,,,-0.7978787918129338,-0.999999999999998,0.20212120818706425
alice_springs,BWh,Australia,CdTe,First_Solar__Inc__FS_6385,-1.0,2,random_forest,,,-0.7359363377143237,-0.999999999999998,0.26406366228567435
alice_springs,BWh,Australia,CdTe,First_Solar__Inc__FS_6385,-1.0,2,xgboost_full,,,-0.7172354112974677,-0.999999999999998,0.2827645887025303
golden,Dfb,United States,mono-Si,Canadian_Solar_Inc__CS6K_275M,-0.5,0,rdtools,-0.4976153273980599,-0.339930855798684,-0.4264754165060558,-0.5000000000000004,0.07352458349394464
golden,Dfb,United States,mono-Si,Canadian_Solar_Inc__CS6K_275M,-0.5,0,xgboost,,,-0.3920712301236434,-0.5000000000000004,0.10792876987635702
golden,Dfb,United States,mono-Si,Canadian_Solar_Inc__CS6K_275M,-0.5,0,random_forest,,,-0.36442737129693076,-0.5000000000000004,0.1355726287030697
golden,Dfb,United States,mono-Si,Canadian_Solar_Inc__CS6K_275M,-0.5,0,xgboost_full,,,-0.3255945387018677,-0.5000000000000004,0.17440546129813272
golden,Dfb,United States,mono-Si,Canadian_Solar_Inc__CS6K_275M,-0.5,1,rdtools,-0.516657942248866,-0.37395486891633745,-0.4316460461864069,-0.5000000000000004,0.06835395381359355
golden,Dfb,United States,mono-Si,Canadian_Solar_Inc__CS6K_275M,-0.5,1,xgboost,,,-0.3967258703673038,-0.5000000000000004,0.10327412963269667
golden,Dfb,United States,mono-Si,Canadian_Solar_Inc__CS6K_275M,-0.5,1,random_forest,,,-0.35415625873417844,-0.5000000000000004,0.145843741265822
golden,Dfb,United States,mono-Si,Canadian_Solar_Inc__CS6K_275M,-0.5,1,xgboost_full,,,-0.35161266418574944,-0.5000000000000004,0.148387335814251
golden,Dfb,United States,mono-Si,Canadian_Solar_Inc__CS6K_275M,-0.5,2,rdtools,-0.5733230980898951,-0.4386774181971341,-0.512379821246467,-0.5000000000000004,-0.012379821246466527
golden,Dfb,United States,mono-Si,Canadian_Solar_Inc__CS6K_275M,-0.5,2,xgboost,,,-0.42984015232371275,-0.5000000000000004,0.07015984767628769
golden,Dfb,United States,mono-Si,Canadian_Solar_Inc__CS6K_275M,-0.5,2,random_forest,,,-0.3814976411970261,-0.5000000000000004,0.11850235880297433
golden,Dfb,United States,mono-Si,Canadian_Solar_Inc__CS6K_275M,-0.5,2,xgboost_full,,,-0.38041928374811806,-0.5000000000000004,0.11958071625188238
golden,Dfb,United States,mono-Si,Canadian_Solar_Inc__CS6K_275M,-1.0,0,rdtools,-0.9480959136375966,-0.8372459699349188,-0.8983632668300756,-1.0000000000000049,0.10163673316992927
golden,Dfb,United States,mono-Si,Canadian_Solar_Inc__CS6K_275M,-1.0,0,xgboost,,,-0.7633740795070287,-1.0000000000000049,0.23662592049297615
golden,Dfb,United States,mono-Si,Canadian_Solar_Inc__CS6K_275M,-1.0,0,random_forest,,,-0.7408277060244193,-1.0000000000000049,0.2591722939755856
golden,Dfb,United States,mono-Si,Canadian_Solar_Inc__CS6K_275M,-1.0,0,xgboost_full,,,-0.7156678879357947,-1.0000000000000049,0.28433211206421016
golden,Dfb,United States,mono-Si,Canadian_Solar_Inc__CS6K_275M,-1.0,1,rdtools,-0.9580161114780661,-0.8229968636041834,-0.8861138447150863,-1.0000000000000049,0.11388615528491863
golden,Dfb,United States,mono-Si,Canadian_Solar_Inc__CS6K_275M,-1.0,1,xgboost,,,-0.7913041304521871,-1.0000000000000049,0.20869586954781782
golden,Dfb,United States,mono-Si,Canadian_Solar_Inc__CS6K_275M,-1.0,1,random_forest,,,-0.7428777373149288,-1.0000000000000049,0.2571222626850761
golden,Dfb,United States,mono-Si,Canadian_Solar_Inc__CS6K_275M,-1.0,1,xgboost_full,,,-0.72244300344661,-1.0000000000000049,0.27755699655339483
golden,Dfb,United States,mono-Si,Canadian_Solar_Inc__CS6K_275M,-1.0,2,rdtools,-1.0208469517302032,-0.8879543481386087,-0.962411254495263,-1.0000000000000049,0.037588745504741894
golden,Dfb,United States,mono-Si,Canadian_Solar_Inc__CS6K_275M,-1.0,2,xgboost,,,-0.8205097253339899,-1.0000000000000049,0.17949027466601497
golden,Dfb,United States,mono-Si,Canadian_Solar_Inc__CS6K_275M,-1.0,2,random_forest,,,-0.7696409334891574,-1.0000000000000049,0.23035906651084748
golden,Dfb,United States,mono-Si,Canadian_Solar_Inc__CS6K_275M,-1.0,2,xgboost_full,,,-0.7933105683961383,-1.0000000000000049,0.20668943160386655
golden,Dfb,United States,CdTe,First_Solar__Inc__FS_6385,-0.5,0,rdtools,-0.5125266567877818,-0.328916180969574,-0.42850863761746405,-0.5000000000000032,0.07149136238253917
golden,Dfb,United States,CdTe,First_Solar__Inc__FS_6385,-0.5,0,xgboost,,,-0.35202774206796694,-0.5000000000000032,0.14797225793203628
golden,Dfb,United States,CdTe,First_Solar__Inc__FS_6385,-0.5,0,random_forest,,,-0.342817993095739,-0.5000000000000032,0.1571820069042642
golden,Dfb,United States,CdTe,First_Solar__Inc__FS_6385,-0.5,0,xgboost_full,,,-0.30490656676681605,-0.5000000000000032,0.19509343323318717
golden,Dfb,United States,CdTe,First_Solar__Inc__FS_6385,-0.5,1,rdtools,-0.5085433499051926,-0.3067144359786722,-0.41580052926428746,-0.5000000000000032,0.08419947073571576
golden,Dfb,United States,CdTe,First_Solar__Inc__FS_6385,-0.5,1,xgboost,,,-0.38042316149710653,-0.5000000000000032,0.11957683850289669
golden,Dfb,United States,CdTe,First_Solar__Inc__FS_6385,-0.5,1,random_forest,,,-0.33293196402272573,-0.5000000000000032,0.16706803597727748
golden,Dfb,United States,CdTe,First_Solar__Inc__FS_6385,-0.5,1,xgboost_full,,,-0.3276069543004745,-0.5000000000000032,0.17239304569952874
golden,Dfb,United States,CdTe,First_Solar__Inc__FS_6385,-0.5,2,rdtools,-0.5881774376216677,-0.38629995566745734,-0.4998408395234133,-0.5000000000000032,0.00015916047658992571
golden,Dfb,United States,CdTe,First_Solar__Inc__FS_6385,-0.5,2,xgboost,,,-0.39777757613755993,-0.5000000000000032,0.10222242386244329
golden,Dfb,United States,CdTe,First_Solar__Inc__FS_6385,-0.5,2,random_forest,,,-0.3838591032002213,-0.5000000000000032,0.1161408967997819
golden,Dfb,United States,CdTe,First_Solar__Inc__FS_6385,-0.5,2,xgboost_full,,,-0.36237630834677276,-0.5000000000000032,0.13762369165323046
golden,Dfb,United States,CdTe,First_Solar__Inc__FS_6385,-1.0,0,rdtools,-0.954913207876984,-0.7496808256202026,-0.8540012881832811,-0.999999999999998,0.14599871181671686
golden,Dfb,United States,CdTe,First_Solar__Inc__FS_6385,-1.0,0,xgboost,,,-0.755625309410618,-0.999999999999998,0.24437469058938
golden,Dfb,United States,CdTe,First_Solar__Inc__FS_6385,-1.0,0,random_forest,,,-0.6868391816857111,-0.999999999999998,0.3131608183142869
golden,Dfb,United States,CdTe,First_Solar__Inc__FS_6385,-1.0,0,xgboost_full,,,-0.6602091616385863,-0.999999999999998,0.33979083836141166
golden,Dfb,United States,CdTe,First_Solar__Inc__FS_6385,-1.0,1,rdtools,-0.9132444581537502,-0.7472363954669881,-0.8312453468875547,-0.999999999999998,0.1687546531124433
golden,Dfb,United States,CdTe,First_Solar__Inc__FS_6385,-1.0,1,xgboost,,,-0.7363764004374973,-0.999999999999998,0.2636235995625007
golden,Dfb,United States,CdTe,First_Solar__Inc__FS_6385,-1.0,1,random_forest,,,-0.6782909681595765,-0.999999999999998,0.32170903184042154
golden,Dfb,United States,CdTe,First_Solar__Inc__FS_6385,-1.0,1,xgboost_full,,,-0.6765455126262865,-0.999999999999998,0.3234544873737115
golden,Dfb,United States,CdTe,First_Solar__Inc__FS_6385,-1.0,2,rdtools,-0.9761846420952612,-0.7702491929293953,-0.8837850042108797,-0.999999999999998,0.11621499578911831
golden,Dfb,United States,CdTe,First_Solar__Inc__FS_6385,-1.0,2,xgboost,,,-0.7716131538054227,-0.999999999999998,0.22838684619457528
golden,Dfb,United States,CdTe,First_Solar__Inc__FS_6385,-1.0,2,random_forest,,,-0.7346226862055549,-0.999999999999998,0.26537731379444307
golden,Dfb,United States,CdTe,First_Solar__Inc__FS_6385,-1.0,2,xgboost_full,,,-0.6970566525081212,-0.999999999999998,0.3029433474918768
utrecht,Cfb,Netherlands,mono-Si,Canadian_Solar_Inc__CS6K_275M,-0.5,0,rdtools,-0.4637849551622164,-0.2998651693932043,-0.38424597280111344,-0.5000000000000004,0.115754027198887
utrecht,Cfb,Netherlands,mono-Si,Canadian_Solar_Inc__CS6K_275M,-0.5,0,xgboost,,,-0.3428107529788079,-0.5000000000000004,0.15718924702119252
utrecht,Cfb,Netherlands,mono-Si,Canadian_Solar_Inc__CS6K_275M,-0.5,0,random_forest,,,-0.33246641464009796,-0.5000000000000004,0.16753358535990248
utrecht,Cfb,Netherlands,mono-Si,Canadian_Solar_Inc__CS6K_275M,-0.5,0,xgboost_full,,,-0.28442023534661076,-0.5000000000000004,0.21557976465338968
utrecht,Cfb,Netherlands,mono-Si,Canadian_Solar_Inc__CS6K_275M,-0.5,1,rdtools,-0.4933167922954951,-0.3439781688226007,-0.4262444295473622,-0.5000000000000004,0.07375557045263825
utrecht,Cfb,Netherlands,mono-Si,Canadian_Solar_Inc__CS6K_275M,-0.5,1,xgboost,,,-0.4038003143360458,-0.5000000000000004,0.09619968566395465
utrecht,Cfb,Netherlands,mono-Si,Canadian_Solar_Inc__CS6K_275M,-0.5,1,random_forest,,,-0.39934553165296527,-0.5000000000000004,0.10065446834703518
utrecht,Cfb,Netherlands,mono-Si,Canadian_Solar_Inc__CS6K_275M,-0.5,1,xgboost_full,,,-0.3413823856827536,-0.5000000000000004,0.15861761431724686
utrecht,Cfb,Netherlands,mono-Si,Canadian_Solar_Inc__CS6K_275M,-0.5,2,rdtools,-0.5286432052584278,-0.36636479366768254,-0.4596113549350189,-0.5000000000000004,0.04038864506498152
utrecht,Cfb,Netherlands,mono-Si,Canadian_Solar_Inc__CS6K_275M,-0.5,2,xgboost,,,-0.38699776577394684,-0.5000000000000004,0.1130022342260536
utrecht,Cfb,Netherlands,mono-Si,Canadian_Solar_Inc__CS6K_275M,-0.5,2,random_forest,,,-0.34998991644036914,-0.5000000000000004,0.1500100835596313
utrecht,Cfb,Netherlands,mono-Si,Canadian_Solar_Inc__CS6K_275M,-0.5,2,xgboost_full,,,-0.37265856977519163,-0.5000000000000004,0.12734143022480882
utrecht,Cfb,Netherlands,mono-Si,Canadian_Solar_Inc__CS6K_275M,-1.0,0,rdtools,-0.8926969329145167,-0.7470799669526462,-0.825680989075428,-1.0000000000000049,0.1743190109245769
utrecht,Cfb,Netherlands,mono-Si,Canadian_Solar_Inc__CS6K_275M,-1.0,0,xgboost,,,-0.7636990447946443,-1.0000000000000049,0.23630095520536054
utrecht,Cfb,Netherlands,mono-Si,Canadian_Solar_Inc__CS6K_275M,-1.0,0,random_forest,,,-0.6740899137759659,-1.0000000000000049,0.32591008622403894
utrecht,Cfb,Netherlands,mono-Si,Canadian_Solar_Inc__CS6K_275M,-1.0,0,xgboost_full,,,-0.6413026141399436,-1.0000000000000049,0.3586973858600613
utrecht,Cfb,Netherlands,mono-Si,Canadian_Solar_Inc__CS6K_275M,-1.0,1,rdtools,-0.9361674028589118,-0.8089675154058895,-0.8790786604605527,-1.0000000000000049,0.12092133953945217
utrecht,Cfb,Netherlands,mono-Si,Canadian_Solar_Inc__CS6K_275M,-1.0,1,xgboost,,,-0.8221718873902939,-1.0000000000000049,0.177828112609711
utrecht,Cfb,Netherlands,mono-Si,Canadian_Solar_Inc__CS6K_275M,-1.0,1,random_forest,,,-0.7449207361383068,-1.0000000000000049,0.2550792638616981
utrecht,Cfb,Netherlands,mono-Si,Canadian_Solar_Inc__CS6K_275M,-1.0,1,xgboost_full,,,-0.7171752539516463,-1.0000000000000049,0.2828247460483586
utrecht,Cfb,Netherlands,mono-Si,Canadian_Solar_Inc__CS6K_275M,-1.0,2,rdtools,-0.9775276266019299,-0.800510529294044,-0.8871004868312585,-1.0000000000000049,0.11289951316874636
utrecht,Cfb,Netherlands,mono-Si,Canadian_Solar_Inc__CS6K_275M,-1.0,2,xgboost,,,-0.8131644332797006,-1.0000000000000049,0.18683556672030432
utrecht,Cfb,Netherlands,mono-Si,Canadian_Solar_Inc__CS6K_275M,-1.0,2,random_forest,,,-0.7615664977765779,-1.0000000000000049,0.23843350222342696
utrecht,Cfb,Netherlands,mono-Si,Canadian_Solar_Inc__CS6K_275M,-1.0,2,xgboost_full,,,-0.7298575868805113,-1.0000000000000049,0.2701424131194936
utrecht,Cfb,Netherlands,CdTe,First_Solar__Inc__FS_6385,-0.5,0,rdtools,-0.4491522462680142,-0.24057193346854744,-0.3397178882915797,-0.5000000000000032,0.16028211170842355
utrecht,Cfb,Netherlands,CdTe,First_Solar__Inc__FS_6385,-0.5,0,xgboost,,,-0.3200316174791995,-0.5000000000000032,0.17996838252080372
utrecht,Cfb,Netherlands,CdTe,First_Solar__Inc__FS_6385,-0.5,0,random_forest,,,-0.2926117350713686,-0.5000000000000032,0.2073882649286346
utrecht,Cfb,Netherlands,CdTe,First_Solar__Inc__FS_6385,-0.5,0,xgboost_full,,,-0.2506447858408854,-0.5000000000000032,0.24935521415911782
utrecht,Cfb,Netherlands,CdTe,First_Solar__Inc__FS_6385,-0.5,1,rdtools,-0.512472073867487,-0.330798495617937,-0.4228842565614843,-0.5000000000000032,0.0771157434385189
utrecht,Cfb,Netherlands,CdTe,First_Solar__Inc__FS_6385,-0.5,1,xgboost,,,-0.3881899027852076,-0.5000000000000032,0.11181009721479562
utrecht,Cfb,Netherlands,CdTe,First_Solar__Inc__FS_6385,-0.5,1,random_forest,,,-0.36320247629587554,-0.5000000000000032,0.13679752370412768
utrecht,Cfb,Netherlands,CdTe,First_Solar__Inc__FS_6385,-0.5,1,xgboost_full,,,-0.2989490640892156,-0.5000000000000032,0.2010509359107876
utrecht,Cfb,Netherlands,CdTe,First_Solar__Inc__FS_6385,-0.5,2,rdtools,-0.4978979727552508,-0.28693046207652895,-0.3888362039882187,-0.5000000000000032,0.1111637960117845
utrecht,Cfb,Netherlands,CdTe,First_Solar__Inc__FS_6385,-0.5,2,xgboost,,,-0.3914837232116164,-0.5000000000000032,0.10851627678838682
utrecht,Cfb,Netherlands,CdTe,First_Solar__Inc__FS_6385,-0.5,2,random_forest,,,-0.3432529971706344,-0.5000000000000032,0.15674700282936882
utrecht,Cfb,Netherlands,CdTe,First_Solar__Inc__FS_6385,-0.5,2,xgboost_full,,,-0.3526905821488556,-0.5000000000000032,0.1473094178511476
utrecht,Cfb,Netherlands,CdTe,First_Solar__Inc__FS_6385,-1.0,0,rdtools,-0.8770294051372273,-0.6414744123624974,-0.7595122322240544,-0.999999999999998,0.2404877677759436
utrecht,Cfb,Netherlands,CdTe,First_Solar__Inc__FS_6385,-1.0,0,xgboost,,,-0.6563038922999975,-0.999999999999998,0.3436961077000005
utrecht,Cfb,Netherlands,CdTe,First_Solar__Inc__FS_6385,-1.0,0,random_forest,,,-0.6498292609633525,-0.999999999999998,0.35017073903664553
utrecht,Cfb,Netherlands,CdTe,First_Solar__Inc__FS_6385,-1.0,0,xgboost_full,,,-0.577955755686721,-0.999999999999998,0.42204424431327703
utrecht,Cfb,Netherlands,CdTe,First_Solar__Inc__FS_6385,-1.0,1,rdtools,-0.9035893888519059,-0.718116134989466,-0.8160275562586361,-0.999999999999998,0.1839724437413619
utrecht,Cfb,Netherlands,CdTe,First_Solar__Inc__FS_6385,-1.0,1,xgboost,,,-0.7806855303936766,-0.999999999999998,0.2193144696063214
utrecht,Cfb,Netherlands,CdTe,First_Solar__Inc__FS_6385,-1.0,1,random_forest,,,-0.7445541176717254,-0.999999999999998,0.2554458823282726
utrecht,Cfb,Netherlands,CdTe,First_Solar__Inc__FS_6385,-1.0,1,xgboost_full,,,-0.627524933585021,-0.999999999999998,0.37247506641497696
utrecht,Cfb,Netherlands,CdTe,First_Solar__Inc__FS_6385,-1.0,2,rdtools,-0.8899088971077793,-0.7037730331202585,-0.8012466090853265,-0.999999999999998,0.19875339091467148
utrecht,Cfb,Netherlands,CdTe,First_Solar__Inc__FS_6385,-1.0,2,xgboost,,,-0.7835008584717083,-0.999999999999998,0.21649914152828975
utrecht,Cfb,Netherlands,CdTe,First_Solar__Inc__FS_6385,-1.0,2,random_forest,,,-0.70964645737121,-0.999999999999998,0.290353542628788
utrecht,Cfb,Netherlands,CdTe,First_Solar__Inc__FS_6385,-1.0,2,xgboost_full,,,-0.7086376471884781,-0.999999999999998,0.2913623528115199
hong_kong,Cwa,China (Hong Kong),mono-Si,Canadian_Solar_Inc__CS6K_275M,-0.5,0,rdtools,-0.4866474457383658,-0.33822806789917115,-0.4189038326875266,-0.5000000000000004,0.08109616731247382
hong_kong,Cwa,China (Hong Kong),mono-Si,Canadian_Solar_Inc__CS6K_275M,-0.5,0,xgboost,,,-0.35856704930255107,-0.5000000000000004,0.14143295069744938
hong_kong,Cwa,China (Hong Kong),mono-Si,Canadian_Solar_Inc__CS6K_275M,-0.5,0,random_forest,,,-0.3569837246909646,-0.5000000000000004,0.14301627530903582
hong_kong,Cwa,China (Hong Kong),mono-Si,Canadian_Solar_Inc__CS6K_275M,-0.5,0,xgboost_full,,,-0.33165971555335433,-0.5000000000000004,0.16834028444664612
hong_kong,Cwa,China (Hong Kong),mono-Si,Canadian_Solar_Inc__CS6K_275M,-0.5,1,rdtools,-0.5324810633446038,-0.3677788747417754,-0.45832191407544354,-0.5000000000000004,0.04167808592455691
hong_kong,Cwa,China (Hong Kong),mono-Si,Canadian_Solar_Inc__CS6K_275M,-0.5,1,xgboost,,,-0.42356197946065377,-0.5000000000000004,0.07643802053934667
hong_kong,Cwa,China (Hong Kong),mono-Si,Canadian_Solar_Inc__CS6K_275M,-0.5,1,random_forest,,,-0.36727211900288026,-0.5000000000000004,0.13272788099712018
hong_kong,Cwa,China (Hong Kong),mono-Si,Canadian_Solar_Inc__CS6K_275M,-0.5,1,xgboost_full,,,-0.38021919944671023,-0.5000000000000004,0.11978080055329021
hong_kong,Cwa,China (Hong Kong),mono-Si,Canadian_Solar_Inc__CS6K_275M,-0.5,2,rdtools,-0.5549003475871586,-0.4306703687350477,-0.5017799040922251,-0.5000000000000004,-0.0017799040922246157
hong_kong,Cwa,China (Hong Kong),mono-Si,Canadian_Solar_Inc__CS6K_275M,-0.5,2,xgboost,,,-0.46657735717857696,-0.5000000000000004,0.03342264282142349
hong_kong,Cwa,China (Hong Kong),mono-Si,Canadian_Solar_Inc__CS6K_275M,-0.5,2,random_forest,,,-0.3696741526187375,-0.5000000000000004,0.13032584738126296
hong_kong,Cwa,China (Hong Kong),mono-Si,Canadian_Solar_Inc__CS6K_275M,-0.5,2,xgboost_full,,,-0.421742778914902,-0.5000000000000004,0.07825722108509847
hong_kong,Cwa,China (Hong Kong),mono-Si,Canadian_Solar_Inc__CS6K_275M,-1.0,0,rdtools,-0.9460874402315023,-0.7885399013476291,-0.8882964432774865,-1.0000000000000049,0.11170355672251842
hong_kong,Cwa,China (Hong Kong),mono-Si,Canadian_Solar_Inc__CS6K_275M,-1.0,0,xgboost,,,-0.8079478478948854,-1.0000000000000049,0.1920521521051195
hong_kong,Cwa,China (Hong Kong),mono-Si,Canadian_Solar_Inc__CS6K_275M,-1.0,0,random_forest,,,-0.7648437388705798,-1.0000000000000049,0.23515626112942511
hong_kong,Cwa,China (Hong Kong),mono-Si,Canadian_Solar_Inc__CS6K_275M,-1.0,0,xgboost_full,,,-0.7101104137834713,-1.0000000000000049,0.2898895862165336
hong_kong,Cwa,China (Hong Kong),mono-Si,Canadian_Solar_Inc__CS6K_275M,-1.0,1,rdtools,-0.9857433272813965,-0.8176309343095582,-0.9112782113526953,-1.0000000000000049,0.08872178864730962
hong_kong,Cwa,China (Hong Kong),mono-Si,Canadian_Solar_Inc__CS6K_275M,-1.0,1,xgboost,,,-0.8408427112656116,-1.0000000000000049,0.15915728873439328
hong_kong,Cwa,China (Hong Kong),mono-Si,Canadian_Solar_Inc__CS6K_275M,-1.0,1,random_forest,,,-0.7766629756921688,-1.0000000000000049,0.22333702430783609
hong_kong,Cwa,China (Hong Kong),mono-Si,Canadian_Solar_Inc__CS6K_275M,-1.0,1,xgboost_full,,,-0.7697762430686039,-1.0000000000000049,0.23022375693140096
hong_kong,Cwa,China (Hong Kong),mono-Si,Canadian_Solar_Inc__CS6K_275M,-1.0,2,rdtools,-1.0128692145473193,-0.9019715000767481,-0.9581321898310906,-1.0000000000000049,0.04186781016891428
hong_kong,Cwa,China (Hong Kong),mono-Si,Canadian_Solar_Inc__CS6K_275M,-1.0,2,xgboost,,,-0.9062746082467044,-1.0000000000000049,0.09372539175330052
hong_kong,Cwa,China (Hong Kong),mono-Si,Canadian_Solar_Inc__CS6K_275M,-1.0,2,random_forest,,,-0.7930204297678434,-1.0000000000000049,0.2069795702321615
hong_kong,Cwa,China (Hong Kong),mono-Si,Canadian_Solar_Inc__CS6K_275M,-1.0,2,xgboost_full,,,-0.7936377458072075,-1.0000000000000049,0.2063622541927974
hong_kong,Cwa,China (Hong Kong),CdTe,First_Solar__Inc__FS_6385,-0.5,0,rdtools,-0.5105929372761664,-0.34427656385108696,-0.41886629635400163,-0.5000000000000032,0.08113370364600159
hong_kong,Cwa,China (Hong Kong),CdTe,First_Solar__Inc__FS_6385,-0.5,0,xgboost,,,-0.34889971215696924,-0.5000000000000032,0.15110028784303398
hong_kong,Cwa,China (Hong Kong),CdTe,First_Solar__Inc__FS_6385,-0.5,0,random_forest,,,-0.3239771314039186,-0.5000000000000032,0.17602286859608463
hong_kong,Cwa,China (Hong Kong),CdTe,First_Solar__Inc__FS_6385,-0.5,0,xgboost_full,,,-0.29003629666091124,-0.5000000000000032,0.20996370333909198
hong_kong,Cwa,China (Hong Kong),CdTe,First_Solar__Inc__FS_6385,-0.5,1,rdtools,-0.5201900238953989,-0.389617367651629,-0.4517991820400469,-0.5000000000000032,0.048200817959956344
hong_kong,Cwa,China (Hong Kong),CdTe,First_Solar__Inc__FS_6385,-0.5,1,xgboost,,,-0.3789311728873658,-0.5000000000000032,0.12106882711263744
hong_kong,Cwa,China (Hong Kong),CdTe,First_Solar__Inc__FS_6385,-0.5,1,random_forest,,,-0.3656139977804007,-0.5000000000000032,0.1343860022196025
hong_kong,Cwa,China (Hong Kong),CdTe,First_Solar__Inc__FS_6385,-0.5,1,xgboost_full,,,-0.3433831669921082,-0.5000000000000032,0.15661683300789503
hong_kong,Cwa,China (Hong Kong),CdTe,First_Solar__Inc__FS_6385,-0.5,2,rdtools,-0.5835404857174487,-0.39498921149201566,-0.48029651609098334,-0.5000000000000032,0.01970348390901988
hong_kong,Cwa,China (Hong Kong),CdTe,First_Solar__Inc__FS_6385,-0.5,2,xgboost,,,-0.42490896741227413,-0.5000000000000032,0.07509103258772909
hong_kong,Cwa,China (Hong Kong),CdTe,First_Solar__Inc__FS_6385,-0.5,2,random_forest,,,-0.35037268807153854,-0.5000000000000032,0.14962731192846468
hong_kong,Cwa,China (Hong Kong),CdTe,First_Solar__Inc__FS_6385,-0.5,2,xgboost_full,,,-0.38741972462126134,-0.5000000000000032,0.11258027537874188
hong_kong,Cwa,China (Hong Kong),CdTe,First_Solar__Inc__FS_6385,-1.0,0,rdtools,-0.9196864648693903,-0.7609821039570308,-0.8419441884020107,-0.999999999999998,0.15805581159798732
hong_kong,Cwa,China (Hong Kong),CdTe,First_Solar__Inc__FS_6385,-1.0,0,xgboost,,,-0.7470285377836576,-0.999999999999998,0.25297146221634037
hong_kong,Cwa,China (Hong Kong),CdTe,First_Solar__Inc__FS_6385,-1.0,0,random_forest,,,-0.6929016230186802,-0.999999999999998,0.3070983769813178
hong_kong,Cwa,China (Hong Kong),CdTe,First_Solar__Inc__FS_6385,-1.0,0,xgboost_full,,,-0.641312260776139,-0.999999999999998,0.358687739223859
hong_kong,Cwa,China (Hong Kong),CdTe,First_Solar__Inc__FS_6385,-1.0,1,rdtools,-0.9778666205748188,-0.7982829471373138,-0.8891279535445044,-0.999999999999998,0.11087204645549364
hong_kong,Cwa,China (Hong Kong),CdTe,First_Solar__Inc__FS_6385,-1.0,1,xgboost,,,-0.7703981222383527,-0.999999999999998,0.2296018777616453
hong_kong,Cwa,China (Hong Kong),CdTe,First_Solar__Inc__FS_6385,-1.0,1,random_forest,,,-0.7182323330514571,-0.999999999999998,0.28176766694854094
hong_kong,Cwa,China (Hong Kong),CdTe,First_Solar__Inc__FS_6385,-1.0,1,xgboost_full,,,-0.6944712225947669,-0.999999999999998,0.3055287774052311
hong_kong,Cwa,China (Hong Kong),CdTe,First_Solar__Inc__FS_6385,-1.0,2,rdtools,-1.0075914481479098,-0.8304312026155576,-0.914528137193027,-0.999999999999998,0.08547186280697106
hong_kong,Cwa,China (Hong Kong),CdTe,First_Solar__Inc__FS_6385,-1.0,2,xgboost,,,-0.8346663996623427,-0.999999999999998,0.16533360033765532
hong_kong,Cwa,China (Hong Kong),CdTe,First_Solar__Inc__FS_6385,-1.0,2,random_forest,,,-0.751248902316958,-0.999999999999998,0.24875109768304005
hong_kong,Cwa,China (Hong Kong),CdTe,First_Solar__Inc__FS_6385,-1.0,2,xgboost_full,,,-0.7294970856355396,-0.999999999999998,0.2705029143644584
sodankyla,Dfc,Finland,mono-Si,Canadian_Solar_Inc__CS6K_275M,-0.5,0,rdtools,-0.4925870969456999,-0.3052957132428036,-0.39219077816832926,-0.5000000000000004,0.10780922183167119
sodankyla,Dfc,Finland,mono-Si,Canadian_Solar_Inc__CS6K_275M,-0.5,0,xgboost,,,-0.3036781037669578,-0.5000000000000004,0.19632189623304264
sodankyla,Dfc,Finland,mono-Si,Canadian_Solar_Inc__CS6K_275M,-0.5,0,random_forest,,,-0.3001375904491682,-0.5000000000000004,0.19986240955083223
sodankyla,Dfc,Finland,mono-Si,Canadian_Solar_Inc__CS6K_275M,-0.5,0,xgboost_full,,,-0.30398508182866174,-0.5000000000000004,0.1960149181713387
sodankyla,Dfc,Finland,mono-Si,Canadian_Solar_Inc__CS6K_275M,-0.5,1,rdtools,-0.477828641201139,-0.2821761872933392,-0.3709063250988853,-0.5000000000000004,0.12909367490111512
sodankyla,Dfc,Finland,mono-Si,Canadian_Solar_Inc__CS6K_275M,-0.5,1,xgboost,,,-0.3161532239157605,-0.5000000000000004,0.18384677608423994
sodankyla,Dfc,Finland,mono-Si,Canadian_Solar_Inc__CS6K_275M,-0.5,1,random_forest,,,-0.3012150504350875,-0.5000000000000004,0.19878494956491294
sodankyla,Dfc,Finland,mono-Si,Canadian_Solar_Inc__CS6K_275M,-0.5,1,xgboost_full,,,-0.27077516558312587,-0.5000000000000004,0.22922483441687458
sodankyla,Dfc,Finland,mono-Si,Canadian_Solar_Inc__CS6K_275M,-0.5,2,rdtools,-0.5528067847068368,-0.3357574883880332,-0.43565267414797937,-0.5000000000000004,0.06434732585202108
sodankyla,Dfc,Finland,mono-Si,Canadian_Solar_Inc__CS6K_275M,-0.5,2,xgboost,,,-0.3406166494236196,-0.5000000000000004,0.15938335057638087
sodankyla,Dfc,Finland,mono-Si,Canadian_Solar_Inc__CS6K_275M,-0.5,2,random_forest,,,-0.3790909266698612,-0.5000000000000004,0.12090907333013923
sodankyla,Dfc,Finland,mono-Si,Canadian_Solar_Inc__CS6K_275M,-0.5,2,xgboost_full,,,-0.34855346185183606,-0.5000000000000004,0.1514465381481644
sodankyla,Dfc,Finland,mono-Si,Canadian_Solar_Inc__CS6K_275M,-1.0,0,rdtools,-0.9598163257140251,-0.7540617467381217,-0.8396691947781254,-1.0000000000000049,0.16033080522187948
sodankyla,Dfc,Finland,mono-Si,Canadian_Solar_Inc__CS6K_275M,-1.0,0,xgboost,,,-0.6923652899151947,-1.0000000000000049,0.30763471008481014
sodankyla,Dfc,Finland,mono-Si,Canadian_Solar_Inc__CS6K_275M,-1.0,0,random_forest,,,-0.6422299628400554,-1.0000000000000049,0.3577700371599495
sodankyla,Dfc,Finland,mono-Si,Canadian_Solar_Inc__CS6K_275M,-1.0,0,xgboost_full,,,-0.6220098072653858,-1.0000000000000049,0.3779901927346191
sodankyla,Dfc,Finland,mono-Si,Canadian_Solar_Inc__CS6K_275M,-1.0,1,rdtools,-0.91024348706501,-0.7384998544378484,-0.8187976695456234,-1.0000000000000049,0.1812023304543815
sodankyla,Dfc,Finland,mono-Si,Canadian_Solar_Inc__CS6K_275M,-1.0,1,xgboost,,,-0.6846003005829826,-1.0000000000000049,0.3153996994170223
sodankyla,Dfc,Finland,mono-Si,Canadian_Solar_Inc__CS6K_275M,-1.0,1,random_forest,,,-0.6090396242515198,-1.0000000000000049,0.3909603757484851
sodankyla,Dfc,Finland,mono-Si,Canadian_Solar_Inc__CS6K_275M,-1.0,1,xgboost_full,,,-0.6193046972904697,-1.0000000000000049,0.3806953027095352
sodankyla,Dfc,Finland,mono-Si,Canadian_Solar_Inc__CS6K_275M,-1.0,2,rdtools,-0.9779769460950488,-0.7686679007797318,-0.854950667136567,-1.0000000000000049,0.1450493328634379
sodankyla,Dfc,Finland,mono-Si,Canadian_Solar_Inc__CS6K_275M,-1.0,2,xgboost,,,-0.7119003076464125,-1.0000000000000049,0.28809969235359234
sodankyla,Dfc,Finland,mono-Si,Canadian_Solar_Inc__CS6K_275M,-1.0,2,random_forest,,,-0.692612931707802,-1.0000000000000049,0.30738706829220286
sodankyla,Dfc,Finland,mono-Si,Canadian_Solar_Inc__CS6K_275M,-1.0,2,xgboost_full,,,-0.6797592802541885,-1.0000000000000049,0.32024071974581636
sodankyla,Dfc,Finland,CdTe,First_Solar__Inc__FS_6385,-0.5,0,rdtools,-0.5347254620181263,-0.3147327024255242,-0.4083476127596186,-0.5000000000000032,0.0916523872403846
sodankyla,Dfc,Finland,CdTe,First_Solar__Inc__FS_6385,-0.5,0,xgboost,,,-0.286742848574828,-0.5000000000000032,0.2132571514251752
sodankyla,Dfc,Finland,CdTe,First_Solar__Inc__FS_6385,-0.5,0,random_forest,,,-0.2763719461277158,-0.5000000000000032,0.2236280538722874
sodankyla,Dfc,Finland,CdTe,First_Solar__Inc__FS_6385,-0.5,0,xgboost_full,,,-0.2602509005546105,-0.5000000000000032,0.23974909944539274
sodankyla,Dfc,Finland,CdTe,First_Solar__Inc__FS_6385,-0.5,1,rdtools,-0.5203445072457742,-0.2752185855406153,-0.3998755647663388,-0.5000000000000032,0.10012443523366443
sodankyla,Dfc,Finland,CdTe,First_Solar__Inc__FS_6385,-0.5,1,xgboost,,,-0.2944830349680298,-0.5000000000000032,0.20551696503197342
sodankyla,Dfc,Finland,CdTe,First_Solar__Inc__FS_6385,-0.5,1,random_forest,,,-0.2999023429218317,-0.5000000000000032,0.2000976570781715
sodankyla,Dfc,Finland,CdTe,First_Solar__Inc__FS_6385,-0.5,1,xgboost_full,,,-0.23470040845497975,-0.5000000000000032,0.26529959154502347
sodankyla,Dfc,Finland,CdTe,First_Solar__Inc__FS_6385,-0.5,2,rdtools,-0.6640501787192332,-0.40910080604851823,-0.5294486899907569,-0.5000000000000032,-0.029448689990753674
sodankyla,Dfc,Finland,CdTe,First_Solar__Inc__FS_6385,-0.5,2,xgboost,,,-0.3198996020177122,-0.5000000000000032,0.180100397982291
sodankyla,Dfc,Finland,CdTe,First_Solar__Inc__FS_6385,-0.5,2,random_forest,,,-0.30267941352998284,-0.5000000000000032,0.19732058647002038
sodankyla,Dfc,Finland,CdTe,First_Solar__Inc__FS_6385,-0.5,2,xgboost_full,,,-0.2959011927504176,-0.5000000000000032,0.20409880724958562
sodankyla,Dfc,Finland,CdTe,First_Solar__Inc__FS_6385,-1.0,0,rdtools,-0.9126710275654204,-0.6882642381903071,-0.8111347785820627,-0.999999999999998,0.18886522141793527
sodankyla,Dfc,Finland,CdTe,First_Solar__Inc__FS_6385,-1.0,0,xgboost,,,-0.6715126292997983,-0.999999999999998,0.32848737070019973
sodankyla,Dfc,Finland,CdTe,First_Solar__Inc__FS_6385,-1.0,0,random_forest,,,-0.573317358928005,-0.999999999999998,0.42668264107199305
sodankyla,Dfc,Finland,CdTe,First_Solar__Inc__FS_6385,-1.0,0,xgboost_full,,,-0.5895063044172759,-0.999999999999998,0.4104936955827221
sodankyla,Dfc,Finland,CdTe,First_Solar__Inc__FS_6385,-1.0,1,rdtools,-0.926607842506455,-0.6832212383145343,-0.8094297093668268,-0.999999999999998,0.1905702906331712
sodankyla,Dfc,Finland,CdTe,First_Solar__Inc__FS_6385,-1.0,1,xgboost,,,-0.6333259592771846,-0.999999999999998,0.3666740407228134
sodankyla,Dfc,Finland,CdTe,First_Solar__Inc__FS_6385,-1.0,1,random_forest,,,-0.5982567439739814,-0.999999999999998,0.40174325602601657
sodankyla,Dfc,Finland,CdTe,First_Solar__Inc__FS_6385,-1.0,1,xgboost_full,,,-0.5514437413491369,-0.999999999999998,0.44855625865086113
sodankyla,Dfc,Finland,CdTe,First_Solar__Inc__FS_6385,-1.0,2,rdtools,-1.0613087934632597,-0.7838814674306618,-0.9338615814729605,-0.999999999999998,0.0661384185270375
sodankyla,Dfc,Finland,CdTe,First_Solar__Inc__FS_6385,-1.0,2,xgboost,,,-0.6584698794669774,-0.999999999999998,0.34153012053302056
sodankyla,Dfc,Finland,CdTe,First_Solar__Inc__FS_6385,-1.0,2,random_forest,,,-0.6013568305023714,-0.999999999999998,0.39864316949762657
sodankyla,Dfc,Finland,CdTe,First_Solar__Inc__FS_6385,-1.0,2,xgboost_full,,,-0.6421368753473153,-0.999999999999998,0.35786312465268266
singapore,Af,Singapore,mono-Si,Canadian_Solar_Inc__CS6K_275M,-0.5,0,rdtools,-0.43257142443799823,-0.308187946752666,-0.37585848494542384,-0.5000000000000004,0.1241415150545766
singapore,Af,Singapore,mono-Si,Canadian_Solar_Inc__CS6K_275M,-0.5,0,xgboost,,,-0.37312407958062777,-0.5000000000000004,0.12687592041937268
singapore,Af,Singapore,mono-Si,Canadian_Solar_Inc__CS6K_275M,-0.5,0,random_forest,,,-0.3512604872455067,-0.5000000000000004,0.14873951275449376
singapore,Af,Singapore,mono-Si,Canadian_Solar_Inc__CS6K_275M,-0.5,0,xgboost_full,,,-0.3425921392634628,-0.5000000000000004,0.15740786073653762
singapore,Af,Singapore,mono-Si,Canadian_Solar_Inc__CS6K_275M,-0.5,1,rdtools,-0.4983721253915663,-0.37631237516309923,-0.4273733423098891,-0.5000000000000004,0.07262665769011134
singapore,Af,Singapore,mono-Si,Canadian_Solar_Inc__CS6K_275M,-0.5,1,xgboost,,,-0.41855565085290314,-0.5000000000000004,0.0814443491470973
singapore,Af,Singapore,mono-Si,Canadian_Solar_Inc__CS6K_275M,-0.5,1,random_forest,,,-0.3685808346078848,-0.5000000000000004,0.13141916539211562
singapore,Af,Singapore,mono-Si,Canadian_Solar_Inc__CS6K_275M,-0.5,1,xgboost_full,,,-0.3844276537931468,-0.5000000000000004,0.11557234620685364
singapore,Af,Singapore,mono-Si,Canadian_Solar_Inc__CS6K_275M,-0.5,2,rdtools,-0.5646413585454103,-0.431094509473795,-0.4754369769545075,-0.5000000000000004,0.02456302304549296
singapore,Af,Singapore,mono-Si,Canadian_Solar_Inc__CS6K_275M,-0.5,2,xgboost,,,-0.4573803632001535,-0.5000000000000004,0.04261963679984693
singapore,Af,Singapore,mono-Si,Canadian_Solar_Inc__CS6K_275M,-0.5,2,random_forest,,,-0.417886717474214,-0.5000000000000004,0.08211328252578642
singapore,Af,Singapore,mono-Si,Canadian_Solar_Inc__CS6K_275M,-0.5,2,xgboost_full,,,-0.42961920807137455,-0.5000000000000004,0.0703807919286259
singapore,Af,Singapore,mono-Si,Canadian_Solar_Inc__CS6K_275M,-1.0,0,rdtools,-0.8899039164350309,-0.7559201729747722,-0.8185155277380618,-1.0000000000000049,0.1814844722619431
singapore,Af,Singapore,mono-Si,Canadian_Solar_Inc__CS6K_275M,-1.0,0,xgboost,,,-0.8202190162661771,-1.0000000000000049,0.17978098373382778
singapore,Af,Singapore,mono-Si,Canadian_Solar_Inc__CS6K_275M,-1.0,0,random_forest,,,-0.7537031182635046,-1.0000000000000049,0.24629688173650033
singapore,Af,Singapore,mono-Si,Canadian_Solar_Inc__CS6K_275M,-1.0,0,xgboost_full,,,-0.777964018597177,-1.0000000000000049,0.22203598140282788
singapore,Af,Singapore,mono-Si,Canadian_Solar_Inc__CS6K_275M,-1.0,1,rdtools,-0.9436169757181534,-0.8151916260059677,-0.8822024760185037,-1.0000000000000049,0.11779752398150123
singapore,Af,Singapore,mono-Si,Canadian_Solar_Inc__CS6K_275M,-1.0,1,xgboost,,,-0.8554258355921829,-1.0000000000000049,0.144574164407822
singapore,Af,Singapore,mono-Si,Canadian_Solar_Inc__CS6K_275M,-1.0,1,random_forest,,,-0.7810994659072645,-1.0000000000000049,0.21890053409274035
singapore,Af,Singapore,mono-Si,Canadian_Solar_Inc__CS6K_275M,-1.0,1,xgboost_full,,,-0.7753405767944366,-1.0000000000000049,0.2246594232055683
singapore,Af,Singapore,mono-Si,Canadian_Solar_Inc__CS6K_275M,-1.0,2,rdtools,-1.001086945123808,-0.8690696797331254,-0.9347907196831717,-1.0000000000000049,0.06520928031683315
singapore,Af,Singapore,mono-Si,Canadian_Solar_Inc__CS6K_275M,-1.0,2,xgboost,,,-0.8767656503631863,-1.0000000000000049,0.12323434963681856
singapore,Af,Singapore,mono-Si,Canadian_Solar_Inc__CS6K_275M,-1.0,2,random_forest,,,-0.8021038280365267,-1.0000000000000049,0.1978961719634782
singapore,Af,Singapore,mono-Si,Canadian_Solar_Inc__CS6K_275M,-1.0,2,xgboost_full,,,-0.8428807782683557,-1.0000000000000049,0.15711922173164916
singapore,Af,Singapore,CdTe,First_Solar__Inc__FS_6385,-0.5,0,rdtools,-0.3685082040001175,-0.21231481301559121,-0.28423411405914845,-0.5000000000000032,0.21576588594085477
singapore,Af,Singapore,CdTe,First_Solar__Inc__FS_6385,-0.5,0,xgboost,,,-0.33254895122252215,-0.5000000000000032,0.16745104877748107
singapore,Af,Singapore,CdTe,First_Solar__Inc__FS_6385,-0.5,0,random_forest,,,-0.30897975383111786,-0.5000000000000032,0.19102024616888535
singapore,Af,Singapore,CdTe,First_Solar__Inc__FS_6385,-0.5,0,xgboost_full,,,-0.3128636735976187,-0.5000000000000032,0.18713632640238453
singapore,Af,Singapore,CdTe,First_Solar__Inc__FS_6385,-0.5,1,rdtools,-0.45484458644949677,-0.33006958731986763,-0.39453041107647135,-0.5000000000000032,0.10546958892353187
singapore,Af,Singapore,CdTe,First_Solar__Inc__FS_6385,-0.5,1,xgboost,,,-0.38460005718790047,-0.5000000000000032,0.11539994281210275
singapore,Af,Singapore,CdTe,First_Solar__Inc__FS_6385,-0.5,1,random_forest,,,-0.327613838601859,-0.5000000000000032,0.17238616139814422
singapore,Af,Singapore,CdTe,First_Solar__Inc__FS_6385,-0.5,1,xgboost_full,,,-0.3410035662184896,-0.5000000000000032,0.15899643378151362
singapore,Af,Singapore,CdTe,First_Solar__Inc__FS_6385,-0.5,2,rdtools,-0.5257074264446715,-0.39001626791133337,-0.4583953598972769,-0.5000000000000032,0.0416046401027263
singapore,Af,Singapore,CdTe,First_Solar__Inc__FS_6385,-0.5,2,xgboost,,,-0.4150329646655293,-0.5000000000000032,0.08496703533447392
singapore,Af,Singapore,CdTe,First_Solar__Inc__FS_6385,-0.5,2,random_forest,,,-0.37314779267926257,-0.5000000000000032,0.12685220732074065
singapore,Af,Singapore,CdTe,First_Solar__Inc__FS_6385,-0.5,2,xgboost_full,,,-0.39398727508350717,-0.5000000000000032,0.10601272491649605
singapore,Af,Singapore,CdTe,First_Solar__Inc__FS_6385,-1.0,0,rdtools,-0.7963939655545172,-0.6241015144397344,-0.7111571890976331,-0.999999999999998,0.28884281090236485
singapore,Af,Singapore,CdTe,First_Solar__Inc__FS_6385,-1.0,0,xgboost,,,-0.7493414610680155,-0.999999999999998,0.25065853893198253
singapore,Af,Singapore,CdTe,First_Solar__Inc__FS_6385,-1.0,0,random_forest,,,-0.6915885779200602,-0.999999999999998,0.30841142207993777
singapore,Af,Singapore,CdTe,First_Solar__Inc__FS_6385,-1.0,0,xgboost_full,,,-0.7166819527668664,-0.999999999999998,0.2833180472331316
singapore,Af,Singapore,CdTe,First_Solar__Inc__FS_6385,-1.0,1,rdtools,-0.8721693863721793,-0.7419406728134348,-0.8101165190512887,-0.999999999999998,0.18988348094870933
singapore,Af,Singapore,CdTe,First_Solar__Inc__FS_6385,-1.0,1,xgboost,,,-0.7915174815856463,-0.999999999999998,0.20848251841435173
singapore,Af,Singapore,CdTe,First_Solar__Inc__FS_6385,-1.0,1,random_forest,,,-0.7469215377857268,-0.999999999999998,0.2530784622142712
singapore,Af,Singapore,CdTe,First_Solar__Inc__FS_6385,-1.0,1,xgboost_full,,,-0.7178252184115719,-0.999999999999998,0.2821747815884261
singapore,Af,Singapore,CdTe,First_Solar__Inc__FS_6385,-1.0,2,rdtools,-0.9334867200285424,-0.7757963088478204,-0.8570320291682865,-0.999999999999998,0.14296797083171153
singapore,Af,Singapore,CdTe,First_Solar__Inc__FS_6385,-1.0,2,xgboost,,,-0.8081620119397209,-0.999999999999998,0.19183798806027708
singapore,Af,Singapore,CdTe,First_Solar__Inc__FS_6385,-1.0,2,random_forest,,,-0.7327263794686178,-0.999999999999998,0.26727362053138015
singapore,Af,Singapore,CdTe,First_Solar__Inc__FS_6385,-1.0,2,xgboost_full,,,-0.7763800600334325,-0.999999999999998,0.22361993996656548
madrid,BSk,Spain,mono-Si,Canadian_Solar_Inc__CS6K_275M,-0.5,0,rdtools,-0.5095116421467702,-0.3679183626737026,-0.43132646865241486,-0.5000000000000004,0.06867353134758558
madrid,BSk,Spain,mono-Si,Canadian_Solar_Inc__CS6K_275M,-0.5,0,xgboost,,,-0.3924023534538912,-0.5000000000000004,0.10759764654610926
madrid,BSk,Spain,mono-Si,Canadian_Solar_Inc__CS6K_275M,-0.5,0,random_forest,,,-0.3563434399516785,-0.5000000000000004,0.14365656004832195
madrid,BSk,Spain,mono-Si,Canadian_Solar_Inc__CS6K_275M,-0.5,0,xgboost_full,,,-0.3619595896975297,-0.5000000000000004,0.13804041030247072
madrid,BSk,Spain,mono-Si,Canadian_Solar_Inc__CS6K_275M,-0.5,1,rdtools,-0.5448860035592722,-0.4122113444588682,-0.4705936617964146,-0.5000000000000004,0.029406338203585847
madrid,BSk,Spain,mono-Si,Canadian_Solar_Inc__CS6K_275M,-0.5,1,xgboost,,,-0.38532799038906856,-0.5000000000000004,0.11467200961093188
madrid,BSk,Spain,mono-Si,Canadian_Solar_Inc__CS6K_275M,-0.5,1,random_forest,,,-0.3387638620778177,-0.5000000000000004,0.16123613792218272
madrid,BSk,Spain,mono-Si,Canadian_Solar_Inc__CS6K_275M,-0.5,1,xgboost_full,,,-0.37825860088143703,-0.5000000000000004,0.12174139911856341
madrid,BSk,Spain,mono-Si,Canadian_Solar_Inc__CS6K_275M,-0.5,2,rdtools,-0.5736910885775673,-0.40634115310143704,-0.4985087288990138,-0.5000000000000004,0.0014912711009866242
madrid,BSk,Spain,mono-Si,Canadian_Solar_Inc__CS6K_275M,-0.5,2,xgboost,,,-0.4540898994303544,-0.5000000000000004,0.04591010056964606
madrid,BSk,Spain,mono-Si,Canadian_Solar_Inc__CS6K_275M,-0.5,2,random_forest,,,-0.4269639251242907,-0.5000000000000004,0.07303607487570973
madrid,BSk,Spain,mono-Si,Canadian_Solar_Inc__CS6K_275M,-0.5,2,xgboost_full,,,-0.4067160797273095,-0.5000000000000004,0.09328392027269095
madrid,BSk,Spain,mono-Si,Canadian_Solar_Inc__CS6K_275M,-1.0,0,rdtools,-0.9640442654370585,-0.8192590835472635,-0.8769144045839699,-1.0000000000000049,0.12308559541603503
madrid,BSk,Spain,mono-Si,Canadian_Solar_Inc__CS6K_275M,-1.0,0,xgboost,,,-0.8237361498475391,-1.0000000000000049,0.17626385015246582
madrid,BSk,Spain,mono-Si,Canadian_Solar_Inc__CS6K_275M,-1.0,0,random_forest,,,-0.753184003609173,-1.0000000000000049,0.24681599639083185
madrid,BSk,Spain,mono-Si,Canadian_Solar_Inc__CS6K_275M,-1.0,0,xgboost_full,,,-0.7479113847795356,-1.0000000000000049,0.2520886152204693
madrid,BSk,Spain,mono-Si,Canadian_Solar_Inc__CS6K_275M,-1.0,1,rdtools,-1.007383826341747,-0.8670721058695214,-0.9399019427452027,-1.0000000000000049,0.06009805725480222
madrid,BSk,Spain,mono-Si,Canadian_Solar_Inc__CS6K_275M,-1.0,1,xgboost,,,-0.7930280418030902,-1.0000000000000049,0.20697195819691472
madrid,BSk,Spain,mono-Si,Canadian_Solar_Inc__CS6K_275M,-1.0,1,random_forest,,,-0.7350055110424152,-1.0000000000000049,0.2649944889575897
madrid,BSk,Spain,mono-Si,Canadian_Solar_Inc__CS6K_275M,-1.0,1,xgboost_full,,,-0.7742821029590174,-1.0000000000000049,0.22571789704098744
madrid,BSk,Spain,mono-Si,Canadian_Solar_Inc__CS6K_275M,-1.0,2,rdtools,-1.0338027537902694,-0.8748976615236691,-0.9521003291478773,-1.0000000000000049,0.04789967085212754
madrid,BSk,Spain,mono-Si,Canadian_Solar_Inc__CS6K_275M,-1.0,2,xgboost,,,-0.8815424128383077,-1.0000000000000049,0.11845758716169719
madrid,BSk,Spain,mono-Si,Canadian_Solar_Inc__CS6K_275M,-1.0,2,random_forest,,,-0.7938821251140934,-1.0000000000000049,0.2061178748859115
madrid,BSk,Spain,mono-Si,Canadian_Solar_Inc__CS6K_275M,-1.0,2,xgboost_full,,,-0.8152386797591116,-1.0000000000000049,0.1847613202408933
madrid,BSk,Spain,CdTe,First_Solar__Inc__FS_6385,-0.5,0,rdtools,-0.4883044141901549,-0.2935397674823681,-0.40133077331524314,-0.5000000000000032,0.09866922668476008
madrid,BSk,Spain,CdTe,First_Solar__Inc__FS_6385,-0.5,0,xgboost,,,-0.3756502470032119,-0.5000000000000032,0.1243497529967913
madrid,BSk,Spain,CdTe,First_Solar__Inc__FS_6385,-0.5,0,random_forest,,,-0.340796842125618,-0.5000000000000032,0.15920315787438521
madrid,BSk,Spain,CdTe,First_Solar__Inc__FS_6385,-0.5,0,xgboost_full,,,-0.31349826078686527,-0.5000000000000032,0.18650173921313795
madrid,BSk,Spain,CdTe,First_Solar__Inc__FS_6385,-0.5,1,rdtools,-0.5356970423073593,-0.3349427570400798,-0.4365135952506316,-0.5000000000000032,0.06348640474937162
madrid,BSk,Spain,CdTe,First_Solar__Inc__FS_6385,-0.5,1,xgboost,,,-0.3871488799907036,-0.5000000000000032,0.11285112000929964
madrid,BSk,Spain,CdTe,First_Solar__Inc__FS_6385,-0.5,1,random_forest,,,-0.33221737771193116,-0.5000000000000032,0.16778262228807206
madrid,BSk,Spain,CdTe,First_Solar__Inc__FS_6385,-0.5,1,xgboost_full,,,-0.3397942307305814,-0.5000000000000032,0.16020576926942182
madrid,BSk,Spain,CdTe,First_Solar__Inc__FS_6385,-0.5,2,rdtools,-0.5904253588089248,-0.3520732461693312,-0.4794864259404068,-0.5000000000000032,0.020513574059596418
madrid,BSk,Spain,CdTe,First_Solar__Inc__FS_6385,-0.5,2,xgboost,,,-0.3700727061618725,-0.5000000000000032,0.12992729383813073
madrid,BSk,Spain,CdTe,First_Solar__Inc__FS_6385,-0.5,2,random_forest,,,-0.3514296738453493,-0.5000000000000032,0.14857032615465393
madrid,BSk,Spain,CdTe,First_Solar__Inc__FS_6385,-0.5,2,xgboost_full,,,-0.3764494151375145,-0.5000000000000032,0.12355058486248871
madrid,BSk,Spain,CdTe,First_Solar__Inc__FS_6385,-1.0,0,rdtools,-0.8957092214388673,-0.713366182341265,-0.8165952132356084,-0.999999999999998,0.18340478676438965
madrid,BSk,Spain,CdTe,First_Solar__Inc__FS_6385,-1.0,0,xgboost,,,-0.734881685195186,-0.999999999999998,0.26511831480481196
madrid,BSk,Spain,CdTe,First_Solar__Inc__FS_6385,-1.0,0,random_forest,,,-0.6672604249608676,-0.999999999999998,0.33273957503913043
madrid,BSk,Spain,CdTe,First_Solar__Inc__FS_6385,-1.0,0,xgboost_full,,,-0.6816682325129775,-0.999999999999998,0.3183317674870205
madrid,BSk,Spain,CdTe,First_Solar__Inc__FS_6385,-1.0,1,rdtools,-0.9470360570224636,-0.7482864211109354,-0.8489825649128078,-0.999999999999998,0.15101743508719023
madrid,BSk,Spain,CdTe,First_Solar__Inc__FS_6385,-1.0,1,xgboost,,,-0.7473641309406587,-0.999999999999998,0.2526358690593393
madrid,BSk,Spain,CdTe,First_Solar__Inc__FS_6385,-1.0,1,random_forest,,,-0.7038699845397163,-0.999999999999998,0.2961300154602817
madrid,BSk,Spain,CdTe,First_Solar__Inc__FS_6385,-1.0,1,xgboost_full,,,-0.704311628732468,-0.999999999999998,0.29568837126753
madrid,BSk,Spain,CdTe,First_Solar__Inc__FS_6385,-1.0,2,rdtools,-1.0069869230187898,-0.7853762582440139,-0.9112283824045664,-0.999999999999998,0.08877161759543162
madrid,BSk,Spain,CdTe,First_Solar__Inc__FS_6385,-1.0,2,xgboost,,,-0.7434728457013207,-0.999999999999998,0.25652715429867734
madrid,BSk,Spain,CdTe,First_Solar__Inc__FS_6385,-1.0,2,random_forest,,,-0.7193140621437332,-0.999999999999998,0.28068593785626483
madrid,BSk,Spain,CdTe,First_Solar__Inc__FS_6385,-1.0,2,xgboost_full,,,-0.7334547590197645,-0.999999999999998,0.26654524098023347
marrakech,BSh,Morocco,mono-Si,Canadian_Solar_Inc__CS6K_275M,-0.5,0,rdtools,-0.5024687395655314,-0.3522066951599623,-0.4244971492408284,-0.5000000000000004,0.07550285075917207
marrakech,BSh,Morocco,mono-Si,Canadian_Solar_Inc__CS6K_275M,-0.5,0,xgboost,,,-0.4237131147759022,-0.5000000000000004,0.07628688522409827
marrakech,BSh,Morocco,mono-Si,Canadian_Solar_Inc__CS6K_275M,-0.5,0,random_forest,,,-0.41833336763222817,-0.5000000000000004,0.08166663236777227
marrakech,BSh,Morocco,mono-Si,Canadian_Solar_Inc__CS6K_275M,-0.5,0,xgboost_full,,,-0.3620840065473715,-0.5000000000000004,0.13791599345262895
marrakech,BSh,Morocco,mono-Si,Canadian_Solar_Inc__CS6K_275M,-0.5,1,rdtools,-0.5192998050576714,-0.3929427503669203,-0.4502795015249639,-0.5000000000000004,0.04972049847503657
marrakech,BSh,Morocco,mono-Si,Canadian_Solar_Inc__CS6K_275M,-0.5,1,xgboost,,,-0.4189314017254649,-0.5000000000000004,0.08106859827453555
marrakech,BSh,Morocco,mono-Si,Canadian_Solar_Inc__CS6K_275M,-0.5,1,random_forest,,,-0.38395060414792226,-0.5000000000000004,0.11604939585207819
marrakech,BSh,Morocco,mono-Si,Canadian_Solar_Inc__CS6K_275M,-0.5,1,xgboost_full,,,-0.3809496012974659,-0.5000000000000004,0.11905039870253453
marrakech,BSh,Morocco,mono-Si,Canadian_Solar_Inc__CS6K_275M,-0.5,2,rdtools,-0.5294667916682427,-0.3931374240281591,-0.4599635001781066,-0.5000000000000004,0.040036499821893834
marrakech,BSh,Morocco,mono-Si,Canadian_Solar_Inc__CS6K_275M,-0.5,2,xgboost,,,-0.46104300085064165,-0.5000000000000004,0.038956999149358795
marrakech,BSh,Morocco,mono-Si,Canadian_Solar_Inc__CS6K_275M,-0.5,2,random_forest,,,-0.3844224080718406,-0.5000000000000004,0.11557759192815986
marrakech,BSh,Morocco,mono-Si,Canadian_Solar_Inc__CS6K_275M,-0.5,2,xgboost_full,,,-0.3978076163437261,-0.5000000000000004,0.10219238365627437
marrakech,BSh,Morocco,mono-Si,Canadian_Solar_Inc__CS6K_275M,-1.0,0,rdtools,-0.9886684383814643,-0.8492951758839437,-0.9120634756144552,-1.0000000000000049,0.08793652438554966
marrakech,BSh,Morocco,mono-Si,Canadian_Solar_Inc__CS6K_275M,-1.0,0,xgboost,,,-0.8497679031327754,-1.0000000000000049,0.1502320968672295
marrakech,BSh,Morocco,mono-Si,Canadian_Solar_Inc__CS6K_275M,-1.0,0,random_forest,,,-0.789302205553738,-1.0000000000000049,0.2106977944462669
marrakech,BSh,Morocco,mono-Si,Canadian_Solar_Inc__CS6K_275M,-1.0,0,xgboost_full,,,-0.7479429027968276,-1.0000000000000049,0.25205709720317726
marrakech,BSh,Morocco,mono-Si,Canadian_Solar_Inc__CS6K_275M,-1.0,1,rdtools,-0.9946277798025842,-0.8615630945069674,-0.929006906128782,-1.0000000000000049,0.07099309387122288
marrakech,BSh,Morocco,mono-Si,Canadian_Solar_Inc__CS6K_275M,-1.0,1,xgboost,,,-0.8425548841696384,-1.0000000000000049,0.15744511583036647
marrakech,BSh,Morocco,mono-Si,Canadian_Solar_Inc__CS6K_275M,-1.0,1,random_forest,,,-0.7700666390583311,-1.0000000000000049,0.22993336094167383
marrakech,BSh,Morocco,mono-Si,Canadian_Solar_Inc__CS6K_275M,-1.0,1,xgboost_full,,,-0.7660039074860256,-1.0000000000000049,0.23399609251397924
marrakech,BSh,Morocco,mono-Si,Canadian_Solar_Inc__CS6K_275M,-1.0,2,rdtools,-1.0191395088249733,-0.8809647326625925,-0.9465991076708979,-1.0000000000000049,0.05340089232910694
marrakech,BSh,Morocco,mono-Si,Canadian_Solar_Inc__CS6K_275M,-1.0,2,xgboost,,,-0.8768942326805473,-1.0000000000000049,0.12310576731945755
marrakech,BSh,Morocco,mono-Si,Canadian_Solar_Inc__CS6K_275M,-1.0,2,random_forest,,,-0.8035765328989475,-1.0000000000000049,0.1964234671010574
marrakech,BSh,Morocco,mono-Si,Canadian_Solar_Inc__CS6K_275M,-1.0,2,xgboost_full,,,-0.7964688525198702,-1.0000000000000049,0.20353114748013468
marrakech,BSh,Morocco,CdTe,First_Solar__Inc__FS_6385,-0.5,0,rdtools,-0.519070724673254,-0.28626530597992694,-0.39186995103100974,-0.5000000000000032,0.10813004896899348
marrakech,BSh,Morocco,CdTe,First_Solar__Inc__FS_6385,-0.5,0,xgboost,,,-0.3772303005076239,-0.5000000000000032,0.12276969949237931
marrakech,BSh,Morocco,CdTe,First_Solar__Inc__FS_6385,-0.5,0,random_forest,,,-0.37359995679645475,-0.5000000000000032,0.12640004320354847
marrakech,BSh,Morocco,CdTe,First_Solar__Inc__FS_6385,-0.5,0,xgboost_full,,,-0.3360726946015483,-0.5000000000000032,0.1639273053984549
marrakech,BSh,Morocco,CdTe,First_Solar__Inc__FS_6385,-0.5,1,rdtools,-0.5061192331930586,-0.3278295011018284,-0.43290375580240514,-0.5000000000000032,0.06709624419759808
marrakech,BSh,Morocco,CdTe,First_Solar__Inc__FS_6385,-0.5,1,xgboost,,,-0.3986971425479764,-0.5000000000000032,0.10130285745202683
marrakech,BSh,Morocco,CdTe,First_Solar__Inc__FS_6385,-0.5,1,random_forest,,,-0.4063968290110108,-0.5000000000000032,0.0936031709889924
marrakech,BSh,Morocco,CdTe,First_Solar__Inc__FS_6385,-0.5,1,xgboost_full,,,-0.3663012846743193,-0.5000000000000032,0.1336987153256839
marrakech,BSh,Morocco,CdTe,First_Solar__Inc__FS_6385,-0.5,2,rdtools,-0.47495765804418366,-0.2805763461112831,-0.365449164931253,-0.5000000000000032,0.1345508350687502
marrakech,BSh,Morocco,CdTe,First_Solar__Inc__FS_6385,-0.5,2,xgboost,,,-0.43149694706898356,-0.5000000000000032,0.06850305293101966
marrakech,BSh,Morocco,CdTe,First_Solar__Inc__FS_6385,-0.5,2,random_forest,,,-0.3942412312244442,-0.5000000000000032,0.10575876877555901
marrakech,BSh,Morocco,CdTe,First_Solar__Inc__FS_6385,-0.5,2,xgboost_full,,,-0.3903524662938751,-0.5000000000000032,0.10964753370612812
marrakech,BSh,Morocco,CdTe,First_Solar__Inc__FS_6385,-1.0,0,rdtools,-0.93124250358112,-0.7077318737965244,-0.8213804979902872,-0.999999999999998,0.17861950200971077
marrakech,BSh,Morocco,CdTe,First_Solar__Inc__FS_6385,-1.0,0,xgboost,,,-0.7569457631433851,-0.999999999999998,0.24305423685661287
marrakech,BSh,Morocco,CdTe,First_Solar__Inc__FS_6385,-1.0,0,random_forest,,,-0.7493045626973172,-0.999999999999998,0.25069543730268085
marrakech,BSh,Morocco,CdTe,First_Solar__Inc__FS_6385,-1.0,0,xgboost_full,,,-0.6824573840945092,-0.999999999999998,0.3175426159054888
marrakech,BSh,Morocco,CdTe,First_Solar__Inc__FS_6385,-1.0,1,rdtools,-0.9667486513404513,-0.8182992312741444,-0.8915633437048222,-0.999999999999998,0.10843665629517585
marrakech,BSh,Morocco,CdTe,First_Solar__Inc__FS_6385,-1.0,1,xgboost,,,-0.7693301719397863,-0.999999999999998,0.23066982806021175
marrakech,BSh,Morocco,CdTe,First_Solar__Inc__FS_6385,-1.0,1,random_forest,,,-0.7125921164598861,-0.999999999999998,0.28740788354011193
marrakech,BSh,Morocco,CdTe,First_Solar__Inc__FS_6385,-1.0,1,xgboost_full,,,-0.7358556132230298,-0.999999999999998,0.26414438677696817
marrakech,BSh,Morocco,CdTe,First_Solar__Inc__FS_6385,-1.0,2,rdtools,-0.9303182410889566,-0.7264225613925527,-0.8324019632251156,-0.999999999999998,0.1675980367748824
marrakech,BSh,Morocco,CdTe,First_Solar__Inc__FS_6385,-1.0,2,xgboost,,,-0.805907702248498,-0.999999999999998,0.19409229775150005
marrakech,BSh,Morocco,CdTe,First_Solar__Inc__FS_6385,-1.0,2,random_forest,,,-0.735978831925335,-0.999999999999998,0.264021168074663
marrakech,BSh,Morocco,CdTe,First_Solar__Inc__FS_6385,-1.0,2,xgboost_full,,,-0.7369665282536131,-0.999999999999998,0.2630334717463849
nairobi,Aw,Kenya,mono-Si,Canadian_Solar_Inc__CS6K_275M,-0.5,0,rdtools,-0.44042765723854016,-0.3062939397597719,-0.36057680428731587,-0.5000000000000004,0.13942319571268458
nairobi,Aw,Kenya,mono-Si,Canadian_Solar_Inc__CS6K_275M,-0.5,0,xgboost,,,-0.38370071384607496,-0.5000000000000004,0.11629928615392549
nairobi,Aw,Kenya,mono-Si,Canadian_Solar_Inc__CS6K_275M,-0.5,0,random_forest,,,-0.367124976695101,-0.5000000000000004,0.13287502330489942
nairobi,Aw,Kenya,mono-Si,Canadian_Solar_Inc__CS6K_275M,-0.5,0,xgboost_full,,,-0.3153489438714019,-0.5000000000000004,0.18465105612859856
nairobi,Aw,Kenya,mono-Si,Canadian_Solar_Inc__CS6K_275M,-0.5,1,rdtools,-0.4949140315316791,-0.3517709858744989,-0.4221156911269685,-0.5000000000000004,0.07788430887303194
nairobi,Aw,Kenya,mono-Si,Canadian_Solar_Inc__CS6K_275M,-0.5,1,xgboost,,,-0.4062863935935135,-0.5000000000000004,0.09371360640648696
nairobi,Aw,Kenya,mono-Si,Canadian_Solar_Inc__CS6K_275M,-0.5,1,random_forest,,,-0.36561709103763995,-0.5000000000000004,0.1343829089623605
nairobi,Aw,Kenya,mono-Si,Canadian_Solar_Inc__CS6K_275M,-0.5,1,xgboost_full,,,-0.36266266679143566,-0.5000000000000004,0.13733733320856478
nairobi,Aw,Kenya,mono-Si,Canadian_Solar_Inc__CS6K_275M,-0.5,2,rdtools,-0.5534521445762497,-0.41009074092064335,-0.47599046408483003,-0.5000000000000004,0.02400953591517041
nairobi,Aw,Kenya,mono-Si,Canadian_Solar_Inc__CS6K_275M,-0.5,2,xgboost,,,-0.47399768928751307,-0.5000000000000004,0.026002310712487375
nairobi,Aw,Kenya,mono-Si,Canadian_Solar_Inc__CS6K_275M,-0.5,2,random_forest,,,-0.41230766366293636,-0.5000000000000004,0.08769233633706408
nairobi,Aw,Kenya,mono-Si,Canadian_Solar_Inc__CS6K_275M,-0.5,2,xgboost_full,,,-0.3817297705143996,-0.5000000000000004,0.11827022948560084
nairobi,Aw,Kenya,mono-Si,Canadian_Solar_Inc__CS6K_275M,-1.0,0,rdtools,-0.9265591774478166,-0.7732326740162279,-0.8540237892318836,-1.0000000000000049,0.14597621076812128
nairobi,Aw,Kenya,mono-Si,Canadian_Solar_Inc__CS6K_275M,-1.0,0,xgboost,,,-0.8166953380672304,-1.0000000000000049,0.1833046619327745
nairobi,Aw,Kenya,mono-Si,Canadian_Solar_Inc__CS6K_275M,-1.0,0,random_forest,,,-0.7541617075075113,-1.0000000000000049,0.24583829249249356
nairobi,Aw,Kenya,mono-Si,Canadian_Solar_Inc__CS6K_275M,-1.0,0,xgboost_full,,,-0.698738875398526,-1.0000000000000049,0.3012611246014789
nairobi,Aw,Kenya,mono-Si,Canadian_Solar_Inc__CS6K_275M,-1.0,1,rdtools,-0.9458794434179824,-0.8104974937718334,-0.8838254784826266,-1.0000000000000049,0.11617452151737828
nairobi,Aw,Kenya,mono-Si,Canadian_Solar_Inc__CS6K_275M,-1.0,1,xgboost,,,-0.8323120667498632,-1.0000000000000049,0.16768793325014164
nairobi,Aw,Kenya,mono-Si,Canadian_Solar_Inc__CS6K_275M,-1.0,1,random_forest,,,-0.776448330396071,-1.0000000000000049,0.2235516696039339
nairobi,Aw,Kenya,mono-Si,Canadian_Solar_Inc__CS6K_275M,-1.0,1,xgboost_full,,,-0.7272719398832737,-1.0000000000000049,0.27272806011673123
nairobi,Aw,Kenya,mono-Si,Canadian_Solar_Inc__CS6K_275M,-1.0,2,rdtools,-1.0065394430827639,-0.8809755060459112,-0.9315034900199692,-1.0000000000000049,0.06849650998003565
nairobi,Aw,Kenya,mono-Si,Canadian_Solar_Inc__CS6K_275M,-1.0,2,xgboost,,,-0.8924954191646406,-1.0000000000000049,0.1075045808353643
nairobi,Aw,Kenya,mono-Si,Canadian_Solar_Inc__CS6K_275M,-1.0,2,random_forest,,,-0.8292176690862352,-1.0000000000000049,0.1707823309137697
nairobi,Aw,Kenya,mono-Si,Canadian_Solar_Inc__CS6K_275M,-1.0,2,xgboost_full,,,-0.745912403306781,-1.0000000000000049,0.2540875966932239
nairobi,Aw,Kenya,CdTe,First_Solar__Inc__FS_6385,-0.5,0,rdtools,-0.4342691457929537,-0.2672111799208232,-0.33500099007043316,-0.5000000000000032,0.16499900992957006
nairobi,Aw,Kenya,CdTe,First_Solar__Inc__FS_6385,-0.5,0,xgboost,,,-0.343882846777005,-0.5000000000000032,0.15611715322299824
nairobi,Aw,Kenya,CdTe,First_Solar__Inc__FS_6385,-0.5,0,random_forest,,,-0.31937569569911856,-0.5000000000000032,0.18062430430088466
nairobi,Aw,Kenya,CdTe,First_Solar__Inc__FS_6385,-0.5,0,xgboost_full,,,-0.28323356603793814,-0.5000000000000032,0.21676643396206507
nairobi,Aw,Kenya,CdTe,First_Solar__Inc__FS_6385,-0.5,1,rdtools,-0.444116333869369,-0.2754412122303429,-0.34798898645513887,-0.5000000000000032,0.15201101354486435
nairobi,Aw,Kenya,CdTe,First_Solar__Inc__FS_6385,-0.5,1,xgboost,,,-0.3585885768220144,-0.5000000000000032,0.14141142317798883
nairobi,Aw,Kenya,CdTe,First_Solar__Inc__FS_6385,-0.5,1,random_forest,,,-0.34764305415919305,-0.5000000000000032,0.15235694584081017
nairobi,Aw,Kenya,CdTe,First_Solar__Inc__FS_6385,-0.5,1,xgboost_full,,,-0.33645164541121764,-0.5000000000000032,0.16354835458878558
nairobi,Aw,Kenya,CdTe,First_Solar__Inc__FS_6385,-0.5,2,rdtools,-0.4973042255058547,-0.32668485884220777,-0.41946865635635877,-0.5000000000000032,0.08053134364364445
nairobi,Aw,Kenya,CdTe,First_Solar__Inc__FS_6385,-0.5,2,xgboost,,,-0.4184017454888118,-0.5000000000000032,0.0815982545111914
nairobi,Aw,Kenya,CdTe,First_Solar__Inc__FS_6385,-0.5,2,random_forest,,,-0.39487559904649255,-0.5000000000000032,0.10512440095351067
nairobi,Aw,Kenya,CdTe,First_Solar__Inc__FS_6385,-0.5,2,xgboost_full,,,-0.33668422138078413,-0.5000000000000032,0.1633157786192191
nairobi,Aw,Kenya,CdTe,First_Solar__Inc__FS_6385,-1.0,0,rdtools,-0.8691446049015006,-0.7030529495128263,-0.7906707061477427,-0.999999999999998,0.2093292938522553
nairobi,Aw,Kenya,CdTe,First_Solar__Inc__FS_6385,-1.0,0,xgboost,,,-0.7531065258819716,-0.999999999999998,0.24689347411802642
nairobi,Aw,Kenya,CdTe,First_Solar__Inc__FS_6385,-1.0,0,random_forest,,,-0.6674692586187283,-0.999999999999998,0.3325307413812697
nairobi,Aw,Kenya,CdTe,First_Solar__Inc__FS_6385,-1.0,0,xgboost_full,,,-0.6356611208179351,-0.999999999999998,0.36433887918206287
nairobi,Aw,Kenya,CdTe,First_Solar__Inc__FS_6385,-1.0,1,rdtools,-0.8455629738560837,-0.7114716976446167,-0.7659239595480094,-0.999999999999998,0.2340760404519886
nairobi,Aw,Kenya,CdTe,First_Solar__Inc__FS_6385,-1.0,1,xgboost,,,-0.7445608613642518,-0.999999999999998,0.2554391386357462
nairobi,Aw,Kenya,CdTe,First_Solar__Inc__FS_6385,-1.0,1,random_forest,,,-0.6886399930816798,-0.999999999999998,0.3113600069183182
nairobi,Aw,Kenya,CdTe,First_Solar__Inc__FS_6385,-1.0,1,xgboost_full,,,-0.6418894066849645,-0.999999999999998,0.3581105933150335
nairobi,Aw,Kenya,CdTe,First_Solar__Inc__FS_6385,-1.0,2,rdtools,-0.9198236817152426,-0.748370148777,-0.8520863814788153,-0.999999999999998,0.14791361852118268
nairobi,Aw,Kenya,CdTe,First_Solar__Inc__FS_6385,-1.0,2,xgboost,,,-0.8104804336062952,-0.999999999999998,0.18951956639370282
nairobi,Aw,Kenya,CdTe,First_Solar__Inc__FS_6385,-1.0,2,random_forest,,,-0.7476107815000685,-0.999999999999998,0.25238921849992946
nairobi,Aw,Kenya,CdTe,First_Solar__Inc__FS_6385,-1.0,2,xgboost_full,,,-0.6610647786813084,-0.999999999999998,0.3389352213186896
lagos,Aw,Nigeria,mono-Si,Canadian_Solar_Inc__CS6K_275M,-0.5,0,rdtools,-0.4624980204028852,-0.3014754592337354,-0.3854912374183894,-0.5000000000000004,0.11450876258161102
lagos,Aw,Nigeria,mono-Si,Canadian_Solar_Inc__CS6K_275M,-0.5,0,xgboost,,,-0.3691537075844309,-0.5000000000000004,0.13084629241556955
lagos,Aw,Nigeria,mono-Si,Canadian_Solar_Inc__CS6K_275M,-0.5,0,random_forest,,,-0.3572290086866048,-0.5000000000000004,0.14277099131339566
lagos,Aw,Nigeria,mono-Si,Canadian_Solar_Inc__CS6K_275M,-0.5,0,xgboost_full,,,-0.3060451714386947,-0.5000000000000004,0.19395482856130575
lagos,Aw,Nigeria,mono-Si,Canadian_Solar_Inc__CS6K_275M,-0.5,1,rdtools,-0.49270338587540374,-0.3636338336812761,-0.43680158999739316,-0.5000000000000004,0.06319841000260729
lagos,Aw,Nigeria,mono-Si,Canadian_Solar_Inc__CS6K_275M,-0.5,1,xgboost,,,-0.4419258295431605,-0.5000000000000004,0.058074170456839935
lagos,Aw,Nigeria,mono-Si,Canadian_Solar_Inc__CS6K_275M,-0.5,1,random_forest,,,-0.3828562261779488,-0.5000000000000004,0.11714377382205166
lagos,Aw,Nigeria,mono-Si,Canadian_Solar_Inc__CS6K_275M,-0.5,1,xgboost_full,,,-0.4035748107222817,-0.5000000000000004,0.09642518927771876
lagos,Aw,Nigeria,mono-Si,Canadian_Solar_Inc__CS6K_275M,-0.5,2,rdtools,-0.5612016625180127,-0.40603887673648154,-0.491246446254952,-0.5000000000000004,0.008753553745048437
lagos,Aw,Nigeria,mono-Si,Canadian_Solar_Inc__CS6K_275M,-0.5,2,xgboost,,,-0.4506891205300678,-0.5000000000000004,0.04931087946993262
lagos,Aw,Nigeria,mono-Si,Canadian_Solar_Inc__CS6K_275M,-0.5,2,random_forest,,,-0.43806222913186366,-0.5000000000000004,0.06193777086813679
lagos,Aw,Nigeria,mono-Si,Canadian_Solar_Inc__CS6K_275M,-0.5,2,xgboost_full,,,-0.4349127950542068,-0.5000000000000004,0.06508720494579362
lagos,Aw,Nigeria,mono-Si,Canadian_Solar_Inc__CS6K_275M,-1.0,0,rdtools,-0.9124110758182313,-0.7678425851482752,-0.8394203078372878,-1.0000000000000049,0.16057969216271706
lagos,Aw,Nigeria,mono-Si,Canadian_Solar_Inc__CS6K_275M,-1.0,0,xgboost,,,-0.8305974265600813,-1.0000000000000049,0.1694025734399236
lagos,Aw,Nigeria,mono-Si,Canadian_Solar_Inc__CS6K_275M,-1.0,0,random_forest,,,-0.7704093511329557,-1.0000000000000049,0.22959064886704916
lagos,Aw,Nigeria,mono-Si,Canadian_Solar_Inc__CS6K_275M,-1.0,0,xgboost_full,,,-0.6962540984571775,-1.0000000000000049,0.30374590154282743
lagos,Aw,Nigeria,mono-Si,Canadian_Solar_Inc__CS6K_275M,-1.0,1,rdtools,-0.9353626829500028,-0.8284490824379653,-0.8708653160154012,-1.0000000000000049,0.1291346839846037
lagos,Aw,Nigeria,mono-Si,Canadian_Solar_Inc__CS6K_275M,-1.0,1,xgboost,,,-0.8615542851743293,-1.0000000000000049,0.13844571482567558
lagos,Aw,Nigeria,mono-Si,Canadian_Solar_Inc__CS6K_275M,-1.0,1,random_forest,,,-0.8042110095847417,-1.0000000000000049,0.1957889904152632
lagos,Aw,Nigeria,mono-Si,Canadian_Solar_Inc__CS6K_275M,-1.0,1,xgboost_full,,,-0.7821221842071864,-1.0000000000000049,0.2178778157928185
lagos,Aw,Nigeria,mono-Si,Canadian_Solar_Inc__CS6K_275M,-1.0,2,rdtools,-1.0073139353779847,-0.8728689556856573,-0.9420289143505678,-1.0000000000000049,0.05797108564943709
lagos,Aw,Nigeria,mono-Si,Canadian_Solar_Inc__CS6K_275M,-1.0,2,xgboost,,,-0.8878539876728375,-1.0000000000000049,0.11214601232716737
lagos,Aw,Nigeria,mono-Si,Canadian_Solar_Inc__CS6K_275M,-1.0,2,random_forest,,,-0.8426070049538459,-1.0000000000000049,0.157392995046159
lagos,Aw,Nigeria,mono-Si,Canadian_Solar_Inc__CS6K_275M,-1.0,2,xgboost_full,,,-0.8349606599642345,-1.0000000000000049,0.16503934003577037
lagos,Aw,Nigeria,CdTe,First_Solar__Inc__FS_6385,-0.5,0,rdtools,-0.4231647738686214,-0.2974833227629037,-0.3559337353850722,-0.5000000000000032,0.144066264614931
lagos,Aw,Nigeria,CdTe,First_Solar__Inc__FS_6385,-0.5,0,xgboost,,,-0.3501829767847545,-0.5000000000000032,0.1498170232152487
lagos,Aw,Nigeria,CdTe,First_Solar__Inc__FS_6385,-0.5,0,random_forest,,,-0.3350150958618284,-0.5000000000000032,0.1649849041381748
lagos,Aw,Nigeria,CdTe,First_Solar__Inc__FS_6385,-0.5,0,xgboost_full,,,-0.26111380221546243,-0.5000000000000032,0.2388861977845408
lagos,Aw,Nigeria,CdTe,First_Solar__Inc__FS_6385,-0.5,1,rdtools,-0.4886171874759903,-0.34289751484664066,-0.4094970820309407,-0.5000000000000032,0.09050291796906251
lagos,Aw,Nigeria,CdTe,First_Solar__Inc__FS_6385,-0.5,1,xgboost,,,-0.3893827291276408,-0.5000000000000032,0.1106172708723624
lagos,Aw,Nigeria,CdTe,First_Solar__Inc__FS_6385,-0.5,1,random_forest,,,-0.33985672196880756,-0.5000000000000032,0.16014327803119566
lagos,Aw,Nigeria,CdTe,First_Solar__Inc__FS_6385,-0.5,1,xgboost_full,,,-0.34417051776447494,-0.5000000000000032,0.15582948223552828
lagos,Aw,Nigeria,CdTe,First_Solar__Inc__FS_6385,-0.5,2,rdtools,-0.5406920589171027,-0.40064721597433334,-0.4617600779406951,-0.5000000000000032,0.038239922059308096
lagos,Aw,Nigeria,CdTe,First_Solar__Inc__FS_6385,-0.5,2,xgboost,,,-0.40148232461628686,-0.5000000000000032,0.09851767538371636
lagos,Aw,Nigeria,CdTe,First_Solar__Inc__FS_6385,-0.5,2,random_forest,,,-0.4023023116188278,-0.5000000000000032,0.09769768838117543
lagos,Aw,Nigeria,CdTe,First_Solar__Inc__FS_6385,-0.5,2,xgboost_full,,,-0.38959329049820246,-0.5000000000000032,0.11040670950180076
lagos,Aw,Nigeria,CdTe,First_Solar__Inc__FS_6385,-1.0,0,rdtools,-0.8690567730167909,-0.7146829799147825,-0.796730808494317,-0.999999999999998,0.203269191505681
lagos,Aw,Nigeria,CdTe,First_Solar__Inc__FS_6385,-1.0,0,xgboost,,,-0.778432436394555,-0.999999999999998,0.22156756360544305
lagos,Aw,Nigeria,CdTe,First_Solar__Inc__FS_6385,-1.0,0,random_forest,,,-0.7184679822894724,-0.999999999999998,0.2815320177105256
lagos,Aw,Nigeria,CdTe,First_Solar__Inc__FS_6385,-1.0,0,xgboost_full,,,-0.6300550477623916,-0.999999999999998,0.3699449522376064
lagos,Aw,Nigeria,CdTe,First_Solar__Inc__FS_6385,-1.0,1,rdtools,-0.9122544139206545,-0.7586077517064765,-0.838620589820116,-0.999999999999998,0.161379410179882
lagos,Aw,Nigeria,CdTe,First_Solar__Inc__FS_6385,-1.0,1,xgboost,,,-0.7845654632034835,-0.999999999999998,0.21543453679651448
lagos,Aw,Nigeria,CdTe,First_Solar__Inc__FS_6385,-1.0,1,random_forest,,,-0.7132397310309957,-0.999999999999998,0.2867602689690023
lagos,Aw,Nigeria,CdTe,First_Solar__Inc__FS_6385,-1.0,1,xgboost_full,,,-0.7248605240598072,-0.999999999999998,0.27513947594019084
lagos,Aw,Nigeria,CdTe,First_Solar__Inc__FS_6385,-1.0,2,rdtools,-0.9484419715238945,-0.805281336453948,-0.8747855033952493,-0.999999999999998,0.1252144966047487
lagos,Aw,Nigeria,CdTe,First_Solar__Inc__FS_6385,-1.0,2,xgboost,,,-0.7910844605937606,-0.999999999999998,0.20891553940623742
lagos,Aw,Nigeria,CdTe,First_Solar__Inc__FS_6385,-1.0,2,random_forest,,,-0.7702726477533006,-0.999999999999998,0.22972735224669738
lagos,Aw,Nigeria,CdTe,First_Solar__Inc__FS_6385,-1.0,2,xgboost_full,,,-0.7736563019186904,-0.999999999999998,0.2263436980813076
cape_town,Csb,South Africa,mono-Si,Canadian_Solar_Inc__CS6K_275M,-0.5,0,rdtools,-0.4788283931995176,-0.3147284491189929,-0.39170049777861854,-0.5000000000000004,0.1082995022213819
cape_town,Csb,South Africa,mono-Si,Canadian_Solar_Inc__CS6K_275M,-0.5,0,xgboost,,,-0.38347060838532554,-0.5000000000000004,0.1165293916146749
cape_town,Csb,South Africa,mono-Si,Canadian_Solar_Inc__CS6K_275M,-0.5,0,random_forest,,,-0.36699157501221746,-0.5000000000000004,0.13300842498778298
cape_town,Csb,South Africa,mono-Si,Canadian_Solar_Inc__CS6K_275M,-0.5,0,xgboost_full,,,-0.3334900591072403,-0.5000000000000004,0.16650994089276017
cape_town,Csb,South Africa,mono-Si,Canadian_Solar_Inc__CS6K_275M,-0.5,1,rdtools,-0.4909772641052301,-0.3475896841209636,-0.4179717842696662,-0.5000000000000004,0.08202821573033425
cape_town,Csb,South Africa,mono-Si,Canadian_Solar_Inc__CS6K_275M,-0.5,1,xgboost,,,-0.4170504734201266,-0.5000000000000004,0.08294952657987387
cape_town,Csb,South Africa,mono-Si,Canadian_Solar_Inc__CS6K_275M,-0.5,1,random_forest,,,-0.35654728777332334,-0.5000000000000004,0.1434527122266771
cape_town,Csb,South Africa,mono-Si,Canadian_Solar_Inc__CS6K_275M,-0.5,1,xgboost_full,,,-0.38388355735230684,-0.5000000000000004,0.11611644264769361
cape_town,Csb,South Africa,mono-Si,Canadian_Solar_Inc__CS6K_275M,-0.5,2,rdtools,-0.5364453700942665,-0.40045758862151803,-0.46482304768762905,-0.5000000000000004,0.03517695231237139
cape_town,Csb,South Africa,mono-Si,Canadian_Solar_Inc__CS6K_275M,-0.5,2,xgboost,,,-0.4649777196392091,-0.5000000000000004,0.03502228036079136
cape_town,Csb,South Africa,mono-Si,Canadian_Solar_Inc__CS6K_275M,-0.5,2,random_forest,,,-0.4185434448016167,-0.5000000000000004,0.08145655519838374
cape_town,Csb,South Africa,mono-Si,Canadian_Solar_Inc__CS6K_275M,-0.5,2,xgboost_full,,,-0.4038153503223396,-0.5000000000000004,0.09618464967766083
cape_town,Csb,South Africa,mono-Si,Canadian_Solar_Inc__CS6K_275M,-1.0,0,rdtools,-0.9696519392503042,-0.8243615083006091,-0.8917347540520426,-1.0000000000000049,0.10826524594796227
cape_town,Csb,South Africa,mono-Si,Canadian_Solar_Inc__CS6K_275M,-1.0,0,xgboost,,,-0.7935923585775048,-1.0000000000000049,0.20640764142250012
cape_town,Csb,South Africa,mono-Si,Canadian_Solar_Inc__CS6K_275M,-1.0,0,random_forest,,,-0.7415724687042108,-1.0000000000000049,0.2584275312957941
cape_town,Csb,South Africa,mono-Si,Canadian_Solar_Inc__CS6K_275M,-1.0,0,xgboost_full,,,-0.7038390736476774,-1.0000000000000049,0.2961609263523275
cape_town,Csb,South Africa,mono-Si,Canadian_Solar_Inc__CS6K_275M,-1.0,1,rdtools,-0.9460623439188853,-0.8066402579457121,-0.8708840088162084,-1.0000000000000049,0.12911599118379646
cape_town,Csb,South Africa,mono-Si,Canadian_Solar_Inc__CS6K_275M,-1.0,1,xgboost,,,-0.8297615908572122,-1.0000000000000049,0.17023840914279265
cape_town,Csb,South Africa,mono-Si,Canadian_Solar_Inc__CS6K_275M,-1.0,1,random_forest,,,-0.7723634212062556,-1.0000000000000049,0.22763657879374932
cape_town,Csb,South Africa,mono-Si,Canadian_Solar_Inc__CS6K_275M,-1.0,1,xgboost_full,,,-0.7960314576425154,-1.0000000000000049,0.2039685423574895
cape_town,Csb,South Africa,mono-Si,Canadian_Solar_Inc__CS6K_275M,-1.0,2,rdtools,-1.0014056793528128,-0.8518936965756341,-0.9281707064715317,-1.0000000000000049,0.07182929352847323
cape_town,Csb,South Africa,mono-Si,Canadian_Solar_Inc__CS6K_275M,-1.0,2,xgboost,,,-0.8531451729645175,-1.0000000000000049,0.14685482703548736
cape_town,Csb,South Africa,mono-Si,Canadian_Solar_Inc__CS6K_275M,-1.0,2,random_forest,,,-0.7875018254796751,-1.0000000000000049,0.21249817452032982
cape_town,Csb,South Africa,mono-Si,Canadian_Solar_Inc__CS6K_275M,-1.0,2,xgboost_full,,,-0.8002491013549409,-1.0000000000000049,0.199750898645064
cape_town,Csb,South Africa,CdTe,First_Solar__Inc__FS_6385,-0.5,0,rdtools,-0.5259659755066814,-0.31619984755800745,-0.42431455763145554,-0.5000000000000032,0.07568544236854768
cape_town,Csb,South Africa,CdTe,First_Solar__Inc__FS_6385,-0.5,0,xgboost,,,-0.3568952471809439,-0.5000000000000032,0.14310475281905932
cape_town,Csb,South Africa,CdTe,First_Solar__Inc__FS_6385,-0.5,0,random_forest,,,-0.3462198286332374,-0.5000000000000032,0.1537801713667658
cape_town,Csb,South Africa,CdTe,First_Solar__Inc__FS_6385,-0.5,0,xgboost_full,,,-0.3098507329524313,-0.5000000000000032,0.1901492670475719
cape_town,Csb,South Africa,CdTe,First_Solar__Inc__FS_6385,-0.5,1,rdtools,-0.5316905292320317,-0.3084996923814098,-0.4331907787125444,-0.5000000000000032,0.06680922128745881
cape_town,Csb,South Africa,CdTe,First_Solar__Inc__FS_6385,-0.5,1,xgboost,,,-0.39717983263536927,-0.5000000000000032,0.10282016736463395
cape_town,Csb,South Africa,CdTe,First_Solar__Inc__FS_6385,-0.5,1,random_forest,,,-0.36130270801633657,-0.5000000000000032,0.13869729198366665
cape_town,Csb,South Africa,CdTe,First_Solar__Inc__FS_6385,-0.5,1,xgboost_full,,,-0.3544227829151869,-0.5000000000000032,0.1455772170848163
cape_town,Csb,South Africa,CdTe,First_Solar__Inc__FS_6385,-0.5,2,rdtools,-0.5051665970059968,-0.3033461501639856,-0.40702367836885633,-0.5000000000000032,0.09297632163114689
cape_town,Csb,South Africa,CdTe,First_Solar__Inc__FS_6385,-0.5,2,xgboost,,,-0.4389809103436282,-0.5000000000000032,0.061019089656375036
cape_town,Csb,South Africa,CdTe,First_Solar__Inc__FS_6385,-0.5,2,random_forest,,,-0.3676823797156281,-0.5000000000000032,0.1323176202843751
cape_town,Csb,South Africa,CdTe,First_Solar__Inc__FS_6385,-0.5,2,xgboost_full,,,-0.36279504128587936,-0.5000000000000032,0.13720495871412386
cape_town,Csb,South Africa,CdTe,First_Solar__Inc__FS_6385,-1.0,0,rdtools,-0.9421178625596105,-0.7475206361049036,-0.8616472511150381,-0.999999999999998,0.13835274888495985
cape_town,Csb,South Africa,CdTe,First_Solar__Inc__FS_6385,-1.0,0,xgboost,,,-0.7717955051265974,-0.999999999999998,0.22820449487340055
cape_town,Csb,South Africa,CdTe,First_Solar__Inc__FS_6385,-1.0,0,random_forest,,,-0.7114581642318318,-0.999999999999998,0.28854183576816617
cape_town,Csb,South Africa,CdTe,First_Solar__Inc__FS_6385,-1.0,0,xgboost_full,,,-0.6358027573208358,-0.999999999999998,0.3641972426791622
cape_town,Csb,South Africa,CdTe,First_Solar__Inc__FS_6385,-1.0,1,rdtools,-0.9391475940552341,-0.7266652490187098,-0.8383874731426655,-0.999999999999998,0.16161252685733252
cape_town,Csb,South Africa,CdTe,First_Solar__Inc__FS_6385,-1.0,1,xgboost,,,-0.7615780664997049,-0.999999999999998,0.23842193350029306
cape_town,Csb,South Africa,CdTe,First_Solar__Inc__FS_6385,-1.0,1,random_forest,,,-0.7120324624574199,-0.999999999999998,0.2879675375425781
cape_town,Csb,South Africa,CdTe,First_Solar__Inc__FS_6385,-1.0,1,xgboost_full,,,-0.710748112532193,-0.999999999999998,0.28925188746780495
cape_town,Csb,South Africa,CdTe,First_Solar__Inc__FS_6385,-1.0,2,rdtools,-0.9340565145082413,-0.7297196211630806,-0.8342108600867704,-0.999999999999998,0.16578913991322763
cape_town,Csb,South Africa,CdTe,First_Solar__Inc__FS_6385,-1.0,2,xgboost,,,-0.7824283062553894,-0.999999999999998,0.2175716937446086
cape_town,Csb,South Africa,CdTe,First_Solar__Inc__FS_6385,-1.0,2,random_forest,,,-0.7204144604312632,-0.999999999999998,0.2795855395687348
cape_town,Csb,South Africa,CdTe,First_Solar__Inc__FS_6385,-1.0,2,xgboost_full,,,-0.7233277396244948,-0.999999999999998,0.2766722603755032
sao_paulo,Cfa,Brazil,mono-Si,Canadian_Solar_Inc__CS6K_275M,-0.5,0,rdtools,-0.47150547959913247,-0.34100456611714236,-0.4072769721669811,-0.5000000000000004,0.09272302783301933
sao_paulo,Cfa,Brazil,mono-Si,Canadian_Solar_Inc__CS6K_275M,-0.5,0,xgboost,,,-0.3603749719065519,-0.5000000000000004,0.13962502809344857
sao_paulo,Cfa,Brazil,mono-Si,Canadian_Solar_Inc__CS6K_275M,-0.5,0,random_forest,,,-0.34737529070363315,-0.5000000000000004,0.1526247092963673
sao_paulo,Cfa,Brazil,mono-Si,Canadian_Solar_Inc__CS6K_275M,-0.5,0,xgboost_full,,,-0.2790953987167777,-0.5000000000000004,0.22090460128322276
sao_paulo,Cfa,Brazil,mono-Si,Canadian_Solar_Inc__CS6K_275M,-0.5,1,rdtools,-0.5295060467873463,-0.3963192820199968,-0.4604342222545129,-0.5000000000000004,0.03956577774548753
sao_paulo,Cfa,Brazil,mono-Si,Canadian_Solar_Inc__CS6K_275M,-0.5,1,xgboost,,,-0.38540736279374377,-0.5000000000000004,0.11459263720625668
sao_paulo,Cfa,Brazil,mono-Si,Canadian_Solar_Inc__CS6K_275M,-0.5,1,random_forest,,,-0.3491924607283182,-0.5000000000000004,0.15080753927168222
sao_paulo,Cfa,Brazil,mono-Si,Canadian_Solar_Inc__CS6K_275M,-0.5,1,xgboost_full,,,-0.3339892361149872,-0.5000000000000004,0.16601076388501323
sao_paulo,Cfa,Brazil,mono-Si,Canadian_Solar_Inc__CS6K_275M,-0.5,2,rdtools,-0.5493679288795793,-0.4204451593873393,-0.48007888549592703,-0.5000000000000004,0.01992111450407341
sao_paulo,Cfa,Brazil,mono-Si,Canadian_Solar_Inc__CS6K_275M,-0.5,2,xgboost,,,-0.42144776255825583,-0.5000000000000004,0.07855223744174461
sao_paulo,Cfa,Brazil,mono-Si,Canadian_Solar_Inc__CS6K_275M,-0.5,2,random_forest,,,-0.38371729679657135,-0.5000000000000004,0.1162827032034291
sao_paulo,Cfa,Brazil,mono-Si,Canadian_Solar_Inc__CS6K_275M,-0.5,2,xgboost_full,,,-0.3652106537572523,-0.5000000000000004,0.13478934624274813
sao_paulo,Cfa,Brazil,mono-Si,Canadian_Solar_Inc__CS6K_275M,-1.0,0,rdtools,-0.9402742927847713,-0.8010154102772746,-0.8541943079521833,-1.0000000000000049,0.14580569204782157
sao_paulo,Cfa,Brazil,mono-Si,Canadian_Solar_Inc__CS6K_275M,-1.0,0,xgboost,,,-0.8035402791759767,-1.0000000000000049,0.19645972082402818
sao_paulo,Cfa,Brazil,mono-Si,Canadian_Solar_Inc__CS6K_275M,-1.0,0,random_forest,,,-0.7707983703440596,-1.0000000000000049,0.22920162965594526
sao_paulo,Cfa,Brazil,mono-Si,Canadian_Solar_Inc__CS6K_275M,-1.0,0,xgboost_full,,,-0.60332552737036,-1.0000000000000049,0.39667447262964484
sao_paulo,Cfa,Brazil,mono-Si,Canadian_Solar_Inc__CS6K_275M,-1.0,1,rdtools,-0.9799536237438455,-0.8551363938293144,-0.9172558180720991,-1.0000000000000049,0.08274418192790578
sao_paulo,Cfa,Brazil,mono-Si,Canadian_Solar_Inc__CS6K_275M,-1.0,1,xgboost,,,-0.8167862905675616,-1.0000000000000049,0.1832137094324433
sao_paulo,Cfa,Brazil,mono-Si,Canadian_Solar_Inc__CS6K_275M,-1.0,1,random_forest,,,-0.7380489157249537,-1.0000000000000049,0.2619510842750512
sao_paulo,Cfa,Brazil,mono-Si,Canadian_Solar_Inc__CS6K_275M,-1.0,1,xgboost_full,,,-0.7144080568929123,-1.0000000000000049,0.28559194310709257
sao_paulo,Cfa,Brazil,mono-Si,Canadian_Solar_Inc__CS6K_275M,-1.0,2,rdtools,-1.0127641541836216,-0.8736194115257279,-0.9436532971534031,-1.0000000000000049,0.056346702846601815
sao_paulo,Cfa,Brazil,mono-Si,Canadian_Solar_Inc__CS6K_275M,-1.0,2,xgboost,,,-0.8667254060831575,-1.0000000000000049,0.13327459391684737
sao_paulo,Cfa,Brazil,mono-Si,Canadian_Solar_Inc__CS6K_275M,-1.0,2,random_forest,,,-0.7923605375425247,-1.0000000000000049,0.20763946245748022
sao_paulo,Cfa,Brazil,mono-Si,Canadian_Solar_Inc__CS6K_275M,-1.0,2,xgboost_full,,,-0.693461533722988,-1.0000000000000049,0.30653846627701686
sao_paulo,Cfa,Brazil,CdTe,First_Solar__Inc__FS_6385,-0.5,0,rdtools,-0.4681714583452992,-0.2742878194580409,-0.3720044084707552,-0.5000000000000032,0.127995591529248
sao_paulo,Cfa,Brazil,CdTe,First_Solar__Inc__FS_6385,-0.5,0,xgboost,,,-0.3153699188670478,-0.5000000000000032,0.18463008113295543
sao_paulo,Cfa,Brazil,CdTe,First_Solar__Inc__FS_6385,-0.5,0,random_forest,,,-0.2954538020669271,-0.5000000000000032,0.2045461979330761
sao_paulo,Cfa,Brazil,CdTe,First_Solar__Inc__FS_6385,-0.5,0,xgboost_full,,,-0.28077966158451134,-0.5000000000000032,0.21922033841549188
sao_paulo,Cfa,Brazil,CdTe,First_Solar__Inc__FS_6385,-0.5,1,rdtools,-0.5760771386235024,-0.36438539979829443,-0.4657014605778865,-0.5000000000000032,0.03429853942211675
sao_paulo,Cfa,Brazil,CdTe,First_Solar__Inc__FS_6385,-0.5,1,xgboost,,,-0.3432909363484504,-0.5000000000000032,0.1567090636515528
sao_paulo,Cfa,Brazil,CdTe,First_Solar__Inc__FS_6385,-0.5,1,random_forest,,,-0.32219256265286766,-0.5000000000000032,0.17780743734713556
sao_paulo,Cfa,Brazil,CdTe,First_Solar__Inc__FS_6385,-0.5,1,xgboost_full,,,-0.31236167426111083,-0.5000000000000032,0.1876383257388924
sao_paulo,Cfa,Brazil,CdTe,First_Solar__Inc__FS_6385,-0.5,2,rdtools,-0.5988135409173272,-0.3971256580766247,-0.5149780344461397,-0.5000000000000032,-0.014978034446136435
sao_paulo,Cfa,Brazil,CdTe,First_Solar__Inc__FS_6385,-0.5,2,xgboost,,,-0.4068871682319159,-0.5000000000000032,0.09311283176808732
sao_paulo,Cfa,Brazil,CdTe,First_Solar__Inc__FS_6385,-0.5,2,random_forest,,,-0.3609653690810566,-0.5000000000000032,0.13903463091894663
sao_paulo,Cfa,Brazil,CdTe,First_Solar__Inc__FS_6385,-0.5,2,xgboost_full,,,-0.3380241991354227,-0.5000000000000032,0.16197580086458052
sao_paulo,Cfa,Brazil,CdTe,First_Solar__Inc__FS_6385,-1.0,0,rdtools,-0.9181621485813628,-0.7020468805852885,-0.8079723033123565,-0.999999999999998,0.19202769668764152
sao_paulo,Cfa,Brazil,CdTe,First_Solar__Inc__FS_6385,-1.0,0,xgboost,,,-0.7100122355518588,-0.999999999999998,0.28998776444813923
sao_paulo,Cfa,Brazil,CdTe,First_Solar__Inc__FS_6385,-1.0,0,random_forest,,,-0.6709277152413429,-0.999999999999998,0.32907228475865513
sao_paulo,Cfa,Brazil,CdTe,First_Solar__Inc__FS_6385,-1.0,0,xgboost_full,,,-0.555162570722085,-0.999999999999998,0.44483742927791303
sao_paulo,Cfa,Brazil,CdTe,First_Solar__Inc__FS_6385,-1.0,1,rdtools,-1.014078970612308,-0.8189584305416109,-0.9162013769710764,-0.999999999999998,0.0837986230289216
sao_paulo,Cfa,Brazil,CdTe,First_Solar__Inc__FS_6385,-1.0,1,xgboost,,,-0.7150717865622602,-0.999999999999998,0.2849282134377378
sao_paulo,Cfa,Brazil,CdTe,First_Solar__Inc__FS_6385,-1.0,1,random_forest,,,-0.6819683748267943,-0.999999999999998,0.3180316251732037
sao_paulo,Cfa,Brazil,CdTe,First_Solar__Inc__FS_6385,-1.0,1,xgboost_full,,,-0.6595464922057778,-0.999999999999998,0.34045350779422023
sao_paulo,Cfa,Brazil,CdTe,First_Solar__Inc__FS_6385,-1.0,2,rdtools,-1.0115304369220453,-0.8095284891857069,-0.9168382376270323,-0.999999999999998,0.08316176237296569
sao_paulo,Cfa,Brazil,CdTe,First_Solar__Inc__FS_6385,-1.0,2,xgboost,,,-0.7860771002977329,-0.999999999999998,0.21392289970226508
sao_paulo,Cfa,Brazil,CdTe,First_Solar__Inc__FS_6385,-1.0,2,random_forest,,,-0.6914345270451538,-0.999999999999998,0.30856547295484416
sao_paulo,Cfa,Brazil,CdTe,First_Solar__Inc__FS_6385,-1.0,2,xgboost_full,,,-0.7054173158468013,-0.999999999999998,0.29458268415319666
calama,BWk,Chile,mono-Si,Canadian_Solar_Inc__CS6K_275M,-0.5,0,rdtools,-0.48572804571644357,-0.3692085746515694,-0.4158785178273061,-0.5000000000000004,0.08412148217269433
calama,BWk,Chile,mono-Si,Canadian_Solar_Inc__CS6K_275M,-0.5,0,xgboost,,,-0.4215475584412025,-0.5000000000000004,0.07845244155879794
calama,BWk,Chile,mono-Si,Canadian_Solar_Inc__CS6K_275M,-0.5,0,random_forest,,,-0.3472985476178651,-0.5000000000000004,0.15270145238213534
calama,BWk,Chile,mono-Si,Canadian_Solar_Inc__CS6K_275M,-0.5,0,xgboost_full,,,-0.3023881708069567,-0.5000000000000004,0.19761182919304376
calama,BWk,Chile,mono-Si,Canadian_Solar_Inc__CS6K_275M,-0.5,1,rdtools,-0.5322562189716162,-0.40923165217102697,-0.4609509634591724,-0.5000000000000004,0.03904903654082803
calama,BWk,Chile,mono-Si,Canadian_Solar_Inc__CS6K_275M,-0.5,1,xgboost,,,-0.37754671180783705,-0.5000000000000004,0.12245328819216339
calama,BWk,Chile,mono-Si,Canadian_Solar_Inc__CS6K_275M,-0.5,1,random_forest,,,-0.344271273198932,-0.5000000000000004,0.15572872680106842
calama,BWk,Chile,mono-Si,Canadian_Solar_Inc__CS6K_275M,-0.5,1,xgboost_full,,,-0.34650410771367435,-0.5000000000000004,0.1534958922863261
calama,BWk,Chile,mono-Si,Canadian_Solar_Inc__CS6K_275M,-0.5,2,rdtools,-0.5342168606258801,-0.4062581980805038,-0.46897207092113646,-0.5000000000000004,0.03102792907886398
calama,BWk,Chile,mono-Si,Canadian_Solar_Inc__CS6K_275M,-0.5,2,xgboost,,,-0.47218676010031624,-0.5000000000000004,0.027813239899684206
calama,BWk,Chile,mono-Si,Canadian_Solar_Inc__CS6K_275M,-0.5,2,random_forest,,,-0.39945758758751426,-0.5000000000000004,0.10054241241248618
calama,BWk,Chile,mono-Si,Canadian_Solar_Inc__CS6K_275M,-0.5,2,xgboost_full,,,-0.3552726673192841,-0.5000000000000004,0.14472733268071636
calama,BWk,Chile,mono-Si,Canadian_Solar_Inc__CS6K_275M,-1.0,0,rdtools,-0.9287654451907394,-0.8029567844320906,-0.8669069752272662,-1.0000000000000049,0.13309302477273866
calama,BWk,Chile,mono-Si,Canadian_Solar_Inc__CS6K_275M,-1.0,0,xgboost,,,-0.8301499435840445,-1.0000000000000049,0.1698500564159604
calama,BWk,Chile,mono-Si,Canadian_Solar_Inc__CS6K_275M,-1.0,0,random_forest,,,-0.732909418137339,-1.0000000000000049,0.2670905818626659
calama,BWk,Chile,mono-Si,Canadian_Solar_Inc__CS6K_275M,-1.0,0,xgboost_full,,,-0.6531632860401444,-1.0000000000000049,0.3468367139598605
calama,BWk,Chile,mono-Si,Canadian_Solar_Inc__CS6K_275M,-1.0,1,rdtools,-0.9594294041576301,-0.8273254614226566,-0.8978402237753369,-1.0000000000000049,0.10215977622466799
calama,BWk,Chile,mono-Si,Canadian_Solar_Inc__CS6K_275M,-1.0,1,xgboost,,,-0.8091646352174131,-1.0000000000000049,0.19083536478259178
calama,BWk,Chile,mono-Si,Canadian_Solar_Inc__CS6K_275M,-1.0,1,random_forest,,,-0.680542284464819,-1.0000000000000049,0.31945771553518587
calama,BWk,Chile,mono-Si,Canadian_Solar_Inc__CS6K_275M,-1.0,1,xgboost_full,,,-0.6856478176526817,-1.0000000000000049,0.3143521823473232
calama,BWk,Chile,mono-Si,Canadian_Solar_Inc__CS6K_275M,-1.0,2,rdtools,-0.9950088179284444,-0.8346272124494902,-0.9127607459908815,-1.0000000000000049,0.08723925400912336
calama,BWk,Chile,mono-Si,Canadian_Solar_Inc__CS6K_275M,-1.0,2,xgboost,,,-0.837822909442824,-1.0000000000000049,0.16217709055718088
calama,BWk,Chile,mono-Si,Canadian_Solar_Inc__CS6K_275M,-1.0,2,random_forest,,,-0.781712750834529,-1.0000000000000049,0.21828724916547593
calama,BWk,Chile,mono-Si,Canadian_Solar_Inc__CS6K_275M,-1.0,2,xgboost_full,,,-0.700116960267605,-1.0000000000000049,0.29988303973239994
calama,BWk,Chile,CdTe,First_Solar__Inc__FS_6385,-0.5,0,rdtools,-0.5032989894435139,-0.365640658063382,-0.44249977829108333,-0.5000000000000032,0.057500221708919885
calama,BWk,Chile,CdTe,First_Solar__Inc__FS_6385,-0.5,0,xgboost,,,-0.400036027028855,-0.5000000000000032,0.09996397297114823
calama,BWk,Chile,CdTe,First_Solar__Inc__FS_6385,-0.5,0,random_forest,,,-0.3434387751991697,-0.5000000000000032,0.1565612248008335
calama,BWk,Chile,CdTe,First_Solar__Inc__FS_6385,-0.5,0,xgboost_full,,,-0.3050578253126046,-0.5000000000000032,0.1949421746873986
calama,BWk,Chile,CdTe,First_Solar__Inc__FS_6385,-0.5,1,rdtools,-0.5414002898545323,-0.3316353408390429,-0.45744118046829385,-0.5000000000000032,0.04255881953170937
calama,BWk,Chile,CdTe,First_Solar__Inc__FS_6385,-0.5,1,xgboost,,,-0.35128123226233465,-0.5000000000000032,0.14871876773766857
calama,BWk,Chile,CdTe,First_Solar__Inc__FS_6385,-0.5,1,random_forest,,,-0.31308925908772034,-0.5000000000000032,0.18691074091228288
calama,BWk,Chile,CdTe,First_Solar__Inc__FS_6385,-0.5,1,xgboost_full,,,-0.32505227498976774,-0.5000000000000032,0.17494772501023548
calama,BWk,Chile,CdTe,First_Solar__Inc__FS_6385,-0.5,2,rdtools,-0.5267676138254074,-0.36003787246089436,-0.4414511334101867,-0.5000000000000032,0.058548866589816506
calama,BWk,Chile,CdTe,First_Solar__Inc__FS_6385,-0.5,2,xgboost,,,-0.4058706841878812,-0.5000000000000032,0.09412931581212203
calama,BWk,Chile,CdTe,First_Solar__Inc__FS_6385,-0.5,2,random_forest,,,-0.36897651837000905,-0.5000000000000032,0.13102348162999417
calama,BWk,Chile,CdTe,First_Solar__Inc__FS_6385,-0.5,2,xgboost_full,,,-0.34196310498034177,-0.5000000000000032,0.15803689501966145
calama,BWk,Chile,CdTe,First_Solar__Inc__FS_6385,-1.0,0,rdtools,-0.9278960031663582,-0.7586556303823322,-0.841377749942418,-0.999999999999998,0.15862225005758002
calama,BWk,Chile,CdTe,First_Solar__Inc__FS_6385,-1.0,0,xgboost,,,-0.7825282988895788,-0.999999999999998,0.21747170111041925
calama,BWk,Chile,CdTe,First_Solar__Inc__FS_6385,-1.0,0,random_forest,,,-0.7201747042453688,-0.999999999999998,0.2798252957546292
calama,BWk,Chile,CdTe,First_Solar__Inc__FS_6385,-1.0,0,xgboost_full,,,-0.6109522823926294,-0.999999999999998,0.38904771760736856
calama,BWk,Chile,CdTe,First_Solar__Inc__FS_6385,-1.0,1,rdtools,-0.9289570587131868,-0.7279730210770663,-0.8245585757160729,-0.999999999999998,0.17544142428392506
calama,BWk,Chile,CdTe,First_Solar__Inc__FS_6385,-1.0,1,xgboost,,,-0.724278509708415,-0.999999999999998,0.275721490291583
calama,BWk,Chile,CdTe,First_Solar__Inc__FS_6385,-1.0,1,random_forest,,,-0.6834722906377382,-0.999999999999998,0.3165277093622598
calama,BWk,Chile,CdTe,First_Solar__Inc__FS_6385,-1.0,1,xgboost_full,,,-0.6494761710694108,-0.999999999999998,0.3505238289305872
calama,BWk,Chile,CdTe,First_Solar__Inc__FS_6385,-1.0,2,rdtools,-0.9362413882004761,-0.7828576809956522,-0.8503666143297561,-0.999999999999998,0.14963338567024187
calama,BWk,Chile,CdTe,First_Solar__Inc__FS_6385,-1.0,2,xgboost,,,-0.8011244280283377,-0.999999999999998,0.19887557197166028
calama,BWk,Chile,CdTe,First_Solar__Inc__FS_6385,-1.0,2,random_forest,,,-0.7287254858605541,-0.999999999999998,0.2712745141394439
calama,BWk,Chile,CdTe,First_Solar__Inc__FS_6385,-1.0,2,xgboost_full,,,-0.6758261033002311,-0.999999999999998,0.32417389669976693
ushuaia,Dfc,Argentina,mono-Si,Canadian_Solar_Inc__CS6K_275M,-0.5,0,rdtools,-0.42896680077795235,-0.26047395131454376,-0.33733159686948166,-0.5000000000000004,0.16266840313051878
ushuaia,Dfc,Argentina,mono-Si,Canadian_Solar_Inc__CS6K_275M,-0.5,0,xgboost,,,-0.3405202540417429,-0.5000000000000004,0.15947974595825753
ushuaia,Dfc,Argentina,mono-Si,Canadian_Solar_Inc__CS6K_275M,-0.5,0,random_forest,,,-0.3348420165572352,-0.5000000000000004,0.16515798344276522
ushuaia,Dfc,Argentina,mono-Si,Canadian_Solar_Inc__CS6K_275M,-0.5,0,xgboost_full,,,-0.2802736594781677,-0.5000000000000004,0.21972634052183276
ushuaia,Dfc,Argentina,mono-Si,Canadian_Solar_Inc__CS6K_275M,-0.5,1,rdtools,-0.44494211830999847,-0.2873084977255136,-0.34161600910976864,-0.5000000000000004,0.1583839908902318
ushuaia,Dfc,Argentina,mono-Si,Canadian_Solar_Inc__CS6K_275M,-0.5,1,xgboost,,,-0.3629098024896895,-0.5000000000000004,0.13709019751031093
ushuaia,Dfc,Argentina,mono-Si,Canadian_Solar_Inc__CS6K_275M,-0.5,1,random_forest,,,-0.34685760894848644,-0.5000000000000004,0.153142391051514
ushuaia,Dfc,Argentina,mono-Si,Canadian_Solar_Inc__CS6K_275M,-0.5,1,xgboost_full,,,-0.3297351191524259,-0.5000000000000004,0.17026488084757452
ushuaia,Dfc,Argentina,mono-Si,Canadian_Solar_Inc__CS6K_275M,-0.5,2,rdtools,-0.5315253530692031,-0.37330632018062193,-0.45622074117395517,-0.5000000000000004,0.043779258826045275
ushuaia,Dfc,Argentina,mono-Si,Canadian_Solar_Inc__CS6K_275M,-0.5,2,xgboost,,,-0.44472781433407277,-0.5000000000000004,0.055272185665927676
ushuaia,Dfc,Argentina,mono-Si,Canadian_Solar_Inc__CS6K_275M,-0.5,2,random_forest,,,-0.38028409953532183,-0.5000000000000004,0.11971590046467862
ushuaia,Dfc,Argentina,mono-Si,Canadian_Solar_Inc__CS6K_275M,-0.5,2,xgboost_full,,,-0.3921253119300951,-0.5000000000000004,0.10787468806990536
ushuaia,Dfc,Argentina,mono-Si,Canadian_Solar_Inc__CS6K_275M,-1.0,0,rdtools,-0.8774464790778579,-0.6763523251815062,-0.7681933269577323,-1.0000000000000049,0.23180667304227254
ushuaia,Dfc,Argentina,mono-Si,Canadian_Solar_Inc__CS6K_275M,-1.0,0,xgboost,,,-0.7447083956347189,-1.0000000000000049,0.255291604365286
ushuaia,Dfc,Argentina,mono-Si,Canadian_Solar_Inc__CS6K_275M,-1.0,0,random_forest,,,-0.717503485827331,-1.0000000000000049,0.28249651417267385
ushuaia,Dfc,Argentina,mono-Si,Canadian_Solar_Inc__CS6K_275M,-1.0,0,xgboost_full,,,-0.6867222980779908,-1.0000000000000049,0.3132777019220141
ushuaia,Dfc,Argentina,mono-Si,Canadian_Solar_Inc__CS6K_275M,-1.0,1,rdtools,-0.8766303435290945,-0.7345295050939671,-0.8021140305708441,-1.0000000000000049,0.1978859694291608
ushuaia,Dfc,Argentina,mono-Si,Canadian_Solar_Inc__CS6K_275M,-1.0,1,xgboost,,,-0.7833331211886234,-1.0000000000000049,0.21666687881138147
ushuaia,Dfc,Argentina,mono-Si,Canadian_Solar_Inc__CS6K_275M,-1.0,1,random_forest,,,-0.7450175705563333,-1.0000000000000049,0.25498242944367155
ushuaia,Dfc,Argentina,mono-Si,Canadian_Solar_Inc__CS6K_275M,-1.0,1,xgboost_full,,,-0.694955476527831,-1.0000000000000049,0.3050445234721739
ushuaia,Dfc,Argentina,mono-Si,Canadian_Solar_Inc__CS6K_275M,-1.0,2,rdtools,-0.9600180842237793,-0.8178881711422323,-0.8819216133653884,-1.0000000000000049,0.11807838663461645
ushuaia,Dfc,Argentina,mono-Si,Canadian_Solar_Inc__CS6K_275M,-1.0,2,xgboost,,,-0.8395441308495788,-1.0000000000000049,0.1604558691504261
ushuaia,Dfc,Argentina,mono-Si,Canadian_Solar_Inc__CS6K_275M,-1.0,2,random_forest,,,-0.7750649180085842,-1.0000000000000049,0.22493508199142065
ushuaia,Dfc,Argentina,mono-Si,Canadian_Solar_Inc__CS6K_275M,-1.0,2,xgboost_full,,,-0.7685752149560687,-1.0000000000000049,0.23142478504393615
ushuaia,Dfc,Argentina,CdTe,First_Solar__Inc__FS_6385,-0.5,0,rdtools,-0.4223481703075904,-0.19286094765077713,-0.3268273380870589,-0.5000000000000032,0.17317266191294434
ushuaia,Dfc,Argentina,CdTe,First_Solar__Inc__FS_6385,-0.5,0,xgboost,,,-0.321927926907933,-0.5000000000000032,0.17807207309207024
ushuaia,Dfc,Argentina,CdTe,First_Solar__Inc__FS_6385,-0.5,0,random_forest,,,-0.32088568365062864,-0.5000000000000032,0.17911431634937458
ushuaia,Dfc,Argentina,CdTe,First_Solar__Inc__FS_6385,-0.5,0,xgboost_full,,,-0.25637324994861577,-0.5000000000000032,0.24362675005138745
ushuaia,Dfc,Argentina,CdTe,First_Solar__Inc__FS_6385,-0.5,1,rdtools,-0.4577966586819487,-0.23624497621924645,-0.3361878030930174,-0.5000000000000032,0.16381219690698584
ushuaia,Dfc,Argentina,CdTe,First_Solar__Inc__FS_6385,-0.5,1,xgboost,,,-0.36292471268638027,-0.5000000000000032,0.13707528731362295
ushuaia,Dfc,Argentina,CdTe,First_Solar__Inc__FS_6385,-0.5,1,random_forest,,,-0.33767331429941266,-0.5000000000000032,0.16232668570059056
ushuaia,Dfc,Argentina,CdTe,First_Solar__Inc__FS_6385,-0.5,1,xgboost_full,,,-0.29468303588052047,-0.5000000000000032,0.20531696411948275
ushuaia,Dfc,Argentina,CdTe,First_Solar__Inc__FS_6385,-0.5,2,rdtools,-0.5100970632292002,-0.3046700565820485,-0.3987431951351261,-0.5000000000000032,0.10125680486487709
ushuaia,Dfc,Argentina,CdTe,First_Solar__Inc__FS_6385,-0.5,2,xgboost,,,-0.3804930987061028,-0.5000000000000032,0.1195069012939004
ushuaia,Dfc,Argentina,CdTe,First_Solar__Inc__FS_6385,-0.5,2,random_forest,,,-0.3122335579349378,-0.5000000000000032,0.18776644206506543
ushuaia,Dfc,Argentina,CdTe,First_Solar__Inc__FS_6385,-0.5,2,xgboost_full,,,-0.3479213891230737,-0.5000000000000032,0.15207861087692953
ushuaia,Dfc,Argentina,CdTe,First_Solar__Inc__FS_6385,-1.0,0,rdtools,-0.8476573773570584,-0.6010839949736835,-0.728183159674034,-0.999999999999998,0.271816840325964
ushuaia,Dfc,Argentina,CdTe,First_Solar__Inc__FS_6385,-1.0,0,xgboost,,,-0.6852466792021228,-0.999999999999998,0.3147533207978752
ushuaia,Dfc,Argentina,CdTe,First_Solar__Inc__FS_6385,-1.0,0,random_forest,,,-0.6721956787458572,-0.999999999999998,0.32780432125414083
ushuaia,Dfc,Argentina,CdTe,First_Solar__Inc__FS_6385,-1.0,0,xgboost_full,,,-0.6177735766900394,-0.999999999999998,0.3822264233099586
ushuaia,Dfc,Argentina,CdTe,First_Solar__Inc__FS_6385,-1.0,1,rdtools,-0.8483288814071355,-0.6440798856074625,-0.7416636733708747,-0.999999999999998,0.2583363266291233
ushuaia,Dfc,Argentina,CdTe,First_Solar__Inc__FS_6385,-1.0,1,xgboost,,,-0.6990881205543975,-0.999999999999998,0.3009118794456005
ushuaia,Dfc,Argentina,CdTe,First_Solar__Inc__FS_6385,-1.0,1,random_forest,,,-0.6688520186091722,-0.999999999999998,0.3311479813908258
ushuaia,Dfc,Argentina,CdTe,First_Solar__Inc__FS_6385,-1.0,1,xgboost_full,,,-0.6253415086681091,-0.999999999999998,0.3746584913318889
ushuaia,Dfc,Argentina,CdTe,First_Solar__Inc__FS_6385,-1.0,2,rdtools,-0.8943233840711515,-0.7049655526849941,-0.8160165163868753,-0.999999999999998,0.18398348361312267
ushuaia,Dfc,Argentina,CdTe,First_Solar__Inc__FS_6385,-1.0,2,xgboost,,,-0.7649960469800043,-0.999999999999998,0.23500395301999366
ushuaia,Dfc,Argentina,CdTe,First_Solar__Inc__FS_6385,-1.0,2,random_forest,,,-0.6699761502090174,-0.999999999999998,0.33002384979098065
ushuaia,Dfc,Argentina,CdTe,First_Solar__Inc__FS_6385,-1.0,2,xgboost_full,,,-0.6741522988837567,-0.999999999999998,0.3258477011162413
tokyo,Cfa,Japan,mono-Si,Canadian_Solar_Inc__CS6K_275M,-0.5,0,rdtools,-0.5240978315504852,-0.33920805956111355,-0.44248699040693174,-0.5000000000000004,0.05751300959306871
tokyo,Cfa,Japan,mono-Si,Canadian_Solar_Inc__CS6K_275M,-0.5,0,xgboost,,,-0.38967790388363066,-0.5000000000000004,0.11032209611636978
tokyo,Cfa,Japan,mono-Si,Canadian_Solar_Inc__CS6K_275M,-0.5,0,random_forest,,,-0.3534088172862937,-0.5000000000000004,0.14659118271370675
tokyo,Cfa,Japan,mono-Si,Canadian_Solar_Inc__CS6K_275M,-0.5,0,xgboost_full,,,-0.3508399464336909,-0.5000000000000004,0.14916005356630957
tokyo,Cfa,Japan,mono-Si,Canadian_Solar_Inc__CS6K_275M,-0.5,1,rdtools,-0.5053570377352021,-0.37409853562696077,-0.4439375629686271,-0.5000000000000004,0.05606243703137337
tokyo,Cfa,Japan,mono-Si,Canadian_Solar_Inc__CS6K_275M,-0.5,1,xgboost,,,-0.37965751053548047,-0.5000000000000004,0.12034248946451997
tokyo,Cfa,Japan,mono-Si,Canadian_Solar_Inc__CS6K_275M,-0.5,1,random_forest,,,-0.3835417852720806,-0.5000000000000004,0.11645821472791984
tokyo,Cfa,Japan,mono-Si,Canadian_Solar_Inc__CS6K_275M,-0.5,1,xgboost_full,,,-0.34252710466492475,-0.5000000000000004,0.1574728953350757
tokyo,Cfa,Japan,mono-Si,Canadian_Solar_Inc__CS6K_275M,-0.5,2,rdtools,-0.5770521018775843,-0.4335987288747012,-0.5028796765901733,-0.5000000000000004,-0.0028796765901728527
tokyo,Cfa,Japan,mono-Si,Canadian_Solar_Inc__CS6K_275M,-0.5,2,xgboost,,,-0.4454898441876076,-0.5000000000000004,0.054510155812392824
tokyo,Cfa,Japan,mono-Si,Canadian_Solar_Inc__CS6K_275M,-0.5,2,random_forest,,,-0.4358100642930074,-0.5000000000000004,0.06418993570699305
tokyo,Cfa,Japan,mono-Si,Canadian_Solar_Inc__CS6K_275M,-0.5,2,xgboost_full,,,-0.41312848698568105,-0.5000000000000004,0.08687151301431939
tokyo,Cfa,Japan,mono-Si,Canadian_Solar_Inc__CS6K_275M,-1.0,0,rdtools,-0.9614237921311652,-0.8146152865538312,-0.8854738433801579,-1.0000000000000049,0.114526156619847
tokyo,Cfa,Japan,mono-Si,Canadian_Solar_Inc__CS6K_275M,-1.0,0,xgboost,,,-0.7758401720232195,-1.0000000000000049,0.22415982797678535
tokyo,Cfa,Japan,mono-Si,Canadian_Solar_Inc__CS6K_275M,-1.0,0,random_forest,,,-0.7430302765080998,-1.0000000000000049,0.25696972349190506
tokyo,Cfa,Japan,mono-Si,Canadian_Solar_Inc__CS6K_275M,-1.0,0,xgboost_full,,,-0.7314471062085237,-1.0000000000000049,0.2685528937914812
tokyo,Cfa,Japan,mono-Si,Canadian_Solar_Inc__CS6K_275M,-1.0,1,rdtools,-0.9497933539618504,-0.8219559239244556,-0.8819049023794343,-1.0000000000000049,0.11809509762057058
tokyo,Cfa,Japan,mono-Si,Canadian_Solar_Inc__CS6K_275M,-1.0,1,xgboost,,,-0.7832709174970783,-1.0000000000000049,0.21672908250292655
tokyo,Cfa,Japan,mono-Si,Canadian_Solar_Inc__CS6K_275M,-1.0,1,random_forest,,,-0.7428570481241298,-1.0000000000000049,0.2571429518758751
tokyo,Cfa,Japan,mono-Si,Canadian_Solar_Inc__CS6K_275M,-1.0,1,xgboost_full,,,-0.7490031095021998,-1.0000000000000049,0.25099689049780505
tokyo,Cfa,Japan,mono-Si,Canadian_Solar_Inc__CS6K_275M,-1.0,2,rdtools,-1.0233392608681169,-0.8643750489665643,-0.9530312770121916,-1.0000000000000049,0.046968722987813294
tokyo,Cfa,Japan,mono-Si,Canadian_Solar_Inc__CS6K_275M,-1.0,2,xgboost,,,-0.8589626180727117,-1.0000000000000049,0.1410373819272932
tokyo,Cfa,Japan,mono-Si,Canadian_Solar_Inc__CS6K_275M,-1.0,2,random_forest,,,-0.8206716788320745,-1.0000000000000049,0.1793283211679304
tokyo,Cfa,Japan,mono-Si,Canadian_Solar_Inc__CS6K_275M,-1.0,2,xgboost_full,,,-0.8225862387396199,-1.0000000000000049,0.177413761260385
tokyo,Cfa,Japan,CdTe,First_Solar__Inc__FS_6385,-0.5,0,rdtools,-0.4681123208529425,-0.2674394578624348,-0.3745350331660422,-0.5000000000000032,0.12546496683396102
tokyo,Cfa,Japan,CdTe,First_Solar__Inc__FS_6385,-0.5,0,xgboost,,,-0.33654839117921487,-0.5000000000000032,0.16345160882078835
tokyo,Cfa,Japan,CdTe,First_Solar__Inc__FS_6385,-0.5,0,random_forest,,,-0.32942181163827977,-0.5000000000000032,0.17057818836172345
tokyo,Cfa,Japan,CdTe,First_Solar__Inc__FS_6385,-0.5,0,xgboost_full,,,-0.32070828987551536,-0.5000000000000032,0.17929171012448786
tokyo,Cfa,Japan,CdTe,First_Solar__Inc__FS_6385,-0.5,1,rdtools,-0.5256452004011591,-0.32781666663322134,-0.43543731667406993,-0.5000000000000032,0.06456268332593329
tokyo,Cfa,Japan,CdTe,First_Solar__Inc__FS_6385,-0.5,1,xgboost,,,-0.3366246402990103,-0.5000000000000032,0.16337535970099293
tokyo,Cfa,Japan,CdTe,First_Solar__Inc__FS_6385,-0.5,1,random_forest,,,-0.33136105771716107,-0.5000000000000032,0.16863894228284215
tokyo,Cfa,Japan,CdTe,First_Solar__Inc__FS_6385,-0.5,1,xgboost_full,,,-0.3307494115372789,-0.5000000000000032,0.16925058846272434
tokyo,Cfa,Japan,CdTe,First_Solar__Inc__FS_6385,-0.5,2,rdtools,-0.5896787347546419,-0.3820838279933507,-0.4797183903109046,-0.5000000000000032,0.020281609689098645
tokyo,Cfa,Japan,CdTe,First_Solar__Inc__FS_6385,-0.5,2,xgboost,,,-0.4226766079447275,-0.5000000000000032,0.07732339205527572
tokyo,Cfa,Japan,CdTe,First_Solar__Inc__FS_6385,-0.5,2,random_forest,,,-0.375927833281231,-0.5000000000000032,0.12407216671877219
tokyo,Cfa,Japan,CdTe,First_Solar__Inc__FS_6385,-0.5,2,xgboost_full,,,-0.39364662591639954,-0.5000000000000032,0.10635337408360368
tokyo,Cfa,Japan,CdTe,First_Solar__Inc__FS_6385,-1.0,0,rdtools,-0.8994129982640153,-0.7008705990755735,-0.7983793898208967,-0.999999999999998,0.20162061017910127
tokyo,Cfa,Japan,CdTe,First_Solar__Inc__FS_6385,-1.0,0,xgboost,,,-0.7075093784118396,-0.999999999999998,0.2924906215881584
tokyo,Cfa,Japan,CdTe,First_Solar__Inc__FS_6385,-1.0,0,random_forest,,,-0.6785651731462561,-0.999999999999998,0.3214348268537419
tokyo,Cfa,Japan,CdTe,First_Solar__Inc__FS_6385,-1.0,0,xgboost_full,,,-0.6644197441161848,-0.999999999999998,0.33558025588381324
tokyo,Cfa,Japan,CdTe,First_Solar__Inc__FS_6385,-1.0,1,rdtools,-0.9393870497790946,-0.7480047375047605,-0.8242018350505975,-0.999999999999998,0.17579816494940048
tokyo,Cfa,Japan,CdTe,First_Solar__Inc__FS_6385,-1.0,1,xgboost,,,-0.7293724427504755,-0.999999999999998,0.2706275572495225
tokyo,Cfa,Japan,CdTe,First_Solar__Inc__FS_6385,-1.0,1,random_forest,,,-0.6945700416265965,-0.999999999999998,0.3054299583734015
tokyo,Cfa,Japan,CdTe,First_Solar__Inc__FS_6385,-1.0,1,xgboost_full,,,-0.6956199363188365,-0.999999999999998,0.30438006368116155
tokyo,Cfa,Japan,CdTe,First_Solar__Inc__FS_6385,-1.0,2,rdtools,-1.0104313234764073,-0.7980132254693961,-0.9197162068478721,-0.999999999999998,0.08028379315212586
tokyo,Cfa,Japan,CdTe,First_Solar__Inc__FS_6385,-1.0,2,xgboost,,,-0.8320149371513264,-0.999999999999998,0.16798506284867165
tokyo,Cfa,Japan,CdTe,First_Solar__Inc__FS_6385,-1.0,2,random_forest,,,-0.7379216059696714,-0.999999999999998,0.2620783940303266
tokyo,Cfa,Japan,CdTe,First_Solar__Inc__FS_6385,-1.0,2,xgboost_full,,,-0.7700548076022162,-0.999999999999998,0.22994519239778177
delhi,BSh,India,mono-Si,Canadian_Solar_Inc__CS6K_275M,-0.5,0,rdtools,-0.49950295679684814,-0.379531696799873,-0.4297927901604992,-0.5000000000000004,0.07020720983950124
delhi,BSh,India,mono-Si,Canadian_Solar_Inc__CS6K_275M,-0.5,0,xgboost,,,-0.4153857529263172,-0.5000000000000004,0.08461424707368326
delhi,BSh,India,mono-Si,Canadian_Solar_Inc__CS6K_275M,-0.5,0,random_forest,,,-0.3981550738369326,-0.5000000000000004,0.10184492616306784
delhi,BSh,India,mono-Si,Canadian_Solar_Inc__CS6K_275M,-0.5,0,xgboost_full,,,-0.34712236531558305,-0.5000000000000004,0.1528776346844174
delhi,BSh,India,mono-Si,Canadian_Solar_Inc__CS6K_275M,-0.5,1,rdtools,-0.5120864345243281,-0.39724731579908745,-0.45621837303140783,-0.5000000000000004,0.04378162696859261
delhi,BSh,India,mono-Si,Canadian_Solar_Inc__CS6K_275M,-0.5,1,xgboost,,,-0.4280399118651801,-0.5000000000000004,0.07196008813482035
delhi,BSh,India,mono-Si,Canadian_Solar_Inc__CS6K_275M,-0.5,1,random_forest,,,-0.4111774849230476,-0.5000000000000004,0.08882251507695282
delhi,BSh,India,mono-Si,Canadian_Solar_Inc__CS6K_275M,-0.5,1,xgboost_full,,,-0.3821892475221831,-0.5000000000000004,0.11781075247781736
delhi,BSh,India,mono-Si,Canadian_Solar_Inc__CS6K_275M,-0.5,2,rdtools,-0.6007712002414012,-0.44120384000378987,-0.520657084028886,-0.5000000000000004,-0.020657084028885553
delhi,BSh,India,mono-Si,Canadian_Solar_Inc__CS6K_275M,-0.5,2,xgboost,,,-0.44169567516433306,-0.5000000000000004,0.05830432483566739
delhi,BSh,India,mono-Si,Canadian_Solar_Inc__CS6K_275M,-0.5,2,random_forest,,,-0.4121887624523109,-0.5000000000000004,0.08781123754768955
delhi,BSh,India,mono-Si,Canadian_Solar_Inc__CS6K_275M,-0.5,2,xgboost_full,,,-0.4062531941019465,-0.5000000000000004,0.09374680589805395
delhi,BSh,India,mono-Si,Canadian_Solar_Inc__CS6K_275M,-1.0,0,rdtools,-0.9720147028776549,-0.8407796882429173,-0.9040668811685304,-1.0000000000000049,0.09593311883147448
delhi,BSh,India,mono-Si,Canadian_Solar_Inc__CS6K_275M,-1.0,0,xgboost,,,-0.8823627668065603,-1.0000000000000049,0.11763723319344455
delhi,BSh,India,mono-Si,Canadian_Solar_Inc__CS6K_275M,-1.0,0,random_forest,,,-0.802449103336212,-1.0000000000000049,0.19755089666379289
delhi,BSh,India,mono-Si,Canadian_Solar_Inc__CS6K_275M,-1.0,0,xgboost_full,,,-0.7466147301396471,-1.0000000000000049,0.2533852698603578
delhi,BSh,India,mono-Si,Canadian_Solar_Inc__CS6K_275M,-1.0,1,rdtools,-1.000411186793837,-0.8716650422568721,-0.9234885315578256,-1.0000000000000049,0.07651146844217926
delhi,BSh,India,mono-Si,Canadian_Solar_Inc__CS6K_275M,-1.0,1,xgboost,,,-0.8389930323138783,-1.0000000000000049,0.16100696768612655
delhi,BSh,India,mono-Si,Canadian_Solar_Inc__CS6K_275M,-1.0,1,random_forest,,,-0.8110714170968814,-1.0000000000000049,0.18892858290312353
delhi,BSh,India,mono-Si,Canadian_Solar_Inc__CS6K_275M,-1.0,1,xgboost_full,,,-0.7603561238694323,-1.0000000000000049,0.2396438761305726
delhi,BSh,India,mono-Si,Canadian_Solar_Inc__CS6K_275M,-1.0,2,rdtools,-1.0501908952340753,-0.9292257937963733,-0.9897820245892475,-1.0000000000000049,0.010217975410757418
delhi,BSh,India,mono-Si,Canadian_Solar_Inc__CS6K_275M,-1.0,2,xgboost,,,-0.8578103850717056,-1.0000000000000049,0.1421896149282993
delhi,BSh,India,mono-Si,Canadian_Solar_Inc__CS6K_275M,-1.0,2,random_forest,,,-0.7913519933844888,-1.0000000000000049,0.20864800661551608
delhi,BSh,India,mono-Si,Canadian_Solar_Inc__CS6K_275M,-1.0,2,xgboost_full,,,-0.7837942082461961,-1.0000000000000049,0.21620579175380883
delhi,BSh,India,CdTe,First_Solar__Inc__FS_6385,-0.5,0,rdtools,-0.4664798033043205,-0.3200085760704852,-0.3973607868878605,-0.5000000000000032,0.10263921311214275
delhi,BSh,India,CdTe,First_Solar__Inc__FS_6385,-0.5,0,xgboost,,,-0.3805617618174081,-0.5000000000000032,0.11943823818259514
delhi,BSh,India,CdTe,First_Solar__Inc__FS_6385,-0.5,0,random_forest,,,-0.34554596172956,-0.5000000000000032,0.15445403827044324
delhi,BSh,India,CdTe,First_Solar__Inc__FS_6385,-0.5,0,xgboost_full,,,-0.33149956973683725,-0.5000000000000032,0.16850043026316597
delhi,BSh,India,CdTe,First_Solar__Inc__FS_6385,-0.5,1,rdtools,-0.49769763584524007,-0.3410381624012416,-0.41740144619872854,-0.5000000000000032,0.08259855380127468
delhi,BSh,India,CdTe,First_Solar__Inc__FS_6385,-0.5,1,xgboost,,,-0.39946637274593466,-0.5000000000000032,0.10053362725406856
delhi,BSh,India,CdTe,First_Solar__Inc__FS_6385,-0.5,1,random_forest,,,-0.38116278628659295,-0.5000000000000032,0.11883721371341027
delhi,BSh,India,CdTe,First_Solar__Inc__FS_6385,-0.5,1,xgboost_full,,,-0.3200413572994738,-0.5000000000000032,0.17995864270052941
delhi,BSh,India,CdTe,First_Solar__Inc__FS_6385,-0.5,2,rdtools,-0.5522425888865806,-0.3691755416090916,-0.4717676909738122,-0.5000000000000032,0.028232309026191005
delhi,BSh,India,CdTe,First_Solar__Inc__FS_6385,-0.5,2,xgboost,,,-0.46197801994359855,-0.5000000000000032,0.03802198005640467
delhi,BSh,India,CdTe,First_Solar__Inc__FS_6385,-0.5,2,random_forest,,,-0.39848264550270684,-0.5000000000000032,0.10151735449729637
delhi,BSh,India,CdTe,First_Solar__Inc__FS_6385,-0.5,2,xgboost_full,,,-0.3860400969180555,-0.5000000000000032,0.1139599030819477
delhi,BSh,India,CdTe,First_Solar__Inc__FS_6385,-1.0,0,rdtools,-0.9079396203242607,-0.7607956720587561,-0.8370911827301653,-0.999999999999998,0.16290881726983275
delhi,BSh,India,CdTe,First_Solar__Inc__FS_6385,-1.0,0,xgboost,,,-0.7634520217269403,-0.999999999999998,0.23654797827305774
delhi,BSh,India,CdTe,First_Solar__Inc__FS_6385,-1.0,0,random_forest,,,-0.701241403231273,-0.999999999999998,0.29875859676872496
delhi,BSh,India,CdTe,First_Solar__Inc__FS_6385,-1.0,0,xgboost_full,,,-0.688945070024455,-0.999999999999998,0.31105492997554296
delhi,BSh,India,CdTe,First_Solar__Inc__FS_6385,-1.0,1,rdtools,-0.9360377711209011,-0.7753966123053901,-0.8661622295095817,-0.999999999999998,0.13383777049041634
delhi,BSh,India,CdTe,First_Solar__Inc__FS_6385,-1.0,1,xgboost,,,-0.7648157731253878,-0.999999999999998,0.23518422687461016
delhi,BSh,India,CdTe,First_Solar__Inc__FS_6385,-1.0,1,random_forest,,,-0.7272666663647125,-0.999999999999998,0.2727333336352855
delhi,BSh,India,CdTe,First_Solar__Inc__FS_6385,-1.0,1,xgboost_full,,,-0.6952392419408981,-0.999999999999998,0.30476075805909986
delhi,BSh,India,CdTe,First_Solar__Inc__FS_6385,-1.0,2,rdtools,-0.9631241288801884,-0.8070329370192819,-0.8931888913437996,-0.999999999999998,0.10681110865619836
delhi,BSh,India,CdTe,First_Solar__Inc__FS_6385,-1.0,2,xgboost,,,-0.816555290205101,-0.999999999999998,0.18344470979489702
delhi,BSh,India,CdTe,First_Solar__Inc__FS_6385,-1.0,2,random_forest,,,-0.7353700831153165,-0.999999999999998,0.2646299168846815
delhi,BSh,India,CdTe,First_Solar__Inc__FS_6385,-1.0,2,xgboost_full,,,-0.7365015617542714,-0.999999999999998,0.2634984382457266
dubai,BWh,United Arab Emirates,mono-Si,Canadian_Solar_Inc__CS6K_275M,-0.5,0,rdtools,-0.49637927627472767,-0.37059404709808286,-0.4324079808503916,-0.5000000000000004,0.06759201914960883
dubai,BWh,United Arab Emirates,mono-Si,Canadian_Solar_Inc__CS6K_275M,-0.5,0,xgboost,,,-0.4193729025189227,-0.5000000000000004,0.08062709748107777
dubai,BWh,United Arab Emirates,mono-Si,Canadian_Solar_Inc__CS6K_275M,-0.5,0,random_forest,,,-0.40075948065895356,-0.5000000000000004,0.09924051934104688
dubai,BWh,United Arab Emirates,mono-Si,Canadian_Solar_Inc__CS6K_275M,-0.5,0,xgboost_full,,,-0.38962338950087605,-0.5000000000000004,0.1103766104991244
dubai,BWh,United Arab Emirates,mono-Si,Canadian_Solar_Inc__CS6K_275M,-0.5,1,rdtools,-0.5186094787587248,-0.40566783165973386,-0.45798444535518623,-0.5000000000000004,0.04201555464481421
dubai,BWh,United Arab Emirates,mono-Si,Canadian_Solar_Inc__CS6K_275M,-0.5,1,xgboost,,,-0.452654751866266,-0.5000000000000004,0.04734524813373442
dubai,BWh,United Arab Emirates,mono-Si,Canadian_Solar_Inc__CS6K_275M,-0.5,1,random_forest,,,-0.4072442714717077,-0.5000000000000004,0.09275572852829272
dubai,BWh,United Arab Emirates,mono-Si,Canadian_Solar_Inc__CS6K_275M,-0.5,1,xgboost_full,,,-0.3928514082653941,-0.5000000000000004,0.10714859173460634
dubai,BWh,United Arab Emirates,mono-Si,Canadian_Solar_Inc__CS6K_275M,-0.5,2,rdtools,-0.5737669461020611,-0.4315561641520027,-0.4954717079361156,-0.5000000000000004,0.004528292063884831
dubai,BWh,United Arab Emirates,mono-Si,Canadian_Solar_Inc__CS6K_275M,-0.5,2,xgboost,,,-0.48376863590083863,-0.5000000000000004,0.016231364099161816
dubai,BWh,United Arab Emirates,mono-Si,Canadian_Solar_Inc__CS6K_275M,-0.5,2,random_forest,,,-0.444025852033092,-0.5000000000000004,0.05597414796690847
dubai,BWh,United Arab Emirates,mono-Si,Canadian_Solar_Inc__CS6K_275M,-0.5,2,xgboost_full,,,-0.4274657857411655,-0.5000000000000004,0.07253421425883494
dubai,BWh,United Arab Emirates,mono-Si,Canadian_Solar_Inc__CS6K_275M,-1.0,0,rdtools,-0.9977619297421609,-0.8713165028095182,-0.9220903217011078,-1.0000000000000049,0.07790967829889706
dubai,BWh,United Arab Emirates,mono-Si,Canadian_Solar_Inc__CS6K_275M,-1.0,0,xgboost,,,-0.8787439027775346,-1.0000000000000049,0.12125609722247033
dubai,BWh,United Arab Emirates,mono-Si,Canadian_Solar_Inc__CS6K_275M,-1.0,0,random_forest,,,-0.7978463341956965,-1.0000000000000049,0.20215366580430838
dubai,BWh,United Arab Emirates,mono-Si,Canadian_Solar_Inc__CS6K_275M,-1.0,0,xgboost_full,,,-0.8057274673409609,-1.0000000000000049,0.19427253265904398
dubai,BWh,United Arab Emirates,mono-Si,Canadian_Solar_Inc__CS6K_275M,-1.0,1,rdtools,-1.006937119527381,-0.8884926312169507,-0.9433110885232132,-1.0000000000000049,0.05668891147679167
dubai,BWh,United Arab Emirates,mono-Si,Canadian_Solar_Inc__CS6K_275M,-1.0,1,xgboost,,,-0.8830990121232687,-1.0000000000000049,0.1169009878767362
dubai,BWh,United Arab Emirates,mono-Si,Canadian_Solar_Inc__CS6K_275M,-1.0,1,random_forest,,,-0.8343097913577223,-1.0000000000000049,0.16569020864228257
dubai,BWh,United Arab Emirates,mono-Si,Canadian_Solar_Inc__CS6K_275M,-1.0,1,xgboost_full,,,-0.8278256100128001,-1.0000000000000049,0.1721743899872048
dubai,BWh,United Arab Emirates,mono-Si,Canadian_Solar_Inc__CS6K_275M,-1.0,2,rdtools,-1.0528580095476414,-0.9178441203992693,-0.9784227123989298,-1.0000000000000049,0.021577287601075135
dubai,BWh,United Arab Emirates,mono-Si,Canadian_Solar_Inc__CS6K_275M,-1.0,2,xgboost,,,-0.9356338958202901,-1.0000000000000049,0.06436610417971478
dubai,BWh,United Arab Emirates,mono-Si,Canadian_Solar_Inc__CS6K_275M,-1.0,2,random_forest,,,-0.8760050893827223,-1.0000000000000049,0.12399491061728263
dubai,BWh,United Arab Emirates,mono-Si,Canadian_Solar_Inc__CS6K_275M,-1.0,2,xgboost_full,,,-0.8501619326718473,-1.0000000000000049,0.14983806732815763
dubai,BWh,United Arab Emirates,CdTe,First_Solar__Inc__FS_6385,-0.5,0,rdtools,-0.46226467088956724,-0.3062268102587473,-0.39656036824798907,-0.5000000000000032,0.10343963175201415
dubai,BWh,United Arab Emirates,CdTe,First_Solar__Inc__FS_6385,-0.5,0,xgboost,,,-0.38844680063249226,-0.5000000000000032,0.11155319936751096
dubai,BWh,United Arab Emirates,CdTe,First_Solar__Inc__FS_6385,-0.5,0,random_forest,,,-0.29039035319052703,-0.5000000000000032,0.2096096468094762
dubai,BWh,United Arab Emirates,CdTe,First_Solar__Inc__FS_6385,-0.5,0,xgboost_full,,,-0.34813902143451897,-0.5000000000000032,0.15186097856548425
dubai,BWh,United Arab Emirates,CdTe,First_Solar__Inc__FS_6385,-0.5,1,rdtools,-0.45884563343741025,-0.318161229870606,-0.3974154693530574,-0.5000000000000032,0.10258453064694584
dubai,BWh,United Arab Emirates,CdTe,First_Solar__Inc__FS_6385,-0.5,1,xgboost,,,-0.39089568730316426,-0.5000000000000032,0.10910431269683896
dubai,BWh,United Arab Emirates,CdTe,First_Solar__Inc__FS_6385,-0.5,1,random_forest,,,-0.3545903785647636,-0.5000000000000032,0.1454096214352396
dubai,BWh,United Arab Emirates,CdTe,First_Solar__Inc__FS_6385,-0.5,1,xgboost_full,,,-0.36033818240778054,-0.5000000000000032,0.13966181759222268
dubai,BWh,United Arab Emirates,CdTe,First_Solar__Inc__FS_6385,-0.5,2,rdtools,-0.5092039448603813,-0.3626112064109899,-0.44344548173173215,-0.5000000000000032,0.05655451826827107
dubai,BWh,United Arab Emirates,CdTe,First_Solar__Inc__FS_6385,-0.5,2,xgboost,,,-0.43988597623963455,-0.5000000000000032,0.06011402376036867
dubai,BWh,United Arab Emirates,CdTe,First_Solar__Inc__FS_6385,-0.5,2,random_forest,,,-0.4106907509455807,-0.5000000000000032,0.0893092490544225
dubai,BWh,United Arab Emirates,CdTe,First_Solar__Inc__FS_6385,-0.5,2,xgboost_full,,,-0.39101008311559493,-0.5000000000000032,0.10898991688440829
dubai,BWh,United Arab Emirates,CdTe,First_Solar__Inc__FS_6385,-1.0,0,rdtools,-0.9250075251227674,-0.769535940289749,-0.8452860945386553,-0.999999999999998,0.15471390546134267
dubai,BWh,United Arab Emirates,CdTe,First_Solar__Inc__FS_6385,-1.0,0,xgboost,,,-0.763560351123177,-0.999999999999998,0.236439648876821
dubai,BWh,United Arab Emirates,CdTe,First_Solar__Inc__FS_6385,-1.0,0,random_forest,,,-0.6750252652279747,-0.999999999999998,0.3249747347720233
dubai,BWh,United Arab Emirates,CdTe,First_Solar__Inc__FS_6385,-1.0,0,xgboost_full,,,-0.7095209836436134,-0.999999999999998,0.2904790163563846
dubai,BWh,United Arab Emirates,CdTe,First_Solar__Inc__FS_6385,-1.0,1,rdtools,-0.9108620702223069,-0.7612017993684383,-0.8424665571164502,-0.999999999999998,0.15753344288354776
dubai,BWh,United Arab Emirates,CdTe,First_Solar__Inc__FS_6385,-1.0,1,xgboost,,,-0.7925184401713914,-0.999999999999998,0.2074815598286066
dubai,BWh,United Arab Emirates,CdTe,First_Solar__Inc__FS_6385,-1.0,1,random_forest,,,-0.7346308835422983,-0.999999999999998,0.26536911645769967
dubai,BWh,United Arab Emirates,CdTe,First_Solar__Inc__FS_6385,-1.0,1,xgboost_full,,,-0.7211586564234896,-0.999999999999998,0.27884134357650836
dubai,BWh,United Arab Emirates,CdTe,First_Solar__Inc__FS_6385,-1.0,2,rdtools,-0.9735018569496212,-0.8369366901653907,-0.9063573591818752,-0.999999999999998,0.09364264081812279
dubai,BWh,United Arab Emirates,CdTe,First_Solar__Inc__FS_6385,-1.0,2,xgboost,,,-0.8332383870522162,-0.999999999999998,0.1667616129477818
dubai,BWh,United Arab Emirates,CdTe,First_Solar__Inc__FS_6385,-1.0,2,random_forest,,,-0.7724377256792869,-0.999999999999998,0.22756227432071108
dubai,BWh,United Arab Emirates,CdTe,First_Solar__Inc__FS_6385,-1.0,2,xgboost_full,,,-0.7738396637084236,-0.999999999999998,0.2261603362915744
antalya,Csa,Turkey,mono-Si,Canadian_Solar_Inc__CS6K_275M,-0.5,0,rdtools,-0.5023401650964598,-0.36561822096843066,-0.42526375147970974,-0.5000000000000004,0.0747362485202907
antalya,Csa,Turkey,mono-Si,Canadian_Solar_Inc__CS6K_275M,-0.5,0,xgboost,,,-0.37485065382796834,-0.5000000000000004,0.1251493461720321
antalya,Csa,Turkey,mono-Si,Canadian_Solar_Inc__CS6K_275M,-0.5,0,random_forest,,,-0.37163484640952094,-0.5000000000000004,0.1283651535904795
antalya,Csa,Turkey,mono-Si,Canadian_Solar_Inc__CS6K_275M,-0.5,0,xgboost_full,,,-0.3291270500654975,-0.5000000000000004,0.17087294993450297
antalya,Csa,Turkey,mono-Si,Canadian_Solar_Inc__CS6K_275M,-0.5,1,rdtools,-0.511813611088555,-0.38736999277669343,-0.45572741575575965,-0.5000000000000004,0.0442725842442408
antalya,Csa,Turkey,mono-Si,Canadian_Solar_Inc__CS6K_275M,-0.5,1,xgboost,,,-0.40638793821638486,-0.5000000000000004,0.09361206178361559
antalya,Csa,Turkey,mono-Si,Canadian_Solar_Inc__CS6K_275M,-0.5,1,random_forest,,,-0.3813666814678039,-0.5000000000000004,0.11863331853219655
antalya,Csa,Turkey,mono-Si,Canadian_Solar_Inc__CS6K_275M,-0.5,1,xgboost_full,,,-0.370072290632778,-0.5000000000000004,0.12992770936722242
antalya,Csa,Turkey,mono-Si,Canadian_Solar_Inc__CS6K_275M,-0.5,2,rdtools,-0.585824455163742,-0.4447655999264555,-0.5145640293423335,-0.5000000000000004,-0.01456402934233303
antalya,Csa,Turkey,mono-Si,Canadian_Solar_Inc__CS6K_275M,-0.5,2,xgboost,,,-0.4378240481166751,-0.5000000000000004,0.062175951883325364
antalya,Csa,Turkey,mono-Si,Canadian_Solar_Inc__CS6K_275M,-0.5,2,random_forest,,,-0.3950694853042558,-0.5000000000000004,0.10493051469574466
antalya,Csa,Turkey,mono-Si,Canadian_Solar_Inc__CS6K_275M,-0.5,2,xgboost_full,,,-0.3970167566203256,-0.5000000000000004,0.10298324337967485
antalya,Csa,Turkey,mono-Si,Canadian_Solar_Inc__CS6K_275M,-1.0,0,rdtools,-0.9806269488225586,-0.840686315376904,-0.9094287993465455,-1.0000000000000049,0.09057120065345936
antalya,Csa,Turkey,mono-Si,Canadian_Solar_Inc__CS6K_275M,-1.0,0,xgboost,,,-0.8192101077644343,-1.0000000000000049,0.18078989223557063
antalya,Csa,Turkey,mono-Si,Canadian_Solar_Inc__CS6K_275M,-1.0,0,random_forest,,,-0.8009875762823915,-1.0000000000000049,0.1990124237176134
antalya,Csa,Turkey,mono-Si,Canadian_Solar_Inc__CS6K_275M,-1.0,0,xgboost_full,,,-0.736083251493632,-1.0000000000000049,0.2639167485063729
antalya,Csa,Turkey,mono-Si,Canadian_Solar_Inc__CS6K_275M,-1.0,1,rdtools,-0.9771656301666765,-0.8695419291716577,-0.9263169435263952,-1.0000000000000049,0.07368305647360973
antalya,Csa,Turkey,mono-Si,Canadian_Solar_Inc__CS6K_275M,-1.0,1,xgboost,,,-0.8452049671392481,-1.0000000000000049,0.1547950328607568
antalya,Csa,Turkey,mono-Si,Canadian_Solar_Inc__CS6K_275M,-1.0,1,random_forest,,,-0.798136530994034,-1.0000000000000049,0.20186346900597085
antalya,Csa,Turkey,mono-Si,Canadian_Solar_Inc__CS6K_275M,-1.0,1,xgboost_full,,,-0.753780421832057,-1.0000000000000049,0.24621957816794793
antalya,Csa,Turkey,mono-Si,Canadian_Solar_Inc__CS6K_275M,-1.0,2,rdtools,-1.0461338682824683,-0.9133952005996362,-0.9844836971525772,-1.0000000000000049,0.015516302847427665
antalya,Csa,Turkey,mono-Si,Canadian_Solar_Inc__CS6K_275M,-1.0,2,xgboost,,,-0.87123819228343,-1.0000000000000049,0.12876180771657486
antalya,Csa,Turkey,mono-Si,Canadian_Solar_Inc__CS6K_275M,-1.0,2,random_forest,,,-0.7943692548857406,-1.0000000000000049,0.20563074511426427
antalya,Csa,Turkey,mono-Si,Canadian_Solar_Inc__CS6K_275M,-1.0,2,xgboost_full,,,-0.7792276041175226,-1.0000000000000049,0.22077239588248232
antalya,Csa,Turkey,CdTe,First_Solar__Inc__FS_6385,-0.5,0,rdtools,-0.4944800126832627,-0.32533375371547324,-0.40081719544287076,-0.5000000000000032,0.09918280455713246
antalya,Csa,Turkey,CdTe,First_Solar__Inc__FS_6385,-0.5,0,xgboost,,,-0.3379992584197966,-0.5000000000000032,0.1620007415802066
antalya,Csa,Turkey,CdTe,First_Solar__Inc__FS_6385,-0.5,0,random_forest,,,-0.35830830387310053,-0.5000000000000032,0.1416916961269027
antalya,Csa,Turkey,CdTe,First_Solar__Inc__FS_6385,-0.5,0,xgboost_full,,,-0.31789690920031033,-0.5000000000000032,0.1821030907996929
antalya,Csa,Turkey,CdTe,First_Solar__Inc__FS_6385,-0.5,1,rdtools,-0.49277812676311594,-0.3455656115699757,-0.4078410782089481,-0.5000000000000032,0.09215892179105512
antalya,Csa,Turkey,CdTe,First_Solar__Inc__FS_6385,-0.5,1,xgboost,,,-0.34736563550744753,-0.5000000000000032,0.15263436449255569
antalya,Csa,Turkey,CdTe,First_Solar__Inc__FS_6385,-0.5,1,random_forest,,,-0.3215656512532796,-0.5000000000000032,0.1784343487467236
antalya,Csa,Turkey,CdTe,First_Solar__Inc__FS_6385,-0.5,1,xgboost_full,,,-0.33363611887068156,-0.5000000000000032,0.16636388112932166
antalya,Csa,Turkey,CdTe,First_Solar__Inc__FS_6385,-0.5,2,rdtools,-0.5581157129293685,-0.41398724128299114,-0.481326044901874,-0.5000000000000032,0.018673955098129247
antalya,Csa,Turkey,CdTe,First_Solar__Inc__FS_6385,-0.5,2,xgboost,,,-0.4257154270987237,-0.5000000000000032,0.07428457290127954
antalya,Csa,Turkey,CdTe,First_Solar__Inc__FS_6385,-0.5,2,random_forest,,,-0.33562302329138705,-0.5000000000000032,0.16437697670861617
antalya,Csa,Turkey,CdTe,First_Solar__Inc__FS_6385,-0.5,2,xgboost_full,,,-0.3747237551614657,-0.5000000000000032,0.1252762448385375
antalya,Csa,Turkey,CdTe,First_Solar__Inc__FS_6385,-1.0,0,rdtools,-0.9429938055271592,-0.7666766382596335,-0.8597602306243846,-0.999999999999998,0.14023976937561344
antalya,Csa,Turkey,CdTe,First_Solar__Inc__FS_6385,-1.0,0,xgboost,,,-0.7108650139049322,-0.999999999999998,0.2891349860950658
antalya,Csa,Turkey,CdTe,First_Solar__Inc__FS_6385,-1.0,0,random_forest,,,-0.6996966991170432,-0.999999999999998,0.30030330088295476
antalya,Csa,Turkey,CdTe,First_Solar__Inc__FS_6385,-1.0,0,xgboost_full,,,-0.646792391022516,-0.999999999999998,0.35320760897748205
antalya,Csa,Turkey,CdTe,First_Solar__Inc__FS_6385,-1.0,1,rdtools,-0.922250268299727,-0.7777638796370834,-0.8587981659204713,-0.999999999999998,0.1412018340795267
antalya,Csa,Turkey,CdTe,First_Solar__Inc__FS_6385,-1.0,1,xgboost,,,-0.7176680686372299,-0.999999999999998,0.28233193136276813
antalya,Csa,Turkey,CdTe,First_Solar__Inc__FS_6385,-1.0,1,random_forest,,,-0.6800863980006122,-0.999999999999998,0.3199136019993858
antalya,Csa,Turkey,CdTe,First_Solar__Inc__FS_6385,-1.0,1,xgboost_full,,,-0.6961489830404649,-0.999999999999998,0.3038510169595331
antalya,Csa,Turkey,CdTe,First_Solar__Inc__FS_6385,-1.0,2,rdtools,-1.0167426070017582,-0.8573592285785026,-0.9372451427077211,-0.999999999999998,0.06275485729227692
antalya,Csa,Turkey,CdTe,First_Solar__Inc__FS_6385,-1.0,2,xgboost,,,-0.798110405982444,-0.999999999999998,0.20188959401755402
antalya,Csa,Turkey,CdTe,First_Solar__Inc__FS_6385,-1.0,2,random_forest,,,-0.7343839802665175,-0.999999999999998,0.2656160197334805
antalya,Csa,Turkey,CdTe,First_Solar__Inc__FS_6385,-1.0,2,xgboost_full,,,-0.7300155140057552,-0.999999999999998,0.26998448599424285
ulaanbaatar,BSk,Mongolia,mono-Si,Canadian_Solar_Inc__CS6K_275M,-0.5,0,rdtools,-0.5121849436248318,-0.3254160768712766,-0.40783939409227976,-0.5000000000000004,0.09216060590772068
ulaanbaatar,BSk,Mongolia,mono-Si,Canadian_Solar_Inc__CS6K_275M,-0.5,0,xgboost,,,-0.34795540895790245,-0.5000000000000004,0.152044591042098
ulaanbaatar,BSk,Mongolia,mono-Si,Canadian_Solar_Inc__CS6K_275M,-0.5,0,random_forest,,,-0.31704330594458574,-0.5000000000000004,0.1829566940554147
ulaanbaatar,BSk,Mongolia,mono-Si,Canadian_Solar_Inc__CS6K_275M,-0.5,0,xgboost_full,,,-0.3415711099097708,-0.5000000000000004,0.15842889009022965
ulaanbaatar,BSk,Mongolia,mono-Si,Canadian_Solar_Inc__CS6K_275M,-0.5,1,rdtools,-0.47245026605825524,-0.3510624993567468,-0.41067537100275553,-0.5000000000000004,0.08932462899724491
ulaanbaatar,BSk,Mongolia,mono-Si,Canadian_Solar_Inc__CS6K_275M,-0.5,1,xgboost,,,-0.39832251495824367,-0.5000000000000004,0.10167748504175678
ulaanbaatar,BSk,Mongolia,mono-Si,Canadian_Solar_Inc__CS6K_275M,-0.5,1,random_forest,,,-0.3722478733383222,-0.5000000000000004,0.12775212666167823
ulaanbaatar,BSk,Mongolia,mono-Si,Canadian_Solar_Inc__CS6K_275M,-0.5,1,xgboost_full,,,-0.3501006934910969,-0.5000000000000004,0.14989930650890354
ulaanbaatar,BSk,Mongolia,mono-Si,Canadian_Solar_Inc__CS6K_275M,-0.5,2,rdtools,-0.5223557855950856,-0.38199229936503043,-0.44783756692321486,-0.5000000000000004,0.052162433076785586
ulaanbaatar,BSk,Mongolia,mono-Si,Canadian_Solar_Inc__CS6K_275M,-0.5,2,xgboost,,,-0.43268301327037173,-0.5000000000000004,0.06731698672962871
ulaanbaatar,BSk,Mongolia,mono-Si,Canadian_Solar_Inc__CS6K_275M,-0.5,2,random_forest,,,-0.3696157459446736,-0.5000000000000004,0.13038425405532683
ulaanbaatar,BSk,Mongolia,mono-Si,Canadian_Solar_Inc__CS6K_275M,-0.5,2,xgboost_full,,,-0.3967409202805916,-0.5000000000000004,0.10325907971940884
ulaanbaatar,BSk,Mongolia,mono-Si,Canadian_Solar_Inc__CS6K_275M,-1.0,0,rdtools,-0.9446739459411213,-0.7954958294052299,-0.8583917432501924,-1.0000000000000049,0.14160825674981248
ulaanbaatar,BSk,Mongolia,mono-Si,Canadian_Solar_Inc__CS6K_275M,-1.0,0,xgboost,,,-0.7297188744363969,-1.0000000000000049,0.27028112556360795
ulaanbaatar,BSk,Mongolia,mono-Si,Canadian_Solar_Inc__CS6K_275M,-1.0,0,random_forest,,,-0.733321286178505,-1.0000000000000049,0.2666787138214999
ulaanbaatar,BSk,Mongolia,mono-Si,Canadian_Solar_Inc__CS6K_275M,-1.0,0,xgboost_full,,,-0.7082898741242516,-1.0000000000000049,0.2917101258757533
ulaanbaatar,BSk,Mongolia,mono-Si,Canadian_Solar_Inc__CS6K_275M,-1.0,1,rdtools,-0.9264492266427338,-0.7970889209835796,-0.8633178018864119,-1.0000000000000049,0.13668219811359295
ulaanbaatar,BSk,Mongolia,mono-Si,Canadian_Solar_Inc__CS6K_275M,-1.0,1,xgboost,,,-0.8135465334814351,-1.0000000000000049,0.18645346651856975
ulaanbaatar,BSk,Mongolia,mono-Si,Canadian_Solar_Inc__CS6K_275M,-1.0,1,random_forest,,,-0.7565809528504694,-1.0000000000000049,0.24341904714953544
ulaanbaatar,BSk,Mongolia,mono-Si,Canadian_Solar_Inc__CS6K_275M,-1.0,1,xgboost_full,,,-0.7043070325004952,-1.0000000000000049,0.2956929674995097
ulaanbaatar,BSk,Mongolia,mono-Si,Canadian_Solar_Inc__CS6K_275M,-1.0,2,rdtools,-0.9610523789716914,-0.8194726541627562,-0.9014833659917176,-1.0000000000000049,0.09851663400828725
ulaanbaatar,BSk,Mongolia,mono-Si,Canadian_Solar_Inc__CS6K_275M,-1.0,2,xgboost,,,-0.809667701372548,-1.0000000000000049,0.19033229862745693
ulaanbaatar,BSk,Mongolia,mono-Si,Canadian_Solar_Inc__CS6K_275M,-1.0,2,random_forest,,,-0.7575924874353102,-1.0000000000000049,0.24240751256469473
ulaanbaatar,BSk,Mongolia,mono-Si,Canadian_Solar_Inc__CS6K_275M,-1.0,2,xgboost_full,,,-0.7641744871045448,-1.0000000000000049,0.23582551289546005
ulaanbaatar,BSk,Mongolia,CdTe,First_Solar__Inc__FS_6385,-0.5,0,rdtools,-0.49593862863888116,-0.27117354759672585,-0.39737899966060636,-0.5000000000000032,0.10262100033939686
ulaanbaatar,BSk,Mongolia,CdTe,First_Solar__Inc__FS_6385,-0.5,0,xgboost,,,-0.35199782053039874,-0.5000000000000032,0.14800217946960448
ulaanbaatar,BSk,Mongolia,CdTe,First_Solar__Inc__FS_6385,-0.5,0,random_forest,,,-0.35571033331620594,-0.5000000000000032,0.14428966668379728
ulaanbaatar,BSk,Mongolia,CdTe,First_Solar__Inc__FS_6385,-0.5,0,xgboost_full,,,-0.28275429070117597,-0.5000000000000032,0.21724570929882725
ulaanbaatar,BSk,Mongolia,CdTe,First_Solar__Inc__FS_6385,-0.5,1,rdtools,-0.5242413811996971,-0.2928259925838783,-0.40661848965798386,-0.5000000000000032,0.09338151034201936
ulaanbaatar,BSk,Mongolia,CdTe,First_Solar__Inc__FS_6385,-0.5,1,xgboost,,,-0.38645590604488933,-0.5000000000000032,0.11354409395511389
ulaanbaatar,BSk,Mongolia,CdTe,First_Solar__Inc__FS_6385,-0.5,1,random_forest,,,-0.3461346798129481,-0.5000000000000032,0.15386532018705512
ulaanbaatar,BSk,Mongolia,CdTe,First_Solar__Inc__FS_6385,-0.5,1,xgboost_full,,,-0.3042066033027021,-0.5000000000000032,0.19579339669730111
ulaanbaatar,BSk,Mongolia,CdTe,First_Solar__Inc__FS_6385,-0.5,2,rdtools,-0.49800502055817875,-0.282590410651121,-0.4070279493912324,-0.5000000000000032,0.09297205060877084
ulaanbaatar,BSk,Mongolia,CdTe,First_Solar__Inc__FS_6385,-0.5,2,xgboost,,,-0.3368656175446346,-0.5000000000000032,0.1631343824553686
ulaanbaatar,BSk,Mongolia,CdTe,First_Solar__Inc__FS_6385,-0.5,2,random_forest,,,-0.3040887296214212,-0.5000000000000032,0.19591127037858203
ulaanbaatar,BSk,Mongolia,CdTe,First_Solar__Inc__FS_6385,-0.5,2,xgboost_full,,,-0.36565617910203074,-0.5000000000000032,0.13434382089797248
ulaanbaatar,BSk,Mongolia,CdTe,First_Solar__Inc__FS_6385,-1.0,0,rdtools,-0.8678754030851499,-0.6671280270164281,-0.7826053595170968,-0.999999999999998,0.21739464048290125
ulaanbaatar,BSk,Mongolia,CdTe,First_Solar__Inc__FS_6385,-1.0,0,xgboost,,,-0.7222631805618329,-0.999999999999998,0.2777368194381651
ulaanbaatar,BSk,Mongolia,CdTe,First_Solar__Inc__FS_6385,-1.0,0,random_forest,,,-0.6961007645867083,-0.999999999999998,0.30389923541328967
ulaanbaatar,BSk,Mongolia,CdTe,First_Solar__Inc__FS_6385,-1.0,0,xgboost_full,,,-0.6551335422672777,-0.999999999999998,0.3448664577327203
ulaanbaatar,BSk,Mongolia,CdTe,First_Solar__Inc__FS_6385,-1.0,1,rdtools,-0.9098337874522744,-0.7218225686152684,-0.8146093459381776,-0.999999999999998,0.18539065406182043
ulaanbaatar,BSk,Mongolia,CdTe,First_Solar__Inc__FS_6385,-1.0,1,xgboost,,,-0.7558024810488728,-0.999999999999998,0.24419751895112518
ulaanbaatar,BSk,Mongolia,CdTe,First_Solar__Inc__FS_6385,-1.0,1,random_forest,,,-0.6907473174880108,-0.999999999999998,0.30925268251198723
ulaanbaatar,BSk,Mongolia,CdTe,First_Solar__Inc__FS_6385,-1.0,1,xgboost_full,,,-0.6582580912706915,-0.999999999999998,0.34174190872930654
ulaanbaatar,BSk,Mongolia,CdTe,First_Solar__Inc__FS_6385,-1.0,2,rdtools,-0.9248597919926937,-0.7258386390549619,-0.8400656099470161,-0.999999999999998,0.15993439005298193
ulaanbaatar,BSk,Mongolia,CdTe,First_Solar__Inc__FS_6385,-1.0,2,xgboost,,,-0.7249232866447746,-0.999999999999998,0.27507671335522343
ulaanbaatar,BSk,Mongolia,CdTe,First_Solar__Inc__FS_6385,-1.0,2,random_forest,,,-0.6556057588710686,-0.999999999999998,0.34439424112892936
ulaanbaatar,BSk,Mongolia,CdTe,First_Solar__Inc__FS_6385,-1.0,2,xgboost_full,,,-0.7050832593270093,-0.999999999999998,0.2949167406729887
auckland,Cfb,New Zealand,mono-Si,Canadian_Solar_Inc__CS6K_275M,-0.5,0,rdtools,-0.48184427774324856,-0.33211840342937315,-0.4095553215106351,-0.5000000000000004,0.09044467848936533
auckland,Cfb,New Zealand,mono-Si,Canadian_Solar_Inc__CS6K_275M,-0.5,0,xgboost,,,-0.39859431546216884,-0.5000000000000004,0.10140568453783161
auckland,Cfb,New Zealand,mono-Si,Canadian_Solar_Inc__CS6K_275M,-0.5,0,random_forest,,,-0.3621561782848777,-0.5000000000000004,0.13784382171512277
auckland,Cfb,New Zealand,mono-Si,Canadian_Solar_Inc__CS6K_275M,-0.5,0,xgboost_full,,,-0.31367926096009247,-0.5000000000000004,0.18632073903990798
auckland,Cfb,New Zealand,mono-Si,Canadian_Solar_Inc__CS6K_275M,-0.5,1,rdtools,-0.5222527815360287,-0.3731622768159093,-0.4330958853968291,-0.5000000000000004,0.06690411460317136
auckland,Cfb,New Zealand,mono-Si,Canadian_Solar_Inc__CS6K_275M,-0.5,1,xgboost,,,-0.4030294278870916,-0.5000000000000004,0.09697057211290883
auckland,Cfb,New Zealand,mono-Si,Canadian_Solar_Inc__CS6K_275M,-0.5,1,random_forest,,,-0.3883902223699054,-0.5000000000000004,0.11160977763009505
auckland,Cfb,New Zealand,mono-Si,Canadian_Solar_Inc__CS6K_275M,-0.5,1,xgboost_full,,,-0.3584730639461964,-0.5000000000000004,0.14152693605380406
auckland,Cfb,New Zealand,mono-Si,Canadian_Solar_Inc__CS6K_275M,-0.5,2,rdtools,-0.5406131222542188,-0.4005065830447019,-0.48290653920616344,-0.5000000000000004,0.017093460793837
auckland,Cfb,New Zealand,mono-Si,Canadian_Solar_Inc__CS6K_275M,-0.5,2,xgboost,,,-0.46558981406576694,-0.5000000000000004,0.034410185934233506
auckland,Cfb,New Zealand,mono-Si,Canadian_Solar_Inc__CS6K_275M,-0.5,2,random_forest,,,-0.4501462226445596,-0.5000000000000004,0.04985377735544083
auckland,Cfb,New Zealand,mono-Si,Canadian_Solar_Inc__CS6K_275M,-0.5,2,xgboost_full,,,-0.42839063378669606,-0.5000000000000004,0.07160936621330438
auckland,Cfb,New Zealand,mono-Si,Canadian_Solar_Inc__CS6K_275M,-1.0,0,rdtools,-0.92855296915485,-0.7881612607354471,-0.864423114540025,-1.0000000000000049,0.13557688545997992
auckland,Cfb,New Zealand,mono-Si,Canadian_Solar_Inc__CS6K_275M,-1.0,0,xgboost,,,-0.8041948224389917,-1.0000000000000049,0.19580517756101323
auckland,Cfb,New Zealand,mono-Si,Canadian_Solar_Inc__CS6K_275M,-1.0,0,random_forest,,,-0.790552608422207,-1.0000000000000049,0.2094473915777979
auckland,Cfb,New Zealand,mono-Si,Canadian_Solar_Inc__CS6K_275M,-1.0,0,xgboost_full,,,-0.7077459072322656,-1.0000000000000049,0.2922540927677393
auckland,Cfb,New Zealand,mono-Si,Canadian_Solar_Inc__CS6K_275M,-1.0,1,rdtools,-0.9567041689336693,-0.8216944519263809,-0.8962871462729616,-1.0000000000000049,0.10371285372704331
auckland,Cfb,New Zealand,mono-Si,Canadian_Solar_Inc__CS6K_275M,-1.0,1,xgboost,,,-0.8461651151367121,-1.0000000000000049,0.15383488486329278
auckland,Cfb,New Zealand,mono-Si,Canadian_Solar_Inc__CS6K_275M,-1.0,1,random_forest,,,-0.7893036839299872,-1.0000000000000049,0.2106963160700177
auckland,Cfb,New Zealand,mono-Si,Canadian_Solar_Inc__CS6K_275M,-1.0,1,xgboost_full,,,-0.7251326884173737,-1.0000000000000049,0.2748673115826312
auckland,Cfb,New Zealand,mono-Si,Canadian_Solar_Inc__CS6K_275M,-1.0,2,rdtools,-1.016638589726293,-0.8443935131992486,-0.9303629965388471,-1.0000000000000049,0.06963700346115775
auckland,Cfb,New Zealand,mono-Si,Canadian_Solar_Inc__CS6K_275M,-1.0,2,xgboost,,,-0.8683107905149406,-1.0000000000000049,0.13168920948506424
auckland,Cfb,New Zealand,mono-Si,Canadian_Solar_Inc__CS6K_275M,-1.0,2,random_forest,,,-0.8375168838864966,-1.0000000000000049,0.1624831161135083
auckland,Cfb,New Zealand,mono-Si,Canadian_Solar_Inc__CS6K_275M,-1.0,2,xgboost_full,,,-0.7979772340022895,-1.0000000000000049,0.2020227659977154
auckland,Cfb,New Zealand,CdTe,First_Solar__Inc__FS_6385,-0.5,0,rdtools,-0.3678623557714533,-0.16752584623622724,-0.2715914598144131,-0.5000000000000032,0.2284085401855901
auckland,Cfb,New Zealand,CdTe,First_Solar__Inc__FS_6385,-0.5,0,xgboost,,,-0.3451930455661664,-0.5000000000000032,0.1548069544338368
auckland,Cfb,New Zealand,CdTe,First_Solar__Inc__FS_6385,-0.5,0,random_forest,,,-0.3130119823587407,-0.5000000000000032,0.1869880176412625
auckland,Cfb,New Zealand,CdTe,First_Solar__Inc__FS_6385,-0.5,0,xgboost_full,,,-0.28313040745908846,-0.5000000000000032,0.21686959254091476
auckland,Cfb,New Zealand,CdTe,First_Solar__Inc__FS_6385,-0.5,1,rdtools,-0.47439317107400214,-0.3032250572696141,-0.3849811786812073,-0.5000000000000032,0.11501882131879593
auckland,Cfb,New Zealand,CdTe,First_Solar__Inc__FS_6385,-0.5,1,xgboost,,,-0.3872691345032542,-0.5000000000000032,0.11273086549674904
auckland,Cfb,New Zealand,CdTe,First_Solar__Inc__FS_6385,-0.5,1,random_forest,,,-0.3629549091059725,-0.5000000000000032,0.13704509089403072
auckland,Cfb,New Zealand,CdTe,First_Solar__Inc__FS_6385,-0.5,1,xgboost_full,,,-0.33412841594586684,-0.5000000000000032,0.16587158405413638
auckland,Cfb,New Zealand,CdTe,First_Solar__Inc__FS_6385,-0.5,2,rdtools,-0.48145588057119104,-0.28962493744760787,-0.3875453386236738,-0.5000000000000032,0.11245466137632942
auckland,Cfb,New Zealand,CdTe,First_Solar__Inc__FS_6385,-0.5,2,xgboost,,,-0.43661096399500443,-0.5000000000000032,0.06338903600499879
auckland,Cfb,New Zealand,CdTe,First_Solar__Inc__FS_6385,-0.5,2,random_forest,,,-0.4245514581358858,-0.5000000000000032,0.07544854186411742
auckland,Cfb,New Zealand,CdTe,First_Solar__Inc__FS_6385,-0.5,2,xgboost_full,,,-0.40653194894760614,-0.5000000000000032,0.09346805105239708
auckland,Cfb,New Zealand,CdTe,First_Solar__Inc__FS_6385,-1.0,0,rdtools,-0.765851638564177,-0.5979343039665237,-0.6802337815897452,-0.999999999999998,0.31976621841025277
auckland,Cfb,New Zealand,CdTe,First_Solar__Inc__FS_6385,-1.0,0,xgboost,,,-0.7001744145128397,-0.999999999999998,0.2998255854871583
auckland,Cfb,New Zealand,CdTe,First_Solar__Inc__FS_6385,-1.0,0,random_forest,,,-0.680729237222577,-0.999999999999998,0.31927076277742095
auckland,Cfb,New Zealand,CdTe,First_Solar__Inc__FS_6385,-1.0,0,xgboost_full,,,-0.6398421169718838,-0.999999999999998,0.36015788302811425
auckland,Cfb,New Zealand,CdTe,First_Solar__Inc__FS_6385,-1.0,1,rdtools,-0.8755874561677924,-0.7057856434195166,-0.7995253376804237,-0.999999999999998,0.20047466231957434
auckland,Cfb,New Zealand,CdTe,First_Solar__Inc__FS_6385,-1.0,1,xgboost,,,-0.7816747646637117,-0.999999999999998,0.21832523533628634
auckland,Cfb,New Zealand,CdTe,First_Solar__Inc__FS_6385,-1.0,1,random_forest,,,-0.730231803012471,-0.999999999999998,0.26976819698752696
auckland,Cfb,New Zealand,CdTe,First_Solar__Inc__FS_6385,-1.0,1,xgboost_full,,,-0.6571147455102542,-0.999999999999998,0.34288525448974383
auckland,Cfb,New Zealand,CdTe,First_Solar__Inc__FS_6385,-1.0,2,rdtools,-0.9117520587338203,-0.6948816408060705,-0.7827571335128791,-0.999999999999998,0.21724286648711888
auckland,Cfb,New Zealand,CdTe,First_Solar__Inc__FS_6385,-1.0,2,xgboost,,,-0.8174314531913862,-0.999999999999998,0.1825685468086118
auckland,Cfb,New Zealand,CdTe,First_Solar__Inc__FS_6385,-1.0,2,random_forest,,,-0.7844174015972237,-0.999999999999998,0.21558259840277427
auckland,Cfb,New Zealand,CdTe,First_Solar__Inc__FS_6385,-1.0,2,xgboost_full,,,-0.763715195151795,-0.999999999999998,0.23628480484820302
