system_id,method,injection,plr,t_center_years,n_seeds,d,t_c,observed,expected,error,recovery,location
dkasc_7,reference,-0.25,-0.9250468579543036,7.07015742642026,,-0.7061917813589633,7.07015742642026,-0.21885507659534031,-0.22708490024143907,0.008229823646098755,0.9637588248388654,Alice Springs
dkasc_7,reference,-0.5,-1.131718139321631,7.07015742642026,,-0.7061917813589633,7.07015742642026,-0.4255263579626676,-0.45473893557120254,0.029212577608534962,0.935759673686528,Alice Springs
dkasc_7,reference,-1.0,-1.569416036927842,7.07015742642026,,-0.7061917813589633,7.07015742642026,-0.8632242555688787,-0.9117629914216574,0.04853873585277868,0.9467638670252506,Alice Springs
dkasc_7,reference,-2.0,-2.462799564475515,7.07015742642026,,-0.7061917813589633,7.07015742642026,-1.7566077831165519,-1.8327357100293922,0.07612792691284032,0.9584621358681228,Alice Springs
dkasc_8,reference,-0.25,-1.0746282273727588,6.41854893908282,,-0.8440396298410091,6.41854893908282,-0.23058859753174965,-0.22530418094748755,-0.005284416584262097,1.0234545873140888,Alice Springs
dkasc_8,reference,-0.5,-1.3014770864241745,6.41854893908282,,-0.8440396298410091,6.41854893908282,-0.45743745658316537,-0.45117303402767556,-0.0062644225554898125,1.0138847450601525,Alice Springs
dkasc_8,reference,-1.0,-1.7408272840689354,6.41854893908282,,-0.8440396298410091,6.41854893908282,-0.8967876542279263,-0.9046132692313696,0.007825615003443365,0.991349214885945,Alice Springs
dkasc_8,reference,-2.0,-2.655479901448832,6.41854893908282,,-0.8440396298410091,6.41854893908282,-1.811440271607823,-1.818364046232753,0.00692377462492999,0.9961923055840911,Alice Springs
dkasc_10,reference,-0.25,-1.2755643574813569,6.278918548939083,,-1.0485136098723535,6.278918548939083,-0.22705074760900334,-0.21997859950484897,-0.00707214810415438,1.0321492550642342,Alice Springs
dkasc_10,reference,-0.5,-1.5079416695277958,6.278918548939083,,-1.0485136098723535,6.278918548939083,-0.4594280596554423,-0.440508523820487,-0.018919535834955314,1.0429493070210494,Alice Springs
dkasc_10,reference,-1.0,-1.9553635412972887,6.278918548939083,,-1.0485136098723535,6.278918548939083,-0.9068499314249352,-0.8832306583134388,-0.023619273111496364,1.0267419081178615,Alice Springs
dkasc_10,reference,-2.0,-2.8446109194461613,6.278918548939083,,-1.0485136098723535,6.278918548939083,-1.7960973095738078,-1.7753828384280235,-0.020714471145784286,1.011667608077211,Alice Springs
dkasc_11,reference,-0.25,-1.6475690168920627,6.391170431211499,,-1.419966372819914,6.391170431211499,-0.2276026440721488,-0.20843422323468674,-0.019168420837462063,1.0919638845290744,Alice Springs
dkasc_11,reference,-0.5,-1.859749809307432,6.391170431211499,,-1.419966372819914,6.391170431211499,-0.43978343648751816,-0.4173908380063025,-0.022392598481215664,1.0536489938020095,Alice Springs
dkasc_11,reference,-1.0,-2.2955997701782027,6.391170431211499,,-1.419966372819914,6.391170431211499,-0.8756333973582888,-0.8368791174096216,-0.0387542799486672,1.046308097719803,Alice Springs
dkasc_11,reference,-2.0,-3.1718636699669345,6.391170431211499,,-1.419966372819914,6.391170431211499,-1.7518972971470206,-1.6822115592375224,-0.06968573790949817,1.0414250737529611,Alice Springs
dkasc_13,reference,-0.25,-0.9159809018237984,6.406228610540726,,-0.6850610917080374,6.406228610540726,-0.23091981011576102,-0.23005693406851424,-0.0008628760472467745,1.0037507065402766,Alice Springs
dkasc_13,reference,-0.5,-1.1417255677570015,6.406228610540726,,-0.6850610917080374,6.406228610540726,-0.4566644760489641,-0.4606904519316864,0.004025975882722299,0.9912609956081327,Alice Springs
dkasc_13,reference,-1.0,-1.610977641608774,6.406228610540726,,-0.6850610917080374,6.406228610540726,-0.9259165499007366,-0.9236959312600145,-0.002220618640722094,1.0024040580515419,Alice Springs
dkasc_13,reference,-2.0,-2.524995199048125,6.406228610540726,,-0.6850610917080374,6.406228610540726,-1.8399341073400879,-1.8567221244519485,0.01678801711186062,0.9909582500845052,Alice Springs
dkasc_17,reference,-0.25,-0.7681649880432495,6.378850102669405,,-0.5275420879183701,6.378850102669405,-0.2406229001248794,-0.23478677918537502,-0.005836120939504391,1.0248571106079891,Alice Springs
dkasc_17,reference,-0.5,-1.00694786102473,6.378850102669405,,-0.5275420879183701,6.378850102669405,-0.4794057731063599,-0.4701619964138211,-0.009243776692538785,1.0196608334213442,Alice Springs
dkasc_17,reference,-1.0,-1.493411868957801,6.378850102669405,,-0.5275420879183701,6.378850102669405,-0.965869781039431,-0.9426866159251992,-0.023183165114231796,1.0245926532981258,Alice Springs
dkasc_17,reference,-2.0,-2.4642615969125314,6.378850102669405,,-0.5275420879183701,6.378850102669405,-1.9367195089941613,-1.8948953188799458,-0.041824190114215565,1.0220720319996026,Alice Springs
dkasc_12,reference,-0.25,-1.1292669389142609,6.408966461327857,,-0.9064183296689176,6.408966461327857,-0.22284860924534333,-0.22349939669613791,0.0006507874507945821,0.9970881914653248,Alice Springs
dkasc_12,reference,-0.5,-1.3572460262004582,6.408966461327857,,-0.9064183296689176,6.408966461327857,-0.45082769653154064,-0.44755894225617593,-0.003268754275364716,1.0073035168482762,Alice Springs
dkasc_12,reference,-1.0,-1.810555261863624,6.408966461327857,,-0.9064183296689176,6.408966461327857,-0.9041369321947065,-0.897366924423187,-0.006770007771519482,1.0075443027676456,Alice Springs
dkasc_12,reference,-2.0,-2.728142495636709,6.408966461327857,,-0.9064183296689176,6.408966461327857,-1.8217241659677916,-1.8037981612142848,-0.017926004753506808,1.0099379216250222,Alice Springs
dkasc_14,reference,-0.25,-0.9722421229457324,6.415811088295688,,-0.7362260235766582,6.415811088295688,-0.2360160993690742,-0.228508765588152,-0.007507333780922193,1.0328535921219446,Alice Springs
dkasc_14,reference,-0.5,-1.2090282598287816,6.415811088295688,,-0.7362260235766582,6.415811088295688,-0.47280223625212336,-0.4575902348494572,-0.015212001402666153,1.033243719476817,Alice Springs
dkasc_14,reference,-1.0,-1.6805681449747591,6.415811088295688,,-0.7362260235766582,6.415811088295688,-0.9443421213981009,-0.9174799181152434,-0.02686220328285749,1.029278246588808,Alice Springs
dkasc_14,reference,-2.0,-2.6429739723986545,6.415811088295688,,-0.7362260235766582,6.415811088295688,-1.9067479488219963,-1.8442273101508428,-0.06252063867115343,1.0339007227184158,Alice Springs
dkasc_18,reference,-0.25,-0.4732079661952215,6.41854893908282,,-0.226431452976783,6.41854893908282,-0.2467765132184385,-0.24360377654172355,-0.0031727366767149434,1.013024168679797,Alice Springs
dkasc_18,reference,-0.5,-0.7155503174982925,6.41854893908282,,-0.226431452976783,6.41854893908282,-0.48911886452150943,-0.48781808886425343,-0.0013007756572560036,1.0026665178822796,Alice Springs
dkasc_18,reference,-1.0,-1.2022944288085915,6.41854893908282,,-0.226431452976783,6.41854893908282,-0.9758629758318085,-0.9780875249087293,0.002224549076920823,0.9977256134852263,Alice Springs
dkasc_18,reference,-2.0,-2.1919273511912807,6.41854893908282,,-0.226431452976783,6.41854893908282,-1.9654958982144977,-1.9660547217862336,0.000558823571735978,0.9997157639787216,Alice Springs
dkasc_19,reference,-0.25,-0.8778988412648392,6.395277207392198,,-0.6435550030522067,6.395277207392198,-0.2343438382126325,-0.23131947363606062,-0.003024364576571875,1.0130744054057903,Alice Springs
dkasc_19,reference,-0.5,-1.1080092467352234,6.395277207392198,,-0.6435550030522067,6.395277207392198,-0.4644542436830167,-0.4632186953263469,-0.00123554835666978,1.0026673110760336,Alice Springs
dkasc_19,reference,-1.0,-1.5815462160377556,6.395277207392198,,-0.6435550030522067,6.395277207392198,-0.9379912129855489,-0.9287651227900122,-0.009226090195536663,1.009933717329761,Alice Springs
dkasc_19,reference,-2.0,-2.5061679175628573,6.395277207392198,,-0.6435550030522067,6.395277207392198,-1.8626129145106507,-1.8669117114667924,0.0042987969561416595,0.9976973753339604,Alice Springs
dkasc_20,reference,-0.25,-2.696518597275398,6.410335386721424,,-2.4902513157692283,6.410335386721424,-0.2062672815061699,-0.17662968473882126,-0.029637596767348645,1.1677951065313463,Alice Springs
dkasc_20,reference,-0.5,-2.897329546287042,6.410335386721424,,-2.4902513157692283,6.410335386721424,-0.40707823051781356,-0.3537020503917749,-0.053376180126038675,1.1509071832264388,Alice Springs
dkasc_20,reference,-1.0,-3.287251192112328,6.410335386721424,,-2.4902513157692283,6.410335386721424,-0.7969998763430999,-0.7091814980216995,-0.08781837832140038,1.1238306111571925,Alice Springs
dkasc_20,reference,-2.0,-4.0963202763529605,6.410335386721424,,-2.4902513157692283,6.410335386721424,-1.6060689605837322,-1.4255264455183656,-0.18054251506536656,1.1266497129063893,Alice Springs
dkasc_21,reference,-0.25,-1.1276879453235578,6.022929500342231,,-0.8990383562999915,6.022929500342231,-0.22864958902356625,-0.22545519168987027,-0.0031943973336959752,1.0141686572385085,Alice Springs
dkasc_21,reference,-0.5,-1.351067665267941,6.022929500342231,,-0.8990383562999915,6.022929500342231,-0.45202930896794946,-0.45147543398547957,-0.000553874982469893,1.001226810897728,Alice Springs
dkasc_21,reference,-1.0,-1.809468817750847,6.022929500342231,,-0.8990383562999915,6.022929500342231,-0.9104304614508554,-0.9052195887447556,-0.005210872706099767,1.0057564736456108,Alice Springs
dkasc_21,reference,-2.0,-2.753529718513137,6.022929500342231,,-0.8990383562999915,6.022929500342231,-1.8544913622131454,-1.819582809699054,-0.03490855251409131,1.019184921031357,Alice Springs
pvdaq_1430,reference,-0.25,-0.4386023947057726,4.326830937713894,,-0.1841160026608612,4.326830937713894,-0.2544863920449114,-0.24678557789681704,-0.00770081414809437,1.0312044739961026,Golden
pvdaq_1430,reference,-0.5,-0.683196272713138,4.326830937713894,,-0.1841160026608612,4.326830937713894,-0.4990802700522768,-0.49418966601392683,-0.004890604038349955,1.0098962086313883,Golden
pvdaq_1430,reference,-1.0,-1.1661082279966262,4.326830937713894,,-0.1841160026608612,4.326830937713894,-0.9819922253357649,-0.9908626971837027,0.008870471847937766,0.9910477285368093,Golden
pvdaq_1430,reference,-2.0,-2.136634767653484,4.326830937713894,,-0.1841160026608612,4.326830937713894,-1.9525187649926226,-1.991734108480372,0.039215343487749355,0.9803109544990072,Golden
pvdaq_1423,reference,-0.25,-0.738576493986437,4.280287474332649,,-0.4969630558416172,4.280287474332649,-0.24161343814481978,-0.24090781869735098,-0.0007056194474688027,1.0029290018534236,Henderson
pvdaq_1423,reference,-0.5,-0.9769368706672554,4.280287474332649,,-0.4969630558416172,4.280287474332649,-0.4799738148256382,-0.4824194163889309,0.002445601563292654,0.9949305490612322,Henderson
pvdaq_1423,reference,-1.0,-1.4552966595911263,4.280287474332649,,-0.4969630558416172,4.280287474332649,-0.9583336037495092,-0.9672630509506706,0.0089294472011614,0.9907683362944701,Henderson
pvdaq_1423,reference,-2.0,-2.4264306539113925,4.280287474332649,,-0.4969630558416172,4.280287474332649,-1.9294675980697753,-1.9442964357493278,0.014828837679552453,0.9923731600763659,Henderson
pvdaq_2107,reference,-0.25,0.6450999844814453,3.265913757700205,,0.8990215967644322,3.265913757700205,-0.2539216122829868,-0.26276153293096544,0.008839920647978616,0.9663576302460486,Arbuckle
pvdaq_2107,reference,-0.5,0.3809746583128937,3.265913757700205,,0.8990215967644322,3.265913757700205,-0.5180469384515385,-0.5261816160697779,0.008134677618239383,0.9845401713594634,Arbuckle
pvdaq_2107,reference,-1.0,-0.1883379810455459,3.265913757700205,,0.8990215967644322,3.265913757700205,-1.087359577809978,-1.0550073608635246,-0.032352216946453405,1.0306653945238573,Arbuckle
pvdaq_2107,reference,-2.0,-1.3492541054986318,3.265913757700205,,0.8990215967644322,3.265913757700205,-2.248275702263064,-2.1206713617357718,-0.12760434052729241,1.0601716714950344,Arbuckle
pvdaq_10,reference,-0.25,-1.6008809499226548,6.40485968514716,,-1.3754927046412004,6.40485968514716,-0.2253882452814544,-0.2096516074150195,-0.015736637866434894,1.0750608977458644,Golden
pvdaq_10,reference,-0.5,-1.822426047293792,6.40485968514716,,-1.3754927046412004,6.40485968514716,-0.44693334265259166,-0.4198286574551393,-0.02710468519745235,1.0645613030843388,Golden
pvdaq_10,reference,-1.0,-2.2482347081007714,6.40485968514716,,-1.3754927046412004,6.40485968514716,-0.872742003459571,-0.8417670066562843,-0.030974996803286636,1.0367975895447925,Golden
pvdaq_10,reference,-2.0,-3.115661259855865,6.40485968514716,,-1.3754927046412004,6.40485968514716,-1.7401685552146646,-1.6920367103495009,-0.04813184486516375,1.0284460996447422,Golden
pvdaq_33,reference,-0.25,-0.6518754752522116,5.9928131416837775,,-0.4138729272268771,5.9928131416837775,-0.2380025480253345,-0.23893203177141964,0.0009294837460851468,0.9961098403625749,Golden
pvdaq_33,reference,-0.5,-0.8951131975643678,5.9928131416837775,,-0.4138729272268771,5.9928131416837775,-0.4812402703374907,-0.4784628906901361,-0.0027773796473546386,1.0058047963622603,Golden
pvdaq_33,reference,-1.0,-1.371290026479384,5.9928131416837775,,-0.4138729272268771,5.9928131416837775,-0.9574170992525068,-0.9593301175143935,0.001913018261886612,0.9980058811591955,Golden
pvdaq_33,reference,-2.0,-2.32978783281452,5.9928131416837775,,-0.4138729272268771,5.9928131416837775,-1.915914905587643,-1.928350438236003,0.01243553264836006,0.9935512070826008,Golden
pvdaq_1278,reference,-0.25,-0.2804787245637596,3.390485968514716,,-0.0203904877859262,3.390485968514716,-0.2600882367778334,-0.25001783019356,-0.010070406584273384,1.0402787536251996,Las Vegas
pvdaq_1278,reference,-0.5,-0.5435744164081102,3.390485968514716,,-0.0203904877859262,3.390485968514716,-0.523183928622184,-0.500662271490362,-0.02252165713182197,1.0449837313780004,Las Vegas
pvdaq_1278,reference,-1.0,-1.0585383845984733,3.390485968514716,,-0.0203904877859262,3.390485968514716,-1.038147896812547,-1.0038404337922333,-0.03430746302031373,1.034176211542615,Las Vegas
pvdaq_1278,reference,-2.0,-2.0874492063597594,3.390485968514716,,-0.0203904877859262,3.390485968514716,-2.067058718573833,-2.0178206699460044,-0.04923804862782877,1.0244015979027246,Las Vegas
dkasc_10,gru,-2.0,-3.10227012331966,5.22621492128679,5.0,-1.3399933284639776,5.22621492128679,-1.7622767948556826,-1.7643193348116686,0.0020425399559860224,0.998842307106381,Alice Springs
dkasc_10,gru,-1.0,-2.229152528183328,5.22621492128679,5.0,-1.3399933284639776,5.22621492128679,-0.8891591997193506,-0.8777267042530411,-0.011432495466309534,1.013025119790606,Alice Springs
dkasc_10,gru,-0.5,-1.7725800918265289,5.22621492128679,5.0,-1.3399933284639776,5.22621492128679,-0.4325867633625513,-0.4377634439758275,0.005176680613276197,0.9881747078598869,Alice Springs
dkasc_10,gru,-0.25,-1.5582159691960666,5.22621492128679,5.0,-1.3399933284639776,5.22621492128679,-0.21822264073208908,-0.21860777740469986,0.00038513667261078077,0.9982382297776269,Alice Springs
dkasc_10,informer,-2.0,-3.112845470278823,5.22621492128679,5.0,-1.3381431829897206,5.22621492128679,-1.7747022872891025,-1.7646726352216477,-0.010029652067454764,1.0056835765837073,Alice Springs
dkasc_10,informer,-1.0,-2.2103689257771904,5.22621492128679,5.0,-1.3381431829897206,5.22621492128679,-0.8722257427874698,-0.8779024667685584,0.005676723981088649,0.9935337646310712,Alice Springs
dkasc_10,informer,-0.5,-1.7890443827434737,5.22621492128679,5.0,-1.3381431829897206,5.22621492128679,-0.4509011997537531,-0.43785110497980734,-0.013050094773945753,1.0298048688824197,Alice Springs
dkasc_10,informer,-0.25,-1.5501395895680254,5.22621492128679,5.0,-1.3381431829897206,5.22621492128679,-0.21199640657830487,-0.2186515530499914,0.006655146471686524,0.9695627752062437,Alice Springs
dkasc_10,lstm,-2.0,-3.090953383169937,5.22621492128679,5.0,-1.3214242109225072,5.22621492128679,-1.7695291722474298,-1.7678652596763,-0.0016639125711297442,1.000941198749182,Alice Springs
dkasc_10,lstm,-1.0,-2.2165569420784457,5.22621492128679,5.0,-1.3214242109225072,5.22621492128679,-0.8951327311559385,-0.8794907573264006,-0.015641973829537914,1.0177852623228112,Alice Springs
dkasc_10,lstm,-0.5,-1.759964554154361,5.22621492128679,5.0,-1.3214242109225072,5.22621492128679,-0.43854034323185376,-0.43864325991968345,0.00010291668782969055,0.9997653749704292,Alice Springs
dkasc_10,lstm,-0.25,-1.5415318098482622,5.22621492128679,5.0,-1.3214242109225072,5.22621492128679,-0.22010759892575504,-0.21904713480344645,-0.0010604641223085909,1.0048412599564935,Alice Springs
dkasc_10,patchtst,-2.0,-3.179191798874515,5.22621492128679,5.0,-1.3842397618092392,5.22621492128679,-1.7949520370652756,-1.7558701164888364,-0.03908192057643922,1.0222578653224021,Alice Springs
dkasc_10,patchtst,-1.0,-2.2856084398958147,5.22621492128679,5.0,-1.3842397618092392,5.22621492128679,-0.9013686780865755,-0.873523324283391,-0.027845353803184536,1.0318770581495669,Alice Springs
dkasc_10,patchtst,-0.5,-1.8346284126975108,5.22621492128679,5.0,-1.3842397618092392,5.22621492128679,-0.4503886508882715,-0.4356670213844481,-0.014721629503823386,1.0337910118995042,Alice Springs
dkasc_10,patchtst,-0.25,-1.6126537285609488,5.22621492128679,5.0,-1.3842397618092392,5.22621492128679,-0.22841396675170955,-0.21756087801300977,-0.010853088738699779,1.0498852957288156,Alice Springs
dkasc_10,random_forest,-2.0,-2.923354800411923,5.22621492128679,5.0,-1.0739017453116642,5.22621492128679,-1.849453055100259,-1.8151316988812964,-0.034321356218962595,1.0189084661130186,Alice Springs
dkasc_10,random_forest,-1.0,-1.943530509535347,5.22621492128679,5.0,-1.0739017453116642,5.22621492128679,-0.8696287642236828,-0.9030052170313987,0.03337645280771584,0.9630384717848698,Alice Springs
dkasc_10,random_forest,-0.5,-1.5081077027821657,5.22621492128679,5.0,-1.0739017453116642,5.22621492128679,-0.4342059574705015,-0.4503710230306976,0.01616506556019609,0.9641072255239337,Alice Springs
dkasc_10,random_forest,-0.25,-1.2780429481377236,5.22621492128679,5.0,-1.0739017453116642,5.22621492128679,-0.2041412028260594,-0.22490367733322697,0.02076247450716756,0.9076828144681468,Alice Springs
dkasc_10,tcn,-2.0,-3.0812190231484347,5.22621492128679,5.0,-1.308490768227033,5.22621492128679,-1.7727282549214016,-1.7703350063369447,-0.0023932485844568863,1.001351861978603,Alice Springs
dkasc_10,tcn,-1.0,-2.207161442691022,5.22621492128679,5.0,-1.308490768227033,5.22621492128679,-0.8986706744639892,-0.8807194252631032,-0.017951249200885977,1.0203824835537416,Alice Springs
dkasc_10,tcn,-0.5,-1.7555352755835678,5.22621492128679,5.0,-1.308490768227033,5.22621492128679,-0.4470445073565348,-0.43925605420390357,-0.007788453152631214,1.017731009232751,Alice Springs
dkasc_10,tcn,-0.25,-1.537442761985659,5.22621492128679,5.0,-1.308490768227033,5.22621492128679,-0.22895199375862596,-0.21935314846978413,-0.009598845288841834,1.0437597789491682,Alice Springs
dkasc_10,xgboost,-2.0,-2.9983504939964543,5.22621492128679,5.0,-1.1962679281047222,5.22621492128679,-1.802082565891732,-1.7917648754882678,-0.010317690403464308,1.0057583952808835,Alice Springs
dkasc_10,xgboost,-1.0,-2.0857234548965087,5.22621492128679,5.0,-1.1962679281047222,5.22621492128679,-0.8894555267917865,-0.8913805159464246,0.0019249891546381237,0.9978404406196895,Alice Springs
dkasc_10,xgboost,-0.5,-1.6349232143908707,5.22621492128679,5.0,-1.1962679281047222,5.22621492128679,-0.4386552862861486,-0.4445732397828033,0.005917953496654693,0.9866884621765676,Alice Springs
dkasc_10,xgboost,-0.25,-1.4242391002999961,5.22621492128679,5.0,-1.1962679281047222,5.22621492128679,-0.22797117219527396,-0.2220084138589969,-0.005962758336277074,1.0268582538500732,Alice Springs
dkasc_10,xgboost_w24,-2.0,-3.0260706228147196,5.22621492128679,5.0,-1.109776926701031,5.22621492128679,-1.9162936961136887,-1.8082810395848805,-0.1080126565288082,1.059732228654902,Alice Springs
dkasc_10,xgboost_w24,-1.0,-2.039875440882739,5.22621492128679,5.0,-1.109776926701031,5.22621492128679,-0.9300985141817082,-0.8995971000949908,-0.03050141408671736,1.03390563851695,Alice Springs
dkasc_10,xgboost_w24,-0.5,-1.5594929041269623,5.22621492128679,5.0,-1.109776926701031,5.22621492128679,-0.4497159774259314,-0.44867123538572223,-0.0010447420402091567,1.002328524669764,Alice Springs
dkasc_10,xgboost_w24,-0.25,-1.320514628462191,5.22621492128679,5.0,-1.109776926701031,5.22621492128679,-0.21073770176116002,-0.22405484720763852,0.013317145446478496,0.9405630111892331,Alice Springs
dkasc_11,gru,-2.0,-3.1069179409669356,5.275496235455167,5.0,-1.354843781317563,5.275496235455167,-1.7520741596493727,-1.7587858029368943,0.006711643287521607,0.996183933668151,Alice Springs
dkasc_11,gru,-1.0,-2.216798439841874,5.275496235455167,5.0,-1.354843781317563,5.275496235455167,-0.861954658524311,-0.874973841662073,0.01301918313776207,0.9851204887302331,Alice Springs
dkasc_11,gru,-0.5,-1.7805839744595375,5.275496235455167,5.0,-1.354843781317563,5.275496235455167,-0.42574019314197464,-0.4363904623828384,0.010650269240863763,0.9755946333411832,Alice Springs
dkasc_11,gru,-0.25,-1.5662855571160064,5.275496235455167,5.0,-1.354843781317563,5.275496235455167,-0.21144177579844348,-0.21792214579568528,0.006480369997241803,0.9702629121350634,Alice Springs
dkasc_11,informer,-2.0,-3.06470330490741,5.275496235455167,5.0,-1.278936840163568,5.275496235455167,-1.7857664647438423,-1.7734319973500587,-0.012334467393783521,1.0069551397585101,Alice Springs
dkasc_11,informer,-1.0,-2.157430663338418,5.275496235455167,5.0,-1.278936840163568,5.275496235455167,-0.8784938231748503,-0.8822601393852052,0.0037663162103549475,0.9957310593075422,Alice Springs
dkasc_11,informer,-0.5,-1.7219289447117727,5.275496235455167,5.0,-1.278936840163568,5.275496235455167,-0.4429921045482048,-0.4400244805455033,-0.0029676240027015077,1.0067442247736365,Alice Springs
dkasc_11,informer,-0.25,-1.5025470250250328,5.275496235455167,5.0,-1.278936840163568,5.275496235455167,-0.2236101848614649,-0.21973688077303608,-0.003873304088428814,1.01762700951612,Alice Springs
dkasc_11,lstm,-2.0,-3.1205444828496023,5.275496235455167,5.0,-1.3299094561418798,5.275496235455167,-1.7906350267077225,-1.7635968645938676,-0.027038162113854902,1.0153312600269797,Alice Springs
dkasc_11,lstm,-1.0,-2.1931530613331796,5.275496235455167,5.0,-1.3299094561418798,5.275496235455167,-0.8632436051912997,-0.8773672843959441,0.014123679204644413,0.9839022044064837,Alice Springs
dkasc_11,lstm,-0.5,-1.7561117183480583,5.275496235455167,5.0,-1.3299094561418798,5.275496235455167,-0.4262022622061785,-0.4375841844481025,0.01138192224192397,0.9739891827757,Alice Springs
dkasc_11,lstm,-0.25,-1.5400386056146198,5.275496235455167,5.0,-1.3299094561418798,5.275496235455167,-0.21012914947273997,-0.21851825981826395,0.008389110345523976,0.9616091105956043,Alice Springs
dkasc_11,patchtst,-2.0,-3.1339946513195116,5.275496235455167,5.0,-1.3532680056710746,5.275496235455167,-1.780726645648437,-1.7590898478123582,-0.021636797836078747,1.012299995854667,Alice Springs
dkasc_11,patchtst,-1.0,-2.2235019205205564,5.275496235455167,5.0,-1.3532680056710746,5.275496235455167,-0.8702339148494818,-0.8751251001679571,0.004891185318475322,0.9944108730082858,Alice Springs
dkasc_11,patchtst,-0.5,-1.795152114502193,5.275496235455167,5.0,-1.3532680056710746,5.275496235455167,-0.4418841088311183,-0.43646590208878056,-0.005418206742337728,1.0124138144959502,Alice Springs
dkasc_11,patchtst,-0.25,-1.5648066384583104,5.275496235455167,5.0,-1.3532680056710746,5.275496235455167,-0.21153863278723573,-0.2179598184398291,0.006421185652593364,0.9705395898264338,Alice Springs
dkasc_11,random_forest,-2.0,-2.9348166490232956,5.275496235455167,5.0,-1.0782252973035567,5.275496235455167,-1.856591351719739,-1.8121591576466398,-0.044432194073099174,1.0245189247785504,Alice Springs
dkasc_11,random_forest,-1.0,-1.9898976768571743,5.275496235455167,5.0,-1.0782252973035567,5.275496235455167,-0.9116723795536177,-0.9015264151106399,-0.010145964442977773,1.0112542065023493,Alice Springs
dkasc_11,random_forest,-0.5,-1.5274912032102916,5.275496235455167,5.0,-1.0782252973035567,5.275496235455167,-0.449265905906735,-0.44963347520555724,0.00036756929882225675,0.9991825134935645,Alice Springs
dkasc_11,random_forest,-0.25,-1.3119028531954933,5.275496235455167,5.0,-1.0782252973035567,5.275496235455167,-0.23367755589193662,-0.22453536496497792,-0.009142190926958699,1.040716040114147,Alice Springs
dkasc_11,tcn,-2.0,-3.114294548153981,5.275496235455167,5.0,-1.2456330409474228,5.275496235455167,-1.8686615072065582,-1.7798579435231117,-0.08880356368344655,1.0498936243797445,Alice Springs
dkasc_11,tcn,-1.0,-2.193699495050473,5.275496235455167,5.0,-1.2456330409474228,5.275496235455167,-0.9480664541030503,-0.885456966878332,-0.06260948722471837,1.0707086731108428,Alice Springs
dkasc_11,tcn,-0.5,-1.7229294303823544,5.275496235455167,5.0,-1.2456330409474228,5.275496235455167,-0.4772963894349316,-0.44161888824257656,-0.03567750119235502,1.0807879874303694,Alice Springs
dkasc_11,tcn,-0.25,-1.4823865972976193,5.275496235455167,5.0,-1.2456330409474228,5.275496235455167,-0.23675355635019657,-0.22053308686957201,-0.016220469480624555,1.0735511832300144,Alice Springs
dkasc_11,xgboost,-2.0,-3.0199532706059196,5.275496235455167,5.0,-1.2017797962359478,5.275496235455167,-1.8181734743699718,-1.788319398271885,-0.029854076098086768,1.0166939284598353,Alice Springs
dkasc_11,xgboost,-1.0,-2.094588256273158,5.275496235455167,5.0,-1.2017797962359478,5.275496235455167,-0.8928084600372104,-0.8896664343161639,-0.003142025721046493,1.0035316896309139,Alice Springs
dkasc_11,xgboost,-0.5,-1.6471520666407202,5.275496235455167,5.0,-1.2017797962359478,5.275496235455167,-0.44537227040477245,-0.44371834693964063,-0.0016539234651318235,1.003727417350531,Alice Springs
dkasc_11,xgboost,-0.25,-1.4103550947410382,5.275496235455167,5.0,-1.2017797962359478,5.275496235455167,-0.20857529850509038,-0.22158150241416347,0.013006203909073089,0.9413028444731687,Alice Springs
dkasc_11,xgboost_w24,-2.0,-3.084670214118481,5.275496235455167,5.0,-1.0805954633612445,5.275496235455167,-2.004074750757237,-1.8117018356633716,-0.19237291509386534,1.106183540418739,Alice Springs
dkasc_11,xgboost_w24,-1.0,-2.0656306684213535,5.275496235455167,5.0,-1.0805954633612445,5.275496235455167,-0.985035205060109,-0.901298903169215,-0.08373630189089398,1.0929062507415177,Alice Springs
dkasc_11,xgboost_w24,-0.5,-1.5890967188112846,5.275496235455167,5.0,-1.0805954633612445,5.275496235455167,-0.5085012554500401,-0.44952000433752826,-0.058981251112511845,1.1312094023478096,Alice Springs
dkasc_11,xgboost_w24,-0.25,-1.3294649936741436,5.275496235455167,5.0,-1.0805954633612445,5.275496235455167,-0.24886953031289916,-0.224478700539016,-0.024390829773883155,1.1086554301825347,Alice Springs
dkasc_12,gru,-2.0,-3.0801305372467147,5.297399041752225,5.0,-1.2180796516905832,5.297399041752225,-1.8620508855561315,-1.7840963978263318,-0.07795448772979974,1.0436941007362472,Alice Springs
dkasc_12,gru,-1.0,-2.125119340105198,5.297399041752225,5.0,-1.2180796516905832,5.297399041752225,-0.9070396884146148,-0.8875655446472706,-0.019474143767344243,1.0219410767855839,Alice Springs
dkasc_12,gru,-0.5,-1.6644120447552457,5.297399041752225,5.0,-1.2180796516905832,5.297399041752225,-0.44633239306466255,-0.44267053479901464,-0.0036618582656479104,1.0082721978938818,Alice Springs
dkasc_12,gru,-0.25,-1.4295016771695623,5.297399041752225,5.0,-1.2180796516905832,5.297399041752225,-0.21142202547897915,-0.22105825204606613,0.009636226567086986,0.9564086548323973,Alice Springs
dkasc_12,informer,-2.0,-3.0555396950442644,5.297399041752225,5.0,-1.207297911191802,5.297399041752225,-1.8482417838524623,-1.7861862689995551,-0.06205551485290717,1.0347419056623162,Alice Springs
dkasc_12,informer,-1.0,-2.110569331842739,5.297399041752225,5.0,-1.207297911191802,5.297399041752225,-0.9032714206509369,-0.8886052293012863,-0.014666191349650637,1.0165047322095806,Alice Springs
dkasc_12,informer,-0.5,-1.6380223281296544,5.297399041752225,5.0,-1.207297911191802,5.297399041752225,-0.43072441693785235,-0.4431890742630475,0.012464657325195139,0.9718750798495611,Alice Springs
dkasc_12,informer,-0.25,-1.4044968824145887,5.297399041752225,5.0,-1.207297911191802,5.297399041752225,-0.19719897122278662,-0.22131719728530155,0.02411822606251493,0.8910241664075298,Alice Springs
dkasc_12,lstm,-2.0,-3.0657527177061796,5.297399041752225,5.0,-1.2113206981676732,5.297399041752225,-1.8544320195385064,-1.7854065148830613,-0.0690255046554451,1.0386609458854619,Alice Springs
dkasc_12,lstm,-1.0,-2.1259799027448283,5.297399041752225,5.0,-1.2113206981676732,5.297399041752225,-0.9146592045771551,-0.8882173114242365,-0.02644189315291856,1.029769621479815,Alice Springs
dkasc_12,lstm,-0.5,-1.6627973980462745,5.297399041752225,5.0,-1.2113206981676732,5.297399041752225,-0.4514766998786013,-0.44299560143715055,-0.00848109844145073,1.0191448818316404,Alice Springs
dkasc_12,lstm,-0.25,-1.437391586845639,5.297399041752225,5.0,-1.2113206981676732,5.297399041752225,-0.22607088867796588,-0.2212205819442091,-0.004850306733756776,1.021925205562383,Alice Springs
dkasc_12,patchtst,-2.0,-3.095190791473892,5.297399041752225,5.0,-1.2296883062659023,5.297399041752225,-1.8655024852079896,-1.781846242338022,-0.08365624286996765,1.046949192855271,Alice Springs
dkasc_12,patchtst,-1.0,-2.1516412642583544,5.297399041752225,5.0,-1.2296883062659023,5.297399041752225,-0.9219529579924521,-0.8864461205601215,-0.03550683743233063,1.0400552685705193,Alice Springs
dkasc_12,patchtst,-0.5,-1.6791006583709411,5.297399041752225,5.0,-1.2296883062659023,5.297399041752225,-0.4494123521050388,-0.4421122255425167,-0.007300126562522102,1.0165119310002435,Alice Springs
dkasc_12,patchtst,-0.25,-1.4538206192278857,5.297399041752225,5.0,-1.2296883062659023,5.297399041752225,-0.22413231296198344,-0.2207794467978275,-0.0033528661641559487,1.0151864959025205,Alice Springs
dkasc_12,random_forest,-2.0,-2.864642497803774,5.297399041752225,5.0,-1.004391128584872,5.297399041752225,-1.8602513692189022,-1.825516564128586,-0.034734805090316234,1.0190273842335125,Alice Springs
dkasc_12,random_forest,-1.0,-1.932180112030397,5.297399041752225,5.0,-1.004391128584872,5.297399041752225,-0.9277889834455251,-0.908171557028794,-0.019617426416731032,1.0216010138887328,Alice Springs
dkasc_12,random_forest,-0.5,-1.4776323573232553,5.297399041752225,5.0,-1.004391128584872,5.297399041752225,-0.47324122873838337,-0.4529477189191228,-0.02029350981926059,1.044803205693777,Alice Springs
dkasc_12,random_forest,-0.25,-1.2454387122112383,5.297399041752225,5.0,-1.004391128584872,5.297399041752225,-0.24104758362636636,-0.22619041282694619,-0.014857170799420172,1.065684352460982,Alice Springs
dkasc_12,tcn,-2.0,-3.055769927600827,5.297399041752225,5.0,-1.2401047949036987,5.297399041752225,-1.8156651326971283,-1.7798271695053194,-0.035837963191808875,1.0201356422723729,Alice Springs
dkasc_12,tcn,-1.0,-2.164599094683583,5.297399041752225,5.0,-1.2401047949036987,5.297399041752225,-0.9244942997798844,-0.8854416571910886,-0.039052642588795816,1.044105269129401,Alice Springs
dkasc_12,tcn,-0.5,-1.7105003667425844,5.297399041752225,5.0,-1.2401047949036987,5.297399041752225,-0.4703955718388857,-0.4416112525840266,-0.02878431925485908,1.0651802214876356,Alice Springs
dkasc_12,tcn,-0.25,-1.4939386636309524,5.297399041752225,5.0,-1.2401047949036987,5.297399041752225,-0.25383386872725366,-0.22052927381855647,-0.033304594908697194,1.1510211970139574,Alice Springs
dkasc_12,xgboost,-2.0,-2.9932819890977904,5.297399041752225,5.0,-1.1397276823516456,5.297399041752225,-1.8535543067461449,-1.799283697326373,-0.0542706094197718,1.0301623415475918,Alice Springs
dkasc_12,xgboost,-1.0,-2.0269177047624263,5.297399041752225,5.0,-1.1397276823516456,5.297399041752225,-0.8871900224107807,-0.8951210353533212,0.007931012942540505,0.99113973124382,Alice Springs
dkasc_12,xgboost,-0.5,-1.5760744069430974,5.297399041752225,5.0,-1.1397276823516456,5.297399041752225,-0.43634672459145185,-0.4464388121185737,0.010092087527121874,0.9773942424960099,Alice Springs
dkasc_12,xgboost,-0.25,-1.352544139405233,5.297399041752225,5.0,-1.1397276823516456,5.297399041752225,-0.21281645705358754,-0.22294003258486975,0.010123575531282208,0.9545905891646969,Alice Springs
dkasc_12,xgboost_w24,-2.0,-3.026160298594352,5.297399041752225,5.0,-0.9752678720301791,5.297399041752225,-2.0508924265641726,-1.8311616503139672,-0.21973077625020543,1.1199952916295133,Alice Springs
dkasc_12,xgboost_w24,-1.0,-1.9535752502712547,5.297399041752225,5.0,-0.9752678720301791,5.297399041752225,-0.9783073782410756,-0.910979916487853,-0.06732746175322257,1.0739066367267387,Alice Springs
dkasc_12,xgboost_w24,-0.5,-1.4553030536156146,5.297399041752225,5.0,-0.9752678720301791,5.297399041752225,-0.48003518158543557,-0.45434837940120987,-0.0256868021842257,1.0565354766271613,Alice Springs
dkasc_12,xgboost_w24,-0.25,-1.2087748587441545,5.297399041752225,5.0,-0.9752678720301791,5.297399041752225,-0.2335069867139754,-0.22688986655955287,-0.006617120154422534,1.0291644587515578,Alice Springs
dkasc_13,gru,-2.0,-2.6010336700721113,5.301505817932923,5.0,-0.7829800780349105,5.301505817932923,-1.8180535920372007,-1.868303701009689,0.05025010897248827,0.9731038861908096,Alice Springs
dkasc_13,gru,-1.0,-1.6620402796878355,5.301505817932923,5.0,-0.7829800780349105,5.301505817932923,-0.879060201652925,-0.9294576201002975,0.050397418447372555,0.9457776047476655,Alice Springs
dkasc_13,gru,-0.5,-1.212718564163203,5.301505817932923,5.0,-0.7829800780349105,5.301505817932923,-0.42973848612829246,-0.46356407619037393,0.03382559006208147,0.9270314681412237,Alice Springs
dkasc_13,gru,-0.25,-0.9760673988687275,5.301505817932923,5.0,-0.7829800780349105,5.301505817932923,-0.19308732083381697,-0.23149194793486758,0.03840462710105061,0.8340995121270649,Alice Springs
dkasc_13,informer,-2.0,-2.6661072225184097,5.301505817932923,5.0,-0.8082018917425842,5.301505817932923,-1.8579053307758255,-1.863410663221559,0.00550533244573348,0.9970455613706667,Alice Springs
dkasc_13,informer,-1.0,-1.7562523009769362,5.301505817932923,5.0,-0.8082018917425842,5.301505817932923,-0.948050409234352,-0.9270233952710268,-0.02102701396332518,1.022682290512396,Alice Springs
dkasc_13,informer,-0.5,-1.2720425635658634,5.301505817932923,5.0,-0.8082018917425842,5.301505817932923,-0.46384067182327926,-0.4623500141827928,-0.001490657640486448,1.003224089098648,Alice Springs
dkasc_13,informer,-0.25,-1.045301785440007,5.301505817932923,5.0,-0.8082018917425842,5.301505817932923,-0.2370998936974229,-0.2308856766695048,-0.006214217027918106,1.0269146926633015,Alice Springs
dkasc_13,lstm,-2.0,-2.638914326024259,5.301505817932923,5.0,-0.8076493116135127,5.301505817932923,-1.831265014410746,-1.8635178638964929,0.032252849485746804,0.9826924924570842,Alice Springs
dkasc_13,lstm,-1.0,-1.7243453171852223,5.301505817932923,5.0,-0.8076493116135127,5.301505817932923,-0.9166960055717096,-0.9270767262600643,0.010380720688354717,0.9888027383340409,Alice Springs
dkasc_13,lstm,-0.5,-1.2685555597104305,5.301505817932923,5.0,-0.8076493116135127,5.301505817932923,-0.4609062480969178,-0.4623766128464982,0.0014703647495803995,0.9968199845997217,Alice Springs
dkasc_13,lstm,-0.25,-1.0352553768847172,5.301505817932923,5.0,-0.8076493116135127,5.301505817932923,-0.22760606527120453,-0.23089895935638646,0.0032928940851819355,0.9857388093287184,Alice Springs
dkasc_13,patchtst,-2.0,-2.6302543833300467,5.301505817932923,5.0,-0.7660213726476323,5.301505817932923,-1.8642330106824145,-1.8715936938412698,0.007360683158855297,0.9960671575336695,Alice Springs
dkasc_13,patchtst,-1.0,-1.6923422899175247,5.301505817932923,5.0,-0.7660213726476323,5.301505817932923,-0.9263209172698924,-0.9310943502024408,0.004773432932548394,0.9948733090996519,Alice Springs
dkasc_13,patchtst,-0.5,-1.2228900340420092,5.301505817932923,5.0,-0.7660213726476323,5.301505817932923,-0.456868661394377,-0.4643803902012173,0.007511728806840312,0.9838241903289985,Alice Springs
dkasc_13,patchtst,-0.25,-0.9848846329623374,5.301505817932923,5.0,-0.7660213726476323,5.301505817932923,-0.21886326031470515,-0.231899594105489,0.013036333790783838,0.943784576936975,Alice Springs
dkasc_13,random_forest,-2.0,-2.4937036008553237,5.301505817932923,5.0,-0.6263725866645657,5.301505817932923,-1.867331014190758,-1.898685591148945,0.03135457695818711,0.983486166901802,Alice Springs
dkasc_13,random_forest,-1.0,-1.5475652765504802,5.301505817932923,5.0,-0.6263725866645657,5.301505817932923,-0.9211926898859144,-0.9445722287625405,0.023379538876626138,0.9752485430285674,Alice Springs
dkasc_13,random_forest,-0.5,-1.073031400406035,5.301505817932923,5.0,-0.6263725866645657,5.301505817932923,-0.4466588137414693,-0.47110243990913675,0.02444362616766743,0.9481139894491271,Alice Springs
dkasc_13,random_forest,-0.25,-0.8602823812877161,5.301505817932923,5.0,-0.6263725866645657,5.301505817932923,-0.2339097946231503,-0.2352564124202072,0.0013466177970568871,0.9942759571005801,Alice Springs
dkasc_13,tcn,-2.0,-2.6141241057788465,5.301505817932923,5.0,-0.714360085328006,5.301505817932923,-1.8997640204508404,-1.8816159957251928,-0.018148024725647582,1.0096449141412902,Alice Springs
dkasc_13,tcn,-1.0,-1.6679366935661926,5.301505817932923,5.0,-0.714360085328006,5.301505817932923,-0.9535766082381866,-0.9360803194813773,-0.01749628875680931,1.018691012291021,Alice Springs
dkasc_13,tcn,-0.5,-1.2121502832086481,5.300958247775496,5.0,-0.714360085328006,5.301505817932923,-0.49779019788064216,-0.46686712675888237,-0.030923071121759793,1.0662352719850636,Alice Springs
dkasc_13,tcn,-0.25,-0.9914081999718206,5.30123203285421,5.0,-0.714360085328006,5.301505817932923,-0.2770481146438146,-0.23314140622877855,-0.04390670841503608,1.1883265144757298,Alice Springs
dkasc_13,xgboost,-2.0,-2.587751417260032,5.301505817932923,5.0,-0.6819836782820541,5.301505817932923,-1.9057677389779781,-1.8878970263027646,-0.017870712675213563,1.0094659361322325,Alice Springs
dkasc_13,xgboost,-1.0,-1.6363861690575594,5.301505817932923,5.0,-0.6819836782820541,5.301505817932923,-0.9544024907755053,-0.9392050532863,-0.015197437489205323,1.0161811709126023,Alice Springs
dkasc_13,xgboost,-0.5,-1.1486097128227395,5.301505817932923,5.0,-0.6819836782820541,5.301505817932923,-0.4666260345406854,-0.46842557795482126,0.0017995434141358513,0.9961583152184115,Alice Springs
dkasc_13,xgboost,-0.25,-0.9179667867264808,5.301505817932923,5.0,-0.6819836782820541,5.301505817932923,-0.23598310844442671,-0.23391965657568672,-0.0020634518687399905,1.0088211991200164,Alice Springs
dkasc_13,xgboost_w24,-2.0,-2.6480647599795324,5.301505817932923,5.0,-0.7820967168262949,5.301505817932923,-1.8659680431532375,-1.8684750732918105,0.0025070301385730076,0.9986582480149675,Alice Springs
dkasc_13,xgboost_w24,-1.0,-1.6873264502344525,5.301505817932923,5.0,-0.7820967168262949,5.301505817932923,-0.9052297334081576,-0.9295428756577349,0.024313142249577258,0.9738439797815959,Alice Springs
dkasc_13,xgboost_w24,-0.5,-1.2172593131799119,5.301505817932923,5.0,-0.7820967168262949,5.301505817932923,-0.435162596353617,-0.4636065971325544,0.02844400077893744,0.9386462553491128,Alice Springs
dkasc_13,xgboost_w24,-0.25,-1.0015833285985387,5.301505817932923,5.0,-0.7820967168262949,5.301505817932923,-0.21948661177224382,-0.23151318179710792,0.012026570024864097,0.9480523314849352,Alice Springs
dkasc_14,gru,-2.0,-2.9689704911456025,5.264544832306639,5.0,-1.1048281497463412,5.264544832306639,-1.8641423413992613,-1.8075150201429966,-0.056627321256264684,1.0313288247263277,Alice Springs
dkasc_14,gru,-1.0,-2.038078575029694,5.264544832306639,5.0,-1.1048281497463412,5.264544832306639,-0.9332504252833529,-0.8992160150460133,-0.03403441023733955,1.0378489814103211,Alice Springs
dkasc_14,gru,-0.5,-1.5662399184399987,5.264544832306639,5.0,-1.1048281497463412,5.264544832306639,-0.4614117686936574,-0.44848117041142016,-0.012930598282237249,1.0288319758672928,Alice Springs
dkasc_14,gru,-0.25,-1.3193043744525736,5.264544832306639,5.0,-1.1048281497463412,5.264544832306639,-0.2144762247062324,-0.22395993365977052,0.009483708953538117,0.9576544393518828,Alice Springs
dkasc_14,informer,-2.0,-2.987296920797102,5.264544832306639,5.0,-1.1078485041443984,5.264544832306639,-1.8794484166527035,-1.8069335811959664,-0.07251483545673709,1.040131433834298,Alice Springs
dkasc_14,informer,-1.0,-2.036011715664993,5.264544832306639,5.0,-1.1078485041443984,5.264544832306639,-0.9281632115205944,-0.8989267564743753,-0.02923645504621919,1.032523734370624,Alice Springs
dkasc_14,informer,-0.5,-1.565830400855184,5.264544832306639,5.0,-1.1078485041443984,5.264544832306639,-0.4579818967107856,-0.44833690360501416,-0.009644993105771438,1.0215128244590561,Alice Springs
dkasc_14,informer,-0.25,-1.34115983343271,5.264544832306639,5.0,-1.1078485041443984,5.264544832306639,-0.23331132928831155,-0.22388789053617103,-0.009423438752140523,1.0420899885633523,Alice Springs
dkasc_14,lstm,-2.0,-2.9833342458461027,5.264544832306639,5.0,-1.143632433939585,5.264544832306639,-1.8397018119065178,-1.8000449291642378,-0.039656882742280075,1.022031051614191,Alice Springs
dkasc_14,lstm,-1.0,-2.0420130543642925,5.264544832306639,5.0,-1.143632433939585,5.264544832306639,-0.8983806204247076,-0.8954997386294449,-0.002880881795262691,1.0032170660369726,Alice Springs
dkasc_14,lstm,-0.5,-1.5829107676587517,5.264544832306639,5.0,-1.143632433939585,5.264544832306639,-0.4392783337191668,-0.44662768919112666,0.007349355471959862,0.9835447831609588,Alice Springs
dkasc_14,lstm,-0.25,-1.3573658514699365,5.264544832306639,5.0,-1.143632433939585,5.264544832306639,-0.21373341753035158,-0.22303435292523097,0.00930093539487939,0.9582981936509243,Alice Springs
dkasc_14,patchtst,-2.0,-2.9600476162341423,5.264544832306639,5.0,-1.081333060102007,5.264544832306639,-1.8787145561321352,-1.8120379861207538,-0.06667657001138139,1.036796452680401,Alice Springs
dkasc_14,patchtst,-1.0,-2.0156516237420594,5.264544832306639,5.0,-1.081333060102007,5.264544832306639,-0.9343185636400524,-0.901466133798767,-0.032852429841285335,1.036443332266788,Alice Springs
dkasc_14,patchtst,-0.5,-1.556441834001459,5.264544832306639,5.0,-1.081333060102007,5.264544832306639,-0.47510877389945194,-0.44960341009011184,-0.025505363809340098,1.0567285817610417,Alice Springs
dkasc_14,patchtst,-0.25,-1.3272431768022075,5.264544832306639,5.0,-1.081333060102007,5.264544832306639,-0.24591011670020047,-0.22452035122147013,-0.021389765478730338,1.0952687155634777,Alice Springs
dkasc_14,random_forest,-2.0,-2.9012750996926,5.264544832306639,5.0,-0.9823982054226365,5.264544832306639,-1.9188768942699634,-1.8310836245287376,-0.08779326974122581,1.0479460733333907,Alice Springs
dkasc_14,random_forest,-1.0,-1.9104677461826234,5.264544832306639,5.0,-0.9823982054226365,5.264544832306639,-0.9280695407599869,-0.9109410996399248,-0.017128441120062177,1.01880301715098,Alice Springs
dkasc_14,random_forest,-0.5,-1.4460289345865895,5.264544832306639,5.0,-0.9823982054226365,5.264544832306639,-0.4636307291639531,-0.45432901961991234,-0.009301709544040748,1.0204735095984458,Alice Springs
dkasc_14,random_forest,-0.25,-1.2148789053734799,5.264544832306639,5.0,-0.9823982054226365,5.264544832306639,-0.23248069995084342,-0.22688019878391116,-0.0056005011669322535,1.0246848389456251,Alice Springs
dkasc_14,tcn,-2.0,-2.9803436001648373,5.264544832306639,5.0,-1.1099253475049573,5.264544832306639,-1.87041825265988,-1.8065337745979437,-0.06388447806193631,1.0353630133907428,Alice Springs
dkasc_14,tcn,-1.0,-2.0422544731983807,5.264544832306639,5.0,-1.1099253475049573,5.264544832306639,-0.9323291256934234,-0.898727857714555,-0.03360126797886842,1.037387589235651,Alice Springs
dkasc_14,tcn,-0.5,-1.5653991565923249,5.264544832306639,5.0,-1.1099253475049573,5.264544832306639,-0.45547380908736756,-0.44823770347167025,-0.007236105615697319,1.0161434559378932,Alice Springs
dkasc_14,tcn,-0.25,-1.3237772537801535,5.264544832306639,5.0,-1.1099253475049573,5.264544832306639,-0.21385190627519624,-0.22383835254717951,0.00998644627198328,0.9553854549126992,Alice Springs
dkasc_14,xgboost,-2.0,-2.972470173037227,5.264544832306639,5.0,-1.0755520755900663,5.264544832306639,-1.896918097447161,-1.813150865307906,-0.08376723213925485,1.0461998136735464,Alice Springs
dkasc_14,xgboost,-1.0,-2.0018875246164973,5.264544832306639,5.0,-1.0755520755900663,5.264544832306639,-0.9263354490264311,-0.9020197772134809,-0.024315671812950135,1.0269569164969599,Alice Springs
dkasc_14,xgboost,-0.5,-1.530575342360612,5.264544832306639,5.0,-1.0755520755900663,5.264544832306639,-0.45502326677054583,-0.44987953800872854,-0.00514372876181729,1.011433569049583,Alice Springs
dkasc_14,xgboost,-0.25,-1.2924406477400285,5.264544832306639,5.0,-1.0755520755900663,5.264544832306639,-0.21688857214996227,-0.2246582423848344,0.007769670234872128,0.9654156012599668,Alice Springs
dkasc_14,xgboost_w24,-2.0,-3.1759381979432755,5.264544832306639,5.0,-1.179521810757312,5.264544832306639,-1.9964163871859635,-1.7931359778571023,-0.20328040932886116,1.1133658639607424,Alice Springs
dkasc_14,xgboost_w24,-1.0,-2.1455872133768663,5.264544832306639,5.0,-1.179521810757312,5.264544832306639,-0.9660654026195543,-0.8920626221500157,-0.07400278046953856,1.0829569344483685,Alice Springs
dkasc_14,xgboost_w24,-0.5,-1.6236431605571275,5.264544832306639,5.0,-1.179521810757312,5.264544832306639,-0.44412134979981555,-0.44491343811492007,0.0007920883151045222,0.998219679948395,Alice Springs
dkasc_14,xgboost_w24,-0.25,-1.383798512072084,5.264544832306639,5.0,-1.179521810757312,5.264544832306639,-0.20427670131477194,-0.22217830013498513,0.017901598820213194,0.9194268800808314,Alice Springs
dkasc_17,gru,-2.0,-2.5487194109558353,5.248117727583846,5.0,-0.5838013518239494,5.248117727583846,-1.964918059131886,-1.9082037354350423,-0.056714323696843705,1.029721314681272,Alice Springs
dkasc_17,gru,-1.0,-1.5642269763565264,5.248117727583846,5.0,-0.5838013518239494,5.248117727583846,-0.980425624532577,-0.9493073859701968,-0.031118238562380163,1.0327799393771462,Alice Springs
dkasc_17,gru,-0.5,-1.0778156935082541,5.248117727583846,5.0,-0.5838013518239494,5.248117727583846,-0.4940143416843047,-0.4734640847320029,-0.020550256952301782,1.0434040460828913,Alice Springs
dkasc_17,gru,-0.25,-0.8289305948004138,5.248117727583846,5.0,-0.5838013518239494,5.248117727583846,-0.24512924297646432,-0.2364357569562818,-0.008693486020182523,1.0367689140259355,Alice Springs
dkasc_17,informer,-2.0,-2.566130216116453,5.248117727583846,5.0,-0.6284391911117762,5.248117727583846,-1.9376910250046768,-1.8996402721605545,-0.03805075284412229,1.0200305044074716,Alice Springs
dkasc_17,informer,-1.0,-1.5914513926367264,5.248117727583846,5.0,-0.6284391911117762,5.248117727583846,-0.9630122015249503,-0.9450471705723361,-0.017965030952614147,1.0190096658791479,Alice Springs
dkasc_17,informer,-0.5,-1.1299568503727904,5.248117727583846,5.0,-0.6284391911117762,5.248117727583846,-0.5015176592610142,-0.47133931564885934,-0.03017834361215488,1.0640267904887384,Alice Springs
dkasc_17,informer,-0.25,-0.8599294421739831,5.248117727583846,5.0,-0.6284391911117762,5.248117727583846,-0.231490251062207,-0.2353747020574404,0.003884450995233407,0.9834967353701187,Alice Springs
dkasc_17,lstm,-2.0,-2.5523528845029753,5.248117727583846,5.0,-0.5985417013617861,5.248117727583846,-1.9538111831411893,-1.9053759004875115,-0.0484352826536778,1.0254203292071056,Alice Springs
dkasc_17,lstm,-1.0,-1.5721842926783336,5.248117727583846,5.0,-0.5985417013617861,5.248117727583846,-0.9736425913165475,-0.947900573609365,-0.02574201770718254,1.0271568753346814,Alice Springs
dkasc_17,lstm,-0.5,-1.0811085841494517,5.248117727583846,5.0,-0.5985417013617861,5.248117727583846,-0.4825668827876656,-0.47276244147434493,-0.009804441313320644,1.0207386214580514,Alice Springs
dkasc_17,lstm,-0.25,-0.8290404220795367,5.248117727583846,5.0,-0.5985417013617861,5.248117727583846,-0.23049872071775057,-0.23608537440333371,0.005586653685583143,0.9763362991049214,Alice Springs
dkasc_17,patchtst,-2.0,-2.5869549886016063,5.248117727583846,5.0,-0.6342131295845144,5.248117727583846,-1.952741859017092,-1.898532581670842,-0.05420927734624992,1.0285532510053328,Alice Springs
dkasc_17,patchtst,-1.0,-1.6104543541513974,5.248117727583846,5.0,-0.6342131295845144,5.248117727583846,-0.976241224566883,-0.9444961084694138,-0.03174511609746922,1.0336106372623528,Alice Springs
dkasc_17,patchtst,-0.5,-1.115293735440388,5.248117727583846,5.0,-0.6342131295845144,5.248117727583846,-0.48108060585587364,-0.47106447515141187,-0.010016130704461779,1.0212627596280581,Alice Springs
dkasc_17,patchtst,-0.25,-0.880182804694533,5.248117727583846,5.0,-0.6342131295845144,5.248117727583846,-0.24596967511001866,-0.23523745379901545,-0.01073222131100321,1.0456229275469573,Alice Springs
dkasc_17,random_forest,-2.0,-2.375765152990437,5.248117727583846,5.0,-0.44343593918553026,5.248117727583846,-1.9323292138049069,-1.935131877014359,0.0028026632094522164,0.9985516939477136,Alice Springs
dkasc_17,random_forest,-1.0,-1.3585514008396138,5.248117727583846,5.0,-0.44343593918553026,5.248117727583846,-0.9151154616540835,-0.9627037981126711,0.04758833645858762,0.950568039149859,Alice Springs
dkasc_17,random_forest,-0.5,-0.8853129183321548,5.248117727583846,5.0,-0.44343593918553026,5.248117727583846,-0.4418769791466245,-0.48014550331935224,0.03826852417272775,0.9202980681727332,Alice Springs
dkasc_17,random_forest,-0.25,-0.6605638810068711,5.248117727583846,5.0,-0.44343593918553026,5.248117727583846,-0.21712794182134088,-0.23977228513694812,0.022644343315607246,0.9055589627355233,Alice Springs
dkasc_17,tcn,-2.0,-2.571211717753594,5.248117727583846,5.0,-0.6007669566245655,5.248117727583846,-1.9704447611290283,-1.904949000529467,-0.06549576059956141,1.0343818971433656,Alice Springs
dkasc_17,tcn,-1.0,-1.5898992468958568,5.248117727583846,5.0,-0.6007669566245655,5.248117727583846,-0.9891322902712913,-0.9476881962433027,-0.041444094027988654,1.043731782449413,Alice Springs
dkasc_17,tcn,-0.5,-1.0966681458561611,5.248117727583846,5.0,-0.6007669566245655,5.248117727583846,-0.49590118923159565,-0.47265651892836397,-0.023244670303231685,1.0491787786105933,Alice Springs
dkasc_17,tcn,-0.25,-0.8548871763903353,5.248117727583846,5.0,-0.6007669566245655,5.248117727583846,-0.2541202197657698,-0.23603247941479003,-0.018087740350979792,1.0766324210796152,Alice Springs
dkasc_17,xgboost,-2.0,-2.5096038397444085,5.248117727583846,5.0,-0.5528562840362328,5.248117727583846,-1.9567475557081757,-1.9141403344226842,-0.04260722128549155,1.0222591941245218,Alice Springs
dkasc_17,xgboost,-1.0,-1.5446387160686843,5.248117727583846,5.0,-0.5528562840362328,5.248117727583846,-0.9917824320324515,-0.9522607693861596,-0.03952166264629198,1.041502983129052,Alice Springs
dkasc_17,xgboost,-0.5,-1.0546027608421533,5.248117727583846,5.0,-0.5528562840362328,5.248117727583846,-0.5017464768059205,-0.47493707545825997,-0.026809401347660577,1.056448322805274,Alice Springs
dkasc_17,xgboost,-0.25,-0.802706874663178,5.248117727583846,5.0,-0.5528562840362328,5.248117727583846,-0.24985059062694526,-0.23717133054799217,-0.012679260078953092,1.0534603404621345,Alice Springs
dkasc_17,xgboost_w24,-2.0,-2.4191722652351433,5.248117727583846,5.0,-0.4249149811720617,5.248117727583846,-1.9942572840630817,-1.938684995764888,-0.05557228829819372,1.0286649395954437,Alice Springs
dkasc_17,xgboost_w24,-1.0,-1.3701812518260428,5.248117727583846,5.0,-0.4249149811720617,5.248117727583846,-0.9452662706539811,-0.964471430053889,0.019205159399907967,0.98008737345508,Alice Springs
dkasc_17,xgboost_w24,-0.5,-0.8699013563503571,5.248117727583846,5.0,-0.4249149811720617,5.248117727583846,-0.4449863751782954,-0.48102710421234063,0.036040729034045205,0.925075471385214,Alice Springs
dkasc_17,xgboost_w24,-0.25,-0.6539711369401491,5.248117727583846,5.0,-0.4249149811720617,5.248117727583846,-0.22905615576808736,-0.24021253389327146,0.011156378125184108,0.9535562198009992,Alice Springs
dkasc_18,gru,-2.0,-2.364732374425356,5.260438056125941,5.0,-0.38279452012948234,5.260438056125941,-1.9819378542958739,-1.9465749656040057,-0.03536288869186821,1.0181667232532683,Alice Springs
dkasc_18,gru,-1.0,-1.3607354370207978,5.260438056125941,5.0,-0.38279452012948234,5.260438056125941,-0.9779409168913155,-0.968396590928626,-0.009544325962689504,1.0098558029345572,Alice Springs
dkasc_18,gru,-0.5,-0.8735242903502936,5.260438056125941,5.0,-0.38279452012948234,5.260438056125941,-0.4907297702208112,-0.48298476590174577,-0.0077450043190654405,1.0160357114051108,Alice Springs
dkasc_18,gru,-0.25,-0.62231735096722,5.260438056125941,5.0,-0.38279452012948234,5.260438056125941,-0.23952283083773762,-0.2411901396680808,0.0016673088303431893,0.9930871600611961,Alice Springs
dkasc_18,informer,-2.0,-2.3754563747008506,5.260438056125941,5.0,-0.37423998447810386,5.260438056125941,-2.001216390222747,-1.9482203529602609,-0.05299603726248603,1.0272022808826322,Alice Springs
dkasc_18,informer,-1.0,-1.3644442263939476,5.260438056125941,5.0,-0.37423998447810386,5.260438056125941,-0.9902042419158437,-0.9692151504676674,-0.02098909144817629,1.021655760785465,Alice Springs
dkasc_18,informer,-0.5,-0.8751485272239808,5.260438056125941,5.0,-0.37423998447810386,5.260438056125941,-0.500908542745877,-0.4833930199074331,-0.01751552283844393,1.036234538185508,Alice Springs
dkasc_18,informer,-0.25,-0.6243044651779569,5.260438056125941,5.0,-0.37423998447810386,5.260438056125941,-0.25006448069985304,-0.24139401119282328,-0.008670469507029765,1.035918328976703,Alice Springs
dkasc_18,lstm,-2.0,-2.3659687808002547,5.260438056125941,5.0,-0.3665458482188103,5.260438056125941,-1.9994229325814445,-1.9497002502959278,-0.049722682285516795,1.0255027316521963,Alice Springs
dkasc_18,lstm,-1.0,-1.3651052281442346,5.260438056125941,5.0,-0.3665458482188103,5.260438056125941,-0.9985593799254243,-0.9699513808004867,-0.02860799912493761,1.02949426094051,Alice Springs
dkasc_18,lstm,-0.5,-0.860558066349671,5.260438056125941,5.0,-0.3665458482188103,5.260438056125941,-0.4940122181308607,-0.4837602124794407,-0.010252005651420038,1.0211923291476885,Alice Springs
dkasc_18,lstm,-0.25,-0.6095499369640566,5.260438056125941,5.0,-0.3665458482188103,5.260438056125941,-0.24300408874524626,-0.24157737769624135,-0.0014267110490049084,1.0059058139574595,Alice Springs
dkasc_18,patchtst,-2.0,-2.374024903441051,5.260438056125941,5.0,-0.37819001877466574,5.260438056125941,-1.9958348846663854,-1.9474605996839636,-0.0483742849824218,1.0248396732597682,Alice Springs
dkasc_18,patchtst,-1.0,-1.3756437633825345,5.260438056125941,5.0,-0.37819001877466574,5.260438056125941,-0.9974537446078687,-0.9688371827573488,-0.028616561850519973,1.029537018561856,Alice Springs
dkasc_18,patchtst,-0.5,-0.8598872935676543,5.260438056125941,5.0,-0.37819001877466574,5.260438056125941,-0.4816972747929885,-0.483204509696021,0.001507234903032506,0.9968807515807734,Alice Springs
dkasc_18,patchtst,-0.25,-0.6180865891272151,5.260438056125941,5.0,-0.37819001877466574,5.260438056125941,-0.2398965703525494,-0.24129987405345732,0.0014033037009079097,0.9941843993644314,Alice Springs
dkasc_18,random_forest,-2.0,-2.092999377409627,5.260438056125941,5.0,-0.1291059699561668,5.260438056125941,-1.9638934074534602,-1.9953696576706106,0.03147625021715039,0.9842253538856075,Alice Springs
dkasc_18,random_forest,-1.0,-1.0596284986662645,5.260438056125941,5.0,-0.1291059699561668,5.260438056125941,-0.9305225287100978,-0.9926713372331177,0.06214880852301996,0.9373923612056253,Alice Springs
dkasc_18,random_forest,-0.5,-0.5728103250926553,5.260438056125941,5.0,-0.1291059699561668,5.260438056125941,-0.4437043551364885,-0.4950917195724071,0.051387364435918625,0.8962063746889162,Alice Springs
dkasc_18,random_forest,-0.25,-0.35680773371833896,5.260438056125941,5.0,-0.1291059699561668,5.260438056125941,-0.22770176376217216,-0.24723604018697176,0.0195342764247996,0.9209893654257412,Alice Springs
dkasc_18,tcn,-2.0,-2.3513054991806004,5.260438056125941,5.0,-0.35145861324969774,5.260438056125941,-1.9998468859309027,-1.9526021431245613,-0.04724474280634139,1.0241957855944683,Alice Springs
dkasc_18,tcn,-1.0,-1.3355109791701798,5.260438056125941,5.0,-0.35145861324969774,5.260438056125941,-0.9840523659204821,-0.9713950360267918,-0.012657329893690283,1.0130300541224313,Alice Springs
dkasc_18,tcn,-0.5,-0.828185230256308,5.260438056125941,5.0,-0.35145861324969774,5.260438056125941,-0.47672661700661023,-0.484480231000831,0.007753613994220754,0.983996015733803,Alice Springs
dkasc_18,tcn,-0.25,-0.5920914796846463,5.260438056125941,5.0,-0.35145861324969774,5.260438056125941,-0.24063286643494852,-0.24193693638214214,0.0013040699471936201,0.9946098765790197,Alice Springs
dkasc_18,xgboost,-2.0,-2.2160473771168907,5.260438056125941,5.0,-0.2695004717772016,5.260438056125941,-1.946546905339689,-1.9683660484043601,0.02181914306467103,0.9889150988545253,Alice Springs
dkasc_18,xgboost,-1.0,-1.2242656407839314,5.260438056125941,5.0,-0.2695004717772016,5.260438056125941,-0.9547651690067298,-0.9792373808644806,0.024472211857750836,0.9750089076091575,Alice Springs
dkasc_18,xgboost,-0.5,-0.7343277329740872,5.260438056125941,5.0,-0.2695004717772016,5.260438056125941,-0.46482726119688555,-0.4883915759198788,0.02356431472299325,0.9517511851456278,Alice Springs
dkasc_18,xgboost,-0.25,-0.49944729717391195,5.260438056125941,5.0,-0.2695004717772016,5.260438056125941,-0.22994682539671035,-0.24389016119152898,0.013943335794818629,0.9428294453261327,Alice Springs
dkasc_18,xgboost_w24,-2.0,-2.1373321424825344,5.260438056125941,5.0,-0.15630569713767692,5.260438056125941,-1.9810264453448576,-1.9901380368063235,0.009111591461465895,0.9954216284031796,Alice Springs
dkasc_18,xgboost_w24,-1.0,-1.0913278207467974,5.260438056125941,5.0,-0.15630569713767692,5.260438056125941,-0.9350221236091204,-0.9900686715770153,0.05504654796789488,0.9444012829128157,Alice Springs
dkasc_18,xgboost_w24,-0.5,-0.6035699400505913,5.260438056125941,5.0,-0.15630569713767692,5.260438056125941,-0.44726424291291433,-0.4937936482301404,0.04652940531722605,0.9057715596707305,Alice Springs
dkasc_18,xgboost_w24,-0.25,-0.3665884934581113,5.260438056125941,5.0,-0.15630569713767692,5.260438056125941,-0.21028279632043437,-0.2465878168258148,0.036305020505380425,0.8527704208070197,Alice Springs
dkasc_19,gru,-2.0,-2.617360137853731,5.317932922655715,5.0,-0.7313405669969819,5.317932922655715,-1.8860195708567489,-1.8778363719026887,-0.008183198954060167,1.00435778062269,Alice Springs
dkasc_19,gru,-1.0,-1.657472262453895,5.317932922655715,5.0,-0.7313405669969819,5.317932922655715,-0.926131695456913,-0.9342000041123929,0.008068308655479917,0.991363403318387,Alice Springs
dkasc_19,gru,-0.5,-1.1993962967687233,5.317932922655715,5.0,-0.7313405669969819,5.317932922655715,-0.46805572977174137,-0.4659293253593137,-0.0021264044124276738,1.0045637917527253,Alice Springs
dkasc_19,gru,-0.25,-0.9644665911879914,5.317932922655715,5.0,-0.7313405669969819,5.317932922655715,-0.23312602419100947,-0.23267309238844328,-0.0004529318025661977,1.0019466445299572,Alice Springs
dkasc_19,informer,-2.0,-2.617335498471232,5.317932922655715,5.0,-0.7147446882926408,5.317932922655715,-1.9025908101785913,-1.8810669913123874,-0.021523818866203914,1.0114423457354844,Alice Springs
dkasc_19,informer,-1.0,-1.658304327423205,5.317932922655715,5.0,-0.7147446882926408,5.317932922655715,-0.9435596391305642,-0.935807196683047,-0.0077524424475171605,1.0082842304216035,Alice Springs
dkasc_19,informer,-0.5,-1.1919999012369498,5.317932922655715,5.0,-0.7147446882926408,5.317932922655715,-0.47725521294430895,-0.46673090761886304,-0.010524305325445904,1.0225489787662405,Alice Springs
dkasc_19,informer,-0.25,-0.9553868490807502,5.317932922655715,5.0,-0.7147446882926408,5.317932922655715,-0.2406421607881094,-0.2330733819022858,-0.007568778885823607,1.0324738021306816,Alice Springs
dkasc_19,lstm,-2.0,-2.6078173976192627,5.317932922655715,5.0,-0.7161410384978798,5.317932922655715,-1.8916763591213828,-1.8807951722568166,-0.010881186864566184,1.0057854183300086,Alice Springs
dkasc_19,lstm,-1.0,-1.6568549584804688,5.317932922655715,5.0,-0.7161410384978798,5.317932922655715,-0.940713919982589,-0.9356719701177129,-0.005041949864876161,1.005388587053903,Alice Springs
dkasc_19,lstm,-0.5,-1.191877709573792,5.317932922655715,5.0,-0.7161410384978798,5.317932922655715,-0.4757366710759122,-0.4666634637930447,-0.009073207282867535,1.0194427204759515,Alice Springs
dkasc_19,lstm,-0.25,-0.9405386609672277,5.317932922655715,5.0,-0.7161410384978798,5.317932922655715,-0.2243976224693479,-0.23303970219452422,0.008642079725176305,0.9629158480559569,Alice Springs
dkasc_19,patchtst,-2.0,-2.6105143303148246,5.317932922655715,5.0,-0.6933648692302363,5.317932922655715,-1.9171494610845883,-1.8852288714797079,-0.03192058960488042,1.0169319439606428,Alice Springs
dkasc_19,patchtst,-1.0,-1.6370912769260755,5.317932922655715,5.0,-0.6933648692302363,5.317932922655715,-0.9437264076958392,-0.9378776797813623,-0.005848727914476881,1.006236130830878,Alice Springs
dkasc_19,patchtst,-0.5,-1.156211507400148,5.317932922655715,5.0,-0.6933648692302363,5.317932922655715,-0.4628466381699117,-0.4677635545776719,0.004916916407760208,0.9894884576627618,Alice Springs
dkasc_19,patchtst,-0.25,-0.9400928160128889,5.317932922655715,5.0,-0.6933648692302363,5.317932922655715,-0.24672794678265253,-0.2335890591695758,-0.013138887613076716,1.0562478724807844,Alice Springs
dkasc_19,random_forest,-2.0,-2.368013660552637,5.317932922655715,5.0,-0.5296243833892664,5.317932922655715,-1.8383892771633705,-1.9171032422879846,0.07871396512461404,0.958941196598952,Alice Springs
dkasc_19,random_forest,-1.0,-1.4335989485956995,5.317932922655715,5.0,-0.5296243833892664,5.317932922655715,-0.903974565206433,-0.9537347788266858,0.049760213620252736,0.9478259420491415,Alice Springs
dkasc_19,random_forest,-0.5,-0.9694379116497899,5.317932922655715,5.0,-0.5296243833892664,5.317932922655715,-0.43981352826052345,-0.47567223304889844,0.035858704788374995,0.924614677298835,Alice Springs
dkasc_19,random_forest,-0.25,-0.7459218766440713,5.317932922655715,5.0,-0.5296243833892664,5.317932922655715,-0.21629749325480485,-0.23753844929475654,0.021240956039951686,0.9105788721656837,Alice Springs
dkasc_19,tcn,-2.0,-2.62670948272284,5.317932922655715,5.0,-0.7193497146845185,5.317932922655715,-1.9073597680383214,-1.8801705586552915,-0.027189209383029933,1.0144610334726631,Alice Springs
dkasc_19,tcn,-1.0,-1.6827333776449627,5.317932922655715,5.0,-0.7193497146845185,5.317932922655715,-0.9633836629604442,-0.9353612326978585,-0.028022430262585662,1.029958939159538,Alice Springs
dkasc_19,tcn,-0.5,-1.189843675524492,5.317932922655715,5.0,-0.7193497146845185,5.317932922655715,-0.47049396083997364,-0.46650848447838056,-0.003985476361593077,1.008543202308634,Alice Springs
dkasc_19,tcn,-0.25,-0.9558485360258695,5.317932922655715,5.0,-0.7193497146845185,5.317932922655715,-0.23649882134135103,-0.2329623095204929,-0.0035365118208581237,1.0151806179640703,Alice Springs
dkasc_19,xgboost,-2.0,-2.547985590547611,5.317932922655715,5.0,-0.6866646960037708,5.317932922655715,-1.8613208945438402,-1.8865331537090122,0.025212259165172002,0.9866356660016266,Alice Springs
dkasc_19,xgboost,-1.0,-1.5980853771462373,5.317932922655715,5.0,-0.6866646960037708,5.317932922655715,-0.9114206811424665,-0.938526543804986,0.027105862662519464,0.9711187042695388,Alice Springs
dkasc_19,xgboost,-0.5,-1.1442776400797505,5.317932922655715,5.0,-0.6866646960037708,5.317932922655715,-0.45761294407597974,-0.46808717347667217,0.010474229400692425,0.9776233360062057,Alice Springs
dkasc_19,xgboost,-0.25,-0.9246560184950191,5.317932922655715,5.0,-0.6866646960037708,5.317932922655715,-0.23799132249124832,-0.2337506661041204,-0.004240656387127922,1.0181417938087884,Alice Springs
dkasc_19,xgboost_w24,-2.0,-2.441736431613707,5.317932922655715,5.0,-0.5549408086350015,5.317932922655715,-1.8867956229787057,-1.9121750467859493,0.025379423807243562,0.9867274579019834,Alice Springs
dkasc_19,xgboost_w24,-1.0,-1.4669340564293984,5.317932922655715,5.0,-0.5549408086350015,5.317932922655715,-0.9119932477943969,-0.951283063476427,0.03928981568203005,0.9586980813697588,Alice Springs
dkasc_19,xgboost_w24,-0.5,-1.0043108664148461,5.317932922655715,5.0,-0.5549408086350015,5.317932922655715,-0.4493700577798446,-0.47444944769876934,0.02507938991892472,0.9471400166222814,Alice Springs
dkasc_19,xgboost_w24,-0.25,-0.7853181664553847,5.317932922655715,5.0,-0.5549408086350015,5.317932922655715,-0.23037735782038316,-0.2369278218170325,0.006550463996649353,0.9723524913772771,Alice Springs
dkasc_20,gru,-2.0,-4.039264656912174,5.356262833675565,5.0,-2.3612422001619104,5.356262833675565,-1.6780224567502633,-1.556896455032218,-0.12112600171804533,1.077799651560989,Alice Springs
dkasc_20,gru,-1.0,-3.1955524747527386,5.356262833675565,5.0,-2.3612422001619104,5.356262833675565,-0.8343102745908282,-0.7745364273778371,-0.05977384721299106,1.077173706878259,Alice Springs
dkasc_20,gru,-0.5,-2.7790790585073486,5.356262833675565,5.0,-2.3612422001619104,5.356262833675565,-0.41783685834543816,-0.38629761666212925,-0.031539241683308905,1.081644929512714,Alice Springs
dkasc_20,gru,-0.25,-2.577801967037016,5.356262833675565,5.0,-2.3612422001619104,5.356262833675565,-0.21655976687510536,-0.19290707014792188,-0.02365269672718348,1.1226118706227124,Alice Springs
dkasc_20,informer,-2.0,-4.056285562148327,5.356262833675565,5.0,-2.3970284510847497,5.356262833675565,-1.6592571110635772,-1.5498747402720896,-0.1093823707914876,1.0705749748346016,Alice Springs
dkasc_20,informer,-1.0,-3.213652927927096,5.356262833675565,5.0,-2.3970284510847497,5.356262833675565,-0.8166244768423461,-0.7710432124971702,-0.04558126434517584,1.0591163550970797,Alice Springs
dkasc_20,informer,-0.5,-2.790201996449208,5.356262833675565,5.0,-2.3970284510847497,5.356262833675565,-0.3931735453644585,-0.3845553866840523,-0.008618158680406163,1.0224107085190481,Alice Springs
dkasc_20,informer,-0.25,-2.5930814145815537,5.356262833675565,5.0,-2.3970284510847497,5.356262833675565,-0.196052963496804,-0.1920370454154404,-0.0040159180813636175,1.0209122051043633,Alice Springs
dkasc_20,lstm,-2.0,-4.034525812212097,5.356262833675565,5.0,-2.348093510299606,5.356262833675565,-1.686432301912491,-1.559476394179282,-0.12695590773320897,1.081409316746999,Alice Springs
dkasc_20,lstm,-1.0,-3.196835677220291,5.356262833675565,5.0,-2.348093510299606,5.356262833675565,-0.8487421669206849,-0.7758199146922056,-0.07292225222847937,1.0939937875369055,Alice Springs
dkasc_20,lstm,-0.5,-2.766927017722244,5.356262833675565,5.0,-2.348093510299606,5.356262833675565,-0.4188335074226379,-0.3869377519392203,-0.03189575548341761,1.082431231699583,Alice Springs
dkasc_20,lstm,-0.25,-2.563126337629006,5.356262833675565,5.0,-2.348093510299606,5.356262833675565,-0.2150328273294,-0.19322673720118763,-0.021806090128212358,1.1128523435424356,Alice Springs
dkasc_20,patchtst,-2.0,-4.049157990194965,5.356262833675565,5.0,-2.355574159831619,5.356262833675565,-1.6935838303633464,-1.5580085961876027,-0.1355752341757437,1.087018283793486,Alice Springs
dkasc_20,patchtst,-1.0,-3.17354021890549,5.356262833675565,5.0,-2.355574159831619,5.356262833675565,-0.8179660590738713,-0.7750897036310185,-0.04287635544285284,1.0553179267405985,Alice Springs
dkasc_20,patchtst,-0.5,-2.76654082891987,5.356262833675565,5.0,-2.355574159831619,5.356262833675565,-0.4109666690882512,-0.38657356146008187,-0.02439310762816932,1.0631008171796255,Alice Springs
dkasc_20,patchtst,-0.25,-2.563392117978352,5.356262833675565,5.0,-2.355574159831619,5.356262833675565,-0.20781795814673298,-0.19304486986554775,-0.014773088281185232,1.0765267074513527,Alice Springs
dkasc_20,random_forest,-2.0,-3.8842752675396235,5.356262833675565,5.0,-2.008184507542688,5.356262833675565,-1.8760907599969356,-1.6261708368831265,-0.24991992311380917,1.153686142590547,Alice Springs
dkasc_20,random_forest,-1.0,-2.9215631865354053,5.356262833675565,5.0,-2.008184507542688,5.356262833675565,-0.9133786789927174,-0.808999562067485,-0.10437911692523238,1.1290224640647275,Alice Springs
dkasc_20,random_forest,-0.5,-2.4503709766758197,5.356262833675565,5.0,-2.008184507542688,5.356262833675565,-0.44218646913313187,-0.4034859971213772,-0.03870047201175464,1.0959152790626157,Alice Springs
dkasc_20,random_forest,-0.25,-2.2373697917137836,5.356262833675565,5.0,-2.008184507542688,5.356262833675565,-0.22918528417109574,-0.20149050419453007,-0.027694779976565664,1.13744955419749,Alice Springs
dkasc_20,tcn,-2.0,-4.027050454559583,5.356262833675565,5.0,-2.313060751631368,5.356262833675565,-1.713989702928215,-1.566350264235108,-0.14763943869310703,1.0942569756357805,Alice Springs
dkasc_20,tcn,-1.0,-3.1836211232547287,5.356262833675565,5.0,-2.313060751631368,5.356262833675565,-0.8705603716233608,-0.7792395786898276,-0.09132079293353312,1.117192190220978,Alice Springs
dkasc_20,tcn,-0.5,-2.7427891936970075,5.356262833675565,5.0,-2.313060751631368,5.356262833675565,-0.42972844206563954,-0.3886432986448012,-0.041085143420838355,1.105714272095009,Alice Springs
dkasc_20,tcn,-0.25,-2.533784479723549,5.356262833675565,5.0,-2.313060751631368,5.356262833675565,-0.22072372809218122,-0.19407844325316106,-0.02664528483902015,1.1372913157813376,Alice Springs
dkasc_20,xgboost,-2.0,-3.9256620362278456,5.356262833675565,5.0,-2.160219934040788,5.356262833675565,-1.7654421021870577,-1.5963395645152583,-0.1691025376717994,1.1059314330301329,Alice Springs
dkasc_20,xgboost,-1.0,-3.03894415612434,5.356262833675565,5.0,-2.160219934040788,5.356262833675565,-0.878724222083552,-0.7941588788291989,-0.08456534325435316,1.1064841626892403,Alice Springs
dkasc_20,xgboost,-0.5,-2.5949919314321273,5.356262833675565,5.0,-2.160219934040788,5.356262833675565,-0.4347719973913393,-0.39608425284965054,-0.03868774454168877,1.0976755431788758,Alice Springs
dkasc_20,xgboost,-0.25,-2.3693361578991876,5.356262833675565,5.0,-2.160219934040788,5.356262833675565,-0.20911622385839967,-0.19779426393868657,-0.011321959919713104,1.0572410933171588,Alice Springs
dkasc_20,xgboost_w24,-2.0,-4.142329493214549,5.356262833675565,5.0,-2.125962567463771,5.356262833675565,-2.0163669257507784,-1.6030612928420285,-0.4133056329087499,1.2578227262764297,Alice Springs
dkasc_20,xgboost_w24,-1.0,-3.1111018556839682,5.356262833675565,5.0,-2.125962567463771,5.356262833675565,-0.9851392882201973,-0.7975028542279439,-0.18763643399225338,1.2352799529149054,Alice Springs
dkasc_20,xgboost_w24,-0.5,-2.5985911585744503,5.356262833675565,5.0,-2.125962567463771,5.356262833675565,-0.47262859111067934,-0.3977520501036612,-0.07487654100701813,1.1882492899471013,Alice Springs
dkasc_20,xgboost_w24,-0.25,-2.364871072262935,5.356262833675565,5.0,-2.125962567463771,5.356262833675565,-0.23890850479916415,-0.1986271188878108,-0.04028138591135336,1.202799024306974,Alice Springs
dkasc_21,gru,-2.0,-2.9164780847221423,4.988021902806297,5.0,-1.1346961558674615,4.988021902806297,-1.7817819288546808,-1.8144427797752214,0.03266085092054061,0.9819995145150917,Alice Springs
dkasc_21,gru,-1.0,-2.029187618982543,4.988021902806297,5.0,-1.1346961558674615,4.988021902806297,-0.8944914631150813,-0.902662488430889,0.008171025315807712,0.9909478621073403,Alice Springs
dkasc_21,gru,-0.5,-1.5769056621479158,4.988021902806297,5.0,-1.1346961558674615,4.988021902806297,-0.4422095062804543,-0.45020008821490454,0.007990581934450236,0.9822510431614222,Alice Springs
dkasc_21,gru,-0.25,-1.3589954426532518,4.988021902806297,5.0,-1.1346961558674615,4.988021902806297,-0.22429928678579025,-0.22481831689330026,0.0005190301075100046,0.9976913353205276,Alice Springs
dkasc_21,informer,-2.0,-2.939541458284863,4.987200547570157,5.0,-1.0983526256060572,4.986926762491445,-1.841188832678806,-1.8210817054349673,-0.020107127243838674,1.0110413097796929,Alice Springs
dkasc_21,informer,-1.0,-1.9805342350792166,4.986926762491445,5.0,-1.0983526256060572,4.986926762491445,-0.8821816094731594,-0.9059652705430239,0.023783661069864515,0.9737477121439667,Alice Springs
dkasc_21,informer,-0.5,-1.550117943355978,4.987200547570157,5.0,-1.0983526256060572,4.986926762491445,-0.4517653177499208,-0.45184734044627,8.202269634921544e-05,0.9998184725481216,Alice Springs
dkasc_21,informer,-0.25,-1.329240218284043,4.986652977412731,5.0,-1.0983526256060572,4.986926762491445,-0.23088759267798586,-0.22564091218781193,-0.005246680490173933,1.0232523456819163,Alice Springs
dkasc_21,lstm,-2.0,-2.9401007837507667,4.988021902806297,5.0,-1.1190176885687066,4.988021902806297,-1.82108309518206,-1.817285822386908,-0.0037972727951520735,1.0020895297527632,Alice Springs
dkasc_21,lstm,-1.0,-2.027677339539571,4.988021902806297,5.0,-1.1190176885687066,4.988021902806297,-0.9086596509708642,-0.9040768664135873,-0.004582784557276898,1.0050690209290019,Alice Springs
dkasc_21,lstm,-0.5,-1.5739683335495764,4.988021902806297,5.0,-1.1190176885687066,4.988021902806297,-0.4549506449808698,-0.4509055048027666,-0.0040451401781032015,1.0089711483559567,Alice Springs
dkasc_21,lstm,-0.25,-1.3439962738012017,4.988021902806297,5.0,-1.1190176885687066,4.988021902806297,-0.22497858523249503,-0.22517058375006743,0.00019199851757240038,0.9991473197147923,Alice Springs
dkasc_21,patchtst,-2.0,-2.9455716043824394,4.988021902806297,5.0,-1.1157430790858183,4.988021902806297,-1.829828525296621,-1.8178796211377095,-0.011948904158911589,1.0065729897733455,Alice Springs
dkasc_21,patchtst,-1.0,-2.0253425515631984,4.988021902806297,5.0,-1.1157430790858183,4.988021902806297,-0.9095994724773802,-0.9043722738323279,-0.005227198645052278,1.005779919172999,Alice Springs
dkasc_21,patchtst,-0.5,-1.5685734289839024,4.988021902806297,5.0,-1.1157430790858183,4.988021902806297,-0.45283034989808413,-0.45105283832740156,-0.0017775115706825662,1.0039408056432455,Alice Springs
dkasc_21,patchtst,-0.25,-1.3331700519419118,4.988021902806297,5.0,-1.1157430790858183,4.988021902806297,-0.21742697285609358,-0.22524415831368366,0.007817185457590081,0.9652946140041352,Alice Springs
dkasc_21,random_forest,-2.0,-2.671823085439411,4.988021902806297,5.0,-0.8674300309899869,4.988021902806297,-1.804393054449424,-1.8629072736066665,0.05851421915724253,0.9685898380524562,Alice Springs
dkasc_21,random_forest,-1.0,-1.729082275273654,4.988021902806297,5.0,-0.8674300309899869,4.988021902806297,-0.8616522442836672,-0.9267729652616079,0.06512072097794075,0.9297339009456771,Alice Springs
dkasc_21,random_forest,-0.5,-1.2969706961724525,4.988021902806297,5.0,-0.8674300309899869,4.988021902806297,-0.4295406651824656,-0.4622251130001503,0.0326844478176847,0.9292888964739696,Alice Springs
dkasc_21,random_forest,-0.25,-1.0981056623598626,4.988021902806297,5.0,-0.8674300309899869,4.988021902806297,-0.23067563136987568,-0.23082330423912387,0.0001476728692481888,0.9993602341421506,Alice Springs
dkasc_21,tcn,-2.0,-2.926499752490636,4.987474332648871,5.0,-1.11500841991398,4.988021902806297,-1.8114913325766562,-1.8180128399843483,0.006521507407692084,0.9964128375420339,Alice Springs
dkasc_21,tcn,-1.0,-2.029425043238946,4.988021902806297,5.0,-1.11500841991398,4.988021902806297,-0.914416623324966,-0.904438548534927,-0.009978074790038982,1.011032341341711,Alice Springs
dkasc_21,tcn,-0.5,-1.557803987640122,4.988021902806297,5.0,-1.11500841991398,4.988021902806297,-0.4427955677261419,-0.4510858926276954,0.008290324901553459,0.9816214050648755,Alice Springs
dkasc_21,tcn,-0.25,-1.3434443679856656,4.988021902806297,5.0,-1.11500841991398,4.988021902806297,-0.22843594807168555,-0.2252606647790369,-0.0031752832926486563,1.0140960397846794,Alice Springs
dkasc_21,xgboost,-2.0,-2.840327878571519,4.988021902806297,5.0,-1.0335036281903114,4.988021902806297,-1.8068242503812075,-1.832792447678873,0.02596819729766553,0.9858313485902057,Alice Springs
dkasc_21,xgboost,-1.0,-1.9114938902525167,4.988021902806297,5.0,-1.0335036281903114,4.988021902806297,-0.8779902620622053,-0.9117912176894897,0.03380095562728436,0.9629290620796533,Alice Springs
dkasc_21,xgboost,-0.5,-1.4634324289957934,4.988021902806297,5.0,-1.0335036281903114,4.988021902806297,-0.429928800805482,-0.4547530133338557,0.02482421252837369,0.9454116590753648,Alice Springs
dkasc_21,xgboost,-0.25,-1.2560806421633055,4.988021902806297,5.0,-1.0335036281903114,4.988021902806297,-0.22257701397299412,-0.22709193031315197,0.004514916340157854,0.9801185522799866,Alice Springs
dkasc_21,xgboost_w24,-2.0,-2.7707763628277777,4.988021902806297,5.0,-0.8724755428530795,4.988021902806297,-1.8983008199746982,-1.8619923496570734,-0.03630847031762485,1.0194997956486298,Alice Springs
dkasc_21,xgboost_w24,-1.0,-1.8251248242836386,4.988021902806297,5.0,-0.8724755428530795,4.988021902806297,-0.9526492814305592,-0.9263178020907049,-0.026331479339854247,1.02842596707137,Alice Springs
dkasc_21,xgboost_w24,-0.5,-1.3531736045447207,4.988021902806297,5.0,-0.8724755428530795,4.988021902806297,-0.4806980616916412,-0.46199810179461215,-0.01869995989702905,1.040476269976846,Alice Springs
dkasc_21,xgboost_w24,-0.25,-1.120234260158511,4.988021902806297,5.0,-0.8724755428530795,4.988021902806297,-0.24775871730543142,-0.23070994069593273,-0.01704877660949869,1.0738970178661194,Alice Springs
dkasc_7,gru,-2.0,-2.7536718243209686,6.4486652977412735,5.0,-1.1097950386943154,6.4486652977412735,-1.6438767856266532,-1.7534626572005532,0.10958587157389998,0.9375031620297768,Alice Springs
dkasc_7,gru,-1.0,-1.9335643185297502,6.4486652977412735,5.0,-1.1097950386943154,6.4486652977412735,-0.8237692798354348,-0.8723256435319334,0.04855636369649863,0.9443368837583402,Alice Springs
dkasc_7,gru,-0.5,-1.516936784931724,6.4486652977412735,5.0,-1.1097950386943154,6.4486652977412735,-0.4071417462374085,-0.43506968186179135,0.027927935624382838,0.9358081319183839,Alice Springs
dkasc_7,gru,-0.25,-1.317993089382886,6.4486652977412735,5.0,-1.1097950386943154,6.4486652977412735,-0.20819805068857056,-0.21726258205613863,0.009064531367568074,0.9582784514398072,Alice Springs
dkasc_7,informer,-2.0,-2.7524639549386607,6.4486652977412735,5.0,-1.0943861440129354,6.4486652977412735,-1.6580778109257253,-1.7571661867790453,0.09908837585332009,0.9436089900893478,Alice Springs
dkasc_7,informer,-1.0,-1.9095996305600877,6.4486652977412735,5.0,-1.0943861440129354,6.4486652977412735,-0.8152134865471523,-0.8741681029704798,0.058954616423327444,0.9325591768642715,Alice Springs
dkasc_7,informer,-0.5,-1.5065442722588984,6.4486652977412735,5.0,-1.0943861440129354,6.4486652977412735,-0.412158128245963,-0.4359886027346503,0.023830474488687303,0.9453415196195142,Alice Springs
dkasc_7,informer,-0.25,-1.3104146380433246,6.4486652977412735,5.0,-1.0943861440129354,6.4486652977412735,-0.21602849403038915,-0.2177214674482171,0.0016929734178279532,0.9922241318797348,Alice Springs
dkasc_7,lstm,-2.0,-2.798602773822516,6.4486652977412735,5.0,-1.1292067202733223,6.4486652977412735,-1.6693960535491938,-1.7487970573387415,0.07940100378954762,0.9545967878569185,Alice Springs
dkasc_7,lstm,-1.0,-1.9507043328299087,6.4486652977412735,5.0,-1.1292067202733223,6.4486652977412735,-0.8214976125565865,-0.8700045662137458,0.04850695365715929,0.9442451734842482,Alice Springs
dkasc_7,lstm,-0.5,-1.5782393089126603,6.4486652977412735,5.0,-1.1292067202733223,6.4486652977412735,-0.44903258863933804,-0.4339120518208907,-0.015120536818447328,1.0348470081782581,Alice Springs
dkasc_7,lstm,-0.25,-1.3691145793061121,6.4486652977412735,5.0,-1.1292067202733223,6.4486652977412735,-0.23990785903278988,-0.21668449145999424,-0.02322336757279564,1.107175956231659,Alice Springs
dkasc_7,patchtst,-2.0,-2.760901572010909,6.4486652977412735,5.0,-1.0709146176443052,6.4486652977412735,-1.6899869543666037,-1.762807570794968,0.07282061642836424,0.9586905470371195,Alice Springs
dkasc_7,patchtst,-1.0,-1.9196933261501266,6.4486652977412735,5.0,-1.0709146176443052,6.4486652977412735,-0.8487787085058214,-0.8769746206467429,0.028195912140921542,0.9678486566462688,Alice Springs
dkasc_7,patchtst,-0.5,-1.4964323074900632,6.4486652977412735,5.0,-1.0709146176443052,6.4486652977412735,-0.425517689845758,-0.4373883446333379,0.011870654787579926,0.9728601483481891,Alice Springs
dkasc_7,patchtst,-0.25,-1.289893876282091,6.4486652977412735,5.0,-1.0709146176443052,6.4486652977412735,-0.2189792586377859,-0.21842046246395722,-0.000558796173828674,1.0025583508409652,Alice Springs
dkasc_7,random_forest,-2.0,-2.790456675253143,6.4486652977412735,5.0,-0.9890302597602796,6.4486652977412735,-1.8014264154928634,-1.7824884854686056,-0.01893793002425781,1.0106244333013343,Alice Springs
dkasc_7,random_forest,-1.0,-1.8688821037558632,6.4486652977412735,5.0,-0.9890302597602796,6.4486652977412735,-0.8798518439955836,-0.8867656284492058,0.006913784453622229,0.9922033689265638,Alice Springs
dkasc_7,random_forest,-0.5,-1.4060690814852683,6.4486652977412735,5.0,-0.9890302597602796,6.4486652977412735,-0.41703882172498874,-0.44227157910123294,0.025232757376244197,0.9429473686111117,Alice Springs
dkasc_7,random_forest,-0.25,-1.2070141587500423,6.4486652977412735,5.0,-0.9890302597602796,6.4486652977412735,-0.21798389898976267,-0.22085902385656064,0.0028751248667979734,0.9869820810732857,Alice Springs
dkasc_7,tcn,-2.0,-2.695054748100973,6.4486652977412735,5.0,-1.012422276488915,6.4486652977412735,-1.682632471612058,-1.7768662116036433,0.09423373999158535,0.946966327922608,Alice Springs
dkasc_7,tcn,-1.0,-1.8798237871765333,6.4486652977412735,5.0,-1.012422276488915,6.4486652977412735,-0.8674015106876183,-0.8839686178329683,0.016567107145350035,0.9812582632334121,Alice Springs
dkasc_7,tcn,-0.5,-1.4362918774033329,6.4486652977412735,5.0,-1.012422276488915,6.4486652977412735,-0.42386960091441783,-0.4408765788189491,0.017006977904531262,0.9614246282937262,Alice Springs
dkasc_7,tcn,-0.25,-1.2385696671152697,6.4486652977412735,5.0,-1.012422276488915,6.4486652977412735,-0.2261473906263547,-0.2201623966818031,-0.005984993944551598,1.0271844512721289,Alice Springs
dkasc_7,xgboost,-2.0,-2.796618841417986,6.4486652977412735,5.0,-1.071314330316302,6.4486652977412735,-1.725304511101684,-1.76271149980907,0.03740698870738601,0.9787787231708435,Alice Springs
dkasc_7,xgboost,-1.0,-1.900139960712237,6.4486652977412735,5.0,-1.071314330316302,6.4486652977412735,-0.8288256303959349,-0.8769268265381805,0.04810119614224562,0.9451479933255853,Alice Springs
dkasc_7,xgboost,-0.5,-1.4897424705030373,6.4486652977412735,5.0,-1.071314330316302,6.4486652977412735,-0.41842814018673535,-0.43736450747142336,0.018936367284688005,0.9567034659621408,Alice Springs
dkasc_7,xgboost,-0.25,-1.2726019283392684,6.4486652977412735,5.0,-1.071314330316302,6.4486652977412735,-0.20128759802296647,-0.21840855879987225,0.01712096077690578,0.9216103944324191,Alice Springs
dkasc_7,xgboost_w24,-2.0,-3.0420799527395728,6.4486652977412735,5.0,-1.1234374150482744,6.4486652977412735,-1.9186425376912983,-1.7501837105017444,-0.16845882718955396,1.0962520826692301,Alice Springs
dkasc_7,xgboost_w24,-1.0,-2.070344779298506,6.4486652977412735,5.0,-1.1234374150482744,6.4486652977412735,-0.9469073642502317,-0.8706944087420738,-0.07621295550815788,1.0875312333959577,Alice Springs
dkasc_7,xgboost_w24,-0.5,-1.5730664878769602,6.4486652977412735,5.0,-1.1234374150482744,6.4486652977412735,-0.4496290728286858,-0.43425610862073355,-0.015372964207952255,1.0354006861452778,Alice Springs
dkasc_7,xgboost_w24,-0.25,-1.3652049092412024,6.4486652977412735,5.0,-1.1234374150482744,6.4486652977412735,-0.24176749419292798,-0.21685630455528496,-0.024911189637643022,1.1148741775745432,Alice Springs
dkasc_8,gru,-2.0,-2.8482455203398964,5.268651608487337,5.0,-0.997921937176255,5.268651608487337,-1.8503235831636413,-1.8279296141066526,-0.02239396905698876,1.0122510018351736,Alice Springs
dkasc_8,gru,-1.0,-1.9171605404802563,5.268651608487337,5.0,-0.997921937176255,5.268651608487337,-0.9192386033040013,-0.909372019078184,-0.00986658422581732,1.0108498876354464,Alice Springs
dkasc_8,gru,-0.5,-1.4819636565084198,5.268651608487337,5.0,-0.997921937176255,5.268651608487337,-0.4840417193321648,-0.45354644560541,-0.030495273726754757,1.0672373778302873,Alice Springs
dkasc_8,gru,-0.25,-1.2324348362941497,5.268651608487337,5.0,-0.997921937176255,5.268651608487337,-0.23451289911789475,-0.22648940149757021,-0.008023497620324532,1.0354254882006504,Alice Springs
dkasc_8,informer,-2.0,-2.8484060029428138,5.268651608487337,5.0,-1.0016292333746861,5.268651608487337,-1.8467767695681276,-1.8272153189963583,-0.01956145057176939,1.010705607800242,Alice Springs
dkasc_8,informer,-1.0,-1.9178697568802232,5.268651608487337,5.0,-1.0016292333746861,5.268651608487337,-0.9162405235055371,-0.9090166662343692,-0.007223857271167922,1.0079468919982435,Alice Springs
dkasc_8,informer,-0.5,-1.4889029779709944,5.268651608487337,5.0,-1.0016292333746861,5.268651608487337,-0.48727374459630823,-0.45336921448781814,-0.033904530108490094,1.0747834855677019,Alice Springs
dkasc_8,informer,-0.25,-1.2525944403558686,5.268651608487337,5.0,-1.0016292333746861,5.268651608487337,-0.2509652069811825,-0.22640089684685788,-0.02456431013432464,1.1084991732649383,Alice Springs
dkasc_8,lstm,-2.0,-2.8717240856452984,5.268651608487337,5.0,-1.0273171848534042,5.268651608487337,-1.8444069007918942,-1.8222659496574598,-0.022140951134434372,1.0121502303978167,Alice Springs
dkasc_8,lstm,-1.0,-1.9330927347671103,5.268651608487337,5.0,-1.0273171848534042,5.268651608487337,-0.9057755499137061,-0.9065544171662739,0.0007788672525678164,0.9991408488692798,Alice Springs
dkasc_8,lstm,-0.5,-1.4898385149244888,5.268651608487337,5.0,-1.0273171848534042,5.268651608487337,-0.46252133007108465,-0.4521411754789186,-0.010380154592166069,1.0229577732688715,Alice Springs
dkasc_8,lstm,-0.25,-1.251899755595225,5.268651608487337,5.0,-1.0273171848534042,5.268651608487337,-0.22458257074182075,-0.22578764582739488,0.001205075085574131,0.9946627944095074,Alice Springs
dkasc_8,patchtst,-2.0,-2.864335575475297,5.268651608487337,5.0,-0.9972578742334323,5.268651608487337,-1.8670777012418647,-1.828057560968084,-0.039020140273780646,1.0213451376515281,Alice Springs
dkasc_8,patchtst,-1.0,-1.9191959867414135,5.268651608487337,5.0,-0.9972578742334323,5.268651608487337,-0.9219381125079812,-0.9094356710343734,-0.012502441473607795,1.0137474720552668,Alice Springs
dkasc_8,patchtst,-0.5,-1.4580892750811123,5.268651608487337,5.0,-0.9972578742334323,5.268651608487337,-0.46083140084768004,-0.45357819181914866,-0.007253209028531382,1.0159910885473598,Alice Springs
dkasc_8,patchtst,-0.25,-1.217457522538574,5.268651608487337,5.0,-0.9972578742334323,5.268651608487337,-0.22019964830514172,-0.22650525473822317,0.006305606433081451,0.9721613238493342,Alice Springs
dkasc_8,random_forest,-2.0,-2.569424097374458,5.268651608487337,5.0,-0.8378623136557378,5.268651608487337,-1.7315617837187203,-1.8587687486987734,0.12720696498005313,0.9315638564134974,Alice Springs
dkasc_8,random_forest,-1.0,-1.6731447429390838,5.268651608487337,5.0,-0.8378623136557378,5.268651608487337,-0.835282429283346,-0.9247141011114501,0.08943167182810419,0.9032872195626597,Alice Springs
dkasc_8,random_forest,-0.5,-1.2522293133737143,5.268651608487337,5.0,-0.8378623136557378,5.268651608487337,-0.4143669997179765,-0.4611982609553347,0.0468312612373582,0.8984574201551605,Alice Springs
dkasc_8,random_forest,-0.25,-1.0408196476625053,5.268651608487337,5.0,-0.8378623136557378,5.268651608487337,-0.20295733400676752,-0.2303105208024763,0.027353186795708778,0.8812334464773843,Alice Springs
dkasc_8,tcn,-2.0,-2.854409818645419,5.268651608487337,5.0,-0.9910972764571065,5.268651608487337,-1.8633125421883125,-1.8292445405436526,-0.03406800164465995,1.018624082723535,Alice Springs
dkasc_8,tcn,-1.0,-1.9151595615135193,5.268651608487337,5.0,-0.9910972764571065,5.268651608487337,-0.9240622850564127,-0.9100261784614151,-0.014036106594997655,1.0154238492553351,Alice Springs
dkasc_8,tcn,-0.5,-1.438674474554438,5.268377823408624,5.0,-0.9910972764571065,5.268651608487337,-0.44757719809733143,-0.45387270554842507,0.00629550745109364,0.9861293543891637,Alice Springs
dkasc_8,tcn,-0.25,-1.218187761319664,5.268377823408624,5.0,-0.9910972764571065,5.268651608487337,-0.22709048486255756,-0.22665232730140375,-0.00043815756115381244,1.0019331703599546,Alice Springs
dkasc_8,xgboost,-2.0,-2.8304808421524417,5.268651608487337,5.0,-0.9523966076841356,5.268651608487337,-1.878084234468306,-1.8367011064585521,-0.041383128009753856,1.022531226155543,Alice Springs
dkasc_8,xgboost,-1.0,-1.903358707426961,5.268651608487337,5.0,-0.9523966076841356,5.268651608487337,-0.9509620997428253,-0.9137357263286264,-0.03722637341419888,1.0407408535548608,Alice Springs
dkasc_8,xgboost,-0.5,-1.4187814249223352,5.268651608487337,5.0,-0.9523966076841356,5.268651608487337,-0.4663848172381996,-0.4557228309258061,-0.010661986312393457,1.0233957695091411,Alice Springs
dkasc_8,xgboost,-0.25,-1.1866847765613104,5.268651608487337,5.0,-0.9523966076841356,5.268651608487337,-0.23428816887717485,-0.22757623221451395,-0.0067119366626609,1.0294931355412116,Alice Springs
dkasc_8,xgboost_w24,-2.0,-2.5809475503504995,5.268651608487337,5.0,-0.7656742581917724,5.268651608487337,-1.8152732921587271,-1.872677422912988,0.057404130754260985,0.9693464928599568,Alice Springs
dkasc_8,xgboost_w24,-1.0,-1.6121901355534085,5.268651608487337,5.0,-0.7656742581917724,5.268651608487337,-0.8465158773616361,-0.9316334918009338,0.08511761443929766,0.9086361587594308,Alice Springs
dkasc_8,xgboost_w24,-0.5,-1.1896609811573042,5.268651608487337,5.0,-0.7656742581917724,5.268651608487337,-0.42398672296553186,-0.46464928538442557,0.04066256241889371,0.9124876251875612,Alice Springs
dkasc_8,xgboost_w24,-0.25,-0.9691502656810579,5.268651608487337,5.0,-0.7656742581917724,5.268651608487337,-0.20347600748928552,-0.23203387342726634,0.02855786593798082,0.876923720161347,Alice Springs
pvdaq_10,gru,-2.0,-3.1364205552724087,6.424024640657083,5.0,-1.4066618925911338,6.424024640657083,-1.7297586626812749,-1.6835111227158301,-0.04624753996544473,1.0274708847131573,Golden
pvdaq_10,gru,-1.0,-2.26870647059881,6.424024640657083,5.0,-1.4066618925911338,6.424024640657083,-0.8620445780076762,-0.8375256339139054,-0.024518944093770756,1.029275455103612,Golden
pvdaq_10,gru,-0.5,-1.8289533108139697,6.424024640657083,5.0,-1.4066618925911338,6.424024640657083,-0.4222914182228359,-0.4177132860873864,-0.0045781321354494975,1.0109599868807901,Golden
pvdaq_10,gru,-0.25,-1.6147707946301548,6.424024640657083,5.0,-1.4066618925911338,6.424024640657083,-0.208108902039021,-0.20859524549295017,0.0004863434539291722,0.9976684825544329,Golden
pvdaq_10,informer,-2.0,-3.0880160211494134,6.423750855578371,5.0,-1.3459405367351207,6.423750855578371,-1.7420754844142927,-1.6980599431902108,-0.04401554122408191,1.025921076226195,Golden
pvdaq_10,informer,-1.0,-2.203042450080049,6.423750855578371,5.0,-1.3459405367351207,6.423750855578371,-0.8571019133449285,-0.8447634893257833,-0.0123384240191452,1.0146057733022915,Golden
pvdaq_10,informer,-0.5,-1.7674227089621872,6.424024640657083,5.0,-1.3459405367351207,6.423750855578371,-0.4214821722270665,-0.4213231437990748,-0.00015902842799170314,1.00037745001748,Golden
pvdaq_10,informer,-0.25,-1.5573575562417397,6.423750855578371,5.0,-1.3459405367351207,6.423750855578371,-0.21141701950661895,-0.21039791536399358,-0.0010191041426253766,1.004843698859194,Golden
pvdaq_10,lstm,-2.0,-3.1195078686809294,6.423750855578371,5.0,-1.3866798138444203,6.423750855578371,-1.7328280548365091,-1.6883092632858931,-0.044518791550616,1.026368860562887,Golden
pvdaq_10,lstm,-1.0,-2.2475243427577705,6.423750855578371,5.0,-1.3866798138444203,6.423750855578371,-0.8608445289133502,-0.839912648569364,-0.020931880343986187,1.0249214967528346,Golden
pvdaq_10,lstm,-0.5,-1.8086315512976054,6.423750855578371,5.0,-1.3866798138444203,6.423750855578371,-0.42195173745318515,-0.41890380216868023,-0.0030479352845049212,1.0072759790403565,Golden
pvdaq_10,lstm,-0.25,-1.6024631389285056,6.423750855578371,5.0,-1.3866798138444203,6.423750855578371,-0.21578332508408526,-0.20918975852979152,-0.006593566554293745,1.0315195476137744,Golden
pvdaq_10,patchtst,-2.0,-3.0464246990032278,6.424024640657083,5.0,-1.2963394483990462,6.423750855578371,-1.7500852506041815,-1.70993163973439,-0.04015361086979152,1.0234825825411529,Golden
pvdaq_10,patchtst,-1.0,-2.1674487922689463,6.423750855578371,5.0,-1.2963394483990462,6.423750855578371,-0.8711093438699,-0.850669509214596,-0.020439834655303968,1.024027938504785,Golden
pvdaq_10,patchtst,-0.5,-1.7299389622478452,6.424024640657083,5.0,-1.2963394483990462,6.423750855578371,-0.4335995138487989,-0.42426875271605163,-0.009330761132747278,1.0219925720973189,Golden
pvdaq_10,patchtst,-0.25,-1.5113801603898938,6.424024640657083,5.0,-1.2963394483990462,6.423750855578371,-0.2150407119908475,-0.21186887651277173,-0.003171835478075785,1.014970747616555,Golden
pvdaq_10,random_forest,-2.0,-3.074425184980902,6.424024640657083,5.0,-1.2406066768575172,6.424024640657083,-1.8338185081233846,-1.7232571909871663,-0.1105613171362183,1.0641583378931867,Golden
pvdaq_10,random_forest,-1.0,-2.152441163283833,6.424024640657083,5.0,-1.2406066768575172,6.424024640657083,-0.9118344864263159,-0.8572988035564295,-0.054535682869886415,1.0636133896882276,Golden
pvdaq_10,random_forest,-0.5,-1.696085436622628,6.424024640657083,5.0,-1.2406066768575172,6.424024640657083,-0.45547875976511065,-0.4275750925005751,-0.027903667264535525,1.0652602729998777,Golden
pvdaq_10,random_forest,-0.25,-1.4654867377116436,6.424024640657083,5.0,-1.2406066768575172,6.424024640657083,-0.22488006085412637,-0.21351997735635728,-0.011360083497769097,1.0532038436797393,Golden
pvdaq_10,tcn,-2.0,-3.1230544363036516,6.422381930184805,5.0,-1.3585393974030098,6.422381930184805,-1.7645150389006419,-1.6951196291465156,-0.06939540975412628,1.0409383553590648,Golden
pvdaq_10,tcn,-1.0,-2.2560363612069256,6.422108145106091,5.0,-1.3585393974030098,6.422381930184805,-0.8974969638039159,-0.8433007200276635,-0.05419624377625232,1.0642668060030525,Golden
pvdaq_10,tcn,-0.5,-1.794043128711813,6.422108145106091,5.0,-1.3585393974030098,6.422381930184805,-0.43550373130880327,-0.4205935921942482,-0.014910139114555077,1.0354502288938081,Golden
pvdaq_10,tcn,-0.25,-1.5817111916644762,6.422655715263518,5.0,-1.3585393974030098,6.422381930184805,-0.22317179426146638,-0.2100335961020088,-0.013138198159457576,1.062552841084893,Golden
pvdaq_10,xgboost,-2.0,-3.1170479767635966,6.424024640657083,5.0,-1.3821035670384105,6.424024640657083,-1.734944409725186,-1.689389269209067,-0.045555140516118975,1.0269654491989564,Golden
pvdaq_10,xgboost,-1.0,-2.2510547001906205,6.424024640657083,5.0,-1.3821035670384105,6.424024640657083,-0.86895113315221,-0.8404499379482293,-0.028501195203980645,1.0339118297439107,Golden
pvdaq_10,xgboost,-0.5,-1.8185234601966833,6.424024640657083,5.0,-1.3821035670384105,6.424024640657083,-0.4364198931582728,-0.41917177356315194,-0.017248119595120848,1.041148094129774,Golden
pvdaq_10,xgboost,-0.25,-1.5955737072245082,6.424024640657083,5.0,-1.3821035670384105,6.424024640657083,-0.21347014018609767,-0.20932357653529116,-0.004146563650806512,1.0198093483755635,Golden
pvdaq_10,xgboost_w24,-2.0,-3.1205146556987335,6.424024640657083,5.0,-1.3429854866750826,6.424024640657083,-1.777529169023651,-1.698752358985534,-0.07877681003811698,1.0463733337124907,Golden
pvdaq_10,xgboost_w24,-1.0,-2.236103393512813,6.424024640657083,5.0,-1.3429854866750826,6.424024640657083,-0.8931179068377304,-0.8451079574852657,-0.04800994935246472,1.0568092501404494,Golden
pvdaq_10,xgboost_w24,-0.5,-1.7952497592952041,6.424024640657083,5.0,-1.3429854866750826,6.424024640657083,-0.4522642726201216,-0.42149494621445577,-0.03076932640566582,1.0730004634266965,Golden
pvdaq_10,xgboost_w24,-0.25,-1.5694463123926283,6.424024640657083,5.0,-1.3429854866750826,6.424024640657083,-0.22646082571754578,-0.2104837090607858,-0.015977116656759965,1.0759066662596006,Golden
pvdaq_1278,gru,-2.0,-2.0533570771361944,3.3767967145790565,5.0,-0.010906157351028659,3.3767967145790565,-2.042450919785166,-2.0189343516106617,-0.023516568174504204,1.0116480103257162,Las Vegas
pvdaq_1278,gru,-1.0,-1.0252132273100796,3.3767967145790565,5.0,-0.010906157351028659,3.3767967145790565,-1.0143070699590508,-1.0043944764294248,-0.009912593529626035,1.0098692234597555,Las Vegas
pvdaq_1278,gru,-0.5,-0.5169142746562668,3.3767967145790565,5.0,-0.010906157351028659,3.3767967145790565,-0.5060081173052382,-0.5009385985199386,-0.005069518785299598,1.0101200402609778,Las Vegas
pvdaq_1278,gru,-0.25,-0.26030575925736354,3.3767967145790565,5.0,-0.010906157351028659,3.3767967145790565,-0.2493996019063349,-0.25015582078780413,0.0007562188814692339,0.9969770086536955,Las Vegas
pvdaq_1278,informer,-2.0,-2.082393909211823,3.3767967145790565,5.0,-0.07593218750372618,3.3767967145790565,-2.0064617217080967,-2.0113761023215546,0.004914380613457947,0.9975567072673351,Las Vegas
pvdaq_1278,informer,-1.0,-1.0843272093404088,3.3767967145790565,5.0,-0.07593218750372618,3.3767967145790565,-1.0083950218366826,-1.0006343423609745,-0.007760679475708132,1.0077557596688087,Las Vegas
pvdaq_1278,informer,-0.5,-0.5544317136818241,3.3767967145790565,5.0,-0.07593218750372618,3.3767967145790565,-0.4784995261780979,-0.4990632434331677,0.020563717255069835,0.9587953680707731,Las Vegas
pvdaq_1278,informer,-0.25,-0.3124681598810201,3.3767967145790565,5.0,-0.07593218750372618,3.3767967145790565,-0.23653597237729393,-0.24921931680830278,0.012683344431008853,0.9491076992207439,Las Vegas
pvdaq_1278,lstm,-2.0,-2.0265946365068452,3.3767967145790565,5.0,-0.0011396871037351376,3.3767967145790565,-2.02545494940311,-2.020069549571084,-0.005385399832026128,1.002665947730943,Las Vegas
pvdaq_1278,lstm,-1.0,-1.0062019750738496,3.3767967145790565,5.0,-0.0011396871037351376,3.3767967145790565,-1.0050622879701143,-1.0049592231534539,-0.00010306481666044753,1.0001025562174921,Las Vegas
pvdaq_1278,lstm,-0.5,-0.4988984534566951,3.3767967145790565,5.0,-0.0011396871037351376,3.3767967145790565,-0.49775876635295996,-0.5012202641792914,0.0034614978263314833,0.9930938589803439,Las Vegas
pvdaq_1278,lstm,-0.25,-0.2507092909814639,3.3767967145790565,5.0,-0.0011396871037351376,3.3767967145790565,-0.24956960387772875,-0.25029647735611676,0.0007268734783880126,0.9970959500266804,Las Vegas
pvdaq_1278,patchtst,-2.0,-2.157460041579074,3.3767967145790565,5.0,-0.1275910251498415,3.3767967145790565,-2.0298690164292323,-2.0053715781025927,-0.024497438326639642,1.0122159098065098,Las Vegas
pvdaq_1278,patchtst,-1.0,-1.1427965926749408,3.3767967145790565,5.0,-0.1275910251498415,3.3767967145790565,-1.0152055675250993,-0.9976471669957621,-0.017558400529337215,1.0175998099430394,Las Vegas
pvdaq_1278,patchtst,-0.5,-0.627521426951735,3.3767967145790565,5.0,-0.1275910251498415,3.3767967145790565,-0.49993040180189346,-0.49757339907808684,-0.0023570027238066227,1.0047369950406788,Las Vegas
pvdaq_1278,patchtst,-0.25,-0.37824402678933333,3.3767967145790565,5.0,-0.1275910251498415,3.3767967145790565,-0.25065300163949183,-0.2484753269488819,-0.002177674690609921,1.0087641486072294,Las Vegas
pvdaq_1278,random_forest,-2.0,-1.791482625848234,3.3767967145790565,5.0,-0.07181688055464848,3.3767967145790565,-1.7196657452935855,-2.0118544417765283,0.29218869648294277,0.8547664828947907,Las Vegas
pvdaq_1278,random_forest,-1.0,-0.8920221542103054,3.3767967145790565,5.0,-0.07181688055464848,3.3767967145790565,-0.8202052736556569,-1.0008723102305341,0.18066703657487726,0.819490423775173,Las Vegas
pvdaq_1278,random_forest,-0.5,-0.4635427491059373,3.3767967145790565,5.0,-0.07181688055464848,3.3767967145790565,-0.3917258685512888,-0.4991819291625972,0.10745606061130836,0.7847356758455353,Las Vegas
pvdaq_1278,random_forest,-0.25,-0.24646541738206604,3.3767967145790565,5.0,-0.07181688055464848,3.3767967145790565,-0.17464853682741754,-0.24927858540159736,0.07463004857417982,0.7006158854201296,Las Vegas
pvdaq_1278,tcn,-2.0,-2.002775377348989,3.3767967145790565,5.0,-0.003685678086710042,3.3767967145790565,-1.999089699262279,-2.019773618318754,0.02068391905647471,0.9897592884326849,Las Vegas
pvdaq_1278,tcn,-1.0,-1.0060998835996948,3.3767967145790565,5.0,-0.003685678086710042,3.3767967145790565,-1.0024142055129848,-1.004812001073149,0.002397795560164173,0.9976136873787302,Las Vegas
pvdaq_1278,tcn,-0.5,-0.5132313848678002,3.3767967145790565,5.0,-0.003685678086710042,3.3767967145790565,-0.5095457067810901,-0.5011468376279614,-0.008398869153128707,1.0167592979193132,Las Vegas
pvdaq_1278,tcn,-0.25,-0.24752966958864392,3.3767967145790565,5.0,-0.003685678086710042,3.3767967145790565,-0.24384399150193387,-0.2502598100294826,0.0064158185275487445,0.9743633685057425,Las Vegas
pvdaq_1278,xgboost,-2.0,-2.0816992895275277,3.3767967145790565,5.0,-0.09966190718957471,3.3767967145790565,-1.982037382337953,-2.008617897083974,0.026580514746020967,0.9867667639601293,Las Vegas
pvdaq_1278,xgboost,-1.0,-1.0736652206840538,3.3767967145790565,5.0,-0.09966190718957471,3.3767967145790565,-0.9740033134944791,-0.9992621699060974,0.02525885641161829,0.9747224930830796,Las Vegas
pvdaq_1278,xgboost,-0.5,-0.583223804084778,3.3767967145790565,5.0,-0.09966190718957471,3.3767967145790565,-0.48356189689520335,-0.49837887672008363,0.014816979824880283,0.9702696472162036,Las Vegas
pvdaq_1278,xgboost,-0.25,-0.34226509023879376,3.3767967145790565,5.0,-0.09966190718957471,3.3767967145790565,-0.24260318304921905,-0.24887756171628708,0.006274378667068037,0.9747892954921318,Las Vegas
pvdaq_1278,xgboost_w24,-2.0,-1.998680384056144,3.3767967145790565,5.0,-0.07229646682693765,3.3767967145790565,-1.9263839172292063,-2.0117986974447106,0.0854147802155043,0.9575430780803298,Las Vegas
pvdaq_1278,xgboost_w24,-1.0,-0.9810892156826583,3.3767967145790565,5.0,-0.07229646682693765,3.3767967145790565,-0.9087927488557206,-1.0008445781257607,0.09205182927004008,0.9080258500851135,Las Vegas
pvdaq_1278,xgboost_w24,-0.5,-0.5191627245556614,3.3767967145790565,5.0,-0.07229646682693765,3.3767967145790565,-0.44686625772872374,-0.49916809786222144,0.0523018401334977,0.8952219896313689,Las Vegas
pvdaq_1278,xgboost_w24,-0.25,-0.29536086773940246,3.3767967145790565,5.0,-0.07229646682693765,3.3767967145790565,-0.22306440091246482,-0.24927167840679143,0.02620727749432661,0.8948646004960161,Las Vegas
pvdaq_1423,gru,-2.0,-2.4134578994008744,4.298083504449007,5.0,-0.4918453593666059,4.298083504449007,-1.9216125400342685,-1.9447244547010059,0.023111914666737343,0.9881155838757164,Henderson
pvdaq_1423,gru,-1.0,-1.435956373701298,4.298083504449007,5.0,-0.4918453593666059,4.298083504449007,-0.944111014334692,-0.967475985002008,0.02336497066731602,0.9758495600619301,Henderson
pvdaq_1423,gru,-0.5,-0.9691980269875511,4.298083504449007,5.0,-0.4918453593666059,4.298083504449007,-0.4773526676209452,-0.4825256165799488,0.005172948959003609,0.98927943143067,Henderson
pvdaq_1423,gru,-0.25,-0.7231465515163231,4.298083504449007,5.0,-0.4918453593666059,4.298083504449007,-0.23130119214971723,-0.24096085233466782,0.009659660184950597,0.9599119106221686,Henderson
pvdaq_1423,informer,-2.0,-2.4541417612513348,4.298083504449007,5.0,-0.5045097136858162,4.298083504449007,-1.9496320475655184,-1.9427810092369944,-0.006851038328524073,1.003526407915226,Henderson
pvdaq_1423,informer,-1.0,-1.4656799292659546,4.298083504449007,5.0,-0.5045097136858162,4.298083504449007,-0.9611702155801384,-0.9665091452988063,0.005338929718667895,0.9944760691146721,Henderson
pvdaq_1423,informer,-0.5,-0.97162207250168,4.298083504449007,5.0,-0.5045097136858162,4.298083504449007,-0.46711235881586377,-0.4820434083069234,0.014931049491059611,0.9690255084215303,Henderson
pvdaq_1423,informer,-0.25,-0.7373571371746122,4.298083504449007,5.0,-0.5045097136858162,4.298083504449007,-0.23284742348879595,-0.24072004995552246,0.007872626466726512,0.9672955099993493,Henderson
pvdaq_1423,lstm,-2.0,-2.416176915005203,4.298083504449007,5.0,-0.44855033671308686,4.298083504449007,-1.967626578292116,-1.9513684187965648,-0.016258159495551316,1.00833167091306,Henderson
pvdaq_1423,lstm,-1.0,-1.4186408416413139,4.298083504449007,5.0,-0.44855033671308686,4.298083504449007,-0.970090504928227,-0.9707812736726629,0.0006907687444358546,0.9992884403900556,Henderson
pvdaq_1423,lstm,-0.5,-0.9296087147208161,4.298083504449007,5.0,-0.44855033671308686,4.298083504449007,-0.4810583780077292,-0.48417411894952356,0.0031157409417943427,0.9935648337656826,Henderson
pvdaq_1423,lstm,-0.25,-0.6880377628159,4.298083504449007,5.0,-0.44855033671308686,4.298083504449007,-0.23948742610281315,-0.24178407191596984,0.0022966458131566947,0.9905012526468043,Henderson
pvdaq_1423,patchtst,-2.0,-2.3401450427443393,4.298083504449007,5.0,-0.37422231503339093,4.298083504449007,-1.9659227277109483,-1.9627746423545438,-0.0031480853564045397,1.0016038954694402,Henderson
pvdaq_1423,patchtst,-1.0,-1.346275525784438,4.298083504449007,5.0,-0.37422231503339093,4.298083504449007,-0.9720532107510471,-0.9764557265984917,0.004402515847444555,0.9954913308125287,Henderson
pvdaq_1423,patchtst,-0.5,-0.870530143400055,4.298083504449007,5.0,-0.37422231503339093,4.298083504449007,-0.49630782836666404,-0.48700423456917247,-0.009303593797491572,1.0191037225902604,Henderson
pvdaq_1423,patchtst,-0.25,-0.6149992938740882,4.298083504449007,5.0,-0.37422231503339093,4.298083504449007,-0.24077697884069732,-0.24319735868973696,0.0024203798490396444,0.9900476721372312,Henderson
pvdaq_1423,random_forest,-2.0,-1.7117495355886032,4.298083504449007,5.0,-0.2354073160557939,4.298083504449007,-1.4763422195328093,-1.9840769032752272,0.5077346837424179,0.7440952601664422,Henderson
pvdaq_1423,random_forest,-1.0,-0.923807119174036,4.298083504449007,5.0,-0.2354073160557939,4.298083504449007,-0.6883998031182421,-0.9870533337901884,0.29865353067194633,0.6974291859942908,Henderson
pvdaq_1423,random_forest,-0.5,-0.5811605692363798,4.298083504449007,5.0,-0.2354073160557939,4.298083504449007,-0.3457532531805859,-0.4922897579555075,0.14653650477492158,0.7023368810606754,Henderson
pvdaq_1423,random_forest,-0.25,-0.39346723177380183,4.298083504449007,5.0,-0.2354073160557939,4.298083504449007,-0.15805991571800793,-0.24583681279630476,0.08777689707829683,0.6429464892590072,Henderson
pvdaq_1423,tcn,-2.0,-2.4561361350012265,4.298083504449007,5.0,-0.5114935085913173,4.298083504449007,-1.9446426264099093,-1.9417092906014777,-0.002933335808431581,1.001510697725262,Henderson
pvdaq_1423,tcn,-1.0,-1.4795216051439422,4.298083504449007,5.0,-0.5114935085913173,4.298083504449007,-0.9680280965526249,-0.9659759787414386,-0.0020521178111863048,1.0021243983870696,Henderson
pvdaq_1423,tcn,-0.5,-0.9851673390685235,4.298083504449007,5.0,-0.5114935085913173,4.298083504449007,-0.47367383047720624,-0.48177749315675755,0.008103662679551316,0.9831796570104312,Henderson
pvdaq_1423,tcn,-0.25,-0.7648958318510669,4.298083504449007,5.0,-0.5114935085913173,4.298083504449007,-0.25340232325974965,-0.24058725878541462,-0.01281506447433503,1.0532657653569473,Henderson
pvdaq_1423,xgboost,-2.0,-2.2413409038458614,4.298083504449007,5.0,-0.32171522813548625,4.298083504449007,-1.9196256757103751,-1.9708322706621642,0.05120659495178903,0.9740177813637156,Henderson
pvdaq_1423,xgboost,-1.0,-1.2600269470381353,4.298083504449007,5.0,-0.32171522813548625,4.298083504449007,-0.9383117189026491,-0.9804642954550464,0.04215257655239735,0.9570075353607509,Henderson
pvdaq_1423,xgboost,-0.5,-0.7925470424074608,4.298083504449007,5.0,-0.32171522813548625,4.298083504449007,-0.4708318142719745,-0.4890034957282061,0.018171681456231603,0.9628393628778236,Henderson
pvdaq_1423,xgboost,-0.25,-0.5595270371117583,4.298083504449007,5.0,-0.32171522813548625,4.298083504449007,-0.23781180897627208,-0.24419573816715173,0.006383929190879656,0.9738573275733835,Henderson
pvdaq_1423,xgboost_w24,-2.0,-2.202593711943851,4.298083504449007,5.0,-0.2924386437432424,4.298083504449007,-1.9101550682006083,-1.9753249943893072,0.06516992618869888,0.967007997988277,Henderson
pvdaq_1423,xgboost_w24,-1.0,-1.223612365900405,4.298083504449007,5.0,-0.2924386437432424,4.298083504449007,-0.9311737221571625,-0.9826993690680473,0.05152564691088479,0.9475672331409456,Henderson
pvdaq_1423,xgboost_w24,-0.5,-0.7568454542018793,4.298083504449007,5.0,-0.2924386437432424,4.298083504449007,-0.4644068104586369,-0.49011823169057994,0.025711421231943032,0.9475403697119044,Henderson
pvdaq_1423,xgboost_w24,-0.25,-0.5281771933436683,4.298083504449007,5.0,-0.2924386437432424,4.298083504449007,-0.2357385496004259,-0.24475240856638475,0.009013858965958854,0.9631715208902061,Henderson
pvdaq_1430,gru,-2.0,-2.156021745923412,4.2890485968514716,5.0,-0.25626835677405435,4.291238877481177,-1.8997533891493577,-1.980946482534545,0.08119309338518743,0.9590129798553144,Golden
pvdaq_1430,gru,-1.0,-1.2053783310022659,4.290417522245038,5.0,-0.25626835677405435,4.291238877481177,-0.9491099742282115,-0.9854959887985928,0.036386014570381264,0.9630784752206459,Golden
pvdaq_1430,gru,-0.5,-0.7224736463002565,4.291238877481177,5.0,-0.25626835677405435,4.291238877481177,-0.4662052895262021,-0.4915130370198495,0.025307747493647392,0.9485105265018121,Golden
pvdaq_1430,gru,-0.25,-0.4936185426797106,4.291238877481177,5.0,-0.25626835677405435,4.291238877481177,-0.23735018590565626,-0.24544893838663323,0.008098752480976967,0.9670043287446624,Golden
pvdaq_1430,informer,-2.0,-2.197346025893225,4.291238877481177,5.0,-0.2304232335139959,4.291238877481177,-1.966922792379229,-1.9849054738919925,0.0179826815127635,0.9909402831775646,Golden
pvdaq_1430,informer,-1.0,-1.2014432822537464,4.291238877481177,5.0,-0.2304232335139959,4.291238877481177,-0.9710200487397505,-0.9874655372628506,0.016445488523100127,0.9833457595201902,Golden
pvdaq_1430,informer,-0.5,-0.7167051994071243,4.291238877481177,5.0,-0.2304232335139959,4.291238877481177,-0.4862819658931284,-0.49249534314613347,0.006213377253005081,0.9873838862854761,Golden
pvdaq_1430,informer,-0.25,-0.441271530111422,4.290691307323751,5.0,-0.2304232335139959,4.291238877481177,-0.2108482965974261,-0.24593947674005914,0.035091180142633044,0.857317822222896,Golden
pvdaq_1430,lstm,-2.0,-2.2174971432295436,4.289869952087612,5.0,-0.23518430809428725,4.290143737166325,-1.9823128351352564,-1.9841865724281473,0.0018737372928909757,0.9990556647651344,Golden
pvdaq_1430,lstm,-1.0,-1.2041821035239146,4.290143737166325,5.0,-0.23518430809428725,4.290143737166325,-0.9689977954296274,-0.987107892816013,0.018110097386385582,0.9816533759701573,Golden
pvdaq_1430,lstm,-0.5,-0.7163174689871371,4.290143737166325,5.0,-0.23518430809428725,4.290143737166325,-0.48113316089284985,-0.4923169690987132,0.011183808205863344,0.9772833176432297,Golden
pvdaq_1430,lstm,-0.25,-0.47248898829924413,4.290143737166325,5.0,-0.23518430809428725,4.290143737166325,-0.23730468020495687,-0.24585040133965777,0.008545721134700895,0.9652401578840848,Golden
pvdaq_1430,patchtst,-2.0,-2.186315741829674,4.291238877481177,5.0,-0.2278547504507408,4.291238877481177,-1.9584609913789333,-1.9852989176433287,0.026837926264395406,0.98648166982519,Golden
pvdaq_1430,patchtst,-1.0,-1.2059276386279234,4.291238877481177,5.0,-0.2278547504507408,4.291238877481177,-0.9780728881771826,-0.9876612705863795,0.009588382409196905,0.9902918311219147,Golden
pvdaq_1430,patchtst,-0.5,-0.6959259766229773,4.291238877481177,5.0,-0.2278547504507408,4.291238877481177,-0.4680712261722365,-0.4925929645280439,0.0245217383558074,0.950219064985425,Golden
pvdaq_1430,patchtst,-0.25,-0.44960599513163757,4.291238877481177,5.0,-0.2278547504507408,4.291238877481177,-0.22175124468089677,-0.2459882263412885,0.024236981660391732,0.9014709686683747,Golden
pvdaq_1430,random_forest,-2.0,-1.9891991995257012,4.291238877481177,5.0,-0.27624955702800646,4.291238877481177,-1.7129496424976947,-1.977885734929635,0.2649360924319404,0.8660508603944375,Golden
pvdaq_1430,random_forest,-1.0,-1.1379974226271994,4.291238877481177,5.0,-0.27624955702800646,4.291238877481177,-0.8617478655991929,-0.9839733053167531,0.12222543971756017,0.875783784928785,Golden
pvdaq_1430,random_forest,-0.5,-0.6767005082052802,4.291238877481177,5.0,-0.27624955702800646,4.291238877481177,-0.4004509511772737,-0.49075360340359364,0.09030265222631995,0.8159918712770909,Golden
pvdaq_1430,random_forest,-0.25,-0.4873564872697032,4.291238877481177,5.0,-0.27624955702800646,4.291238877481177,-0.21110693024169674,-0.24506969681856555,0.03396276657686881,0.8614158869180275,Golden
pvdaq_1430,tcn,-2.0,-2.092851872315068,4.290417522245038,5.0,-0.13773891900871382,4.290417522245038,-1.9551129533063545,-1.9991075550664357,0.04399460176008119,0.9779928790481615,Golden
pvdaq_1430,tcn,-1.0,-1.1009649899123697,4.290143737166325,5.0,-0.13773891900871382,4.290417522245038,-0.9632260709036559,-0.9945308942290307,0.031304823325374875,0.9685230257732288,Golden
pvdaq_1430,tcn,-0.5,-0.6034078962256908,4.290691307323751,5.0,-0.13773891900871382,4.290417522245038,-0.465668977216977,-0.49601916779843885,0.030350190581461878,0.938812464211474,Golden
pvdaq_1430,tcn,-0.25,-0.34298436024680934,4.290143737166325,5.0,-0.13773891900871382,4.290417522245038,-0.20524544123809552,-0.2476991839193706,0.04245374268127508,0.8286076602695052,Golden
pvdaq_1430,xgboost,-2.0,-2.1126381649599546,4.291238877481177,5.0,-0.2346804647522626,4.291238877481177,-1.877957700207692,-1.9842533453836717,0.10629564517597978,0.9464304064683703,Golden
pvdaq_1430,xgboost,-1.0,-1.1690637180815586,4.291238877481177,5.0,-0.2346804647522626,4.291238877481177,-0.9343832533292961,-0.9871411115225301,0.052757858193234086,0.946554897190066,Golden
pvdaq_1430,xgboost,-0.5,-0.6937711183189699,4.291238877481177,5.0,-0.2346804647522626,4.291238877481177,-0.4590906535667073,-0.49233353682452,0.033242883257812716,0.9324789380138016,Golden
pvdaq_1430,xgboost,-0.25,-0.47969698632737723,4.291238877481177,5.0,-0.2346804647522626,4.291238877481177,-0.24501652157511464,-0.24585867483477283,0.000842153259658196,0.9965746449246741,Golden
pvdaq_1430,xgboost_w24,-2.0,-2.2520318166666,4.290691307323751,5.0,-0.4351694985509562,4.291238877481177,-1.8168623181156436,-1.9535421607595809,0.1366798426439373,0.9300348641614199,Golden
pvdaq_1430,xgboost_w24,-1.0,-1.3243756156176605,4.290965092402464,5.0,-0.4351694985509562,4.291238877481177,-0.8892061170667043,-0.9718626829909472,0.08265656592424298,0.9149503655497256,Golden
pvdaq_1430,xgboost_w24,-0.5,-0.8881288307518689,4.290965092402464,5.0,-0.4351694985509562,4.291238877481177,-0.45295933220091267,-0.4847134684591441,0.031754136258231425,0.9344888509923716,Golden
pvdaq_1430,xgboost_w24,-0.25,-0.6609062233044547,4.290965092402464,5.0,-0.4351694985509562,4.291238877481177,-0.22573672475349849,-0.24205340915544243,0.01631668440194395,0.9325905614844463,Golden
pvdaq_2107,gru,-2.0,-1.4922710719080856,3.260438056125941,5.0,0.7083153530279918,3.260438056125941,-2.2005864249360774,-2.09920245075704,-0.10138397417903722,1.0482964252173366,Arbuckle
pvdaq_2107,gru,-1.0,-0.4032121373961212,3.260438056125941,5.0,0.7083153530279918,3.260438056125941,-1.111527490424113,-1.0443268473615426,-0.06720064306257045,1.0643482863936236,Arbuckle
pvdaq_2107,gru,-0.5,0.1449976536581949,3.260438056125941,5.0,0.7083153530279918,3.260438056125941,-0.5633176993697968,-0.5208547434209198,-0.04246295594887706,1.081525524122109,Arbuckle
pvdaq_2107,gru,-0.25,0.42438662106004205,3.260438056125941,5.0,0.7083153530279918,3.260438056125941,-0.2839287319679497,-0.2601014300687697,-0.02382730189918003,1.091607731233466,Arbuckle
pvdaq_2107,informer,-2.0,-1.62272559134029,3.260438056125941,5.0,0.5173353630526554,3.260438056125941,-2.140060954392945,-2.0779019080383954,-0.06215904635454983,1.029914331429259,Arbuckle
pvdaq_2107,informer,-1.0,-0.623408920487379,3.260438056125941,5.0,0.5173353630526554,3.260438056125941,-1.1407442835400343,-1.0337300949537744,-0.10701418858625988,1.1035223692418912,Arbuckle
pvdaq_2107,informer,-0.5,-0.03286790701801486,3.260438056125941,5.0,0.5173353630526554,3.260438056125941,-0.5502032700706703,-0.5155696463553913,-0.034633623715279005,1.067175451386844,Arbuckle
pvdaq_2107,informer,-0.25,0.3425722641664729,3.260438056125941,5.0,0.5173353630526554,3.260438056125941,-0.17476309888618247,-0.2574621888558212,0.0826990899696387,0.6787913194665248,Arbuckle
pvdaq_2107,lstm,-2.0,-1.3210417662270628,3.260438056125941,5.0,0.9100961851917366,3.260438056125941,-2.2311379514187992,-2.1217076421954877,-0.10943030922331154,1.051576525929876,Arbuckle
pvdaq_2107,lstm,-1.0,-0.21120440183833952,3.260438056125941,5.0,0.9100961851917366,3.260438056125941,-1.121300587030076,-1.0555228973736346,-0.06577768965644148,1.0623176340561729,Arbuckle
pvdaq_2107,lstm,-0.5,0.3768823661120791,3.260438056125941,5.0,0.9100961851917366,3.260438056125941,-0.5332138190796576,-0.5264387382891059,-0.0067750807905516686,1.012869647117099,Arbuckle
pvdaq_2107,lstm,-0.25,0.6530002526619855,3.260438056125941,5.0,0.9100961851917366,3.260438056125941,-0.25709593252975116,-0.2628899331381142,0.005794000608363048,0.9779603557306279,Arbuckle
pvdaq_2107,patchtst,-2.0,-1.5028899397083086,3.260438056125941,5.0,0.6700313353072349,3.260438056125941,-2.1729212750155433,-2.094932525122383,-0.0779887498931604,1.0372273326028028,Arbuckle
pvdaq_2107,patchtst,-1.0,-0.38867249902024653,3.260438056125941,5.0,0.6700313353072349,3.260438056125941,-1.0587038343274815,-1.0422026130005824,-0.01650122132689913,1.015833026247546,Arbuckle
pvdaq_2107,patchtst,-0.5,0.1483994187182708,3.260438056125941,5.0,0.6700313353072349,3.260438056125941,-0.5216319165889641,-0.5197952881882604,-0.0018366284007037548,1.003533368698099,Arbuckle
pvdaq_2107,patchtst,-0.25,0.4114451216967664,3.260438056125941,5.0,0.6700313353072349,3.260438056125941,-0.2585862136104685,-0.25957236544069573,0.000986151830227211,0.9962008597157369,Arbuckle
pvdaq_2107,random_forest,-2.0,-1.2749579108245845,3.260438056125941,5.0,0.5749494405692475,3.260438056125941,-1.849907351393832,-2.0843277703472998,0.23442041895346777,0.88753188328225,Arbuckle
pvdaq_2107,random_forest,-1.0,-0.40911610830041234,3.260438056125941,5.0,0.5749494405692475,3.260438056125941,-0.9840655488696598,-1.0369268807255412,0.05286133185588138,0.9490211577706481,Arbuckle
pvdaq_2107,random_forest,-0.5,0.04727241426648318,3.260438056125941,5.0,0.5749494405692475,3.260438056125941,-0.5276770263027643,-0.5171640332440669,-0.01051299305869735,1.0203281596996439,Arbuckle
pvdaq_2107,random_forest,-0.25,0.33507168322484343,3.260438056125941,5.0,0.5749494405692475,3.260438056125941,-0.23987775734440403,-0.25825838456117983,0.018380627216775802,0.9288285363977349,Arbuckle
pvdaq_2107,tcn,-2.0,-1.4663417791778846,3.260438056125941,5.0,0.5982728888044191,3.260438056125941,-2.064614667982304,-2.0869291010183484,0.022314433036044523,0.9893075270141396,Arbuckle
pvdaq_2107,tcn,-1.0,-0.40224608012864405,3.260438056125941,5.0,0.5982728888044191,3.260438056125941,-1.0005189689330631,-1.0382210100543543,0.03770204112129116,0.9636859197067131,Arbuckle
pvdaq_2107,tcn,-0.5,0.1424310013038434,3.260438056125941,5.0,0.5982728888044191,3.260438056125941,-0.4558418875005757,-0.5178094761925226,0.06196758869194691,0.8803274340446654,Arbuckle
pvdaq_2107,tcn,-0.25,0.34203727726213456,3.260438056125941,5.0,0.5982728888044191,3.260438056125941,-0.2562356115422845,-0.2585807021286815,0.0023450905863969806,0.9909309141513973,Arbuckle
pvdaq_2107,xgboost,-2.0,-1.3396965678096062,3.260438056125941,5.0,0.802857114993223,3.260438056125941,-2.1425536828028293,-2.1097469629841927,-0.03280671981863659,1.0155500732524967,Arbuckle
pvdaq_2107,xgboost,-1.0,-0.26187661665982737,3.260438056125941,5.0,0.802857114993223,3.260438056125941,-1.0647337316530503,-1.0495726097258045,-0.015161121927245835,1.0144450434269685,Arbuckle
pvdaq_2107,xgboost,-0.5,0.2919795681575746,3.260438056125941,5.0,0.802857114993223,3.260438056125941,-0.5108775468356483,-0.5234710509660027,0.012593504130354316,0.9759423102631664,Arbuckle
pvdaq_2107,xgboost,-0.25,0.5406041779328831,3.260438056125941,5.0,0.802857114993223,3.260438056125941,-0.2622529370603399,-0.261407946602547,-0.0008449904577929046,1.0032324589545767,Arbuckle
pvdaq_2107,xgboost_w24,-2.0,-1.4495480280960238,3.260438056125941,5.0,0.5680941783990563,3.260438056125941,-2.01764220649508,-2.0835631834148023,0.06592097691972221,0.9683614217008372,Arbuckle
pvdaq_2107,xgboost_w24,-1.0,-0.3906461776385896,3.260438056125941,5.0,0.5680941783990563,3.260438056125941,-0.958740356037646,-1.0365465083319871,0.07780615229434118,0.9249371333857976,Arbuckle
pvdaq_2107,xgboost_w24,-0.5,0.08902786937107317,3.260438056125941,5.0,0.5680941783990563,3.260438056125941,-0.47906630902798314,-0.5169743237044246,0.037908014676441504,0.926673312506493,Arbuckle
pvdaq_2107,xgboost_w24,-0.25,0.33670246333712195,3.260438056125941,5.0,0.5680941783990563,3.260438056125941,-0.23139171506193434,-0.25816364850821705,0.026771933446282703,0.8962985935433486,Arbuckle
pvdaq_33,gru,-2.0,-2.337284652011575,5.936687200547571,5.0,-0.45235881642264886,5.936687200547571,-1.884925835588926,-1.920835014654551,0.03590917906562496,0.9813054329020117,Golden
pvdaq_33,gru,-1.0,-1.394212068296028,5.936687200547571,5.0,-0.45235881642264886,5.936687200547571,-0.9418532518733791,-0.9555912886974902,0.013738036824111122,0.9856235223294714,Golden
pvdaq_33,gru,-0.5,-0.9134863798200643,5.936687200547571,5.0,-0.45235881642264886,5.936687200547571,-0.46112756339741545,-0.47659816153082846,0.015470598133413005,0.9675395345971928,Golden
pvdaq_33,gru,-0.25,-0.6739121677263914,5.936687200547571,5.0,-0.45235881642264886,5.936687200547571,-0.22155335130374254,-0.23800083410613335,0.016447482802390806,0.930893171596801,Golden
pvdaq_33,informer,-2.0,-2.3714048093132507,5.936687200547571,5.0,-0.48223217602991475,5.936687200547571,-1.8891726332833358,-1.9142729091267054,0.0251002758433696,0.9868878278934531,Golden
pvdaq_33,informer,-1.0,-1.3982461833842783,5.936687200547571,5.0,-0.48223217602991475,5.936687200547571,-0.9160140073543636,-0.9523267236358987,0.036312716281535096,0.9618694767454425,Golden
pvdaq_33,informer,-0.5,-0.9363809360602753,5.936687200547571,5.0,-0.48223217602991475,5.936687200547571,-0.45414876003036053,-0.4749699699336938,0.02082120990333325,0.956163102466794,Golden
pvdaq_33,informer,-0.25,-0.6745177859492497,5.936687200547571,5.0,-0.48223217602991475,5.936687200547571,-0.19228560991933497,-0.23718775720093094,0.04490214728159597,0.8106894394066148,Golden
pvdaq_33,lstm,-2.0,-2.3841587407428397,5.936687200547571,5.0,-0.4597543253189693,5.936687200547571,-1.9244044154238704,-1.919210486631999,-0.005193928791871416,1.0027062840829857,Golden
pvdaq_33,lstm,-1.0,-1.420516739585109,5.936687200547571,5.0,-0.4597543253189693,5.936687200547571,-0.9607624142661397,-0.9547831064149142,-0.005979307851225579,1.006262477636075,Golden
pvdaq_33,lstm,-0.5,-0.9478073177468165,5.936687200547571,5.0,-0.4597543253189693,5.936687200547571,-0.48805299242784717,-0.476195083149293,-0.01185790927855418,1.0249013685738468,Golden
pvdaq_33,lstm,-0.25,-0.7077321668953935,5.936687200547571,5.0,-0.4597543253189693,5.936687200547571,-0.24797784157642422,-0.23779954715465318,-0.01017829442177104,1.0428019924493446,Golden
pvdaq_33,patchtst,-2.0,-2.4226122928749003,5.936687200547571,5.0,-0.5009196290494031,5.936687200547571,-1.9216926638254972,-1.9101679460300636,-0.011524717795433626,1.006033353150641,Golden
pvdaq_33,patchtst,-1.0,-1.451910231362056,5.936687200547571,5.0,-0.5009196290494031,5.936687200547571,-0.9509906023126529,-0.9502845560652075,-0.0007060462474454132,1.0007429840282462,Golden
pvdaq_33,patchtst,-0.5,-0.9885173821292623,5.936687200547571,5.0,-0.5009196290494031,5.936687200547571,-0.4875977530798592,-0.47395144525557964,-0.013646307824279558,1.02879262836074,Golden
pvdaq_33,patchtst,-0.25,-0.7433980449032088,5.936687200547571,5.0,-0.5009196290494031,5.936687200547571,-0.2424784158538057,-0.236679132236516,-0.005799283617289708,1.0245027246909728,Golden
pvdaq_33,random_forest,-2.0,-2.2564076049842106,5.936687200547571,5.0,-0.4161022982057512,5.936687200547571,-1.8403053067784594,-1.9287992711606612,0.0884939643822018,0.954119661021569,Golden
pvdaq_33,random_forest,-1.0,-1.3029300780085202,5.936687200547571,5.0,-0.4161022982057512,5.936687200547571,-0.8868277798027691,-0.9595534062558063,0.07272562645303726,0.9242088809451326,Golden
pvdaq_33,random_forest,-0.5,-0.8472578653967006,5.936687200547571,5.0,-0.4161022982057512,5.936687200547571,-0.4311555671909494,-0.4785742552503896,0.04741868805944022,0.9009167594386563,Golden
pvdaq_33,random_forest,-0.25,-0.6197931925908242,5.936687200547571,5.0,-0.4161022982057512,5.936687200547571,-0.20369089438507304,-0.23898764436158382,0.03529674997651078,0.8523072183467885,Golden
pvdaq_33,tcn,-2.0,-2.358224223929646,5.936687200547571,5.0,-0.4649858796295012,5.936687200547571,-1.8932383443001446,-1.9180613018094115,0.024822957509266885,0.9870583085713424,Golden
pvdaq_33,tcn,-1.0,-1.4024347255198182,5.936687200547571,5.0,-0.4649858796295012,5.936687200547571,-0.937448845890317,-0.9542114014026721,0.01676255551235517,0.9824330798314561,Golden
pvdaq_33,tcn,-0.5,-0.9043928844636341,5.936687200547571,5.0,-0.4649858796295012,5.936687200547571,-0.43940700483413286,-0.47590994706549306,0.03650294223136019,0.923298635684249,Golden
pvdaq_33,tcn,-0.25,-0.7006966417228342,5.936687200547571,5.0,-0.4649858796295012,5.936687200547571,-0.23571076209333297,-0.237657157545847,0.001946395452514016,0.9918100701337449,Golden
pvdaq_33,xgboost,-2.0,-2.403217284711354,5.936687200547571,5.0,-0.5050131721557813,5.936687200547571,-1.8982041125555729,-1.9092687414477874,0.01106462889221449,0.9942047818350473,Golden
pvdaq_33,xgboost,-1.0,-1.4526019775083723,5.936687200547571,5.0,-0.5050131721557813,5.936687200547571,-0.9475888053525909,-0.949837213082065,0.0022484077294741,0.9976328493993425,Golden
pvdaq_33,xgboost,-0.5,-0.9696525606883724,5.936687200547571,5.0,-0.5050131721557813,5.936687200547571,-0.464639388532591,-0.4737283343441878,0.009088945811596805,0.980814012688983,Golden
pvdaq_33,xgboost,-0.25,-0.7399611890954301,5.936687200547571,5.0,-0.5050131721557813,5.936687200547571,-0.23494801693964873,-0.23656771639966326,0.0016196994600145287,0.9931533368767944,Golden
pvdaq_33,xgboost_w24,-2.0,-2.38761024539017,5.936687200547571,5.0,-0.4938724841485871,5.936687200547571,-1.8937377612415829,-1.9117159509788584,0.017978189737275496,0.9905957839981039,Golden
pvdaq_33,xgboost_w24,-1.0,-1.435239893644433,5.936687200547571,5.0,-0.4938724841485871,5.936687200547571,-0.941367409495846,-0.9510546690799346,0.00968725958408867,0.9898141927072812,Golden
pvdaq_33,xgboost_w24,-0.5,-0.9503289080911006,5.936687200547571,5.0,-0.4938724841485871,5.936687200547571,-0.4564564239425135,-0.47433553670904005,0.01787911276652654,0.9623070350356362,Golden
pvdaq_33,xgboost_w24,-0.25,-0.7232113175553234,5.936687200547571,5.0,-0.4938724841485871,5.936687200547571,-0.22933883340673633,-0.23687093760564076,0.007532104198904432,0.9682016532925436,Golden
dkasc_10,tcn_full,-2.0,-3.127098820610154,5.22621492128679,5.0,-1.347281455279105,5.2259411362080765,-1.7798173653310492,-1.7629425110483312,-0.016874854282717955,1.0095719821701294,Alice Springs
dkasc_10,tcn_full,-1.0,-2.1910840706198647,5.225667351129363,5.0,-1.347281455279105,5.2259411362080765,-0.8438026153407596,-0.8770417517275617,0.03323913638680209,0.9621008505908311,Alice Springs
dkasc_10,tcn_full,-0.5,-1.7794246951106278,5.2259411362080765,5.0,-1.347281455279105,5.2259411362080765,-0.4321432398315228,-0.4374218260495859,0.005278586218063097,0.9879325038127733,Alice Springs
dkasc_10,tcn_full,-0.25,-1.5276642364142772,5.225667351129363,5.0,-1.347281455279105,5.2259411362080765,-0.18038278113517214,-0.218437182220006,0.03805440108483385,0.8257878960986315,Alice Springs
dkasc_10,xgboost_full,-2.0,-2.589474112943629,5.22621492128679,5.0,-1.0541840529518098,5.22621492128679,-1.5352900599918193,-1.8188969535012758,0.28360689350945645,0.844077536683137,Alice Springs
dkasc_10,xgboost_full,-1.0,-1.7764411615181284,5.22621492128679,5.0,-1.0541840529518098,5.22621492128679,-0.7222571085663185,-0.9048783839026447,0.18262127533632622,0.7981814146684553,Alice Springs
dkasc_10,xgboost_full,-0.5,-1.4160443505155158,5.22621492128679,5.0,-1.0541840529518098,5.22621492128679,-0.36186029756370597,-0.45130525913941427,0.0894449615757083,0.8018082888148274,Alice Springs
dkasc_10,xgboost_full,-0.25,-1.2517127217383013,5.22621492128679,5.0,-1.0541840529518098,5.22621492128679,-0.19752866878649145,-0.22537021075923191,0.02784154197274047,0.876463078776262,Alice Springs
dkasc_11,tcn_full,-2.0,-3.083471480771034,5.275496235455167,5.0,-1.2835265780754002,5.27577002053388,-1.7999449026956338,-1.7725322120351137,-0.0274126906605201,1.0154652707998162,Alice Springs
dkasc_11,tcn_full,-1.0,-2.1700051706159833,5.275496235455167,5.0,-1.2835265780754002,5.27577002053388,-0.8864785925405831,-0.8818125074948556,-0.004666085045727519,1.0052914706993479,Alice Springs
dkasc_11,tcn_full,-0.5,-1.7450322000019067,5.275496235455167,5.0,-1.2835265780754002,5.27577002053388,-0.46150562192650657,-0.439801225542547,-0.021704396383959546,1.0493504681738541,Alice Springs
dkasc_11,tcn_full,-0.25,-1.53802299547761,5.275496235455167,5.0,-1.2835265780754002,5.27577002053388,-0.25449641740220974,-0.21962539298057104,-0.0348710244216387,1.1587750120712295,Alice Springs
dkasc_11,xgboost_full,-2.0,-2.6692412142891895,5.275496235455167,5.0,-1.0206152089705147,5.275496235455167,-1.6486260053186748,-1.8232749863318392,0.1746489810131644,0.9042113875732303,Alice Springs
dkasc_11,xgboost_full,-1.0,-1.8349243865317262,5.275496235455167,5.0,-1.0206152089705147,5.275496235455167,-0.8143091775612115,-0.9070564002354375,0.09274722267422608,0.8977492219335508,Alice Springs
dkasc_11,xgboost_full,-0.5,-1.4148687186160218,5.275496235455167,5.0,-1.0206152089705147,5.275496235455167,-0.3942535096455071,-0.45239153796203524,0.058138028316528145,0.8714873656160051,Alice Springs
dkasc_11,xgboost_full,-0.25,-1.2312774591287488,5.275496235455167,5.0,-1.0206152089705147,5.275496235455167,-0.21066225015823403,-0.2259126703965608,0.015250420238326762,0.9324941792261735,Alice Springs
dkasc_12,tcn_full,-2.0,-2.988372920067177,5.297399041752225,5.0,-1.192972769649685,5.297399041752225,-1.7954001504174921,-1.7889629728503476,-0.00643717756714457,1.0035982732257942,Alice Springs
dkasc_12,tcn_full,-1.0,-2.119193151398167,5.297399041752225,5.0,-1.192972769649685,5.297399041752225,-0.926220381748482,-0.8899866045838413,-0.03623377716464071,1.0407127219421282,Alice Springs
dkasc_12,tcn_full,-0.5,-1.593907786108063,5.297399041752225,5.0,-1.192972769649685,5.297399041752225,-0.40093501645837804,-0.443878030857605,0.042943014399226986,0.9032549227177161,Alice Springs
dkasc_12,tcn_full,-0.25,-1.3282547030269742,5.297399041752225,5.0,-1.192972769649685,5.297399041752225,-0.13528193337728922,-0.22166124444578775,0.08637931106849853,0.6103093651555108,Alice Springs
dkasc_12,xgboost_full,-2.0,-2.631447834811728,5.297399041752225,5.0,-0.9461898099350121,5.297399041752225,-1.6852580248767157,-1.8367979762627091,0.1515399513859934,0.9174977578675646,Alice Springs
dkasc_12,xgboost_full,-1.0,-1.7724192899529023,5.297399041752225,5.0,-0.9461898099350121,5.297399041752225,-0.8262294800178902,-0.9137839178392372,0.08755443782134698,0.9041847464022118,Alice Springs
dkasc_12,xgboost_full,-0.5,-1.359681536219903,5.297399041752225,5.0,-0.9461898099350121,5.297399041752225,-0.41349172628489095,-0.45574686629074734,0.042255140005856395,0.907283750846683,Alice Springs
dkasc_12,xgboost_full,-0.25,-1.14066585183408,5.297399041752225,5.0,-0.9461898099350121,5.297399041752225,-0.19447604189906786,-0.22758823485608035,0.03311219295701248,0.8545083273836559,Alice Springs
dkasc_13,tcn_full,-2.0,-2.6523494987080043,5.301505817932923,5.0,-0.7641527742664658,5.301505817932923,-1.8881967244415385,-1.8719562023664638,-0.01624052207507476,1.0086756955395346,Alice Springs
dkasc_13,tcn_full,-1.0,-1.6127854341242127,5.301505817932923,5.0,-0.7641527742664658,5.301505817932923,-0.8486326598577469,-0.9312746936395976,0.08264203378185064,0.9112592295846997,Alice Springs
dkasc_13,tcn_full,-0.5,-1.2030311093668762,5.301505817932923,5.0,-0.7641527742664658,5.301505817932923,-0.4388783351004104,-0.4644703359255135,0.0255920008251031,0.9449006775123584,Alice Springs
dkasc_13,tcn_full,-0.25,-0.9654150682258376,5.301505817932923,5.0,-0.7641527742664658,5.301505817932923,-0.20126229395937179,-0.2319445106812014,0.030682216721829608,0.867717426759881,Alice Springs
dkasc_13,xgboost_full,-2.0,-2.237551663526934,5.301505817932923,5.0,-0.6236325131966761,5.301505817932923,-1.6139191503302581,-1.8992171660458195,0.28529801571556135,0.8497812568166949,Alice Springs
dkasc_13,xgboost_full,-1.0,-1.3987236131471759,5.301505817932923,5.0,-0.6236325131966761,5.301505817932923,-0.7750910999504997,-0.944836680595659,0.1697455806451592,0.8203439979297317,Alice Springs
dkasc_13,xgboost_full,-0.5,-1.0079794062147163,5.301505817932923,5.0,-0.6236325131966761,5.301505817932923,-0.38434689301804015,-0.47123433443242135,0.0868874414143812,0.8156173371385749,Alice Springs
dkasc_13,xgboost_full,-0.25,-0.8131887994972992,5.301505817932923,5.0,-0.6236325131966761,5.301505817932923,-0.18955628630062304,-0.2353222771446009,0.045765990843977866,0.8055178141257933,Alice Springs
dkasc_14,tcn_full,-2.0,-2.8036346804635324,5.264544832306639,5.0,-1.0794391665398133,5.264544832306639,-1.724195513923719,-1.812402573627206,0.08820705970348697,0.9513314199687126,Alice Springs
dkasc_14,tcn_full,-1.0,-1.9127659394922847,5.264544832306639,5.0,-1.0794391665398133,5.264544832306639,-0.8333267729524714,-0.901647511502982,0.06832073855051057,0.9242267763412059,Alice Springs
dkasc_14,tcn_full,-0.5,-1.4044277869839685,5.264544832306639,5.0,-1.0794391665398133,5.264544832306639,-0.3249886204441552,-0.44969387165186314,0.12470525120770792,0.7226885686708885,Alice Springs
dkasc_14,tcn_full,-0.25,-1.2176376871683414,5.264544832306639,5.0,-1.0794391665398133,5.264544832306639,-0.1381985206285281,-0.22456552539310812,0.08636700476458001,0.6154039912698435,Alice Springs
dkasc_14,xgboost_full,-2.0,-2.6408131304531595,5.264544832306639,5.0,-0.930938268151921,5.264544832306639,-1.7098748623012385,-1.8409900155668797,0.13111515326564116,0.9287800845431158,Alice Springs
dkasc_14,xgboost_full,-1.0,-1.7828171759894254,5.264544832306639,5.0,-0.930938268151921,5.264544832306639,-0.8518789078375043,-0.9158694047292517,0.0639904968917474,0.9301314176875859,Alice Springs
dkasc_14,xgboost_full,-0.5,-1.3429894406242007,5.264544832306639,5.0,-0.930938268151921,5.264544832306639,-0.4120511724722796,-0.4567869963436619,0.04473582387138225,0.9020641475579015,Alice Springs
dkasc_14,xgboost_full,-0.25,-1.1370629501526297,5.264544832306639,5.0,-0.930938268151921,5.264544832306639,-0.20612468200070866,-0.2281076489876359,0.021982966986927255,0.9036289791925444,Alice Springs
dkasc_17,tcn_full,-2.0,-2.571585936239786,5.249486652977412,5.0,-0.7300655667458742,5.248939082819986,-1.8415203694939117,-1.880119721093309,0.0385993515993972,0.9794697373968551,Alice Springs
dkasc_17,tcn_full,-1.0,-1.6840626458938879,5.248391512662559,5.0,-0.7300655667458742,5.248939082819986,-0.9539970791480137,-0.935335941649435,-0.018661137498578673,1.0199512674191376,Alice Springs
dkasc_17,tcn_full,-0.5,-1.2019915728055814,5.248939082819986,5.0,-0.7300655667458742,5.248939082819986,-0.47192600605970725,-0.46649587064721193,-0.005430135412495318,1.0116402646929363,Alice Springs
dkasc_17,tcn_full,-0.25,-0.9648645471205034,5.248665297741273,5.0,-0.7300655667458742,5.248939082819986,-0.2347989803746292,-0.23295601049842,-0.0018429698762092162,1.00791123556875,Alice Springs
dkasc_17,xgboost_full,-2.0,-2.30244695735434,5.248117727583846,5.0,-0.545661203774465,5.248117727583846,-1.756785753579875,-1.915520661216312,0.15873490763643705,0.9171322393695069,Alice Springs
dkasc_17,xgboost_full,-1.0,-1.4090344141447992,5.248117727583846,5.0,-0.545661203774465,5.248117727583846,-0.8633732103703342,-0.9529474646252004,0.0895742542548662,0.9060029460384825,Alice Springs
dkasc_17,xgboost_full,-0.5,-0.9763994777578897,5.248117727583846,5.0,-0.545661203774465,5.248117727583846,-0.4307382739834247,-0.47527956255743076,0.04454128857400608,0.9062840229562282,Alice Springs
dkasc_17,xgboost_full,-0.25,-0.7678848833802896,5.248117727583846,5.0,-0.545661203774465,5.248117727583846,-0.22222367960582456,-0.23734235977523765,0.01511868016941309,0.9363001185977488,Alice Springs
dkasc_18,tcn_full,-2.0,-2.2635998279677487,5.260438056125941,5.0,-0.3376400975655754,5.260438056125941,-1.9259597304021734,-1.9552600093040307,0.02930027890185727,0.9850146380724645,Alice Springs
dkasc_18,tcn_full,-1.0,-1.3112567101535124,5.260438056125941,5.0,-0.3376400975655754,5.260438056125941,-0.9736166125879371,-0.9727172910607992,-0.0008993215271378974,1.0009245456366433,Alice Springs
dkasc_18,tcn_full,-0.5,-0.819940717335629,5.260438056125941,5.0,-0.3376400975655754,5.260438056125941,-0.4823006197700536,-0.48513970155663916,0.00283908178658554,0.9941479087828188,Alice Springs
dkasc_18,tcn_full,-0.25,-0.586249304766526,5.260438056125941,5.0,-0.3376400975655754,5.260438056125941,-0.24860920720095064,-0.24226625897509263,-0.006342948225858014,1.026181723582524,Alice Springs
dkasc_18,xgboost_full,-2.0,-1.982558131973306,5.260438056125941,5.0,-0.26190678301114667,5.260438056125941,-1.7206513489621593,-1.9698266255756047,0.2491752766134454,0.8735039554353502,Alice Springs
dkasc_18,xgboost_full,-1.0,-1.084734343654876,5.260438056125941,5.0,-0.26190678301114667,5.260438056125941,-0.8228275606437293,-0.9799639996582153,0.15713643901448604,0.839650804448642,Alice Springs
dkasc_18,xgboost_full,-0.5,-0.6897763718182081,5.260438056125941,5.0,-0.26190678301114667,5.260438056125941,-0.4278695888070614,-0.4887539747668793,0.06088438595981793,0.8754293793951079,Alice Springs
dkasc_18,xgboost_full,-0.25,-0.47708823792596267,5.260438056125941,5.0,-0.26190678301114667,5.260438056125941,-0.215181454914816,-0.24407113383227141,0.02888967891745542,0.8816341840026493,Alice Springs
dkasc_19,tcn_full,-2.0,-2.5617381139398305,5.317932922655715,5.0,-0.7181201870533049,5.317932922655715,-1.8436179268865256,-1.8804099033685737,0.03679197648204813,0.980434065776755,Alice Springs
dkasc_19,tcn_full,-1.0,-1.5911997189721971,5.317932922655715,5.0,-0.7181201870533049,5.317932922655715,-0.8730795319188922,-0.9354803036858733,0.06240077176698111,0.9332954723673853,Alice Springs
dkasc_19,tcn_full,-0.5,-1.1567550300133942,5.317932922655715,5.0,-0.7181201870533049,5.317932922655715,-0.43863484296008926,-0.4665678707606235,0.02793302780053425,0.9401308372241827,Alice Springs
dkasc_19,tcn_full,-0.25,-0.892392607797488,5.317932922655715,5.0,-0.7181201870533049,5.317932922655715,-0.17427242074418303,-0.2329919654987344,0.05871954475455138,0.7479760959616852,Alice Springs
dkasc_19,xgboost_full,-2.0,-2.1827413379895675,5.317932922655715,5.0,-0.48047830924355683,5.317932922655715,-1.7022630287460108,-1.9266702115262024,0.22440718278019167,0.8835258979779271,Alice Springs
dkasc_19,xgboost_full,-1.0,-1.3466644281214484,5.317932922655715,5.0,-0.48047830924355683,5.317932922655715,-0.8661861188778915,-0.9584942258346435,0.09230810695675196,0.9036946655819743,Alice Springs
dkasc_19,xgboost_full,-0.5,-0.9078762571609571,5.317932922655715,5.0,-0.48047830924355683,5.317932922655715,-0.42739794791740027,-0.47804599233356904,0.05064804441616877,0.894051942222271,Alice Springs
dkasc_19,xgboost_full,-0.25,-0.6898704058564393,5.317932922655715,5.0,-0.48047830924355683,5.317932922655715,-0.2093920966128825,-0.23872384348071846,0.02933174686783596,0.8771310546941447,Alice Springs
dkasc_20,tcn_full,-2.0,-4.036012039675042,5.356262833675565,5.0,-2.3574582749229713,5.356262833675565,-1.678553764752071,-1.5576389089919458,-0.12091485576012517,1.0776270129502463,Alice Springs
dkasc_20,tcn_full,-1.0,-3.1123371817679657,5.356262833675565,5.0,-2.3574582749229713,5.356262833675565,-0.7548789068449944,-0.7749057888954907,0.020026882050496297,0.9741557201694911,Alice Springs
dkasc_20,tcn_full,-0.5,-2.747796593318501,5.356262833675565,5.0,-2.3574582749229713,5.356262833675565,-0.3903383183955298,-0.3864818345619114,-0.003856483833618418,1.0099784349191725,Alice Springs
dkasc_20,tcn_full,-0.25,-2.6390005068960822,5.356262833675565,5.0,-2.3574582749229713,5.356262833675565,-0.2815422319731109,-0.19299906381752518,-0.08854316815558572,1.458775117372075,Alice Springs
dkasc_20,xgboost_full,-2.0,-3.447183081425969,5.356262833675565,5.0,-1.8688528296180469,5.356262833675565,-1.578330251807922,-1.653509473208746,0.075179221400824,0.9545335405578695,Alice Springs
dkasc_20,xgboost_full,-1.0,-2.6235702924557693,5.356262833675565,5.0,-1.8688528296180469,5.356262833675565,-0.7547174628377225,-0.8226001901892757,0.06788272735155321,0.9174778608598014,Alice Springs
dkasc_20,xgboost_full,-0.5,-2.245061018355072,5.356262833675565,5.0,-1.8688528296180469,5.356262833675565,-0.376208188737025,-0.4102692677886362,0.03406107905161121,0.9169787217180525,Alice Springs
dkasc_20,xgboost_full,-0.25,-2.047605397411151,5.356262833675565,5.0,-1.8688528296180469,5.356262833675565,-0.1787525677931041,-0.20487789467792974,0.026125326884825634,0.8724834276245618,Alice Springs
dkasc_21,tcn_full,-2.0,-2.798995757593482,4.987474332648871,5.0,-1.1374400559273332,4.987748117727584,-1.6615557016661486,-1.813957799191279,0.15240209752513034,0.9159836587195821,Alice Springs
dkasc_21,tcn_full,-1.0,-1.9458670281676216,4.987748117727584,5.0,-1.1374400559273332,4.987748117727584,-0.8084269722402884,-0.9024212166830985,0.09399424444281013,0.8958421602848707,Alice Springs
dkasc_21,tcn_full,-0.5,-1.5441818189140064,4.987748117727584,5.0,-1.1374400559273332,4.987748117727584,-0.4067417629866732,-0.45007975468655786,0.04333799169988467,0.9037104174346481,Alice Springs
dkasc_21,tcn_full,-0.25,-1.3333621342038169,4.987474332648871,5.0,-1.1374400559273332,4.987748117727584,-0.19592207827648367,-0.2247582254317104,0.028836147155226727,0.8717014823380149,Alice Springs
dkasc_21,xgboost_full,-2.0,-2.5719032113961653,4.988021902806297,5.0,-0.9331760776138838,4.988021902806297,-1.6387271337822815,-1.8509852656361219,0.21225813185384035,0.8853269467918242,Alice Springs
dkasc_21,xgboost_full,-1.0,-1.7363790892284832,4.988021902806297,5.0,-0.9331760776138838,4.988021902806297,-0.8032030116145994,-0.9208419160702315,0.11763890445563208,0.8722485343003653,Alice Springs
dkasc_21,xgboost_full,-0.5,-1.3458130872954777,4.988021902806297,5.0,-0.9331760776138838,4.988021902806297,-0.4126370096815939,-0.4592670207969325,0.0466300111153386,0.898468627173741,Alice Springs
dkasc_21,xgboost_full,-0.25,-1.1400916492851856,4.988021902806297,5.0,-0.9331760776138838,4.988021902806297,-0.2069155716713018,-0.2293461092590439,0.022430537587742078,0.9021978717659124,Alice Springs
dkasc_7,tcn_full,-2.0,-2.647787435879522,6.4486652977412735,5.0,-1.0966740090691887,6.4486652977412735,-1.5511134268103333,-1.7566162981541544,0.20550287134382117,0.8830120888894388,Alice Springs
dkasc_7,tcn_full,-1.0,-1.8526721949520475,6.4486652977412735,5.0,-1.0966740090691887,6.4486652977412735,-0.7559981858828588,-0.8738945402877452,0.11789635440488633,0.865090867410538,Alice Springs
dkasc_7,tcn_full,-0.5,-1.4614615194275378,6.4486652977412735,5.0,-1.0966740090691887,6.4486652977412735,-0.3647875103583491,-0.43585216420366235,0.07106465384531324,0.8369523896361644,Alice Springs
dkasc_7,tcn_full,-0.25,-1.279785703644981,6.4486652977412735,5.0,-1.0966740090691887,6.4486652977412735,-0.18311169457579224,-0.217653333563531,0.034541638987738765,0.8412997475287628,Alice Springs
dkasc_7,xgboost_full,-2.0,-2.2305267776594038,6.4486652977412735,5.0,-0.8030477292666648,6.4486652977412735,-1.427479048392739,-1.8271894076962207,0.39971035930348164,0.7812430623667804,Alice Springs
dkasc_7,xgboost_full,-1.0,-1.5297972124950021,6.4486652977412735,5.0,-0.8030477292666648,6.4486652977412735,-0.7267494832283373,-0.9090037756880697,0.18225429245973235,0.7995010611240034,Alice Springs
dkasc_7,xgboost_full,-0.5,-1.2028804389019634,6.4486652977412735,5.0,-0.8030477292666648,6.4486652977412735,-0.3998327096352986,-0.4533627853682352,0.05353007573293661,0.8819266215477791,Alice Springs
dkasc_7,xgboost_full,-0.25,-1.004588733493754,6.4486652977412735,5.0,-0.8030477292666648,6.4486652977412735,-0.2015410042270892,-0.2263976863102952,0.02485668208320599,0.8902078793811611,Alice Springs
dkasc_8,tcn_full,-2.0,-2.9041833414708575,5.268651608487337,5.0,-1.1568776730750847,5.268651608487337,-1.7473056683957728,-1.7973031686249457,0.04999750022917282,0.9721819328525281,Alice Springs
dkasc_8,tcn_full,-1.0,-2.052164733264617,5.268651608487337,5.0,-1.1568776730750847,5.268651608487337,-0.8952870601895322,-0.894135747205375,-0.00115131298415716,1.0012876266134707,Alice Springs
dkasc_8,tcn_full,-0.5,-1.6007853006794268,5.268651608487337,5.0,-1.1568776730750847,5.268651608487337,-0.4439076276043421,-0.44594740274152783,0.0020397751371857287,0.9954259737254979,Alice Springs
dkasc_8,tcn_full,-0.25,-1.4235658222629524,5.268651608487337,5.0,-1.1568776730750847,5.268651608487337,-0.26668814918786765,-0.22269463541160153,-0.04399351377626612,1.1975508466782503,Alice Springs
dkasc_8,xgboost_full,-2.0,-2.560749028985506,5.268651608487337,5.0,-0.9221253117188576,5.268651608487337,-1.6386237172666482,-1.842533561577575,0.20390984431092685,0.889331815407292,Alice Springs
dkasc_8,xgboost_full,-1.0,-1.7285167351946917,5.268651608487337,5.0,-0.9221253117188576,5.268651608487337,-0.8063914234758341,-0.9166372994782911,0.11024587600245694,0.8797279184850934,Alice Springs
dkasc_8,xgboost_full,-0.5,-1.3146154593212878,5.268651608487337,5.0,-0.9221253117188576,5.268651608487337,-0.3924901476024302,-0.45716998144405996,0.06467983384162979,0.858521258028959,Alice Springs
dkasc_8,xgboost_full,-0.25,-1.1201652218449631,5.268651608487337,5.0,-0.9221253117188576,5.268651608487337,-0.19803991012610556,-0.22829890187256563,0.030258991746460073,0.867458881763039,Alice Springs
pvdaq_10,tcn_full,-2.0,-3.020608160289479,6.423750855578371,5.0,-1.3165551233971842,6.424024640657083,-1.704053036892295,-1.705078586190374,0.0010255492980788539,0.9993985325331132,Golden
pvdaq_10,tcn_full,-1.0,-2.1843237599782617,6.424024640657083,5.0,-1.3165551233971842,6.424024640657083,-0.8677686365810775,-0.8482551760444573,-0.019513460536620175,1.0230042339707426,Golden
pvdaq_10,tcn_full,-0.5,-1.7577500432633275,6.423750855578371,5.0,-1.3165551233971842,6.424024640657083,-0.44119491986614334,-0.4230646116111454,-0.01813030825499795,1.0428547029399429,Golden
pvdaq_10,tcn_full,-0.25,-1.5443694937192234,6.423750855578371,5.0,-1.3165551233971842,6.424024640657083,-0.22781437032203922,-0.21126755949042178,-0.016546810831617437,1.0783215883760309,Golden
pvdaq_10,xgboost_full,-2.0,-2.8732978471563926,6.424024640657083,5.0,-1.294869588680536,6.424024640657083,-1.5784282584758567,-1.7102691171805657,0.13184085870470907,0.9229122145864079,Golden
pvdaq_10,xgboost_full,-1.0,-2.095868353974653,6.424024640657083,5.0,-1.294869588680536,6.424024640657083,-0.8009987652941171,-0.850837400004402,0.049838634710284935,0.9414240197833016,Golden
pvdaq_10,xgboost_full,-0.5,-1.6993490266574287,6.424024640657083,5.0,-1.294869588680536,6.424024640657083,-0.4044794379768928,-0.4243524877214937,0.019873049744600912,0.9531685324827323,Golden
pvdaq_10,xgboost_full,-0.25,-1.4930874983442524,6.424024640657083,5.0,-1.294869588680536,6.424024640657083,-0.19821790966371644,-0.21191069161561452,0.013692781951898075,0.9353841854438593,Golden
pvdaq_1278,tcn_full,-2.0,-1.8384951476155522,3.3767967145790565,5.0,0.030717534923229557,3.3767967145790565,-1.8692126825387818,-2.023772448628166,0.15455976608938404,0.9236278929510312,Las Vegas
pvdaq_1278,tcn_full,-1.0,-0.8762738475760858,3.3767967145790565,5.0,0.030717534923229557,3.3767967145790565,-0.9069913824993154,-1.0068013689155197,0.09980998641620431,0.9008642722409932,Las Vegas
pvdaq_1278,tcn_full,-0.5,-0.4381804650602737,3.3767967145790565,5.0,0.030717534923229557,3.3767967145790565,-0.46889799998350323,-0.5021390286069886,0.033241028623485325,0.9338011452411873,Las Vegas
pvdaq_1278,tcn_full,-0.25,-0.16773189042948145,3.3767967145790565,5.0,0.030717534923229557,3.3767967145790565,-0.198449425352711,-0.25075528462351493,0.05230585927080392,0.7914067520078942,Las Vegas
pvdaq_1278,xgboost_full,-2.0,-1.4910276163967744,3.3767967145790565,5.0,0.01582934733161872,3.3767967145790565,-1.506856963728393,-2.02204193189485,0.5151849681664569,0.7452154873545681,Las Vegas
pvdaq_1278,xgboost_full,-1.0,-0.761056639657476,3.3767967145790565,5.0,0.01582934733161872,3.3767967145790565,-0.7768859869890947,-1.005940458580855,0.22905447159176018,0.7722981816290577,Las Vegas
pvdaq_1278,xgboost_full,-0.5,-0.3982103883657615,3.3767967145790565,5.0,0.01582934733161872,3.3767967145790565,-0.41403973569738023,-0.501709652274662,0.08766991657728179,0.8252576641095063,Las Vegas
pvdaq_1278,xgboost_full,-0.25,-0.1977714390630147,3.3767967145790565,5.0,0.01582934733161872,3.3767967145790565,-0.21360078639463342,-0.25054086515342944,0.03694007875879601,0.852558668478397,Las Vegas
pvdaq_1423,tcn_full,-2.0,-2.329080974432002,4.298083504449007,5.0,-0.4943510754516236,4.298083504449007,-1.8347298989803784,-1.9443399327240631,0.10961003374368472,0.9436260954687493,Henderson
pvdaq_1423,tcn_full,-1.0,-1.3832266764606775,4.298083504449007,5.0,-0.4943510754516236,4.298083504449007,-0.8888756010090539,-0.967284690149157,0.07840908914010303,0.9189389742868646,Henderson
pvdaq_1423,tcn_full,-0.5,-0.9454210897925133,4.298083504449007,5.0,-0.4943510754516236,4.298083504449007,-0.45107001434088967,-0.48243020887138405,0.03136019453049438,0.934995375592545,Henderson
pvdaq_1423,tcn_full,-0.25,-0.7479912293323105,4.298083504449007,5.0,-0.4943510754516236,4.298083504449007,-0.25364015388068695,-0.24091320818483383,-0.012726945695853115,1.0528279283304747,Henderson
pvdaq_1423,xgboost_full,-2.0,-2.0341914682829425,4.298083504449007,5.0,-0.3309581384049512,4.298083504449007,-1.7032333298779914,-1.9694138728832729,0.2661805430052815,0.8648427602393263,Henderson
pvdaq_1423,xgboost_full,-1.0,-1.2082298510560041,4.298083504449007,5.0,-0.3309581384049512,4.298083504449007,-0.877271712651053,-0.9797586603791156,0.10248694772806266,0.8953957215459514,Henderson
pvdaq_1423,xgboost_full,-0.5,-0.7495549780470956,4.298083504449007,5.0,-0.3309581384049512,4.298083504449007,-0.4185968396421444,-0.4886515624447218,0.07005472280257741,0.85663665444536,Henderson
pvdaq_1423,xgboost_full,-0.25,-0.5313642003294394,4.298083504449007,5.0,-0.3309581384049512,4.298083504449007,-0.20040606192448823,-0.24401999175900377,0.043613929834515536,0.8212690299670651,Henderson
pvdaq_1430,tcn_full,-2.0,-1.7948510955803432,4.290965092402464,5.0,-0.200412320800844,4.290691307323751,-1.5944387747794992,-1.9895070205115015,0.3950682457320023,0.8014240504512368,Golden
pvdaq_1430,tcn_full,-1.0,-1.0793098100987746,4.290691307323751,5.0,-0.200412320800844,4.290691307323751,-0.8788974892979305,-0.9897547488976817,0.11085725959975112,0.8879952233386947,Golden
pvdaq_1430,tcn_full,-0.5,-0.6807658612998317,4.290417522245038,5.0,-0.200412320800844,4.290691307323751,-0.4803535404989877,-0.4936370802772898,0.0132835397783021,0.97309047413772,Golden
pvdaq_1430,tcn_full,-0.25,-0.40030057454272844,4.290143737166325,5.0,-0.200412320800844,4.290691307323751,-0.19988825374188443,-0.24650963082683183,0.0466213770849474,0.810874013609237,Golden
pvdaq_1430,xgboost_full,-2.0,-1.8684428420309378,4.291238877481177,5.0,-0.2750127815307003,4.291238877481177,-1.5934300605002374,-1.9780751858931949,0.3846451253929575,0.8055457506690921,Golden
pvdaq_1430,xgboost_full,-1.0,-0.9540570677212689,4.291238877481177,5.0,-0.2750127815307003,4.291238877481177,-0.6790442861905686,-0.9840675547910869,0.3050232686005183,0.6900382833318051,Golden
pvdaq_1430,xgboost_full,-0.5,-0.6174773591495948,4.291238877481177,5.0,-0.2750127815307003,4.291238877481177,-0.3424645776188945,-0.49080061003364983,0.14833603241475535,0.6977672207771191,Golden
pvdaq_1430,xgboost_full,-0.25,-0.4590073529756843,4.291238877481177,5.0,-0.2750127815307003,4.291238877481177,-0.183994571444984,-0.24509317071767997,0.06109859927269598,0.7507127632573869,Golden
pvdaq_2107,tcn_full,-2.0,-1.388556868137081,3.260438056125941,5.0,0.7018859657785518,3.260438056125941,-2.090442833915633,-2.0984853628685185,0.008042528952885597,0.9961674600665825,Arbuckle
pvdaq_2107,tcn_full,-1.0,-0.3992633831268436,3.260438056125941,5.0,0.7018859657785518,3.260438056125941,-1.1011493489053954,-1.0439701051456447,-0.0571792437597507,1.0547709589363898,Arbuckle
pvdaq_2107,tcn_full,-0.5,0.14259611655171567,3.260438056125941,5.0,0.7018859657785518,3.260438056125941,-0.5592898492268361,-0.5206768193583541,-0.03861302986848203,1.0741593027246077,Arbuckle
pvdaq_2107,tcn_full,-0.25,0.3578660484659405,3.260438056125941,5.0,0.7018859657785518,3.260438056125941,-0.3440199173126113,-0.26001257937920313,-0.08400733793340814,1.3230895141072831,Arbuckle
pvdaq_2107,xgboost_full,-2.0,-1.3097441729517054,3.260438056125941,5.0,0.5257202512151438,3.260438056125941,-1.8354644241668492,-2.078837098518399,0.24337267435154963,0.8829284533525965,Arbuckle
pvdaq_2107,xgboost_full,-1.0,-0.3183096767835941,3.260438056125941,5.0,0.5257202512151438,3.260438056125941,-0.8440299279987379,-1.0341953404689521,0.19016541247021423,0.8161223464959875,Arbuckle
pvdaq_2107,xgboost_full,-0.5,0.13039492876904862,3.260438056125941,5.0,0.5257202512151438,3.260438056125941,-0.39532532244609514,-0.51580168609855,0.1204763636524549,0.7664289068852783,Arbuckle
pvdaq_2107,xgboost_full,-0.25,0.35604084703372896,3.260438056125941,5.0,0.5257202512151438,3.260438056125941,-0.1696794041814148,-0.25757806352105317,0.08789865933963836,0.6587494364307388,Arbuckle
pvdaq_33,tcn_full,-2.0,-2.3054100821031414,5.938329911019849,5.0,-0.430375066859935,5.938056125941136,-1.8750350152432063,-1.925640251766061,0.050605236522854646,0.97372030602474,Golden
pvdaq_33,tcn_full,-1.0,-1.3658798767198022,5.93750855578371,5.0,-0.430375066859935,5.938056125941136,-0.9355048098598672,-0.9579818337931659,0.022477023933298756,0.9765371083872226,Golden
pvdaq_33,tcn_full,-0.5,-0.9159335942694972,5.93750855578371,5.0,-0.430375066859935,5.938056125941136,-0.4855585274095622,-0.47779043840812035,-0.007768089001441825,1.0162583601030677,Golden
pvdaq_33,tcn_full,-0.25,-0.6839830622806613,5.937782340862423,5.0,-0.430375066859935,5.938056125941136,-0.2536079954207263,-0.2385962264390989,-0.015011768981627427,1.0629170427616095,Golden
pvdaq_33,xgboost_full,-2.0,-2.255119345199057,5.936687200547571,5.0,-0.4378490469138902,5.936687200547571,-1.8172702982851667,-1.9240222905402544,0.10675199225508769,0.9445162393492269,Golden
pvdaq_33,xgboost_full,-1.0,-1.352775539773017,5.936687200547571,5.0,-0.4378490469138902,5.936687200547571,-0.9149264928591267,-0.9571769184094733,0.042250425550346526,0.9558593351576494,Golden
pvdaq_33,xgboost_full,-0.5,-0.8879275638661668,5.936687200547571,5.0,-0.4378490469138902,5.936687200547571,-0.4500785169522766,-0.4773889893821684,0.02731047242989182,0.9427919934533121,Golden
pvdaq_33,xgboost_full,-0.25,-0.6564430295559542,5.936687200547571,5.0,-0.4378490469138902,5.936687200547571,-0.21859398264206403,-0.23839575314578873,0.019801770503724697,0.9169374024393165,Golden
dkasc_7,khd,-0.25,-0.9796240203301044,6.68855635128151,,-0.7518847411001626,6.68855635128151,-0.22773927922994186,-0.22701836750955162,-0.0007209117203902382,1.003175565608628,Alice Springs
dkasc_7,khd,-0.5,-1.2072453651036994,6.68855635128151,,-0.7518847411001626,6.68855635128151,-0.45536062400353683,-0.45460570335872613,-0.0007549206448106971,1.0016606053096853,Alice Springs
dkasc_7,khd,-1.0,-1.6676720339586206,6.68855635128151,,-0.7518847411001626,6.68855635128151,-0.9157872928584581,-0.9114958574880992,-0.004291435370358809,1.004708123833042,Alice Springs
dkasc_7,khd,-2.0,-2.590185476762074,6.68855635128151,,-0.7518847411001626,6.68855635128151,-1.8383007356619112,-1.8321987438397145,-0.006101991822196728,1.003330420262929,Alice Springs
dkasc_7,khd_no_physics,-1.0,-1.6315960024989935,6.68855635128151,,-0.7213842676488625,6.68855635128151,-0.910211734850131,-0.9152899057030567,0.005078170852925723,0.9944518443596021,Alice Springs
dkasc_7,khd_no_correction,-1.0,-1.6218502206722836,6.68855635128151,,-0.6819961106353628,6.68855635128151,-0.9398541100369208,-0.9201895203613716,-0.019664589675549182,1.0213701517355105,Alice Springs
dkasc_8,khd,-0.25,-0.9188650348366648,5.997091917761248,,-0.6894538647103189,5.997091917761248,-0.22941117012634593,-0.2313392176852648,0.0019280475589188717,0.9916657124623722,Alice Springs
dkasc_8,khd,-0.5,-1.145953145968435,5.997091917761248,,-0.6894538647103189,5.997091917761248,-0.456499281258116,-0.4632582329085879,0.006758951650471912,0.9854099697094738,Alice Springs
dkasc_8,khd,-1.0,-1.622036886576996,5.997091917761248,,-0.6894538647103189,5.997091917761248,-0.9325830218666772,-0.928844396635812,-0.0037386252308652113,1.0040250285671164,Alice Springs
dkasc_8,khd,-2.0,-2.559726214537969,5.997091917761248,,-0.6894538647103189,5.997091917761248,-1.8702723498276503,-1.867071059904309,-0.003201289923341344,1.0017146052938688,Alice Springs
dkasc_8,khd_no_physics,-1.0,-1.5850234182355951,5.997091917761248,,-0.6539048718204712,5.997091917761248,-0.9311185464151239,-0.9327723580729845,0.0016538116578606044,0.9982269932813219,Alice Springs
dkasc_8,khd_no_correction,-1.0,-1.829704789791578,5.997091917761248,,-0.9321578977662808,5.997091917761248,-0.8975468920252971,-0.9020269819921942,0.004480089966897083,0.9950333082531495,Alice Springs
dkasc_10,khd,-0.25,-1.1609854542660325,5.979116148993453,,-0.9388721554258614,5.979116148993453,-0.22211329884017106,-0.2245597517465125,0.002446452906341434,0.989105559267348,Alice Springs
dkasc_10,khd,-0.5,-1.3862109407697305,5.979116148993453,,-0.9388721554258614,5.979116148993453,-0.44733878534386906,-0.44968230988837965,0.002343524544510589,0.9947884884662412,Alice Springs
dkasc_10,khd,-1.0,-1.8460714946102512,5.979116148993453,,-0.9388721554258614,5.979116148993453,-0.9071993391843898,-0.9016243298767009,-0.0055750093076888385,1.0061832951074547,Alice Springs
dkasc_10,khd,-2.0,-2.7547161838545007,5.979116148993453,,-0.9388721554258614,5.979116148993453,-1.8158440284286392,-1.8123559762168029,-0.0034880522118363455,1.0019245955306846,Alice Springs
dkasc_10,khd_no_physics,-1.0,-1.807825645188586,5.979116148993453,,-0.904884627644396,5.979116148993453,-0.9029410175441899,-0.9053674778632697,0.0024264603190797818,0.9973199166322979,Alice Springs
dkasc_10,khd_no_correction,-1.0,-1.814461787154663,5.979116148993453,,-0.915853747854431,5.979116148993453,-0.8986080393002321,-0.9041594158796906,0.005551376579458478,0.9938601794307951,Alice Springs
dkasc_11,khd,-0.25,-1.0887756739435095,6.007951291468155,,-0.862599252398113,6.007951291468155,-0.22617642154539652,-0.22652738590104807,0.00035096435565154516,0.9984506758233423,Alice Springs
dkasc_11,khd,-0.5,-1.3100450121231166,6.007951291468155,,-0.862599252398113,6.007951291468155,-0.44744575972500367,-0.4536225096113719,0.006176749886368238,0.9863835022392077,Alice Springs
dkasc_11,khd,-1.0,-1.763540716178686,6.007951291468155,,-0.862599252398113,6.007951291468155,-0.900941463780573,-0.9095245293212935,0.008583065540720414,0.9905631291251427,Alice Springs
dkasc_11,khd,-2.0,-2.6917362586548097,6.007951291468155,,-0.862599252398113,6.007951291468155,-1.8291370062566967,-1.8282361751003777,-0.0009008311563190041,1.0004927323770243,Alice Springs
dkasc_11,khd_no_physics,-1.0,-1.7421621190841112,6.007951291468155,,-0.8322359885570553,6.007951291468155,-0.909926130527056,-0.9128861248647414,0.0029599943376854565,0.9967575426364115,Alice Springs
dkasc_11,khd_no_correction,-1.0,-1.7798260397212808,6.007951291468155,,-0.8655404848519763,6.007951291468155,-0.9142855548693045,-0.9091988978621424,-0.005086657007162154,1.0055946581315955,Alice Springs
dkasc_13,khd,-0.25,-0.6792425670028783,6.040608851892045,,-0.4457115087053464,6.040608851892045,-0.2335310582975319,-0.23794987168699375,0.004418813389461845,0.9814296458403874,Alice Springs
dkasc_13,khd,-0.5,-0.910166315821102,6.040608851892045,,-0.4457115087053464,6.040608851892045,-0.46445480711575554,-0.47649610896718797,0.012041301851432429,0.9747294854568023,Alice Springs
dkasc_13,khd,-1.0,-1.3868468531305345,6.040608851892045,,-0.4457115087053464,6.040608851892045,-0.941135344425188,-0.9553866707432563,0.014251326318068358,0.9850831848983392,Alice Springs
dkasc_13,khd,-2.0,-2.3446846873755915,6.040608851892045,,-0.4457115087053464,6.040608851892045,-1.898973178670245,-1.9204237118980607,0.02145053322781565,0.9888303122405133,Alice Springs
dkasc_13,khd_no_physics,-1.0,-1.3667960132413042,6.040608851892045,,-0.4246109434677547,6.040608851892045,-0.9421850697735494,-0.9577366200605493,0.015551550286999838,0.9837621847580427,Alice Springs
dkasc_13,khd_no_correction,-1.0,-1.354182893801969,6.040608851892045,,-0.3930477022440037,6.040608851892045,-0.9611351915579653,-0.9612517873714783,0.00011659581351297632,0.9998787041906764,Alice Springs
dkasc_17,khd,-0.25,-0.3214569907681575,5.920828477922283,,-0.075796743308325,5.920828477922283,-0.24566024745983248,-0.2482559141694141,0.002595666709581612,0.9895443912453571,Alice Springs
dkasc_17,khd,-0.5,-0.5713559640715771,5.920828477922283,,-0.075796743308325,5.920828477922283,-0.4955592207632521,-0.4971340236124357,0.0015748028491835986,0.9968322368327553,Alice Springs
dkasc_17,khd,-1.0,-1.060849768515738,5.920828477922283,,-0.075796743308325,5.920828477922283,-0.9850530252074131,-0.996766208147547,0.011713182940133904,0.9882488161773638,Alice Springs
dkasc_17,khd,-2.0,-2.070954613729638,5.920828477922283,,-0.075796743308325,5.920828477922283,-1.995157870421313,-2.003600761831938,0.008442891410624931,0.9957861408462905,Alice Springs
dkasc_17,khd_no_physics,-1.0,-1.077086772786109,5.920828477922283,,-0.0814876660691152,5.920828477922283,-0.9955991067169939,-0.9961461173703139,0.0005470106533199681,0.999450873075966,Alice Springs
dkasc_17,khd_no_correction,-1.0,-1.0800914044499006,5.920828477922283,,-0.0799347814715249,5.920828477922283,-1.0001566229783756,-0.9963153218135209,-0.0038413011648547046,1.003855507469124,Alice Springs
dkasc_12,khd,-0.25,-1.158164857153907,6.051370159705149,,-0.9381563747665702,6.051370159705149,-0.22000848238733672,-0.2242400335218208,0.004231551134484063,0.9811293680792628,Alice Springs
dkasc_12,khd,-0.5,-1.3853083649568363,6.051370159705149,,-0.9381563747665702,6.051370159705149,-0.4471519901902661,-0.4490420721401875,0.0018900819499214072,0.9957908577677075,Alice Springs
dkasc_12,khd,-1.0,-1.8444667013624625,6.051370159705149,,-0.9381563747665702,6.051370159705149,-0.9063103265958923,-0.9003406371052001,-0.005969689490692209,1.006630478781771,Alice Springs
dkasc_12,khd,-2.0,-2.744116564294397,6.051370159705149,,-0.9381563747665702,6.051370159705149,-1.8059601895278268,-1.8097756240801497,0.003815434552322916,0.9978917637625592,Alice Springs
dkasc_12,khd_no_physics,-1.0,-1.8187565391435383,6.051370159705149,,-0.9166859459144926,6.051370159705149,-0.9020705932290457,-0.9027364219905367,0.0006658287614910163,0.9992624328150814,Alice Springs
dkasc_12,khd_no_correction,-1.0,-1.8823483672782784,6.051370159705149,,-0.9865938778287348,6.051370159705149,-0.8957544894495436,-0.8949357223492216,-0.0008187671003220265,1.00091488928185,Alice Springs
dkasc_14,khd,-0.25,-0.5432835146118322,5.992274660015807,,-0.29857571334581,5.992274660015807,-0.2447078012660222,-0.24210333004002335,-0.0026044712259988556,1.0107576844381625,Alice Springs
dkasc_14,khd,-0.5,-0.7875660260716715,5.992274660015807,,-0.29857571334581,5.992274660015807,-0.48899031272586146,-0.4848134353433049,-0.004176877382556565,1.0086154324077237,Alice Springs
dkasc_14,khd,-1.0,-1.2713503114815514,5.992274660015807,,-0.29857571334581,5.992274660015807,-0.9727745981357414,-0.9720631191054204,-0.0007114790303209828,1.0007319267816432,Alice Springs
dkasc_14,khd,-2.0,-2.25682061753781,5.992274660015807,,-0.29857571334581,5.992274660015807,-1.958244904192,-1.953945057595744,-0.004299846596256041,1.002200597493538,Alice Springs
dkasc_14,khd_no_physics,-1.0,-1.262139847307497,5.992274660015807,,-0.2839425729373955,5.992274660015807,-0.9781972743701015,-0.9736785809398242,-0.004518693430277332,1.004640847111904,Alice Springs
dkasc_14,khd_no_correction,-1.0,-1.3162244817395818,5.992274660015807,,-0.3457948093269908,5.992274660015807,-0.970429672412591,-0.966850249872731,-0.003579422539859989,1.0037021478148567,Alice Springs
dkasc_18,khd,-0.25,-0.4696849578347427,5.977836278735987,,-0.2298707280191198,5.977836278735987,-0.23981422981562286,-0.2440090402334789,0.004194810417856049,0.9828087909618338,Alice Springs
dkasc_18,khd,-0.5,-0.7127683482477304,5.977836278735987,,-0.2298707280191198,5.977836278735987,-0.4828976202286106,-0.4886296319462397,0.005732011717629104,0.988269209759551,Alice Springs
dkasc_18,khd,-1.0,-1.1997983818973434,5.977836278735987,,-0.2298707280191198,5.977836278735987,-0.9699276538782237,-0.9797146891786415,0.009787035300417801,0.9900103209551518,Alice Springs
dkasc_18,khd,-2.0,-2.1887230736630303,5.977836278735987,,-0.2298707280191198,5.977836278735987,-1.9588523456439104,-1.9693254863287843,0.010473140684873927,0.994681864040465,Alice Springs
dkasc_18,khd_no_physics,-1.0,-1.1982965648647397,5.977836278735987,,-0.2192429784304567,5.977836278735987,-0.979053586434283,-0.9808848815858394,0.0018312951515564446,0.998133017252141,Alice Springs
dkasc_18,khd_no_correction,-1.0,-1.206840993243648,5.977836278735987,,-0.2280968845942904,5.977836278735987,-0.9787441086493576,-0.9799100022211605,0.0011658935718029673,0.9988102034174973,Alice Springs
dkasc_19,khd,-0.25,-0.7418871725972798,6.039800566351069,,-0.5109579510684701,6.039800566351069,-0.23092922152880968,-0.23614215195639204,0.005212930427582363,0.9779246086122523,Alice Springs
dkasc_19,khd,-0.5,-0.9721960466226428,6.039800566351069,,-0.5109579510684701,6.039800566351069,-0.4612380955541727,-0.4728761388800933,0.011638043325920555,0.9753888124837874,Alice Springs
dkasc_19,khd,-1.0,-1.4451377007966104,6.039800566351069,,-0.5109579510684701,6.039800566351069,-0.9341797497281403,-0.9481285397646092,0.013948790036468872,0.9852880812553835,Alice Springs
dkasc_19,khd,-2.0,-2.404188837184108,6.039800566351069,,-0.5109579510684701,6.039800566351069,-1.8932308861156377,-1.9058341354864368,0.012603249370799041,0.9933870166683827,Alice Springs
dkasc_19,khd_no_physics,-1.0,-1.4473528830461595,6.039800566351069,,-0.4956654822481029,6.039800566351069,-0.9516874007980566,-0.949831398607463,-0.0018560021905935642,1.0019540333087689,Alice Springs
dkasc_19,khd_no_correction,-1.0,-1.4457002696256782,6.039800566351069,,-0.4999268891859677,6.039800566351069,-0.9457733804397105,-0.9493568791186623,0.003583498678951802,0.9962253407988378,Alice Springs
dkasc_20,khd,-0.25,-2.706640025916774,6.141702166043393,,-2.5223085149525017,6.141702166043393,-0.18433151096427247,-0.17907327453197885,-0.005258236432293617,1.029363602391459,Alice Springs
pvdaq_1278,khd,-0.25,-0.1094387328204049,3.4831431903942223,,0.1517032565028384,3.4831431903942223,-0.2611419893232433,-0.25257848579022313,-0.008563503533020156,1.0339043268322248,Las Vegas
pvdaq_1278,khd,-0.5,-0.3570181664808716,3.4831431903942223,,0.1517032565028384,3.4831431903942223,-0.50872142298371,-0.5057900003668879,-0.0029314226168221102,1.005795730668253,Las Vegas
pvdaq_1278,khd,-1.0,-0.8592693636078803,3.4831431903942223,,0.1517032565028384,3.4831431903942223,-1.0109726201107188,-1.0141216590270767,0.0031490389163579824,0.9968948114968976,Las Vegas
pvdaq_1278,khd,-2.0,-1.8845296501156736,3.4831431903942223,,0.1517032565028384,3.4831431903942223,-2.036232906618512,-2.0384869711756393,0.0022540645571274,0.9988942462772634,Las Vegas
pvdaq_1278,khd_no_physics,-1.0,-0.8458157763176224,3.4831431903942223,,0.1502863390216434,3.4831431903942223,-0.9961021153392657,-1.0140366968615415,0.017934581522275783,0.9823136760456662,Las Vegas
pvdaq_1278,khd_no_correction,-1.0,-0.3396472364298613,3.4831431903942223,,0.7086915788327928,3.4831431903942223,-1.048338815262654,-1.047520169999694,-0.0008186452629599383,1.0007815078758437,Las Vegas
pvdaq_33,khd,-0.25,-0.5992143118633417,6.187873266751564,,-0.3557250357800534,6.187873266751564,-0.24348927608328835,-0.24018363493703324,-0.003305641146255117,1.013762974097389,Golden
pvdaq_33,khd,-0.5,-0.8376743540302447,6.187873266751564,,-0.3557250357800534,6.187873266751564,-0.4819493182501913,-0.4809692338714024,-0.0009800843787889368,1.0020377277999677,Golden
pvdaq_33,khd,-1.0,-1.319427312612904,6.187873266751564,,-0.3557250357800534,6.187873266751564,-0.9637022768328505,-0.9643553985662792,0.0006531217334286854,0.9993227375152359,Golden
pvdaq_33,khd,-2.0,-2.2958393362278637,6.187873266751564,,-0.3557250357800534,6.187873266751564,-1.9401143004478103,-1.93845176075444,-0.0016625396933702685,1.0008576636917306,Golden
pvdaq_33,khd_no_physics,-1.0,-1.319485871842193,6.187873266751564,,-0.3517874527265055,6.187873266751564,-0.9676984191156874,-0.9648055789358448,-0.002892840179842593,1.0029983659329929,Golden
pvdaq_33,khd_no_correction,-1.0,-1.3373465618036156,6.187873266751564,,-0.3783087967764573,6.187873266751564,-0.9590377650271582,-0.9617734172510198,0.0027356522238616288,0.9971556167234474,Golden
pvdaq_10,khd,-0.25,-1.5447446163969554,6.604674255132204,,-1.3353029046829905,6.604674255132204,-0.20944171171396486,-0.20950393359188232,6.222187791746214e-05,0.9997030037725274,Golden
pvdaq_10,khd,-0.5,-1.754982659525916,6.604674255132204,,-1.3353029046829905,6.604674255132204,-0.4196797548429254,-0.41953293969903255,-0.00014681514389286443,1.0003499490266443,Golden
pvdaq_10,khd,-1.0,-2.175549718215928,6.604674255132204,,-1.3353029046829905,6.604674255132204,-0.8402468135329373,-0.841174085125196,0.0009272715922586938,0.9988976460299289,Golden
pvdaq_10,khd,-2.0,-3.035067020209131,6.604674255132204,,-1.3353029046829905,6.604674255132204,-1.6997641155261405,-1.6908448781809493,-0.008919237345191178,1.0052750181050238,Golden
pvdaq_10,khd_no_physics,-1.0,-2.1752239559773714,6.604674255132204,,-1.3305264658429794,6.604674255132204,-0.844697490134392,-0.8417601877024387,-0.002937302431953337,1.0034894765455356,Golden
pvdaq_10,khd_no_correction,-1.0,-2.116728611257348,6.604674255132204,,-1.2620653572352043,6.604674255132204,-0.8546632540221437,-0.850160846339538,-0.00450240768260568,1.0052959480573485,Golden
pvdaq_2107,khd,-0.25,0.5414699018038054,3.360478139932893,,0.7951035098073757,3.360478139932893,-0.25363360800357027,-0.2616990047999395,0.00806539679636925,0.9691806363477194,Arbuckle
pvdaq_2107,khd,-0.5,0.2876119397139768,3.360478139932893,,0.7951035098073757,3.360478139932893,-0.5074915700933988,-0.5240538968299541,0.016562326736555222,0.96839575693122,Arbuckle
pvdaq_2107,khd,-1.0,-0.2347443614437902,3.360478139932893,,0.7951035098073757,3.360478139932893,-1.0298478712511658,-1.0507412303273953,0.020893359076229467,0.9801155998516214,Arbuckle
pvdaq_2107,khd,-2.0,-1.296931802004284,3.360478139932893,,0.7951035098073757,3.360478139932893,-2.0920353118116597,-2.1120960084358757,0.020060696624216057,0.9905019958637807,Arbuckle
pvdaq_2107,khd_no_physics,-1.0,-0.2484082530862592,3.360478139932893,,0.8029595081065769,3.360478139932893,-1.051367761192836,-1.0511929270389977,-0.00017483415383834355,1.0001663197585726,Arbuckle
pvdaq_2107,khd_no_correction,-1.0,-0.2229081535514455,3.360478139932893,,0.8308277187762156,3.360478139932893,-1.053735872327661,-1.0527952668866267,-0.000940605441034359,1.000893436236483,Arbuckle
pvdaq_1423,khd,-0.25,-0.9579579595727966,3.732114500363065,,-0.7222018124916997,3.732114500363065,-0.23575614708109693,-0.23862708910967254,0.0028709420285756015,0.9879689182008329,Henderson
pvdaq_1423,khd,-0.5,-1.1961754248519687,3.732114500363065,,-0.7222018124916997,3.732114500363065,-0.473973612360269,-0.4778522410993192,0.0038786287390501495,0.9918832048791334,Henderson
pvdaq_1423,khd,-1.0,-1.6802596958296103,3.732114500363065,,-0.7222018124916997,3.732114500363065,-0.9580578833379106,-0.958105749741851,4.786640394038866e-05,0.9999500405837735,Henderson
pvdaq_1423,khd,-2.0,-2.65783126530673,3.732114500363065,,-0.7222018124916997,3.732114500363065,-1.9356294528150304,-1.9258893353396804,-0.009740117475349974,1.005057464775686,Henderson
pvdaq_1423,khd_no_physics,-1.0,-1.703167180360579,3.732114500363065,,-0.7441882527044577,3.732114500363065,-0.9589789276561214,-0.9566773539182727,-0.0023015737378486723,1.0024057993308007,Henderson
pvdaq_1423,khd_no_correction,-1.0,-1.675534071694387,3.732114500363065,,-0.7061944629710301,3.732114500363065,-0.9693396087233569,-0.9591457012292508,-0.010193907494106091,1.010628111538259,Henderson
pvdaq_1430,khd,-0.25,-0.2015428825102497,4.406010757782266,,0.0487546153900379,4.406010757782266,-0.2502974979002876,-0.2512662630898875,0.0009687651895998739,0.9961444677145005,Golden
pvdaq_1430,khd,-0.5,-0.4450264079435301,4.406010757782266,,0.0487546153900379,4.406010757782266,-0.493781023333568,-0.503162266187519,0.009381242853951033,0.9813554324631036,Golden
pvdaq_1430,khd,-1.0,-0.9405380468183308,4.406010757782266,,0.0487546153900379,4.406010757782266,-0.9892926622083686,-1.0088529859739703,0.019560323765601684,0.9806113239118605,Golden
pvdaq_1430,khd,-2.0,-1.952951238762694,4.406010757782266,,0.0487546153900379,4.406010757782266,-2.001705854152732,-2.027896406149698,0.02619055199696607,0.9870848669007244,Golden
pvdaq_1430,khd_no_physics,-1.0,-0.9410920640163464,4.406010757782266,,0.0802413217288743,4.406010757782266,-1.0213333857452207,-1.011325094791792,-0.0100082909534287,1.009896215376213,Golden
pvdaq_1430,khd_no_correction,-1.0,-0.7880294139419595,4.406010757782266,,0.2342256753780659,4.406010757782266,-1.0222550893200253,-1.0234148343271465,0.0011597450071212378,0.9988667889420582,Golden
dkasc_21,khd,-0.25,-1.1184520247220422,5.847526642239598,,-0.8894612359383205,5.847526642239598,-0.2289907887837217,-0.22650103801542162,-0.0024897507683000752,1.0109922267470164,Alice Springs
dkasc_21,khd,-0.5,-1.3394454696884073,5.847526642239598,,-0.8894612359383205,5.847526642239598,-0.4499842337500868,-0.45356974780531795,0.003585514055231165,0.9920949003486667,Alice Springs
dkasc_21,khd,-1.0,-1.7933547166434975,5.847526642239598,,-0.8894612359383205,5.847526642239598,-0.903893480705177,-0.9094187405744818,0.005525259869304744,0.9939244050921863,Alice Springs
dkasc_21,khd,-2.0,-2.704432101151814,5.847526642239598,,-0.8894612359383205,5.847526642239598,-1.8149708652134937,-1.8280235290335543,0.01305266382006054,0.9928596850025441,Alice Springs
dkasc_21,khd_no_physics,-1.0,-1.744662660281986,5.847526642239598,,-0.8373547723906691,5.847526642239598,-0.9073078878913168,-0.9150195587062195,0.00771167081490276,0.9915721246157769,Alice Springs
dkasc_21,khd_no_correction,-1.0,-1.7819515757608428,5.847526642239598,,-0.8630316250394824,5.847526642239598,-0.9189199507213605,-0.912259605869468,-0.006660344851892486,1.0073009314553005,Alice Springs
dkasc_20,khd,-0.5,-2.891742549859569,6.141702166043393,,-2.5223085149525017,6.141702166043393,-0.36943403490706705,-0.358595354263286,-0.010838680643781073,1.030225379428154,Alice Springs
dkasc_20,khd,-1.0,-3.2628483035506264,6.141702166043393,,-2.5223085149525017,6.141702166043393,-0.7405397885981246,-0.7189926952314126,-0.02154709336671201,1.0299684454510027,Alice Springs
dkasc_20,khd,-2.0,-4.009100965787585,6.141702166043393,,-2.5223085149525017,6.141702166043393,-1.4867924508350834,-1.4452479429399103,-0.041544507895173055,1.0287455921304849,Alice Springs
dkasc_20,khd_no_physics,-1.0,-3.362977102860542,6.141702166043393,,-2.6469715355705645,6.141702166043393,-0.7160055672899777,-0.7048557779762079,-0.011149789313769753,1.0158185399937887,Alice Springs
dkasc_20,khd_no_correction,-1.0,-3.330643680784901,6.141702166043393,,-2.6051074426547296,6.141702166043393,-0.7255362381301715,-0.7096032100100311,-0.015933028120140413,1.0224534329825188,Alice Springs
dkasc_7,khd_24,-0.25,-1.010016440475365,6.68855635128151,,-0.7847153853052682,6.68855635128151,-0.2253010551700969,-0.22600122462238179,0.0007001694522848767,0.9969019218658891,Alice Springs
dkasc_7,khd_24,-0.5,-1.2180016449031823,6.68855635128151,,-0.7847153853052682,6.68855635128151,-0.4332862595979141,-0.4525688683540928,0.01928260875617871,0.9573929845720367,Alice Springs
dkasc_7,khd_24,-1.0,-1.669493919972698,6.68855635128151,,-0.7847153853052682,6.68855635128151,-0.8847785346674297,-0.9074119521270505,0.022633417459620775,0.9750571750718445,Alice Springs
dkasc_7,khd_24,-2.0,-2.5529308431240563,6.68855635128151,,-0.7847153853052682,6.68855635128151,-1.768215457818788,-1.8239896815483136,0.05577422372952556,0.9694218534820981,Alice Springs
dkasc_8,khd_24,-0.25,-0.9650878765211768,5.997091917761248,,-0.732072859474055,5.997091917761248,-0.2330150170471218,-0.23016634894104035,-0.002848668106081448,1.0123765620786345,Alice Springs
dkasc_8,khd_24,-0.5,-1.214827006198083,5.997091917761248,,-0.732072859474055,5.997091917761248,-0.48275414672402805,-0.46090955589947674,-0.021844590824551313,1.0473945279392636,Alice Springs
dkasc_8,khd_24,-1.0,-1.7168287384701708,5.997091917761248,,-0.732072859474055,5.997091917761248,-0.9847558789961158,-0.924135240220559,-0.06062063877555679,1.065597150868404,Alice Springs
dkasc_8,khd_24,-2.0,-2.691643054167548,5.997091917761248,,-0.732072859474055,5.997091917761248,-1.9595701946934927,-1.8576051798372852,-0.10196501485620746,1.0548905741451147,Alice Springs
dkasc_10,khd_24,-0.25,-1.157766009856134,5.979116148993453,,-0.9218556324670908,5.979116148993453,-0.2359103773890432,-0.225026512726453,-0.010883864662590198,1.0483670325363876,Alice Springs
dkasc_10,khd_24,-0.5,-1.377904443352609,5.979116148993453,,-0.9218556324670908,5.979116148993453,-0.4560488108855183,-0.450617001675278,-0.005431809210240279,1.01205415949697,Alice Springs
dkasc_10,khd_24,-1.0,-1.849701686646814,5.979116148993453,,-0.9218556324670908,5.979116148993453,-0.9278460541797231,-0.9034984103941505,-0.024347643785572637,1.0269481866326151,Alice Springs
dkasc_10,khd_24,-2.0,-2.784968548868936,5.979116148993453,,-0.9218556324670908,5.979116148993453,-1.8631129164018454,-1.816123067357939,-0.04698984904390646,1.0258737141157874,Alice Springs
dkasc_11,khd_24,-0.25,-0.9998484985815398,6.007951291468155,,-0.759545248607191,6.007951291468155,-0.24030324997434882,-0.22936902011016533,-0.010934229864183492,1.0476709097808057,Alice Springs
dkasc_11,khd_24,-0.5,-1.22907992582609,6.007951291468155,,-0.759545248607191,6.007951291468155,-0.4695346772188991,-0.45931289991985486,-0.010221777299044221,1.0222544964463829,Alice Springs
dkasc_11,khd_24,-1.0,-1.722537461110324,6.007951291468155,,-0.759545248607191,6.007951291468155,-0.9629922125031329,-0.9209339048644326,-0.04205830763870033,1.0456691923454502,Alice Springs
dkasc_11,khd_24,-2.0,-2.694716010324715,6.007951291468155,,-0.759545248607191,6.007951291468155,-1.935170761717524,-1.8511701724042635,-0.08400058931326049,1.0453770218240725,Alice Springs
dkasc_13,khd_24,-0.25,-0.6997530954559505,6.040608851892045,,-0.4528020428566623,6.040608851892045,-0.24695105259928823,-0.2377531964615448,-0.009197856137743432,1.0386865719352427,Alice Springs
dkasc_13,khd_24,-0.5,-0.9389665690089308,6.040608851892045,,-0.4528020428566623,6.040608851892045,-0.4861645261522685,-0.47610226559592556,-0.010062260556342961,1.0211346622006687,Alice Springs
dkasc_13,khd_24,-1.0,-1.442749373933427,6.040608851892045,,-0.4528020428566623,6.040608851892045,-0.9899473310767646,-0.9545970048883131,-0.035350326188451464,1.0370316751544673,Alice Springs
dkasc_13,khd_24,-2.0,-2.3973704315037487,6.040608851892045,,-0.4528020428566623,6.040608851892045,-1.9445683886470864,-1.918836403765397,-0.025731984881689263,1.0134102025744323,Alice Springs
dkasc_17,khd_24,-0.25,-0.3592061781267152,5.920828477922283,,-0.1025442292158345,5.920828477922283,-0.2566619489108807,-0.2475300391590499,-0.009131909751830786,1.0368921274478655,Alice Springs
dkasc_17,khd_24,-0.5,-0.6221327101902102,5.920828477922283,,-0.1025442292158345,5.920828477922283,-0.5195884809743757,-0.49568045435609237,-0.02390802661828334,1.0482327402829323,Alice Springs
dkasc_17,khd_24,-1.0,-1.1092422398809956,5.920828477922283,,-0.1025442292158345,5.920828477922283,-1.006698010665161,-0.993851765266738,-0.01284624539842305,1.012925715732844,Alice Springs
dkasc_17,khd_24,-2.0,-2.1331853828012117,5.920828477922283,,-0.1025442292158345,5.920828477922283,-2.0306411535853774,-1.997742437253342,-0.03289871633203534,1.0164679468777102,Alice Springs
dkasc_12,khd_24,-0.25,-1.0861082991472963,6.051370159705149,,-0.8669182222866713,6.051370159705149,-0.21919007686062508,-0.22621985506830106,0.007029778207675974,0.9689250167472987,Alice Springs
dkasc_12,khd_24,-0.5,-1.3279217443020153,6.051370159705149,,-0.8669182222866713,6.051370159705149,-0.461003522015344,-0.4530066771919111,-0.00799684482343288,1.0176528188789702,Alice Springs
dkasc_12,khd_24,-1.0,-1.7869848318040678,6.051370159705149,,-0.8669182222866713,6.051370159705149,-0.9200666095173965,-0.9082897698470982,-0.0117768396702983,1.0129659499217754,Alice Springs
dkasc_12,khd_24,-2.0,-2.7338169414898026,6.051370159705149,,-0.8669182222866713,6.051370159705149,-1.8668987192031312,-1.825754183834066,-0.04114453536906515,1.0225356380028454,Alice Springs
dkasc_14,khd_24,-0.25,-0.6942105778204045,5.992274660015807,,-0.435420478428716,5.992274660015807,-0.2587900993916885,-0.23834068155130916,-0.020449417840379347,1.085799107845452,Alice Springs
dkasc_14,khd_24,-0.5,-0.9348482109646238,5.992274660015807,,-0.435420478428716,5.992274660015807,-0.4994277325359078,-0.47727870816916296,-0.02214902436674482,1.0464068980820624,Alice Springs
dkasc_14,khd_24,-1.0,-1.4276720492813069,5.992274660015807,,-0.435420478428716,5.992274660015807,-0.9922515708525909,-0.9569558018065126,-0.03529576904607823,1.0368833847701722,Alice Springs
dkasc_14,khd_24,-2.0,-2.4305498908922383,5.992274660015807,,-0.435420478428716,5.992274660015807,-1.9951294124635224,-1.9235778238332932,-0.07155158863022915,1.0371971374091025,Alice Springs
dkasc_18,khd_24,-0.25,-0.4579639617925501,5.977836278735987,,-0.1959939044303285,5.977836278735987,-0.2619700573622216,-0.24493805997447027,-0.017031997387751352,1.069535936511976,Alice Springs
dkasc_18,khd_24,-0.5,-0.7036407467846536,5.977836278735987,,-0.1959939044303285,5.977836278735987,-0.5076468423543251,-0.49048999979850055,-0.01715684255582456,1.0349789854285976,Alice Springs
dkasc_18,khd_24,-1.0,-1.1607701408495616,5.977836278735987,,-0.1959939044303285,5.977836278735987,-0.9647762364192332,-0.9834447734653354,0.018668537046102274,0.9810171983726951,Alice Springs
dkasc_18,khd_24,-2.0,-2.174878182213255,5.977836278735987,,-0.1959939044303285,5.977836278735987,-1.9788842777829263,-1.9768233325212297,-0.002060945261696645,1.00104255409565,Alice Springs
dkasc_19,khd_24,-0.25,-0.7658106465456417,6.039800566351069,,-0.5219714694580152,6.039800566351069,-0.24383917708762648,-0.23583670667272785,-0.008002470414898627,1.0339322513776608,Alice Springs
dkasc_19,khd_24,-0.5,-0.9824645335202772,6.039800566351069,,-0.5219714694580152,6.039800566351069,-0.460493064062262,-0.4722644827857382,0.011771418723476201,0.9750745204169486,Alice Springs
dkasc_19,khd_24,-1.0,-1.482453904533933,6.039800566351069,,-0.5219714694580152,6.039800566351069,-0.9604824350759179,-0.9469021539271837,-0.013580281148734219,1.0143417998284314,Alice Springs
dkasc_19,khd_24,-2.0,-2.4524446941217564,6.039800566351069,,-0.5219714694580152,6.039800566351069,-1.930473224663741,-1.903368976075854,-0.02710424858788696,1.014240144148912,Alice Springs
dkasc_20,khd_24,-0.25,-2.2239379764789478,6.141702166043393,,-2.0320550808135573,6.141702166043393,-0.1918828956653904,-0.192919902122927,0.001037006457536599,0.9946246787079758,Alice Springs
dkasc_20,khd_24,-0.5,-2.437181400217685,6.141702166043393,,-2.0320550808135573,6.141702166043393,-0.4051263194041277,-0.3863233127724779,-0.0188030066316498,1.0486716851144928,Alice Springs
dkasc_20,khd_24,-1.0,-2.8693549544148227,6.141702166043393,,-2.0320550808135573,6.141702166043393,-0.8372998736012653,-0.774587948724717,-0.06271192487654831,1.0809616583627428,Alice Springs
dkasc_20,khd_24,-2.0,-3.698255717278125,6.141702166043393,,-2.0320550808135573,6.141702166043393,-1.6662006364645676,-1.5570000181436232,-0.10920061832094441,1.0701352710651486,Alice Springs
dkasc_21,khd_24,-0.25,-1.101682059780622,5.847526642239598,,-0.8768279582915385,5.847526642239598,-0.22485410148908358,-0.22683924471777445,0.0019851432286908666,0.9912486781942837,Alice Springs
dkasc_21,khd_24,-0.5,-1.3480875571444295,5.847526642239598,,-0.8768279582915385,5.847526642239598,-0.47125959885289104,-0.4542470088458691,-0.017012590007021933,1.0374522884591948,Alice Springs
dkasc_21,khd_24,-1.0,-1.8229561596243864,5.847526642239598,,-0.8768279582915385,5.847526642239598,-0.9461282013328479,-0.9107766659773958,-0.0353515353554521,1.0388147135033534,Alice Springs
dkasc_21,khd_24,-2.0,-2.7497389404584145,5.847526642239598,,-0.8768279582915385,5.847526642239598,-1.872910982166876,-1.8307530962575937,-0.042157885909282156,1.0230276196148245,Alice Springs
pvdaq_1430,khd_24,-0.25,-0.1960746672540873,4.406010757782266,,0.0787645066612414,4.406010757782266,-0.2748391739153287,-0.25185309141602114,-0.02298608249930756,1.091267819545396,Golden
pvdaq_1430,khd_24,-0.5,-0.4341896570848769,4.406010757782266,,0.0787645066612414,4.406010757782266,-0.5129541637461184,-0.5043373935874709,-0.00861677015864748,1.0170853287267763,Golden
pvdaq_1430,khd_24,-1.0,-0.962223750538831,4.406010757782266,,0.0787645066612414,4.406010757782266,-1.0409882572000724,-1.011209145936688,-0.029779111263384284,1.0294490129792089,Golden
pvdaq_1430,khd_24,-2.0,-1.9750303791493216,4.406010757782266,,0.0787645066612414,4.406010757782266,-2.053794885810563,-2.0326325256707163,-0.021162360139846736,1.0104113064573066,Golden
pvdaq_1423,khd_24,-0.25,-0.9667675284524436,3.732114500363065,,-0.7176448529101739,3.732114500363065,-0.24912267554226974,-0.23870082435443357,-0.010421851187836173,1.0436607255799055,Henderson
pvdaq_1423,khd_24,-0.5,-1.1981987612578804,3.732114500363065,,-0.7176448529101739,3.732114500363065,-0.4805539083477065,-0.47799989638895346,-0.002554011958753044,1.005343122410794,Henderson
pvdaq_1423,khd_24,-1.0,-1.6769902292479413,3.732114500363065,,-0.7176448529101739,3.732114500363065,-0.9593453763377674,-0.9584018023074997,-0.0009435740302676798,1.0009845286475838,Henderson
pvdaq_1423,khd_24,-2.0,-2.6326938875091037,3.732114500363065,,-0.7176448529101739,3.732114500363065,-1.9150490345989297,-1.9264844309009337,0.011435396302003964,0.9940641117475026,Henderson
pvdaq_2107,khd_24,-0.25,0.4548385861494076,3.360478139932893,,0.7007340527109507,3.360478139932893,-0.2458954665615431,-0.2603476067068148,0.014452140145271686,0.9444890608825659,Arbuckle
pvdaq_2107,khd_24,-0.5,0.2092472028338541,3.360478139932893,,0.7007340527109507,3.360478139932893,-0.49148684987709657,-0.5213477136810651,0.029860863803968574,0.9427237081503037,Arbuckle
pvdaq_2107,khd_24,-1.0,-0.319878394961126,3.360478139932893,,0.7007340527109507,3.360478139932893,-1.0206124476720766,-1.0453152651193216,0.024702817447245007,0.9763680697378649,Arbuckle
pvdaq_2107,khd_24,-2.0,-1.3011392806637945,3.360478139932893,,0.7007340527109507,3.360478139932893,-2.0018733333747454,-2.101189270290354,0.09931593691560847,0.9527334646526705,Arbuckle
pvdaq_10,khd_24,-0.25,-1.341446214813011,6.604674255132204,,-1.1238631128138388,6.604674255132204,-0.2175831019991723,-0.21596586627740985,-0.00161723572176245,1.0074883857789134,Golden
pvdaq_10,khd_24,-0.5,-1.5667243389210057,6.604674255132204,,-1.1238631128138388,6.604674255132204,-0.44286122610716694,-0.4324730003901014,-0.010388225717065547,1.0240205185241509,Golden
pvdaq_10,khd_24,-1.0,-2.0191099259635914,6.604674255132204,,-1.1238631128138388,6.604674255132204,-0.8952468131497526,-0.867119231937942,-0.02812758121181058,1.0324379625959255,Golden
pvdaq_10,khd_24,-2.0,-2.918578997557735,6.604674255132204,,-1.1238631128138388,6.604674255132204,-1.7947158847438964,-1.7429972439964694,-0.05171864074742705,1.029672244706964,Golden
pvdaq_33,khd_24,-0.25,-0.6208300352958902,6.187873266751564,,-0.3834411861446262,6.187873266751564,-0.23738884915126401,-0.23939441866311123,0.002005569511847216,0.9916223213429651,Golden
pvdaq_33,khd_24,-0.5,-0.8618417207355631,6.187873266751564,,-0.3834411861446262,6.187873266751564,-0.4784005345909369,-0.47938882333790944,0.0009882887469725432,0.9979384401578426,Golden
pvdaq_33,khd_24,-1.0,-1.336675519807138,6.187873266751564,,-0.3834411861446262,6.187873266751564,-0.9532343336625119,-0.9611866357378185,0.007952302075306616,0.9917265786064511,Golden
pvdaq_33,khd_24,-2.0,-2.3070382640434937,6.187873266751564,,-0.3834411861446262,6.187873266751564,-1.9235970778988674,-1.9320822273921807,0.00848514949331336,0.9956082875909654,Golden
pvdaq_1278,khd_24,-0.25,-0.0238913945272938,3.4831431903942223,,0.2265410710719043,3.4831431903942223,-0.2504324655991981,-0.25369614244562083,0.0032636768464227583,0.9871354888767285,Las Vegas
pvdaq_1278,khd_24,-0.5,-0.2610492387143842,3.4831431903942223,,0.2265410710719043,3.4831431903942223,-0.4875903097862885,-0.508028114822183,0.02043780503589454,0.9597703267996338,Las Vegas
pvdaq_1278,khd_24,-1.0,-0.7569773080272316,3.4831431903942223,,0.2265410710719043,3.4831431903942223,-0.983518379099136,-1.0186091347439752,0.03509075564483921,0.9655503230356763,Las Vegas
pvdaq_1278,khd_24,-2.0,-1.7482641992172137,3.4831431903942223,,0.2265410710719043,3.4831431903942223,-1.974805270289118,-2.0475072506469805,0.07270198035786257,0.9644924430255913,Las Vegas
dkasc_7,khd_linear,-0.25,-1.00775463770702,6.68855635128151,,-0.7805536859581164,6.68855635128151,-0.22720095174890353,-0.22613016034667185,-0.00107079140223168,1.0047352878562952,Alice Springs
dkasc_7,khd_linear,-0.5,-1.2352530310681973,6.68855635128151,,-0.7805536859581164,6.68855635128151,-0.4546993451100809,-0.45282706294985164,-0.0018722821602292772,1.0041346516439027,Alice Springs
dkasc_7,khd_linear,-1.0,-1.6977123770793163,6.68855635128151,,-0.7805536859581164,6.68855635128151,-0.9171586911212,-0.9079296387788484,-0.009229052342351607,1.0101649422468073,Alice Springs
dkasc_7,khd_linear,-2.0,-2.629690765012337,6.68855635128151,,-0.7805536859581164,6.68855635128151,-1.8491370790542208,-1.8250302840100083,-0.024106795044212426,1.013208983574368,Alice Springs
dkasc_8,khd_linear,-0.25,-1.0180627078687583,5.997091917761248,,-0.7875004241142465,5.997091917761248,-0.23056228375451182,-0.22864099015453326,-0.0019212935999785574,1.0084031021676385,Alice Springs
dkasc_8,khd_linear,-0.5,-1.2493632599397837,5.997091917761248,,-0.7875004241142465,5.997091917761248,-0.4618628358255372,-0.45785501537211043,-0.004007820453426791,1.0087534706814767,Alice Springs
dkasc_8,khd_linear,-1.0,-1.7133293227876278,5.997091917761248,,-0.7875004241142465,5.997091917761248,-0.9258288986733814,-0.9180108097159401,-0.007818088957441294,1.0085163364904826,Alice Springs
dkasc_8,khd_linear,-2.0,-2.6438592598586683,5.997091917761248,,-0.7875004241142465,5.997091917761248,-1.8563588357444218,-1.8452944558936573,-0.011064379850764583,1.0059959969073913,Alice Springs
dkasc_10,khd_linear,-0.25,-1.1912897375103284,5.979116148993453,,-0.9667904192916178,5.979116148993453,-0.2244993182187106,-0.2237939574516503,-0.0007053607670603201,1.0031518311534962,Alice Springs
dkasc_10,khd_linear,-0.5,-1.415111852235814,5.979116148993453,,-0.9667904192916178,5.979116148993453,-0.44832143294419613,-0.4481488020147082,-0.000172630929487938,1.000385208950045,Alice Springs
dkasc_10,khd_linear,-1.0,-1.863299780947679,5.979116148993453,,-0.9667904192916178,5.979116148993453,-0.8965093616560612,-0.8985496080596411,0.002040246403579915,0.9977294003744704,Alice Springs
dkasc_10,khd_linear,-2.0,-2.77312989964962,5.979116148993453,,-0.9667904192916178,5.979116148993453,-1.8063394803580022,-1.8061754747865513,-0.00016400557145090922,1.0000908026787765,Alice Springs
dkasc_11,khd_linear,-0.25,-1.1262532421050344,6.007951291468155,,-0.9034338326728878,6.007951291468155,-0.22281940943214662,-0.22540140402790157,0.0025819945957549495,0.9885449045586454,Alice Springs
dkasc_11,khd_linear,-0.5,-1.3532166070139735,6.007951291468155,,-0.9034338326728878,6.007951291468155,-0.4497827743410857,-0.4513677238553718,0.0015849495142861159,0.99648856258319,Alice Springs
dkasc_11,khd_linear,-1.0,-1.810921615107676,6.007951291468155,,-0.9034338326728878,6.007951291468155,-0.9074877824347881,-0.9050036272276049,-0.0024841552071832584,1.0027449118792962,Alice Springs
dkasc_11,khd_linear,-2.0,-2.7318530713874334,6.007951291468155,,-0.9034338326728878,6.007951291468155,-1.8284192387145457,-1.8191487052352866,-0.009270533479259102,1.0050960833782194,Alice Springs
dkasc_13,khd_linear,-0.25,-0.6621560173468254,6.040608851892045,,-0.4245823937983448,6.040608851892045,-0.2375736235484806,-0.23853594508417209,0.0009623215356914794,0.995965716884506,Alice Springs
dkasc_13,khd_linear,-0.5,-0.9002017051721943,6.040608851892045,,-0.4245823937983448,6.040608851892045,-0.47561931137384955,-0.47766972461717666,0.0020504132433271094,0.9957074666078735,Alice Springs
dkasc_13,khd_linear,-1.0,-1.3756740597154462,6.040608851892045,,-0.4245823937983448,6.040608851892045,-0.9510916659171014,-0.9577397996093141,0.006648133692212732,0.9930585178824931,Alice Springs
dkasc_13,khd_linear,-2.0,-2.3534943742955807,6.040608851892045,,-0.4245823937983448,6.040608851892045,-1.928911980497236,-1.9251537386086213,-0.003758241888614622,1.0019521775395095,Alice Springs
dkasc_17,khd_linear,-0.25,-0.3331434646059888,5.920828477922283,,-0.085791734779853,5.920828477922283,-0.24735172982613582,-0.24798466944147693,0.0006329396153411104,0.9974476663546716,Alice Springs
dkasc_17,khd_linear,-0.5,-0.5808150421982337,5.920828477922283,,-0.085791734779853,5.920828477922283,-0.49502330741838063,-0.4965908543452132,0.001567546926832586,0.996843383414905,Alice Springs
dkasc_17,khd_linear,-1.0,-1.0817076727124908,5.920828477922283,,-0.085791734779853,5.920828477922283,-0.9959159379326378,-0.9956771401192969,-0.00023879781334090744,1.0002398345846448,Alice Springs
dkasc_17,khd_linear,-2.0,-2.083143986749078,5.920828477922283,,-0.085791734779853,5.920828477922283,-1.9973522519692253,-2.0014116250882834,0.0040593731190581295,0.9979717450082868,Alice Springs
dkasc_12,khd_linear,-0.25,-1.2382077002495206,6.051370159705149,,-1.0126324576657328,6.051370159705149,-0.2255752425837878,-0.22217022473975248,-0.003405017844035324,1.0153261664474793,Alice Springs
dkasc_12,khd_linear,-0.5,-1.4613230474370371,6.051370159705149,,-1.0126324576657328,6.051370159705149,-0.44869058977130427,-0.44489726708536903,-0.003793322685935241,1.008526289025748,Alice Springs
dkasc_12,khd_linear,-1.0,-1.906191902051348,6.051370159705149,,-1.0126324576657328,6.051370159705149,-0.8935594443856152,-0.8920301988294586,-0.0015292455561566332,1.0017143428083077,Alice Springs
dkasc_12,khd_linear,-2.0,-2.811558673694645,6.051370159705149,,-1.0126324576657328,6.051370159705149,-1.7989262160289123,-1.7930708037076994,-0.005855412321212894,1.0032655778617916,Alice Springs
dkasc_14,khd_linear,-0.25,-0.6118355279398123,5.992274660015807,,-0.3731284786370871,5.992274660015807,-0.23870704930272524,-0.2400534463672154,0.0013463970644901624,0.9943912612592508,Alice Springs
dkasc_14,khd_linear,-0.5,-0.8516661830277124,5.992274660015807,,-0.3731284786370871,5.992274660015807,-0.47853770439062526,-0.4807085304446243,0.002170826053999042,0.995484111646633,Alice Springs
dkasc_14,khd_linear,-1.0,-1.3384314110258109,5.992274660015807,,-0.3731284786370871,5.992274660015807,-0.9653029323887238,-0.9638326816452518,-0.001470250743471957,1.0015254211352973,Alice Springs
dkasc_14,khd_linear,-2.0,-2.3196500085425336,5.992274660015807,,-0.3731284786370871,5.992274660015807,-1.9465215299054464,-1.937401046943486,-0.009120482961960441,1.0047075864733062,Alice Springs
dkasc_18,khd_linear,-0.25,-0.4792652188129323,5.977836278735987,,-0.2352421486668889,5.977836278735987,-0.24402307014604344,-0.24386173729033647,-0.00016133285570696376,1.0006615751101406,Alice Springs
dkasc_18,khd_linear,-0.5,-0.7226870973222688,5.977836278735987,,-0.2352421486668889,5.977836278735987,-0.4874449486553799,-0.48833465687964617,0.0008897082242662613,0.9981780768337203,Alice Springs
dkasc_18,khd_linear,-1.0,-1.2139699692276469,5.977836278735987,,-0.2352421486668889,5.977836278735987,-0.978727820560758,-0.9791232567586876,0.0003954361979295884,0.9995961323610689,Alice Springs
pvdaq_1278,khd_linear,-0.25,-0.0668080250978543,3.4831431903942223,,0.1841361992332084,3.4831431903942223,-0.25094422433106267,-0.25306285180899935,0.0021186274779366743,0.9916280581571264,Las Vegas
pvdaq_1278,khd_linear,-0.5,-0.3169196387189572,3.4831431903942223,,0.1841361992332084,3.4831431903942223,-0.5010558379521656,-0.5067599463543621,0.005704108402196484,0.9887439636000597,Las Vegas
pvdaq_1278,khd_linear,-1.0,-0.82546042132175,3.4831431903942223,,0.1841361992332084,3.4831431903942223,-1.0095966205549585,-1.0160664251024647,0.0064698045475062305,0.9936324984394068,Las Vegas
pvdaq_1278,khd_linear,-2.0,-1.843678258688122,3.4831431903942223,,0.1841361992332084,3.4831431903942223,-2.0278144579213304,-2.0423961474281866,0.014581689506856232,0.992860498916815,Las Vegas
pvdaq_33,khd_linear,-0.25,-0.6120899050625186,6.187873266751564,,-0.372782342173061,6.187873266751564,-0.2393075628894576,-0.23969792881920804,0.00039036592975044693,0.9983714255201392,Golden
pvdaq_33,khd_linear,-0.5,-0.8527776807768241,6.187873266751564,,-0.372782342173061,6.187873266751564,-0.47999533860376314,-0.47999660432718605,1.2657234229052072e-06,0.9999973630575477,Golden
pvdaq_33,khd_linear,-1.0,-1.3354649874366145,6.187873266751564,,-0.372782342173061,6.187873266751564,-0.9626826452635535,-0.9624052518921972,-0.00027739337135634923,1.000288229278478,Golden
pvdaq_33,khd_linear,-2.0,-2.308194393164288,6.187873266751564,,-0.372782342173061,6.187873266751564,-1.9354120509912272,-1.9345317689550225,-0.0008802820362046049,1.0004550362265077,Golden
pvdaq_10,khd_linear,-0.25,-1.5796966148032794,6.604674255132204,,-1.3732854669919037,6.604674255132204,-0.2064111478113757,-0.20834312673195152,0.0019319789205758109,0.9907269370922831,Golden
pvdaq_10,khd_linear,-0.5,-1.7872594168906872,6.604674255132204,,-1.3732854669919037,6.604674255132204,-0.41397394989878356,-0.41720841668879516,0.003234466790011603,0.9922473596873185,Golden
pvdaq_10,khd_linear,-1.0,-2.209429028275656,6.604674255132204,,-1.3732854669919037,6.604674255132204,-0.8361435612837524,-0.8365133580845692,0.00036979680081672406,0.999557930788262,Golden
pvdaq_10,khd_linear,-2.0,-3.060494518768897,6.604674255132204,,-1.3732854669919037,6.604674255132204,-1.6872090517769933,-1.6814763460487805,-0.005732705728212828,1.0034093287970918,Golden
pvdaq_2107,khd_linear,-0.25,0.6704467908461524,3.360478139932893,,0.934552305918355,3.360478139932893,-0.2641055150722026,-0.26369595214870256,-0.00040956292350002865,1.0015531634830295,Arbuckle
pvdaq_2107,khd_linear,-0.5,0.407907983885855,3.360478139932893,,0.934552305918355,3.360478139932893,-0.5266443220325001,-0.5280527964080535,0.001408474375553359,0.9973327016064792,Arbuckle
pvdaq_2107,khd_linear,-1.0,-0.1249628038106475,3.360478139932893,,0.934552305918355,3.360478139932893,-1.0595151097290025,-1.0587591244563486,-0.0007559852726539695,1.000714029523044,Arbuckle
pvdaq_2107,khd_linear,-2.0,-1.197623761895355,3.360478139932893,,0.934552305918355,3.360478139932893,-2.13217606781371,-2.1282127855233672,-0.003963282290342818,1.001862258472133,Arbuckle
pvdaq_1423,khd_linear,-0.25,-0.977648995077646,3.732114500363065,,-0.7425352015365101,3.732114500363065,-0.23511379354113593,-0.23829807863871758,0.003184285097581646,0.986637386605163,Henderson
pvdaq_1423,khd_linear,-0.5,-1.2159026836940154,3.732114500363065,,-0.7425352015365101,3.732114500363065,-0.47336748215750535,-0.47719339556976276,0.003825913412257409,0.9919824678049257,Henderson
pvdaq_1423,khd_linear,-1.0,-1.699932613851513,3.732114500363065,,-0.7425352015365101,3.732114500363065,-0.9573974123150029,-0.9567847479011826,-0.0006126644138202408,1.0006403367269014,Henderson
pvdaq_1423,khd_linear,-2.0,-2.6767988908641285,3.732114500363065,,-0.7425352015365101,3.732114500363065,-1.9342636893276184,-1.9232339882054077,-0.011029701122210689,1.0057349761858685,Henderson
pvdaq_1430,khd_linear,-0.25,-0.0765034632413447,4.406010757782266,,0.1777364133169738,4.406010757782266,-0.2542398765583185,-0.2537884372589023,-0.00045143929941615646,1.0017788016833706,Golden
pvdaq_1430,khd_linear,-0.5,-0.330371532828065,4.406010757782266,,0.1777364133169738,4.406010757782266,-0.5081079461450387,-0.5082129357640675,0.00010498961902871695,0.9997934141151467,Golden
pvdaq_1430,khd_linear,-1.0,-0.8399346508091607,4.406010757782266,,0.1777364133169738,4.406010757782266,-1.0176710641261346,-1.0189797053761958,0.0013086412500611377,0.9987157337450818,Golden
pvdaq_1430,khd_linear,-2.0,-1.8721564212798616,4.406010757782266,,0.1777364133169738,4.406010757782266,-2.0498928345968355,-2.0482521350491205,-0.0016406995477149522,1.0008010242096859,Golden
dkasc_21,khd_linear,-0.25,-1.1123064683567798,5.847526642239598,,-0.8870034036763091,5.847526642239598,-0.22530306468047068,-0.22656683688152054,0.0012637722010498675,0.9944220777478094,Alice Springs
dkasc_21,khd_linear,-0.5,-1.3389476629221508,5.847526642239598,,-0.8870034036763091,5.847526642239598,-0.4519442592458417,-0.45370151044695467,0.0017572512011129748,0.9961268561804393,Alice Springs
dkasc_21,khd_linear,-1.0,-1.7954676126535611,5.847526642239598,,-0.8870034036763091,5.847526642239598,-0.908464208977252,-0.9096829279815826,0.0012187190043305707,0.9986602815477315,Alice Springs
dkasc_21,khd_linear,-2.0,-2.7174329677214346,5.847526642239598,,-0.8870034036763091,5.847526642239598,-1.8304295640451254,-1.8285545724074235,-0.0018749916377018838,1.0010253955041841,Alice Springs
dkasc_20,khd_linear,-0.25,-2.8433198893565117,6.141702166043393,,-2.663961139381078,6.141702166043393,-0.17935874997543388,-0.17507246392840226,-0.004286286047031629,1.0244829252462258,Alice Springs
dkasc_20,khd_linear,-0.5,-3.022679166386343,6.141702166043393,,-2.663961139381078,6.141702166043393,-0.3587180270052652,-0.3505837059618882,-0.008134321043377024,1.0232022221941521,Alice Springs
dkasc_20,khd_linear,-1.0,-3.383108389708224,6.141702166043393,,-2.663961139381078,6.141702166043393,-0.7191472503271461,-0.7029291390894141,-0.01621811123773198,1.0230721851405125,Alice Springs
dkasc_20,khd_linear,-2.0,-4.109957125471409,6.141702166043393,,-2.663961139381078,6.141702166043393,-1.445995986090331,-1.4129585725130647,-0.03303741357726642,1.023381728395976,Alice Springs
dkasc_19,khd_linear,-0.25,-0.7668469997088171,6.039800566351069,,-0.5307574201733655,6.039800566351069,-0.23608957953545162,-0.23559304001566236,-0.0004965395197892575,1.0021076154022048,Alice Springs
dkasc_19,khd_linear,-0.5,-1.002240469894559,6.039800566351069,,-0.5307574201733655,6.039800566351069,-0.4714830497211936,-0.4717765387782311,0.0002934890570375215,0.9993779066296989,Alice Springs
dkasc_19,khd_linear,-1.0,-1.473987358548666,6.039800566351069,,-0.5307574201733655,6.039800566351069,-0.9432299383753006,-0.9459238139322323,0.0026938755569317907,0.9971521220660116,Alice Springs
dkasc_19,khd_linear,-2.0,-2.4257439049161453,6.039800566351069,,-0.5307574201733655,6.039800566351069,-1.89498648474278,-1.9014024138637802,0.006415929121000197,0.9966256858231485,Alice Springs
dkasc_18,khd_linear,-2.0,-2.204442818468756,5.977836278735987,,-0.2352421486668889,5.977836278735987,-1.9692006698018671,-1.9681366474240287,-0.001064022377838425,1.0005406242392931,Alice Springs
dkasc_7,reference_fitted,-0.25,-0.8982771654949095,7.07015742642026,,-0.6896429415185414,7.07015742642026,-0.2086342239763681,-0.22762922305984298,0.01899499908347488,0.9165528976106853,Alice Springs
dkasc_7,reference_fitted,-0.5,-1.1246377811266313,7.07015742642026,,-0.6896429415185414,7.07015742642026,-0.4349948396080898,-0.4558289454256004,0.02083410581751055,0.9542940262425457,Alice Springs
dkasc_7,reference_fitted,-1.0,-1.5602442342797551,7.07015742642026,,-0.6896429415185414,7.07015742642026,-0.8706012927612137,-0.9139484885669074,0.04334719580569368,0.9525715110337749,Alice Springs
dkasc_7,reference_fitted,-2.0,-2.4295231871473195,7.07015742642026,,-0.6896429415185414,7.07015742642026,-1.739880245628778,-1.8371287800486318,0.0972485344198537,0.9470649333481785,Alice Springs
dkasc_8,reference_fitted,-0.25,-1.305669511301888,6.41854893908282,,-1.0730532707846048,6.41854893908282,-0.23261624051728313,-0.21851855670897835,-0.014097683808304784,1.064514812932249,Alice Springs
dkasc_8,reference_fitted,-0.5,-1.519610079117939,6.41854893908282,,-1.0730532707846048,6.41854893908282,-0.4465568083333342,-0.43758477897361825,-0.008972029359715972,1.0205035224962815,Alice Springs
dkasc_8,reference_fitted,-1.0,-1.931068497383548,6.41854893908282,,-1.0730532707846048,6.41854893908282,-0.8580152265989431,-0.8773684764345412,0.019353249835598052,0.9779417082384291,Alice Springs
dkasc_8,reference_fitted,-2.0,-2.820842117702937,6.41854893908282,,-1.0730532707846048,6.41854893908282,-1.7477888469183323,-1.7635992607118556,0.015810413793523326,0.9910351437847952,Alice Springs
dkasc_10,reference_fitted,-0.25,-1.3329354853317952,6.278918548939083,,-1.1135116351041086,6.278918548939083,-0.21942385022768662,-0.21809815748404196,-0.001325692743644663,1.0060784224815913,Alice Springs
dkasc_10,reference_fitted,-0.5,-1.5451778860188836,6.278918548939083,,-1.1135116351041086,6.278918548939083,-0.43166625091477506,-0.4367429268916028,0.00507667597682776,0.988376054506573,Alice Springs
dkasc_10,reference_fitted,-1.0,-1.9671986639892591,6.278918548939083,,-1.1135116351041086,6.278918548939083,-0.8536870288851506,-0.8756805418580379,0.02199351297288732,0.9748840908052827,Alice Springs
dkasc_10,reference_fitted,-2.0,-2.86150768104595,6.278918548939083,,-1.1135116351041086,6.278918548939083,-1.7479960459418413,-1.7602063417146419,0.012210295772800528,0.9930631452214254,Alice Springs
dkasc_11,reference_fitted,-0.25,-1.6293603439912152,6.391170431211499,,-1.421753727109809,6.391170431211499,-0.20760661688140614,-0.20838150929855292,0.0007748924171467886,0.9962813763094662,Alice Springs
dkasc_11,reference_fitted,-0.5,-1.8495191678240983,6.391170431211499,,-1.421753727109809,6.391170431211499,-0.42776544071428924,-0.41728527801890675,-0.010480162695382489,1.0251151028982806,Alice Springs
dkasc_11,reference_fitted,-1.0,-2.3038515441982987,6.391170431211499,,-1.421753727109809,6.391170431211499,-0.8820978170884897,-0.8366674669826322,-0.0454303501058575,1.0542991712940604,Alice Springs
dkasc_11,reference_fitted,-2.0,-3.1846492211079656,6.391170431211499,,-1.421753727109809,6.391170431211499,-1.7628954939981565,-1.6817861205004425,-0.08110937349771397,1.0482281144486902,Alice Springs
dkasc_13,reference_fitted,-0.25,-0.9788832048010724,6.406228610540726,,-0.7439731254558088,6.406228610540726,-0.23491007934526353,-0.2283150169760175,-0.006595062369246035,1.028885801979196,Alice Springs
dkasc_13,reference_fitted,-0.5,-1.19095358663527,6.406228610540726,,-0.7439731254558088,6.406228610540726,-0.4469804611794612,-0.45720225203969417,0.010221790860232949,0.9776427372904858,Alice Springs
dkasc_13,reference_fitted,-1.0,-1.6407593049196425,6.406228610540726,,-0.7439731254558088,6.406228610540726,-0.8967861794638337,-0.9167020028333567,0.019915823369523022,0.9782744847202615,Alice Springs
dkasc_13,reference_fitted,-2.0,-2.539041308417189,6.406228610540726,,-0.7439731254558088,6.406228610540726,-1.79506818296138,-1.8426636218569492,0.047595438895569275,0.9741703052412763,Alice Springs
dkasc_17,reference_fitted,-0.25,-0.7603970409790088,6.378850102669405,,-0.5161541217803212,6.378850102669405,-0.24424291919868768,-0.2351219388644732,-0.00912098033421449,1.0387925532524291,Alice Springs
dkasc_17,reference_fitted,-0.5,-0.9955282516114938,6.378850102669405,,-0.5161541217803212,6.378850102669405,-0.47937412983117267,-0.47083315577121326,-0.008540974059959405,1.0181401287383203,Alice Springs
dkasc_17,reference_fitted,-1.0,-1.4899494465117955,6.378850102669405,,-0.5161541217803212,6.378850102669405,-0.9737953247314743,-0.9440323073000708,-0.029763017431403527,1.031527541167024,Alice Springs
dkasc_17,reference_fitted,-2.0,-2.468391106855917,6.378850102669405,,-0.5161541217803212,6.378850102669405,-1.9522369850755958,-1.8976002944718595,-0.054636690603736326,1.028792517983321,Alice Springs
dkasc_12,reference_fitted,-0.25,-1.137163315579929,6.408966461327857,,-0.926624277555893,6.408966461327857,-0.21053903802403595,-0.22290166819359233,0.012362630169556382,0.9445377404765795,Alice Springs
dkasc_12,reference_fitted,-0.5,-1.382476817647837,6.408966461327857,,-0.926624277555893,6.408966461327857,-0.455852540091944,-0.44636198718466236,-0.009490552907281624,1.021262009713554,Alice Springs
dkasc_12,reference_fitted,-1.0,-1.8200892404803983,6.408966461327857,,-0.926624277555893,6.408966461327857,-0.8934649629245053,-0.8949669994305541,0.0015020365060488539,0.9983216850375438,Alice Springs
dkasc_12,reference_fitted,-2.0,-2.753659707161804,6.408966461327857,,-0.926624277555893,6.408966461327857,-1.827035429605911,-1.798974069562427,-0.02806136004348403,1.015598535030752,Alice Springs
dkasc_14,reference_fitted,-0.25,-0.9555497602108498,6.415811088295688,,-0.7125028825156976,6.415811088295688,-0.2430468776951522,-0.22921135192576217,-0.013835525769390039,1.060361433468056,Alice Springs
dkasc_14,reference_fitted,-0.5,-1.1976219399752577,6.415811088295688,,-0.7125028825156976,6.415811088295688,-0.4851190574595601,-0.45899716839269167,-0.02612188906686841,1.0569107847840142,Alice Springs
dkasc_14,reference_fitted,-1.0,-1.683537759802156,6.415811088295688,,-0.7125028825156976,6.415811088295688,-0.9710348772864583,-0.9203008552195175,-0.050734022066940776,1.0551276485066825,Alice Springs
dkasc_14,reference_fitted,-2.0,-2.640590690111211,6.415811088295688,,-0.7125028825156976,6.415811088295688,-1.9280878075955132,-1.8498976786735757,-0.07819012892193755,1.04226727230557,Alice Springs
dkasc_18,reference_fitted,-0.25,-0.477282344375618,6.41854893908282,,-0.2275486579408903,6.41854893908282,-0.2497336864347277,-0.24357067400227395,-0.006163012432453763,1.0253027687249254,Alice Springs
dkasc_18,reference_fitted,-0.5,-0.7155043681575712,6.41854893908282,,-0.2275486579408903,6.41854893908282,-0.48795571021668094,-0.4877518008215962,-0.00020390939508474482,1.0004180597483008,Alice Springs
dkasc_18,reference_fitted,-1.0,-1.217437969614965,6.41854893908282,,-0.2275486579408903,6.41854893908282,-0.9898893116740748,-0.9779546157176728,-0.011934695956401953,1.0122037319161725,Alice Springs
dkasc_18,reference_fitted,-2.0,-2.1966252307902714,6.41854893908282,,-0.2275486579408903,6.41854893908282,-1.969076572849381,-1.9657875608870392,-0.003289011962341881,1.0016731268565244,Alice Springs
dkasc_19,reference_fitted,-0.25,-0.8682490767462692,6.395277207392198,,-0.6293555499438537,6.395277207392198,-0.2388935268024155,-0.23173854603789845,-0.007154980764517038,1.0308752293774508,Alice Springs
dkasc_19,reference_fitted,-0.5,-1.0930766983795135,6.395277207392198,,-0.6293555499438537,6.395277207392198,-0.4637211484356598,-0.46405789043679413,0.00033674200113431585,0.9992743534630618,Alice Springs
dkasc_19,reference_fitted,-1.0,-1.5612086720856675,6.395277207392198,,-0.6293555499438537,6.395277207392198,-0.9318531221418138,-0.9304477300717632,-0.0014053920700506373,1.0015104470940481,Alice Springs
dkasc_19,reference_fitted,-2.0,-2.500311279059458,6.395277207392198,,-0.6293555499438537,6.395277207392198,-1.8709557291156045,-1.8702939220634431,-0.0006618070521613451,1.0003538518969421,Alice Springs
dkasc_20,reference_fitted,-0.25,-2.679537704785351,6.410335386721424,,-2.473923370652542,6.410335386721424,-0.20561433413280872,-0.1771128068004763,-0.02850152733233241,1.1609230176361012,Alice Springs
dkasc_20,reference_fitted,-0.5,-2.8801958462699617,6.410335386721424,,-2.473923370652542,6.410335386721424,-0.40627247561741964,-0.35466950534731967,-0.05160297027009997,1.14549593210605,Alice Springs
dkasc_20,reference_fitted,-1.0,-3.284397567176443,6.410335386721424,,-2.473923370652542,6.410335386721424,-0.8104741965239008,-0.7111212695154803,-0.09935292700842058,1.1397130577687746,Alice Springs
dkasc_20,reference_fitted,-2.0,-4.088572493569314,6.410335386721424,,-2.473923370652542,6.410335386721424,-1.6146491229167723,-1.4294255821573794,-0.18522354075939296,1.1295790022729564,Alice Springs
dkasc_21,reference_fitted,-0.25,-1.1395362846945811,6.022929500342231,,-0.9181628771600688,6.022929500342231,-0.2213734075345123,-0.22492641381533693,0.0035530062808246388,0.9842036947970831,Alice Springs
dkasc_21,reference_fitted,-0.5,-1.369997925341252,6.022929500342231,,-0.9181628771600688,6.022929500342231,-0.45183504818118314,-0.45041655297858196,-0.0014184952026011777,1.0031492963418434,Alice Springs
dkasc_21,reference_fitted,-1.0,-1.833543363034368,6.022929500342231,,-0.9181628771600688,6.022929500342231,-0.9153804858742992,-0.9030965057208754,-0.012283980153423801,1.0136020680797766,Alice Springs
dkasc_21,reference_fitted,-2.0,-2.7501875672798084,6.022929500342231,,-0.9181628771600688,6.022929500342231,-1.8320246901197397,-1.8153151983682243,-0.01670949175151537,1.009204733021866,Alice Springs
pvdaq_1430,reference_fitted,-0.25,-0.4957184912337377,4.326830937713894,,-0.2618778671541416,4.326830937713894,-0.2338406240795961,-0.24529580814053567,0.011455184060939566,0.9533005307030089,Golden
pvdaq_1430,reference_fitted,-0.5,-0.7448009998965306,4.326830937713894,,-0.2618778671541416,4.326830937713894,-0.482923132742389,-0.49120639274257644,0.00828326000018742,0.9831369051328117,Golden
pvdaq_1430,reference_fitted,-1.0,-1.248148333261509,4.326830937713894,,-0.2618778671541416,4.326830937713894,-0.9862704661073676,-0.9848811593180302,-0.0013893067893373523,1.0014106339391236,Golden
pvdaq_1430,reference_fitted,-2.0,-2.235898219369497,4.326830937713894,,-0.2618778671541416,4.326830937713894,-1.9740203522153554,-1.9797106131746265,0.005690260959271054,0.9971257107370121,Golden
pvdaq_1423,reference_fitted,-0.25,-0.72233713610797,4.280287474332649,,-0.4830053203237677,4.280287474332649,-0.23933181578420232,-0.24117197015040817,0.001840154366205854,0.9923699492728851,Henderson
pvdaq_1423,reference_fitted,-0.5,-0.975152745048652,4.280287474332649,,-0.4830053203237677,4.280287474332649,-0.4921474247248843,-0.4829483813287622,-0.009199043396122097,1.0190476741444132,Henderson
pvdaq_1423,reference_fitted,-1.0,-1.465314267439366,4.280287474332649,,-0.4830053203237677,4.280287474332649,-0.9823089471155984,-0.9683236389456087,-0.013985308169989663,1.0144428036324902,Henderson
pvdaq_1423,reference_fitted,-2.0,-2.4402124618421506,4.280287474332649,,-0.4830053203237677,4.280287474332649,-1.957207141518383,-1.9464283247492538,-0.010778816769129174,1.0055377414272462,Henderson
pvdaq_2107,reference_fitted,-0.25,0.6892202369182174,3.265913757700205,,0.9834612392434028,3.265913757700205,-0.29424100232518535,-0.2639307583068246,-0.030310244018360744,1.1148416509421175,Arbuckle
pvdaq_2107,reference_fitted,-0.5,0.3936262525271827,3.265913757700205,,0.9834612392434028,3.265913757700205,-0.58983498671622,-0.5285229972109095,-0.06131198950531058,1.116006285116944,Arbuckle
pvdaq_2107,reference_fitted,-1.0,-0.1610953136747313,3.265913757700205,,0.9834612392434028,3.265913757700205,-1.144556552918134,-1.0597018888801653,-0.08485466403796882,1.0800740896363208,Arbuckle
pvdaq_2107,reference_fitted,-2.0,-1.2961346863204393,3.265913757700205,,0.9834612392434028,3.265913757700205,-2.279595925563842,-2.1301078372439686,-0.14948808831987348,1.070178648097595,Arbuckle
pvdaq_10,reference_fitted,-0.25,-1.630446357888954,6.40485968514716,,-1.4220214209045303,6.40485968514716,-0.20842493698442377,-0.2082761604019282,-0.0001487765824955689,1.0007143236278624,Golden
pvdaq_10,reference_fitted,-0.5,-1.83546736786272,6.40485968514716,,-1.4220214209045303,6.40485968514716,-0.4134459469581897,-0.4170743161933349,0.0036283692351452013,0.991300425141827,Golden
pvdaq_10,reference_fitted,-1.0,-2.2579148545230696,6.40485968514716,,-1.4220214209045303,6.40485968514716,-0.8358934336185393,-0.8362444832218122,0.0003510496032729238,0.9995802069725824,Golden
pvdaq_10,reference_fitted,-2.0,-3.094230201890716,6.40485968514716,,-1.4220214209045303,6.40485968514716,-1.6722087809861859,-1.6809358804155619,0.008727099429375995,0.9948081901689084,Golden
pvdaq_33,reference_fitted,-0.25,-0.7588975613527957,5.9928131416837775,,-0.5204743024386242,5.9928131416837775,-0.2384232589141715,-0.23600066038376183,-0.0024225985304096587,1.0102652192857013,Golden
pvdaq_33,reference_fitted,-0.5,-0.9918034834339085,5.9928131416837775,,-0.5204743024386242,5.9928131416837775,-0.4713291809952842,-0.47259280111936264,0.001263620124078435,0.9973261968420055,Golden
pvdaq_33,reference_fitted,-1.0,-1.463869045714474,5.9928131416837775,,-0.5204743024386242,5.9928131416837775,-0.9433947432758498,-0.9475604404353051,0.0041656971594552505,0.9956037662805535,Golden
pvdaq_33,reference_fitted,-2.0,-2.387505974982126,5.9928131416837775,,-0.5204743024386242,5.9928131416837775,-1.8670316725435019,-1.9046921984507648,0.037660525907262876,0.9802275003079788,Golden
pvdaq_1278,reference_fitted,-0.25,-0.4232230286097092,3.390485968514716,,-0.1785291220954388,3.390485968514716,-0.24469390651427037,-0.2477294822408605,0.003035575726590134,0.9877464091107302,Las Vegas
pvdaq_1278,reference_fitted,-0.5,-0.6683481854728002,3.390485968514716,,-0.1785291220954388,3.390485968514716,-0.48981906337736136,-0.4960798403770615,0.006260776999700124,0.9873794972298382,Las Vegas
pvdaq_1278,reference_fitted,-1.0,-1.180223987419377,3.390485968514716,,-0.1785291220954388,3.390485968514716,-1.0016948653239381,-0.9946525442736057,-0.007042321050332423,1.0070801820101667,Las Vegas
pvdaq_1278,reference_fitted,-2.0,-2.169652107439374,3.390485968514716,,-0.1785291220954388,3.390485968514716,-1.9911229853439352,-1.9993520839439145,0.008229098599979334,0.9958841173267758,Las Vegas
dkasc_7,reference_clearsky,-0.25,-1.2614275186799806,6.781314168377824,,-1.0555994525560273,6.77583846680356,-0.20582806612395332,-0.21714757622083655,0.011319510096883229,0.9478718100662961,Alice Springs
dkasc_7,reference_clearsky,-0.5,-1.479673221436173,6.785420944558521,,-1.0555994525560273,6.77583846680356,-0.4240737688801457,-0.4348393819560111,0.010765613075865377,0.9752423227458399,Alice Springs
dkasc_7,reference_clearsky,-1.0,-1.9085134949203164,6.793634496919918,,-1.0555994525560273,6.77583846680356,-0.8529140423642891,-0.8718638864344141,0.01894984407012501,0.9782651347704944,Alice Springs
dkasc_7,reference_clearsky,-2.0,-2.7828143795355587,6.811430527036277,,-1.0555994525560273,6.77583846680356,-1.7272149269795314,-1.7525344787924082,0.025319551812876817,0.9855526084540582,Alice Springs
dkasc_8,reference_clearsky,-0.25,-1.181496627726697,6.162559890485969,,-0.9707679695185268,6.154346338124572,-0.2107286582081701,-0.22283324999441448,0.012104591786244373,0.9456787001645949,Alice Springs
dkasc_8,reference_clearsky,-0.5,-1.4156206644165614,6.168035592060233,,-0.9707679695185268,6.154346338124572,-0.4448526948980346,-0.4462249793121232,0.0013722844140885981,0.9969246804242021,Alice Springs
dkasc_8,reference_clearsky,-1.0,-1.8728284116415472,6.176249144421629,,-0.9707679695185268,6.154346338124572,-0.9020604421230204,-0.8946922952037044,-0.0073681469193159765,1.0082353977549772,Alice Springs
dkasc_8,reference_clearsky,-2.0,-2.7890369641172805,6.195414099931554,,-0.9707679695185268,6.154346338124572,-1.8182689945987538,-1.7984218863185573,-0.019847108280196535,1.01103584672272,Alice Springs
dkasc_10,reference_clearsky,-0.25,-0.9590220581436126,5.999657768651608,,-0.7246269611707046,5.999657768651608,-0.23439509697290806,-0.23036195095681164,-0.004033146016096417,1.0175078653368956,Alice Springs
dkasc_10,reference_clearsky,-0.5,-1.1929639957231677,6.007871321013004,,-0.7246269611707046,5.999657768651608,-0.4683370345524631,-0.4613012501616353,-0.007035784390827804,1.0152520384203654,Alice Springs
dkasc_10,reference_clearsky,-1.0,-1.6557416321282823,6.032511978097194,,-0.7246269611707046,5.999657768651608,-0.9311146709575777,-0.9249205970577513,-0.006194073899826402,1.0066968709741466,Alice Springs
dkasc_10,reference_clearsky,-2.0,-2.573868186802253,6.065366187542779,,-0.7246269611707046,5.999657768651608,-1.8492412256315482,-1.8591838264090152,0.009942600777467003,0.9946521690667507,Alice Springs
dkasc_11,reference_clearsky,-0.25,-1.4056215588233945,6.098220396988364,,-1.1840549579393067,6.100958247775496,-0.22156660088408775,-0.2171121783104399,-0.004454422573647837,1.020516686849683,Alice Springs
dkasc_11,reference_clearsky,-0.5,-1.6351485251191344,6.099589322381931,,-1.1840549579393067,6.100958247775496,-0.45109356717982774,-0.4347684974186503,-0.016325069761177424,1.0375488791347676,Alice Springs
dkasc_11,reference_clearsky,-1.0,-2.1127960862484287,6.114647501711157,,-1.1840549579393067,6.100958247775496,-0.928741128309122,-0.8717217611559874,-0.057019367153134604,1.0654100536362903,Alice Springs
dkasc_11,reference_clearsky,-2.0,-2.9769875959335943,6.146132785763175,,-1.1840549579393067,6.100958247775496,-1.7929326379942876,-1.7522487926266817,-0.04068384536760594,1.023218075845622,Alice Springs
dkasc_13,reference_clearsky,-0.25,-1.0065308874944612,6.231006160164272,,-0.7846111291441082,6.220054757015742,-0.22191975835035294,-0.22784471278263704,0.0059249544322841075,0.9739956465966516,Alice Springs
dkasc_13,reference_clearsky,-0.5,-1.2293094397059945,6.236481861738536,,-0.7846111291441082,6.220054757015742,-0.44469831056188625,-0.4562604649456817,0.011562154383795431,0.97465887300761,Alice Springs
dkasc_13,reference_clearsky,-1.0,-1.6999985652018657,6.252908966461328,,-0.7846111291441082,6.220054757015742,-0.9153874360577574,-0.9148136960468694,-0.0005737400108880575,1.0006271659610775,Alice Springs
dkasc_13,reference_clearsky,-2.0,-2.607675961110662,6.272073921971252,,-0.7846111291441082,6.220054757015742,-1.823064831966554,-1.8388679344780505,0.015803102511496636,0.9914060698894169,Alice Springs
dkasc_17,reference_clearsky,-0.25,-0.7957642281059885,6.032511978097194,,-0.5641440310155232,6.02703627652293,-0.23162019709046522,-0.2347031563223696,0.003082959231904381,0.986864432160981,Alice Springs
dkasc_17,reference_clearsky,-0.5,-1.031457874794306,6.036618754277892,,-0.5641440310155232,6.02703627652293,-0.4673138437787827,-0.4699945411067,0.002680697327917314,0.9942963224176923,Alice Springs
dkasc_17,reference_clearsky,-1.0,-1.501651329519782,6.044832306639288,,-0.5641440310155232,6.02703627652293,-0.9375072985042587,-0.9423508638270016,0.004843565322742882,0.9948601253432585,Alice Springs
dkasc_17,reference_clearsky,-2.0,-2.470555257820839,6.0776865160848725,,-0.5641440310155232,6.02703627652293,-1.9064112268053157,-1.8942204232482154,-0.012190803557100338,1.006435789313366,Alice Springs
dkasc_12,reference_clearsky,-0.25,-0.9674572813604378,5.668377823408624,,-0.7188675312978288,5.660164271047228,-0.24858975006260908,-0.23174230512831548,-0.016847444934293604,1.072699047871148,Alice Springs
dkasc_12,reference_clearsky,-0.5,-1.1884683227010973,5.668377823408624,,-0.7188675312978288,5.660164271047228,-0.4696007914032685,-0.46406541803890744,-0.005535373364361051,1.0119280022798358,Alice Springs
dkasc_12,reference_clearsky,-1.0,-1.638195801997893,5.781998631074606,,-0.7188675312978288,5.660164271047228,-0.9193282707000643,-0.9304628231031361,0.011134552403071818,0.9880333183372791,Alice Springs
dkasc_12,reference_clearsky,-2.0,-2.571128919249943,5.935318275154004,,-0.7188675312978288,5.660164271047228,-1.8522613879521144,-1.8703242605810513,0.01806287262893691,0.990342384467961,Alice Springs
dkasc_14,reference_clearsky,-0.25,-1.1465092788184084,6.1447638603696095,,-0.9119467816806694,6.125598904859685,-0.2345624971377389,-0.22462955285950895,-0.009932944278229966,1.044219222946334,Alice Springs
dkasc_14,reference_clearsky,-0.5,-1.3793990370107867,6.150239561943874,,-0.9119467816806694,6.125598904859685,-0.46745225533011725,-0.4498220870545053,-0.017630168275611924,1.0391936474063703,Alice Springs
dkasc_14,reference_clearsky,-1.0,-1.85969836645703,6.176249144421629,,-0.9119467816806694,6.125598904859685,-0.9477515847763605,-0.9019045866067721,-0.04584699816958837,1.0508335347778617,Alice Springs
dkasc_14,reference_clearsky,-2.0,-2.789229794626366,6.181724845995893,,-0.9119467816806694,6.125598904859685,-1.8772830129456968,-1.8129193205530065,-0.06436369239269024,1.0355027891550392,Alice Springs
dkasc_18,reference_clearsky,-0.25,-0.7819340708952904,6.126967830253252,,-0.5388597761973202,6.124229979466119,-0.24307429469797026,-0.23514056917137735,-0.00793372552659291,1.033740351801269,Alice Springs
dkasc_18,reference_clearsky,-0.5,-1.0153124736704462,6.133812457221081,,-0.5388597761973202,6.124229979466119,-0.476452697473126,-0.47087046307752,-0.005582234395606012,1.0118551381607621,Alice Springs
dkasc_18,reference_clearsky,-1.0,-1.4918603035874334,6.146132785763175,,-0.5388597761973202,6.124229979466119,-0.9530005273901132,-0.9441071093865855,-0.00889341800352772,1.0094199248317344,Alice Springs
dkasc_18,reference_clearsky,-2.0,-2.424540029669231,6.18993839835729,,-0.5388597761973202,6.124229979466119,-1.8856802534719108,-1.8977506542215203,0.012070400749609522,0.9936396276703902,Alice Springs
dkasc_19,reference_clearsky,-0.25,-1.0547906611741764,6.180355920602327,,-0.8171172394842718,6.172142368240931,-0.23767342168990457,-0.2271098607564515,-0.010563560933453064,1.0465129999123255,Alice Springs
dkasc_19,reference_clearsky,-0.5,-1.2930803476182016,6.188569472963724,,-0.8171172394842718,6.172142368240931,-0.4759631081339297,-0.4547889191589092,-0.021174188975020547,1.0465582781000475,Alice Springs
dkasc_19,reference_clearsky,-1.0,-1.721998394477693,6.2118412046543465,,-0.8171172394842718,6.172142368240931,-0.9048811549934213,-0.9118632097708782,0.0069820547774569475,0.9923430897281059,Alice Springs
dkasc_19,reference_clearsky,-2.0,-2.676016757803601,6.233744010951403,,-0.8171172394842718,6.172142368240931,-1.858899518319329,-1.8329371590343915,-0.02596235928493762,1.0141643477284377,Alice Springs
dkasc_20,reference_clearsky,-0.25,-2.74970182046998,6.065366187542779,,-2.5470698808278347,6.057152635181383,-0.2026319396421452,-0.17945203454200984,-0.023179905100135373,1.129170478112963,Alice Springs
dkasc_20,reference_clearsky,-0.5,-2.962525929562271,6.076317590691307,,-2.5470698808278347,6.057152635181383,-0.4154560487344363,-0.359353823556556,-0.05610222517788033,1.1561197390990077,Alice Springs
dkasc_20,reference_clearsky,-1.0,-3.359941372898989,6.081793292265571,,-2.5470698808278347,6.057152635181383,-0.8128714920711544,-0.7205134452214365,-0.09235804684971793,1.1281836549508573,Alice Springs
dkasc_20,reference_clearsky,-2.0,-4.234720507272956,6.118754277891854,,-2.5470698808278347,6.057152635181383,-1.6876506264451216,-1.4483048040309683,-0.23934582241415336,1.165259289168964,Alice Springs
dkasc_21,reference_clearsky,-0.25,-1.0427609166170624,5.862765229295003,,-0.8126118685030687,5.813483915126626,-0.23014904811399373,-0.22869687062562177,-0.001452177488371953,1.0063497916888822,Alice Springs
dkasc_21,reference_clearsky,-0.5,-1.2708305304584946,5.921629021218344,,-0.8126118685030687,5.813483915126626,-0.45821866195542593,-0.4579669163655935,-0.00025174558983243056,1.0005497025676664,Alice Springs
dkasc_21,reference_clearsky,-1.0,-1.6930638122236688,5.936687200547571,,-0.8126118685030687,5.813483915126626,-0.8804519437206001,-0.9182351740194563,0.03778323029885622,0.9588523383029807,Alice Springs
dkasc_21,reference_clearsky,-2.0,-2.630248123145762,5.976386036960985,,-0.8126118685030687,5.813483915126626,-1.8176362546426934,-1.8457454508067859,0.028109196164092465,0.9847708165002895,Alice Springs
pvdaq_1423,reference_clearsky,-0.25,-0.5493846203775132,4.280287474332649,,-0.3071544567775253,4.276180698151951,-0.24223016359998795,-0.24450627919381906,0.0022761155938311184,0.9906909728398965,Henderson
pvdaq_1423,reference_clearsky,-0.5,-0.8010005169447387,4.284394250513348,,-0.3071544567775253,4.276180698151951,-0.49384606016721344,-0.4896253560798532,-0.00422070408736025,1.0086202726941125,Henderson
pvdaq_1423,reference_clearsky,-1.0,-1.304601790474924,4.285763175906913,,-0.3071544567775253,4.276180698151951,-0.9974473336973988,-0.9817111410847309,-0.0157361926126679,1.0160293511544347,Henderson
pvdaq_1423,reference_clearsky,-2.0,-2.2664281504253148,4.30766598220397,,-0.3071544567775253,4.276180698151951,-1.9592736936477895,-1.9733385563218326,0.014064862674043166,0.9928725546718861,Henderson
pvdaq_2107,reference_clearsky,-0.25,0.0340771075073566,3.398699520876112,,0.3100148462192359,3.385010266940452,-0.2759377387118793,-0.2547904681564278,-0.021147270555451514,1.0829986722363107,Arbuckle
pvdaq_2107,reference_clearsky,-0.5,-0.2631925076406638,3.401437371663244,,0.3100148462192359,3.385010266940452,-0.5732073538598997,-0.5102195089147514,-0.06298784494514831,1.1234524432025834,Arbuckle
pvdaq_2107,reference_clearsky,-1.0,-0.7915205788860153,3.415126625598905,,0.3100148462192359,3.385010266940452,-1.1015354251052512,-1.0230029349597278,-0.07853249014552333,1.076766632295747,Arbuckle
pvdaq_2107,reference_clearsky,-2.0,-1.8740154548504528,3.4356605065023955,,0.3100148462192359,3.385010266940452,-2.1840303010696887,-2.056339232898847,-0.12769106817084186,1.062096304990901,Arbuckle
pvdaq_10,reference_clearsky,-0.25,-1.5443165870528002,6.495208761122519,,-1.3090800156050464,6.47056810403833,-0.23523657144775378,-0.211184223345154,-0.02405234810259979,1.1138927317657117,Golden
pvdaq_10,reference_clearsky,-0.5,-1.7557367023280257,6.517111567419575,,-1.3090800156050464,6.47056810403833,-0.4466566867229793,-0.4228977304580903,-0.023758956264888997,1.0561813283773192,Golden
pvdaq_10,reference_clearsky,-1.0,-2.2401914944955914,6.528062970568104,,-1.3090800156050464,6.47056810403833,-0.931111478890545,-0.8479205751395882,-0.08319090375095683,1.0981116701139864,Golden
pvdaq_10,reference_clearsky,-2.0,-3.112125839450665,6.603353867214237,,-1.3090800156050464,6.47056810403833,-1.8030458238456184,-1.7044060045735157,-0.09863981927210275,1.0578734286357931,Golden
pvdaq_33,reference_clearsky,-0.25,-0.930718312393252,6.176249144421629,,-0.705314057972789,6.172142368240931,-0.22540425442046297,-0.2302846470530994,0.004880392632636427,0.9788071298061347,Golden
pvdaq_33,reference_clearsky,-0.5,-1.1819585525672027,6.180355920602327,,-0.705314057972789,6.172142368240931,-0.4766444945944137,-0.46114644861009124,-0.015498045984322473,1.0336076446669686,Golden
pvdaq_33,reference_clearsky,-1.0,-1.6199955991457071,6.188569472963724,,-0.705314057972789,6.172142368240931,-0.9146815411729181,-0.9246102160574192,0.00992867488450111,0.9892617724614406,Golden
pvdaq_33,reference_clearsky,-2.0,-2.5326301733410217,6.274811772758385,,-0.705314057972789,6.172142368240931,-1.8273161153682327,-1.8585599292467314,0.031243813878498727,0.9831892351778176,Golden
