system_id,tier,role,location,climate,model,seed,injection,ref_end,n_train,n_val,val_rmse,val_mae,val_r2,val_nrmse_mean,plr,ci_low,ci_high,days,span_years,t_center_years,points_kept_fraction,parameters,train_seconds,inference_seconds,inference_samples
hk_sq19,R,main,Hong Kong,Cwa,lstm,0,0.0,2022-03-01 00:00:00,2739,643,0.08655813336372375,0.06318822503089905,0.790329098701477,0.3737978602056448,-1.6135551605736986,-5.2969509110664115,1.4776097716813097,943,2.8062970568104038,1.419233401779603,0.29125228333671604,13729,41.51876219999997,0.01762040000005527,12919
hk_sq19,R,main,Hong Kong,Cwa,lstm,1,0.0,2022-03-01 00:00:00,2739,643,0.0887836366891861,0.06299424916505814,0.7794088125228882,0.38340860790329573,-1.088977196509766,-5.4702748410936035,2.2370866417679056,941,2.8062970568104038,1.419233401779603,0.29007509640755025,13729,33.48670690000006,0.013124299999958566,12919
hk_sq19,R,main,Hong Kong,Cwa,lstm,2,0.0,2022-03-01 00:00:00,2739,643,0.08952637761831284,0.06436984986066818,0.7757024765014648,0.38661610509859784,0.31364059644941045,-5.489540172260173,2.9802871466780765,941,2.8062970568104038,1.419233401779603,0.2930383600568297,13729,34.0518644,0.02355729999999312,12919
hk_sq19,R,main,Hong Kong,Cwa,lstm,3,0.0,2022-03-01 00:00:00,2739,643,0.08772361278533936,0.06384167820215225,0.7846447825431824,0.37883093678647833,-0.31613102411545135,-4.44626593776718,3.142969364865378,942,2.8062970568104038,1.4206023271731691,0.2953521412624315,13729,32.157899300000054,0.027529899999990448,12919
hk_sq19,R,main,Hong Kong,Cwa,lstm,4,0.0,2022-03-01 00:00:00,2739,643,0.08792762458324432,0.0634632408618927,0.7836419343948364,0.37971195363088206,-0.7091455490946363,-5.016500028411903,3.69983727701787,943,2.8062970568104038,1.419233401779603,0.2952303633042419,13729,33.63042729999995,0.01952829999993355,12919
hk_sq19,R,main,Hong Kong,Cwa,gru,0,0.0,2022-03-01 00:00:00,2739,643,0.08226072043180466,0.06006166711449623,0.8106316328048706,0.35523965318399653,-3.6274034579140135,-6.230214002471557,0.27889522292630087,945,2.8062970568104038,1.417864476386037,0.294093769027806,151809,32.95372970000005,0.042465499999934764,12919
hk_sq19,R,main,Hong Kong,Cwa,gru,1,0.0,2022-03-01 00:00:00,2739,643,0.08394896984100342,0.06281298398971558,0.8027790188789368,0.36253029118793967,-2.5868349448934014,-5.844133491818637,1.785088613437458,944,2.8062970568104038,1.417864476386037,0.29689466206616605,151809,37.71556140000007,0.04294860000004519,12919
hk_sq19,R,main,Hong Kong,Cwa,gru,2,0.0,2022-03-01 00:00:00,2739,643,0.08274156600236893,0.061561547219753265,0.8084113001823425,0.3573161656777562,-4.128759837991735,-6.998893001540363,0.27230738596478515,945,2.8062970568104038,1.417864476386037,0.2955145118733509,151809,33.0471771,0.04326479999997446,12919
hk_sq19,R,main,Hong Kong,Cwa,gru,3,0.0,2022-03-01 00:00:00,2739,643,0.09097074717283249,0.06588316708803177,0.7684067487716675,0.3928535576388105,0.9280915146887891,-3.523582032371997,3.9255559044633292,942,2.8062970568104038,1.4206023271731691,0.2955551045260808,151809,16.13567809999995,0.040843699999982164,12919
hk_sq19,R,main,Hong Kong,Cwa,gru,4,0.0,2022-03-01 00:00:00,2739,643,0.08468841016292572,0.062287136912345886,0.7992894053459167,0.36572353484215375,-1.747580391070569,-5.861718552890272,2.6178738517551037,945,2.8062970568104038,1.417864476386037,0.29596103105337934,151809,27.609393799999907,0.039656199999853925,12919
hk_sq19,R,main,Hong Kong,Cwa,tcn,0,0.0,2022-03-01 00:00:00,2739,643,0.08273197710514069,0.05915253609418869,0.8084557056427002,0.3572747564060176,-1.8420770547065146,-5.209153628689012,1.1436048838978974,943,2.8062970568104038,1.417864476386037,0.29003450375482037,198273,3.9338622000000214,0.08764100000007602,12919
hk_sq19,R,main,Hong Kong,Cwa,tcn,1,0.0,2022-03-01 00:00:00,2739,643,0.08559615164995193,0.06181593984365463,0.7949636578559875,0.3696435803917092,-1.6513575342304576,-4.765684257763536,0.9987869453916387,943,2.8062970568104038,1.4206023271731691,0.2921453216967729,198273,2.852114799999981,0.06624240000019199,12919
hk_sq19,R,main,Hong Kong,Cwa,tcn,2,0.0,2022-03-01 00:00:00,2739,643,0.08612902462482452,0.06209944933652878,0.7924028635025024,0.3719447711640632,-2.522693478566007,-5.4214966280743955,0.11296882774470274,944,2.8062970568104038,1.419233401779603,0.28784250050740817,198273,2.3443862000001445,0.06872390000012274,12919
hk_sq19,R,main,Hong Kong,Cwa,tcn,3,0.0,2022-03-01 00:00:00,2739,643,0.08289659768342972,0.06010902300477028,0.8076927065849304,0.3579856638334188,-2.354672443514849,-5.311947809735074,0.7429656030758292,943,2.8062970568104038,1.417864476386037,0.28751775928556933,198273,3.52570320000018,0.06566610000004403,12919
hk_sq19,R,main,Hong Kong,Cwa,tcn,4,0.0,2022-03-01 00:00:00,2739,643,0.0861234962940216,0.06284859031438828,0.792429506778717,0.37192089728711675,-3.2129449779774832,-5.4647665161835945,0.5956298118151238,941,2.8062970568104038,1.417864476386037,0.2857722752181855,198273,2.3688555999999608,0.06637579999983245,12919
hk_sq19,R,main,Hong Kong,Cwa,patchtst,0,0.0,2022-03-01 00:00:00,2739,643,0.0879708006978035,0.06409373879432678,0.7834293842315674,0.37989840796633306,-1.4689365932900023,-5.10520573132472,2.8824920412512167,943,2.8062970568104038,1.419233401779603,0.29108991272579665,25857,6.786336099999971,0.20024719999992158,12919
hk_sq19,R,main,Hong Kong,Cwa,patchtst,1,0.0,2022-03-01 00:00:00,2739,643,0.08790922164916992,0.06494973599910736,0.7837324738502502,0.37963248129118166,-1.584952819282226,-5.329284318387373,2.9028041591872444,945,2.8062970568104038,1.417864476386037,0.293241323320479,25857,11.39109059999987,0.20147289999999884,12919
hk_sq19,R,main,Hong Kong,Cwa,patchtst,2,0.0,2022-03-01 00:00:00,2739,643,0.09123403578996658,0.06780021637678146,0.7670642733573914,0.39399055907214403,-0.8554316493870062,-5.278407534432274,2.300753917799958,943,2.8062970568104038,1.419233401779603,0.29068398619849806,25857,5.876841499999955,0.20131870000000163,12919
hk_sq19,R,main,Hong Kong,Cwa,patchtst,3,0.0,2022-03-01 00:00:00,2739,643,0.08803655207157135,0.0644582062959671,0.7831055521965027,0.38018235266182143,-1.6649471400671274,-5.325436828899388,3.342068354387151,945,2.8062970568104038,1.417864476386037,0.2915770245585549,25857,8.437835200000109,0.20261010000012902,12919
hk_sq19,R,main,Hong Kong,Cwa,patchtst,4,0.0,2022-03-01 00:00:00,2739,643,0.08782175928354263,0.0642046257853508,0.7841626405715942,0.37925477853986855,-1.3171507805433038,-5.547069788515724,3.071352166421737,944,2.8062970568104038,1.417864476386037,0.2892632433529531,25857,6.082441599999811,0.18394510000007358,12919
hk_sq19,R,main,Hong Kong,Cwa,informer,0,0.0,2022-03-01 00:00:00,2739,643,0.0871136412024498,0.06492939591407776,0.787629246711731,0.37619679873832673,-2.0458251496954127,-5.672039993028055,2.5369309505474735,944,2.8062970568104038,1.417864476386037,0.2960828090115689,81537,4.21239300000002,0.08801440000002003,12919
hk_sq19,R,main,Hong Kong,Cwa,informer,1,0.0,2022-03-01 00:00:00,2739,643,0.08576033264398575,0.06322858482599258,0.7941763401031494,0.37035258949196775,-1.5516666735206575,-5.290860571140247,2.5821244100995058,944,2.8062970568104038,1.419233401779603,0.2872336107164603,81537,4.961312599999928,0.09271160000002965,12919
hk_sq19,R,main,Hong Kong,Cwa,informer,2,0.0,2022-03-01 00:00:00,2739,643,0.08274634927511215,0.06046457588672638,0.8083891272544861,0.35733682205107103,-2.7352872477000965,-6.101111225709421,1.0824825105523797,943,2.8062970568104038,1.419233401779603,0.28585346052364524,81537,6.728645599999936,0.0863816000000952,12919
hk_sq19,R,main,Hong Kong,Cwa,informer,3,0.0,2022-03-01 00:00:00,2739,643,0.0830778256058693,0.06161794438958168,0.8068509101867676,0.35876828941676825,-2.011639148174882,-4.852636635829066,0.8961303987435221,945,2.8062970568104038,1.417864476386037,0.2840267911508017,81537,7.957507299999861,0.09337219999997615,12919
hk_sq19,R,main,Hong Kong,Cwa,informer,4,0.0,2022-03-01 00:00:00,2739,643,0.0883963480591774,0.06544621288776398,0.7813290357589722,0.3817361173405556,-2.349323756561115,-5.777352212525133,1.5719482182029676,944,2.8062970568104038,1.419233401779603,0.2924294702658819,81537,3.969805300000189,0.09194159999992735,12919
hk_sq19,R,main,Hong Kong,Cwa,lstm,0,-0.25,2022-03-01 00:00:00,2639,643,0.08747860044240952,0.0636296272277832,0.785471498966217,0.37817315486297626,-2.5546989705578893,-7.2070134460231365,0.8830329539454154,919,2.8062970568104038,1.4164955509924708,0.2799917235671426,13729,33.45153159999995,0.022208999999975276,12168
hk_sq19,R,main,Hong Kong,Cwa,lstm,1,-0.25,2022-03-01 00:00:00,2639,643,0.08956051617860794,0.06399457901716232,0.775138795375824,0.3871733519184305,-2.066745723565244,-7.230707347212418,2.031822657768123,918,2.8062970568104038,1.4151266255989048,0.28810262776743223,13729,33.349687299999914,0.03693780000003244,12168
hk_sq19,R,main,Hong Kong,Cwa,lstm,2,-0.25,2022-03-01 00:00:00,2639,643,0.08981966972351074,0.06501008570194244,0.7738355994224548,0.388293682069738,-2.7604790328322526,-7.065064417213007,0.4802927788101541,920,2.8062970568104038,1.4151266255989048,0.2829298572315332,13729,49.6647375,0.03176860000007764,12168
hk_sq19,R,main,Hong Kong,Cwa,lstm,3,-0.25,2022-03-01 00:00:00,2639,643,0.08941520750522614,0.06409450620412827,0.7758678197860718,0.38654517726584303,-1.439358101512389,-5.681895832657324,2.2380300050515616,920,2.8062970568104038,1.4151266255989048,0.28959238568177115,13729,50.98891760000015,0.032261100000141596,12168
hk_sq19,R,main,Hong Kong,Cwa,lstm,4,-0.25,2022-03-01 00:00:00,2639,643,0.08779236674308777,0.0634462833404541,0.7839298248291016,0.3795295779334996,-1.394817603290488,-6.197411819179233,1.8055977481362784,920,2.8062970568104038,1.4151266255989048,0.29037864680322784,13729,51.03869510000004,0.031158700000105455,12168
hk_sq19,R,main,Hong Kong,Cwa,gru,0,-0.25,2022-03-01 00:00:00,2639,643,0.08327649533748627,0.0615849532186985,0.805586576461792,0.36000730245383966,-4.271508460440371,-7.626630047484461,-0.9795973243565826,921,2.8062970568104038,1.4137577002053388,0.2946410097248086,151809,54.20526029999996,0.04482630000006793,12168
hk_sq19,R,main,Hong Kong,Cwa,gru,1,-0.25,2022-03-01 00:00:00,2639,643,0.08415321260690689,0.061954330652952194,0.8014715313911438,0.36379738293092645,-3.995954703726612,-6.829279413835099,0.35249753822149676,922,2.8062970568104038,1.4137577002053388,0.2930684874818953,151809,53.87400380000008,0.04856390000009014,12168
hk_sq19,R,main,Hong Kong,Cwa,gru,2,-0.25,2022-03-01 00:00:00,2639,643,0.08196743577718735,0.06010987609624863,0.8116506934165955,0.3543481906102786,-4.920116893376225,-7.321139557949574,-0.31891668577448407,922,2.8062970568104038,1.4137577002053388,0.29298572315332094,151809,54.85964530000001,0.06836120000002666,12168
hk_sq19,R,main,Hong Kong,Cwa,gru,3,-0.25,2022-03-01 00:00:00,2639,643,0.08031946420669556,0.05818276107311249,0.8191481828689575,0.3472239498841405,-3.9679783055981686,-7.238940634649726,-0.8058291259851981,922,2.8062970568104038,1.4137577002053388,0.29269604800331056,151809,52.443291000000045,0.05862400000000889,12168
hk_sq19,R,main,Hong Kong,Cwa,gru,4,-0.25,2022-03-01 00:00:00,2639,643,0.08630923926830292,0.06253629177808762,0.7911685109138489,0.37311796419749116,-2.729827673426144,-6.971263879372891,0.9439990181371372,922,2.8062970568104038,1.4137577002053388,0.29037864680322784,151809,35.350525899999866,0.04688000000010106,12168
hk_sq19,R,main,Hong Kong,Cwa,tcn,0,-0.25,2022-03-01 00:00:00,2639,643,0.08355866372585297,0.06011771783232689,0.8042668700218201,0.36122712660616463,-4.146157895055702,-6.801654499134047,-0.2804110347864541,921,2.8062970568104038,1.4123887748117727,0.28545416925305195,198273,8.935264400000051,0.0798843999998553,12168
hk_sq19,R,main,Hong Kong,Cwa,tcn,1,-0.25,2022-03-01 00:00:00,2639,643,0.08704719692468643,0.06444378197193146,0.7875822186470032,0.3763081818468187,-3.574230999641686,-7.669616256100831,-0.33007562003345425,922,2.8062970568104038,1.4137577002053388,0.2930684874818953,198273,4.512885200000028,0.06906309999999394,12168
hk_sq19,R,main,Hong Kong,Cwa,tcn,2,-0.25,2022-03-01 00:00:00,2639,643,0.08499039709568024,0.06175950914621353,0.7975018620491028,0.3674165617669001,-4.473570836273941,-8.108361134880093,-1.0096049115385863,922,2.8062970568104038,1.4137577002053388,0.2837988826815642,198273,5.135263200000054,0.06929820000004838,12168
hk_sq19,R,main,Hong Kong,Cwa,tcn,3,-0.25,2022-03-01 00:00:00,2639,643,0.08571859449148178,0.06230074539780617,0.79401695728302,0.370564585456586,-4.07023842289615,-7.043833405702071,-0.31628576825080135,922,2.8062970568104038,1.4137577002053388,0.2881440099317194,198273,5.693474700000024,0.07212649999996756,12168
hk_sq19,R,main,Hong Kong,Cwa,tcn,4,-0.25,2022-03-01 00:00:00,2639,643,0.08843082189559937,0.06561486423015594,0.7807757258415222,0.3822896426583895,-2.7876365572041406,-6.199854650166969,-0.6345823661018115,921,2.8062970568104038,1.4137577002053388,0.2847092902958825,198273,4.069656000000123,0.06660699999997632,12168
hk_sq19,R,main,Hong Kong,Cwa,patchtst,0,-0.25,2022-03-01 00:00:00,2639,643,0.08569547533988953,0.06271924823522568,0.7941280603408813,0.37046464052775563,-2.728285684982558,-6.02942048374082,1.2819740893600162,922,2.8062970568104038,1.4137577002053388,0.2898406786674943,25857,10.748398399999815,0.19477630000005774,12168
hk_sq19,R,main,Hong Kong,Cwa,patchtst,1,-0.25,2022-03-01 00:00:00,2639,643,0.08817549794912338,0.06443702429533005,0.7820398211479187,0.38118586799964366,-1.6968446461378093,-6.146585249321346,2.1125249283528493,922,2.8062970568104038,1.4137577002053388,0.2887647423960273,25857,14.98558469999989,0.1866912999998931,12168
hk_sq19,R,main,Hong Kong,Cwa,patchtst,2,-0.25,2022-03-01 00:00:00,2639,643,0.08911635726690292,0.06643502414226532,0.7773635983467102,0.3852532368725734,-3.1589464537748295,-6.2477697210547305,1.4965912369778955,922,2.8062970568104038,1.4137577002053388,0.28975791433891995,25857,12.339814200000092,0.19913100000007944,12168
hk_sq19,R,main,Hong Kong,Cwa,patchtst,3,-0.25,2022-03-01 00:00:00,2639,643,0.08857277780771255,0.06524056941270828,0.7800713181495667,0.3829033232027032,-2.3578305587558193,-5.941479917365211,1.2112230851732741,922,2.8062970568104038,1.4137577002053388,0.2896337678460584,25857,10.110758199999964,0.18594880000000558,12168
hk_sq19,R,main,Hong Kong,Cwa,patchtst,4,-0.25,2022-03-01 00:00:00,2639,643,0.0875643640756607,0.06393083930015564,0.785050630569458,0.3785439141526206,-2.749814071201262,-6.21331370163587,2.4874628466027557,922,2.8062970568104038,1.4137577002053388,0.2916201117318436,25857,9.062426899999991,0.19270570000003318,12168
hk_sq19,R,main,Hong Kong,Cwa,informer,0,-0.25,2022-03-01 00:00:00,2639,643,0.08573338389396667,0.06398535519838333,0.7939459085464478,0.3706285205786383,-3.3210898975915337,-6.547191433751665,0.8318273839209578,917,2.8062970568104038,1.4151266255989048,0.2758535071384233,81537,11.286468300000024,0.08789939999996932,12168
hk_sq19,R,main,Hong Kong,Cwa,informer,1,-0.25,2022-03-01 00:00:00,2639,643,0.08715628832578659,0.06497246026992798,0.787049412727356,0.3767797879209194,-2.2142965329534636,-6.757953102961167,1.989069556121148,921,2.8062970568104038,1.4151266255989048,0.2834678253672667,81537,10.548158199999989,0.08186840000007578,12168
hk_sq19,R,main,Hong Kong,Cwa,informer,2,-0.25,2022-03-01 00:00:00,2639,643,0.08357713371515274,0.06223749369382858,0.8041803240776062,0.36130697303818865,-3.5362088040592266,-7.256718581465887,0.6992428518692306,922,2.8062970568104038,1.4137577002053388,0.2921166977032899,81537,13.79698069999995,0.08076440000013463,12168
hk_sq19,R,main,Hong Kong,Cwa,informer,3,-0.25,2022-03-01 00:00:00,2639,643,0.09212449938058853,0.06914094090461731,0.7620795965194702,0.3982575440706246,-2.2037103011615655,-6.2795618551415355,1.371593919402797,922,2.8062970568104038,1.4137577002053388,0.2943513345747983,81537,7.8525846,0.08693040000002838,12168
hk_sq19,R,main,Hong Kong,Cwa,informer,4,-0.25,2022-03-01 00:00:00,2639,643,0.08818550407886505,0.0644979178905487,0.7819903492927551,0.3812291248605586,-1.9789858943308647,-5.668880273864163,1.2072575105462224,918,2.8062970568104038,1.417864476386037,0.2861990482102214,81537,10.061242499999935,0.08559709999985898,12168
hk_sq19,R,main,Hong Kong,Cwa,lstm,0,-0.5,2022-03-01 00:00:00,2639,643,0.08739551156759262,0.06356050074100494,0.7855044007301331,0.3782146966089922,-2.7736534501166643,-7.4074442065731665,0.6145666741478875,919,2.8062970568104038,1.4164955509924708,0.28011587006000416,13729,50.29963050000015,0.03318259999991824,12168
hk_sq19,R,main,Hong Kong,Cwa,lstm,1,-0.5,2022-03-01 00:00:00,2639,643,0.08949071168899536,0.06394369900226593,0.7750965356826782,0.38728192974302544,-2.312910607831853,-7.3939179573848435,1.812448200509298,918,2.8062970568104038,1.4151266255989048,0.2882267742602938,13729,49.70850500000006,0.03282049999984338,12168
hk_sq19,R,main,Hong Kong,Cwa,lstm,2,-0.5,2022-03-01 00:00:00,2639,643,0.0897553563117981,0.06495688110589981,0.773764431476593,0.3884272115078118,-3.0122677221241956,-7.301591733204527,0.30382047570362003,920,2.8062970568104038,1.4151266255989048,0.283095385888682,13729,50.73129770000014,0.032909799999970346,12168
hk_sq19,R,main,Hong Kong,Cwa,lstm,3,-0.5,2022-03-01 00:00:00,2639,643,0.08934344351291656,0.06484289467334747,0.775836169719696,0.38664460881501966,-2.0750866502952925,-5.979041212096614,1.5584436151274361,918,2.8062970568104038,1.4151266255989048,0.28595075522449825,13729,49.57280710000009,0.04197250000015629,12168
hk_sq19,R,main,Hong Kong,Cwa,lstm,4,-0.5,2022-03-01 00:00:00,2639,643,0.08771094679832458,0.06338347494602203,0.7839532494544983,0.3795797809016656,-1.5928374980321847,-6.413316272536895,1.5381879204866555,920,2.8062970568104038,1.4151266255989048,0.2905027932960894,13729,51.10767390000001,0.033604500000137705,12168
hk_sq19,R,main,Hong Kong,Cwa,gru,0,-0.5,2022-03-01 00:00:00,2639,643,0.08324602246284485,0.061567001044750214,0.8053891062736511,0.3602572782623909,-4.5359389407950035,-7.8713319660965455,-1.1649357083509504,921,2.8062970568104038,1.4137577002053388,0.2947651562176702,151809,52.811516499999925,0.05405370000016774,12168
hk_sq19,R,main,Hong Kong,Cwa,gru,1,-0.5,2022-03-01 00:00:00,2639,643,0.08407985419034958,0.06189902871847153,0.8014709949493408,0.3638657863903769,-4.193314380737856,-7.0475814785235125,0.10330183047300157,922,2.8062970568104038,1.4137577002053388,0.29319263397475687,151809,51.99161230000027,0.04788719999987734,12168
hk_sq19,R,main,Hong Kong,Cwa,gru,2,-0.5,2022-03-01 00:00:00,2639,643,0.08401058614253998,0.06167779490351677,0.8017979860305786,0.36356602049602954,-3.5228304699791813,-7.1143957396483675,0.4830037855570346,922,2.8062970568104038,1.4137577002053388,0.2946410097248086,151809,46.03804009999976,0.04820239999980913,12168
hk_sq19,R,main,Hong Kong,Cwa,gru,3,-0.5,2022-03-01 00:00:00,2639,643,0.08023852854967117,0.05812803655862808,0.8191968202590942,0.3472419828825517,-4.202946393837992,-7.5314327998354695,-1.074439188584247,922,2.8062970568104038,1.4137577002053388,0.29282019449617214,151809,53.084817499999644,0.04530639999984487,12168
hk_sq19,R,main,Hong Kong,Cwa,gru,4,-0.5,2022-03-01 00:00:00,2639,643,0.08622913807630539,0.06247400492429733,0.7911914587020874,0.3731670735877712,-2.9981940059915835,-7.157407154591333,0.7106077349088413,922,2.8062970568104038,1.4137577002053388,0.2905441754603766,151809,36.77837729999965,0.04365689999985989,12168
hk_sq19,R,main,Hong Kong,Cwa,tcn,0,-0.5,2022-03-01 00:00:00,2639,643,0.08682117611169815,0.06314583122730255,0.7883142828941345,0.37572919013037964,-3.090000424641459,-6.384811144428348,-0.23509699367665338,921,2.8062970568104038,1.4151266255989048,0.28628181253879575,198273,5.208740600000056,0.0672047999996721,12168
hk_sq19,R,main,Hong Kong,Cwa,tcn,1,-0.5,2022-03-01 00:00:00,2639,643,0.0864490196108818,0.06229863315820694,0.7901252508163452,0.37411863764864883,-3.7356289955505217,-7.916300206223116,-0.23076627098242986,922,2.8062970568104038,1.4137577002053388,0.29178564038899235,198273,4.155254199999945,0.06662750000032247,12168
hk_sq19,R,main,Hong Kong,Cwa,tcn,2,-0.5,2022-03-01 00:00:00,2639,643,0.0842442438006401,0.06116407364606857,0.8006938695907593,0.3645772024055302,-4.192273748240456,-7.715636210825605,-0.17756687885679412,922,2.8062970568104038,1.4137577002053388,0.28483343678874407,198273,5.757525800000167,0.06653099999994083,12168
hk_sq19,R,main,Hong Kong,Cwa,tcn,3,-0.5,2022-03-01 00:00:00,2639,643,0.08553258329629898,0.06189987063407898,0.7945513725280762,0.3701526481319751,-4.223599295535085,-7.2953498663227645,-0.43988397563093085,922,2.8062970568104038,1.4137577002053388,0.28855783157459136,198273,5.958441100000073,0.06654709999975239,12168
hk_sq19,R,main,Hong Kong,Cwa,tcn,4,-0.5,2022-03-01 00:00:00,2639,643,0.08792410790920258,0.06569124013185501,0.7829018831253052,0.38050226151232264,-2.5055608646478267,-5.944507805140942,0.2686122854511641,921,2.8062970568104038,1.4151266255989048,0.28268156424581004,198273,4.060348500000146,0.06622870000001058,12168
hk_sq19,R,main,Hong Kong,Cwa,patchtst,0,-0.5,2022-03-01 00:00:00,2639,643,0.08791805803775787,0.06428825110197067,0.7829317450523376,0.3804760799584655,-2.5645437507741398,-6.43254096247412,0.8689734740334076,920,2.8062970568104038,1.4151266255989048,0.2862404303745086,25857,8.099308500000006,0.1917103999999199,12168
hk_sq19,R,main,Hong Kong,Cwa,patchtst,1,-0.5,2022-03-01 00:00:00,2639,643,0.08809854835271835,0.06440494954586029,0.7820395827293396,0.3812571737296352,-1.935874568529893,-6.571206626499792,1.83616952052309,922,2.8062970568104038,1.4137577002053388,0.2883509207531554,25857,15.121465899999748,0.20751060000020516,12168
hk_sq19,R,main,Hong Kong,Cwa,patchtst,2,-0.5,2022-03-01 00:00:00,2639,643,0.08902046829462051,0.06633120775222778,0.7774538993835449,0.38524689430990355,-3.393217212231039,-6.367365490182653,1.2781543305121879,922,2.8062970568104038,1.4137577002053388,0.2899648251603559,25857,12.53371049999987,0.20654560000002675,12168
hk_sq19,R,main,Hong Kong,Cwa,patchtst,3,-0.5,2022-03-01 00:00:00,2639,643,0.08856485784053802,0.06528250873088837,0.7797261476516724,0.3832751847040914,-2.8117641365485224,-6.6858687795325,1.1883645269173404,922,2.8062970568104038,1.4137577002053388,0.2893027105317608,25857,10.206446500000311,0.2564226999998027,12168
hk_sq19,R,main,Hong Kong,Cwa,patchtst,4,-0.5,2022-03-01 00:00:00,2639,643,0.0875602588057518,0.06464115530252457,0.7846949696540833,0.3789276603022061,-2.364200776690173,-6.341896473342046,1.9296496150528752,922,2.8062970568104038,1.4137577002053388,0.28586799089592385,25857,9.533488600000055,0.25251969999999346,12168
hk_sq19,R,main,Hong Kong,Cwa,informer,0,-0.5,2022-03-01 00:00:00,2639,643,0.07989151775836945,0.05621614307165146,0.820757269859314,0.34574025151445137,-3.4658937782814423,-6.511910384685441,-0.2702919703344131,921,2.8062970568104038,1.4137577002053388,0.28748189530312435,81537,22.230414499999824,0.08776589999979478,12168
hk_sq19,R,main,Hong Kong,Cwa,informer,1,-0.5,2022-03-01 00:00:00,2639,643,0.07990921288728714,0.05871704965829849,0.8206778764724731,0.3458168293351543,-4.477735106706704,-7.379768940297115,0.31440449488924216,921,2.8062970568104038,1.4137577002053388,0.29228222636043866,81537,22.217537900000025,0.09406749999970998,12168
hk_sq19,R,main,Hong Kong,Cwa,informer,2,-0.5,2022-03-01 00:00:00,2639,643,0.08348261564970016,0.061380840837955475,0.8042813539505005,0.36128116402930505,-3.6812130659817752,-7.323595488684104,-0.12652043948311628,922,2.8062970568104038,1.4137577002053388,0.2887233602317401,81537,13.7818642000002,0.09136969999963185,12168
hk_sq19,R,main,Hong Kong,Cwa,informer,3,-0.5,2022-03-01 00:00:00,2639,643,0.09233462065458298,0.06920357048511505,0.7605751156806946,0.39958929138334753,-1.7086934001092318,-6.197280027607838,1.3302556179402347,922,2.8062970568104038,1.4137577002053388,0.29439271673908546,81537,7.7862811999998485,0.11202929999990374,12168
hk_sq19,R,main,Hong Kong,Cwa,informer,4,-0.5,2022-03-01 00:00:00,2639,643,0.0888289287686348,0.06567323952913284,0.7784106135368347,0.38441798373532227,-3.045011130195957,-6.344963069753215,0.6423251249921325,919,2.8062970568104038,1.4164955509924708,0.28888888888888886,81537,9.937267199999951,0.11380480000025273,12168
hk_sq19,R,main,Hong Kong,Cwa,lstm,0,-1.0,2022-03-01 00:00:00,2639,643,0.0872291699051857,0.06342125684022903,0.7855722904205322,0.37829735862342256,-3.2308465149671672,-7.783567480338793,0.08514533818525516,919,2.8062970568104038,1.4164955509924708,0.2803227808814401,13729,49.572537499999726,0.036944299999959185,12168
hk_sq19,R,main,Hong Kong,Cwa,lstm,1,-1.0,2022-03-01 00:00:00,2639,643,0.08935379981994629,0.06384275108575821,0.7749994993209839,0.38751149978376914,-2.565467713566272,-7.334201122878866,1.4762427108439826,918,2.8062970568104038,1.4151266255989048,0.2883095385888682,13729,50.657808999999816,0.03847640000003594,12168
hk_sq19,R,main,Hong Kong,Cwa,lstm,2,-1.0,2022-03-01 00:00:00,2639,643,0.0896291732788086,0.06485188007354736,0.773610532283783,0.38870574538115177,-3.517110424352965,-7.6958480713892445,-0.08248515351956254,920,2.8062970568104038,1.4151266255989048,0.28317815021725634,13729,50.41421910000008,0.03190949999998338,12168
hk_sq19,R,main,Hong Kong,Cwa,lstm,3,-1.0,2022-03-01 00:00:00,2639,643,0.0891905426979065,0.06471561640501022,0.7758209705352783,0.3868034827510352,-2.4973293192324553,-7.19774373505212,0.45647857562866045,918,2.8062970568104038,1.4151266255989048,0.2861576660459342,13729,50.8508197000001,0.0336221999996269,12168
hk_sq19,R,main,Hong Kong,Cwa,lstm,4,-1.0,2022-03-01 00:00:00,2639,643,0.0875486359000206,0.06325837969779968,0.7839987874031067,0.3796828256884813,-2.0073049239409,-7.219955446870541,1.0618637243700046,920,2.8062970568104038,1.4151266255989048,0.290626939788951,13729,49.95697969999992,0.0315838999999869,12168
hk_sq19,R,main,Hong Kong,Cwa,gru,0,-1.0,2022-03-01 00:00:00,2639,643,0.08317527174949646,0.06151854991912842,0.8050398826599121,0.360716325052972,-5.023987723445289,-8.356997712891557,-1.6426606801764887,921,2.8062970568104038,1.4137577002053388,0.29488930271053176,151809,52.090788599999996,0.044563100000232225,12168
hk_sq19,R,main,Hong Kong,Cwa,gru,1,-1.0,2022-03-01 00:00:00,2639,643,0.08393459767103195,0.061789847910404205,0.8014639616012573,0.36400938620170703,-4.592387625687577,-7.492022527843567,-0.39434398735770926,922,2.8062970568104038,1.4137577002053388,0.29327539830333127,151809,52.62030879999975,0.042883399999936955,12168
hk_sq19,R,main,Hong Kong,Cwa,gru,2,-1.0,2022-03-01 00:00:00,2639,643,0.08368810266256332,0.06140465289354324,0.8026282787322998,0.36294038129521883,-4.054808622066458,-7.6890416631848035,0.3479154440259036,922,2.8062970568104038,1.4137577002053388,0.2945582453962342,151809,45.0200319999999,0.0416018000000804,12168
hk_sq19,R,main,Hong Kong,Cwa,gru,3,-1.0,2022-03-01 00:00:00,2639,643,0.08007056266069412,0.05801190435886383,0.8193228840827942,0.34725175524375923,-4.688127911001944,-8.075297582127227,-1.4775706643066489,922,2.8062970568104038,1.4137577002053388,0.2929443409890337,151809,52.893983599999956,0.06035500000007232,12168
hk_sq19,R,main,Hong Kong,Cwa,gru,4,-1.0,2022-03-01 00:00:00,2639,643,0.086073137819767,0.06234699860215187,0.7912181615829468,0.37328385356687815,-3.464681430775042,-7.532242443728016,0.23174438597182712,922,2.8062970568104038,1.4137577002053388,0.29066832195323816,151809,35.90185079999992,0.04488409999976284,12168
hk_sq19,R,main,Hong Kong,Cwa,tcn,0,-1.0,2022-03-01 00:00:00,2639,643,0.08339832723140717,0.06030915305018425,0.8039928078651428,0.3616836769115878,-4.606987653218614,-6.985917920788697,-1.5103773189046321,922,2.8062970568104038,1.4137577002053388,0.2919511690461411,198273,8.714337100000193,0.06263389999958235,12168
hk_sq19,R,main,Hong Kong,Cwa,tcn,1,-1.0,2022-03-01 00:00:00,2639,643,0.08647549897432327,0.06268670409917831,0.7892616391181946,0.37502882216106237,-4.456384021914395,-7.8966062570334685,-1.3262518463545536,922,2.8062970568104038,1.4137577002053388,0.2921166977032899,198273,4.139265299999806,0.06191739999985657,12168
hk_sq19,R,main,Hong Kong,Cwa,tcn,2,-1.0,2022-03-01 00:00:00,2639,643,0.0843992605805397,0.06156416982412338,0.7992596626281738,0.36602454639993115,-3.900285867923098,-8.321948403445353,-0.6992306840346851,922,2.8062970568104038,1.4137577002053388,0.2829298572315332,198273,5.804750299999796,0.06337259999963862,12168
hk_sq19,R,main,Hong Kong,Cwa,tcn,3,-1.0,2022-03-01 00:00:00,2639,643,0.08274152874946594,0.05947359278798103,0.80706787109375,0.35883525898973545,-3.4428934391297794,-6.591420339541565,-0.4333716574780322,919,2.8062970568104038,1.4151266255989048,0.28640595903165733,198273,9.074265100000048,0.061976099999810685,12168
hk_sq19,R,main,Hong Kong,Cwa,tcn,4,-1.0,2022-03-01 00:00:00,2639,643,0.08487702906131744,0.06270723044872284,0.7969805002212524,0.3680965431242861,-3.6812518870548097,-6.948114567032687,-0.7911009396938007,922,2.8062970568104038,1.4137577002053388,0.28094351334574796,198273,6.344810399999915,0.06331730000010793,12168
hk_sq19,R,main,Hong Kong,Cwa,patchtst,0,-1.0,2022-03-01 00:00:00,2639,643,0.08775505423545837,0.06416884809732437,0.7829790115356445,0.38057802520892187,-3.05689989753658,-6.907619533389275,0.35776092942774174,920,2.8062970568104038,1.4151266255989048,0.28607490171735983,25857,8.1139948,0.17852579999998852,12168
hk_sq19,R,main,Hong Kong,Cwa,patchtst,1,-1.0,2022-03-01 00:00:00,2639,643,0.08795604109764099,0.06420855969190598,0.7819837927818298,0.38144966939818037,-3.295119218658689,-6.357936683042775,1.0625785619757244,922,2.8062970568104038,1.4137577002053388,0.2899234429960687,25857,15.154503700000078,0.17518980000022566,12168
hk_sq19,R,main,Hong Kong,Cwa,patchtst,2,-1.0,2022-03-01 00:00:00,2639,643,0.08879537880420685,0.06617135554552078,0.7778030037879944,0.3850897273940553,-3.7876027042203217,-6.825189124907216,0.888396530761193,922,2.8062970568104038,1.4137577002053388,0.29017173598179186,25857,12.464642200000071,0.17847779999965496,12168
hk_sq19,R,main,Hong Kong,Cwa,patchtst,3,-1.0,2022-03-01 00:00:00,2639,643,0.08865301311016083,0.06552118062973022,0.7785149812698364,0.3844723127599972,-3.145403410367964,-7.399085556963247,0.19266689692443162,922,2.8062970568104038,1.4137577002053388,0.2876474239602731,25857,10.431178499999987,0.178949300000113,12168
hk_sq19,R,main,Hong Kong,Cwa,patchtst,4,-1.0,2022-03-01 00:00:00,2639,643,0.08751969039440155,0.06440728157758713,0.7841416001319885,0.3795572941910291,-2.8921891072370807,-7.048795980097216,0.9872015498187836,921,2.8062970568104038,1.4137577002053388,0.29037864680322784,25857,11.291546200000084,0.1771958999997878,12168
hk_sq19,R,main,Hong Kong,Cwa,informer,0,-1.0,2022-03-01 00:00:00,2639,643,0.0849321037530899,0.06312575936317444,0.7967169284820557,0.3683353922437626,-3.63321682996523,-7.628436838399722,-0.19585580655427487,920,2.8062970568104038,1.4137577002053388,0.28334367887440515,81537,11.45681790000026,0.08020519999990938,12168
hk_sq19,R,main,Hong Kong,Cwa,informer,1,-1.0,2022-03-01 00:00:00,2639,643,0.07959437370300293,0.05838356167078018,0.8214654922485352,0.34518660862943257,-3.922360600978367,-7.691887125763364,-0.30966933080788794,921,2.8062970568104038,1.4137577002053388,0.2925305193461618,81537,21.985320700000102,0.08095080000020971,12168
hk_sq19,R,main,Hong Kong,Cwa,informer,2,-1.0,2022-03-01 00:00:00,2639,643,0.08338857442140579,0.06154273822903633,0.8040385842323303,0.36164138071334717,-3.252312470090446,-7.347983366888167,-0.44438307102306895,922,2.8062970568104038,1.4137577002053388,0.29240637285330023,81537,14.260359400000198,0.08207659999970929,12168
hk_sq19,R,main,Hong Kong,Cwa,informer,3,-1.0,2022-03-01 00:00:00,2639,643,0.09101463854312897,0.06783384829759598,0.766557514667511,0.3947142612311431,-2.0636660574914423,-6.87268612242603,1.0630572185748144,921,2.8062970568104038,1.4151266255989048,0.2937719842747776,81537,7.704698200000166,0.08097689999976865,12168
hk_sq19,R,main,Hong Kong,Cwa,informer,4,-1.0,2022-03-01 00:00:00,2639,643,0.08815383911132812,0.064326211810112,0.7810021638870239,0.38230748412002324,-3.49428052852781,-6.819390274753517,0.6004177806513911,919,2.8062970568104038,1.4164955509924708,0.28735774881026277,81537,10.012908799999877,0.07117010000001756,12168
hk_sq19,R,main,Hong Kong,Cwa,lstm,0,-2.0,2022-03-01 00:00:00,2641,644,0.08590337634086609,0.062487322837114334,0.7903584837913513,0.3744024614836276,-3.550432817203256,-8.305383165212012,0.33920500292887734,921,2.8062970568104038,1.4137577002053388,0.29327539830333127,13729,51.77710350000007,0.03273750000016662,12168
hk_sq19,R,main,Hong Kong,Cwa,lstm,1,-2.0,2022-03-01 00:00:00,2641,644,0.08889464288949966,0.06370994448661804,0.7755042910575867,0.38743963890862326,-3.403761297247987,-8.266246327537807,0.42742777118578434,921,2.8062970568104038,1.4137577002053388,0.29530312435340367,13729,50.69329139999991,0.032098900000164576,12168
hk_sq19,R,main,Hong Kong,Cwa,lstm,2,-2.0,2022-03-01 00:00:00,2641,644,0.08761090785264969,0.06291870772838593,0.7819414138793945,0.3818445903999099,-3.562735171143061,-8.089886064046492,0.20126454537776617,920,2.8062970568104038,1.4151266255989048,0.2933581626319057,13729,49.85372789999974,0.032117100000050414,12168
hk_sq19,R,main,Hong Kong,Cwa,lstm,3,-2.0,2022-03-01 00:00:00,2641,644,0.08833509683609009,0.06385566294193268,0.7783215641975403,0.3850009056639751,-2.787281393093388,-7.601305525095913,0.11949283743017185,920,2.8062970568104038,1.4151266255989048,0.29116490792468447,13729,49.7102589000001,0.03485799999998562,12168
hk_sq19,R,main,Hong Kong,Cwa,lstm,4,-2.0,2022-03-01 00:00:00,2641,644,0.08790984004735947,0.0633871853351593,0.7804508209228516,0.38314746060459126,-3.1469878063388634,-7.089896573708298,-0.16528618240101964,920,2.8062970568104038,1.4151266255989048,0.29319263397475687,13729,50.715033100000255,0.034535199999936594,12168
hk_sq19,R,main,Hong Kong,Cwa,gru,0,-2.0,2022-03-01 00:00:00,2641,644,0.08230884373188019,0.06086580455303192,0.8075358867645264,0.3587360009320968,-5.534672152682369,-8.95950389680627,-2.507989435047042,922,2.8062970568104038,1.4137577002053388,0.2861576660459342,151809,55.457603199999994,0.06437299999970492,12168
hk_sq19,R,main,Hong Kong,Cwa,gru,1,-2.0,2022-03-01 00:00:00,2641,644,0.08243585377931595,0.060385290533304214,0.8069413900375366,0.35928956327642664,-4.753438380176933,-8.114760805682387,-1.8573920568527802,922,2.8062970568104038,1.4137577002053388,0.2941858059176495,151809,54.31342689999974,0.03795899999977337,12168
hk_sq19,R,main,Hong Kong,Cwa,gru,2,-2.0,2022-03-01 00:00:00,2641,644,0.08698884397745132,0.06351317465305328,0.7850269675254822,0.37913337861761454,-2.9316524453395107,-7.5675859542057635,-0.41967382316821356,921,2.8062970568104038,1.4137577002053388,0.2884336850817298,151809,37.812784199999896,0.04313509999974485,12168
hk_sq19,R,main,Hong Kong,Cwa,gru,3,-2.0,2022-03-01 00:00:00,2641,644,0.0817289650440216,0.059120722115039825,0.8102381825447083,0.3562086496527401,-5.629157792608718,-9.147912872718866,-2.416500337874665,922,2.8062970568104038,1.4137577002053388,0.2931098696461825,151809,51.64377140000033,0.054478800000197225,12168
hk_sq19,R,main,Hong Kong,Cwa,gru,4,-2.0,2022-03-01 00:00:00,2641,644,0.08726415783166885,0.06358569860458374,0.7836641073226929,0.3803333103210038,-3.5783376995323914,-7.625135206525091,-0.8590497555853825,922,2.8062970568104038,1.4137577002053388,0.2894268570246224,151809,39.73497069999985,0.04298080000035043,12168
hk_sq19,R,main,Hong Kong,Cwa,tcn,0,-2.0,2022-03-01 00:00:00,2641,644,0.08532869815826416,0.061714351177215576,0.7931540608406067,0.37189777615818315,-5.181312677589911,-9.492293446198685,-2.6821269275460136,921,2.8062970568104038,1.4151266255989048,0.28677839851024206,198273,6.739932099999805,0.05447909999975309,12168
hk_sq19,R,main,Hong Kong,Cwa,tcn,1,-2.0,2022-03-01 00:00:00,2641,644,0.08138339221477509,0.058609358966350555,0.8118395209312439,0.3547025002625419,-6.471902335468933,-9.269873091972514,-3.252621265973421,922,2.8062970568104038,1.4137577002053388,0.29298572315332094,198273,8.928066200000103,0.061484700000164594,12168
hk_sq19,R,main,Hong Kong,Cwa,tcn,2,-2.0,2022-03-01 00:00:00,2641,644,0.0841924175620079,0.06154974177479744,0.7986263036727905,0.3669453951192083,-5.038503967050623,-9.422721458149974,-2.483429900723999,922,2.8062970568104038,1.4137577002053388,0.2855783157459135,198273,5.025315800000044,0.061772799999744166,12168
hk_sq19,R,main,Hong Kong,Cwa,tcn,3,-2.0,2022-03-01 00:00:00,2641,644,0.08713778108358383,0.06510323286056519,0.7842901945114136,0.37978250815730796,-3.508101610443731,-7.87646712926775,-0.9948146069998387,920,2.8062970568104038,1.4164955509924708,0.29157872956755637,198273,4.072088299999905,0.06157170000005863,12168
hk_sq19,R,main,Hong Kong,Cwa,tcn,4,-2.0,2022-03-01 00:00:00,2641,644,0.08861465007066727,0.06345687061548233,0.7769162654876709,0.3862193143412556,-4.863581875131706,-8.103174075979814,-0.3493177297458683,921,2.8062970568104038,1.4151266255989048,0.2875232774674115,198273,3.1392416999997295,0.06204100000013568,12168
hk_sq19,R,main,Hong Kong,Cwa,patchtst,0,-2.0,2022-03-01 00:00:00,2641,644,0.0870339497923851,0.0632561594247818,0.7848039865493774,0.379329968424183,-4.072595256480693,-8.438885448086463,-0.5529693660755538,922,2.8062970568104038,1.4137577002053388,0.29331678046761844,25857,10.478034900000239,0.17416430000002947,12168
hk_sq19,R,main,Hong Kong,Cwa,patchtst,1,-2.0,2022-03-01 00:00:00,2641,644,0.08816611021757126,0.0648128017783165,0.779168963432312,0.3842643920526801,-3.3918122153657917,-7.689629573904383,0.176561309442419,921,2.8062970568104038,1.4137577002053388,0.29248913718187464,25857,14.760431100000005,0.1740975999996408,12168
hk_sq19,R,main,Hong Kong,Cwa,patchtst,2,-2.0,2022-03-01 00:00:00,2641,644,0.08860961347818375,0.06569312512874603,0.7769416570663452,0.38619736278703687,-4.161840968690905,-7.8022385148591065,-0.451988720470764,922,2.8062970568104038,1.4137577002053388,0.29137181874612045,25857,9.072197899999992,0.17413129999977173,12168
hk_sq19,R,main,Hong Kong,Cwa,patchtst,3,-2.0,2022-03-01 00:00:00,2641,644,0.08739009499549866,0.06445134431123734,0.7830392122268677,0.38088219659461253,-3.6950402474038357,-8.087735330910833,0.7634003348103269,922,2.8062970568104038,1.4137577002053388,0.28901303538175044,25857,13.798832999999831,0.17315430000007836,12168
hk_sq19,R,main,Hong Kong,Cwa,patchtst,4,-2.0,2022-03-01 00:00:00,2641,644,0.08596576750278473,0.0633605346083641,0.7900538444519043,0.374674387985148,-3.828341435686088,-7.417365544296651,0.3097124162676601,922,2.8062970568104038,1.4137577002053388,0.2854955514173391,25857,10.686415899999702,0.17450060000010126,12168
hk_sq19,R,main,Hong Kong,Cwa,informer,0,-2.0,2022-03-01 00:00:00,2641,644,0.07902099192142487,0.05675690248608589,0.8226048350334167,0.34440618220712227,-6.446005654556577,-8.491191229998247,-3.150966390728549,920,2.8062970568104038,1.4137577002053388,0.28859921373887854,81537,22.105388500000117,0.06816639999988183,12168
hk_sq19,R,main,Hong Kong,Cwa,informer,1,-2.0,2022-03-01 00:00:00,2641,644,0.08308809250593185,0.061632219702005386,0.8038743734359741,0.36213228954775445,-3.456397222681762,-7.806254168879656,-0.543598005291146,921,2.8062970568104038,1.4151266255989048,0.29137181874612045,81537,15.290617000000111,0.07935419999967053,12168
hk_sq19,R,main,Hong Kong,Cwa,informer,2,-2.0,2022-03-01 00:00:00,2641,644,0.08598636090755463,0.06377290934324265,0.7899532318115234,0.3747641425648235,-4.65851045245107,-8.113307740928722,-0.5696868815607825,921,2.8062970568104038,1.4151266255989048,0.28065383819573764,81537,12.791715300000305,0.07949319999988802,12168
hk_sq19,R,main,Hong Kong,Cwa,informer,3,-2.0,2022-03-01 00:00:00,2641,644,0.08538397401571274,0.06346668303012848,0.792885959148407,0.3721386912184626,-4.157039096864622,-7.173543761237827,-0.7089909684169449,922,2.8062970568104038,1.4137577002053388,0.2834678253672667,81537,13.710681300000033,0.07957450000003519,12168
hk_sq19,R,main,Hong Kong,Cwa,informer,4,-2.0,2022-03-01 00:00:00,2641,644,0.07951272279024124,0.057563845068216324,0.8203902244567871,0.34654934881493754,-5.0877989597828615,-8.482703176540884,-1.688668025389528,918,2.8062970568104038,1.4137577002053388,0.288268156424581,81537,21.98944160000019,0.07861659999980475,12168
hk_sq15,R,main,Hong Kong,Cwa,lstm,0,0.0,2022-04-01 00:00:00,2714,674,0.09246993809938431,0.06564391404390335,0.755820631980896,0.3825563486771109,0.29004087231563336,-3.454135596587804,3.2187616999462154,930,2.7679671457905544,1.394592744695414,0.2958024691358025,13729,23.83305560000008,0.032273199999963254,12738
hk_sq15,R,main,Hong Kong,Cwa,lstm,1,0.0,2022-04-01 00:00:00,2714,674,0.08742483705282211,0.06243918091058731,0.7817383408546448,0.3616843174554013,-2.6905528867605777,-6.983968377690896,1.926474710696563,933,2.7679671457905544,1.390485968514716,0.29444444444444445,13729,50.61515260000033,0.03154210000002422,12738
hk_sq15,R,main,Hong Kong,Cwa,lstm,2,0.0,2022-04-01 00:00:00,2714,674,0.08633838593959808,0.061674706637859344,0.7871294021606445,0.3571895726828412,-2.2680355463250477,-7.037401098671536,1.9730654336763909,933,2.7679671457905544,1.390485968514716,0.29432098765432096,13729,50.56661440000016,0.032602199999928416,12738
hk_sq15,R,main,Hong Kong,Cwa,lstm,3,0.0,2022-04-01 00:00:00,2714,674,0.08576623350381851,0.061695512384176254,0.7899414300918579,0.3548225272276652,-3.9837185407318287,-7.4480256145299295,0.5584925906295002,932,2.7679671457905544,1.391854893908282,0.2876954732510288,13729,50.114805199999864,0.03380650000008245,12738
hk_sq15,R,main,Hong Kong,Cwa,lstm,4,0.0,2022-04-01 00:00:00,2714,674,0.0847581997513771,0.05987653136253357,0.7948501706123352,0.35065220204303277,-1.5167115631386063,-6.036627518366022,3.1978496480433494,933,2.7679671457905544,1.390485968514716,0.29670781893004117,13729,50.07445370000005,0.03772549999985131,12738
hk_sq15,R,main,Hong Kong,Cwa,gru,0,0.0,2022-04-01 00:00:00,2714,674,0.07916837930679321,0.0583052933216095,0.8210172057151794,0.3275266182804227,-6.21200307805639,-9.258565580895695,-1.930712496760307,934,2.7679671457905544,1.390485968514716,0.2893827160493827,151809,52.41799859999992,0.045651400000224385,12738
hk_sq15,R,main,Hong Kong,Cwa,gru,1,0.0,2022-04-01 00:00:00,2714,674,0.09193513542413712,0.06564553827047348,0.7586369514465332,0.3803438224993014,0.9888983680438224,-4.39378496573118,4.787873754366578,931,2.7679671457905544,1.393223819301848,0.2936625514403292,151809,15.919211200000063,0.04040870000017094,12738
hk_sq15,R,main,Hong Kong,Cwa,gru,2,0.0,2022-04-01 00:00:00,2714,674,0.08066840469837189,0.05947393923997879,0.8141704797744751,0.3337323565832702,-4.311971373607976,-8.21082279649103,-0.25565134868942296,934,2.7679671457905544,1.390485968514716,0.2960082304526749,151809,52.27582470000016,0.04157930000019405,12738
hk_sq15,R,main,Hong Kong,Cwa,gru,3,0.0,2022-04-01 00:00:00,2714,674,0.08386480808258057,0.061608098447322845,0.799152135848999,0.34695616134290785,-4.220047607902975,-8.902008471446477,0.24087993758163043,931,2.7679671457905544,1.393223819301848,0.2893827160493827,151809,38.29314269999941,0.04364059999988967,12738
hk_sq15,R,main,Hong Kong,Cwa,gru,4,0.0,2022-04-01 00:00:00,2714,674,0.09133809059858322,0.06357485800981522,0.7617616653442383,0.37787379501626167,0.10130412128889765,-4.478334441135547,4.434650084559499,931,2.7679671457905544,1.393223819301848,0.2948559670781893,151809,19.95252100000016,0.0456969000006211,12738
hk_sq15,R,main,Hong Kong,Cwa,tcn,0,0.0,2022-04-01 00:00:00,2714,674,0.07938273996114731,0.057475585490465164,0.8200466632843018,0.32841344735066175,-4.458642775606858,-8.845844010941262,-1.375856976387646,933,2.7679671457905544,1.391854893908282,0.29185185185185186,198273,7.615295999999944,0.07292380000035337,12738
hk_sq15,R,main,Hong Kong,Cwa,tcn,1,0.0,2022-04-01 00:00:00,2714,674,0.07781963795423508,0.056672997772693634,0.8270636796951294,0.3219467554866365,-4.951829518023476,-7.828569553508865,-1.9955936074547598,934,2.7679671457905544,1.390485968514716,0.28843621399176955,198273,7.5514914000004865,0.08867180000015651,12738
hk_sq15,R,main,Hong Kong,Cwa,tcn,2,0.0,2022-04-01 00:00:00,2714,674,0.08002660423517227,0.05818706750869751,0.8171156644821167,0.33107717105132967,-4.334787094481113,-8.336905722155862,-1.5253332567703337,934,2.7679671457905544,1.390485968514716,0.2971604938271605,198273,5.085905900000398,0.08843919999981154,12738
hk_sq15,R,main,Hong Kong,Cwa,tcn,3,0.0,2022-04-01 00:00:00,2714,674,0.07961966842412949,0.05853084847331047,0.8189708590507507,0.3293936414500535,-4.6100739265195925,-7.829466128978652,-1.2834508851586879,934,2.7679671457905544,1.390485968514716,0.29329218106995886,198273,6.848710999999639,0.09606569999959902,12738
hk_sq15,R,main,Hong Kong,Cwa,tcn,4,0.0,2022-04-01 00:00:00,2714,674,0.080905020236969,0.0588141605257988,0.8130787014961243,0.33471125608668173,-4.207051969850378,-8.89006372001699,-1.0272293973038638,934,2.7679671457905544,1.390485968514716,0.29345679012345677,198273,4.75238679999984,0.09511070000007749,12738
hk_sq15,R,main,Hong Kong,Cwa,patchtst,0,0.0,2022-04-01 00:00:00,2714,674,0.08371147513389587,0.06031510606408119,0.7998858690261841,0.34632180931254675,-0.7677083705446064,-5.491479829540369,3.157691942873453,932,2.7679671457905544,1.391854893908282,0.2849382716049383,25857,9.232419099999788,0.2779539000002842,12738
hk_sq15,R,main,Hong Kong,Cwa,patchtst,1,0.0,2022-04-01 00:00:00,2714,674,0.08666480332612991,0.06248548999428749,0.7855167984962463,0.3585399904088932,0.06059079853315552,-5.037647801995703,3.839534632424013,931,2.7679671457905544,1.393223819301848,0.2899588477366255,25857,9.788764699999774,0.17383260000042355,12738
hk_sq15,R,main,Hong Kong,Cwa,patchtst,2,0.0,2022-04-01 00:00:00,2714,674,0.08434548228979111,0.06156304478645325,0.7968431711196899,0.3489447532398343,-2.7206896719743523,-6.43977294343197,1.9241332638378517,934,2.7679671457905544,1.390485968514716,0.2916460905349794,25857,10.437317200000507,0.18750830000044516,12738
hk_sq15,R,main,Hong Kong,Cwa,patchtst,3,0.0,2022-04-01 00:00:00,2714,674,0.08011991530656815,0.058333318680524826,0.8166888952255249,0.3314632072431782,-2.9575625976805076,-7.108467144836622,1.7954173096270898,934,2.7679671457905544,1.390485968514716,0.2928395061728395,25857,16.591867699999966,0.25687980000020616,12738
hk_sq15,R,main,Hong Kong,Cwa,patchtst,4,0.0,2022-04-01 00:00:00,2714,674,0.08225660026073456,0.05948284640908241,0.8067812323570251,0.3403028627154323,-1.628884705902263,-6.704892187144673,2.5652131440933257,933,2.7679671457905544,1.390485968514716,0.2878189300411523,25857,10.104629500000556,0.2494670000005499,12738
hk_sq15,R,main,Hong Kong,Cwa,informer,0,0.0,2022-04-01 00:00:00,2714,674,0.07991356402635574,0.058765750378370285,0.8176319599151611,0.3306095136652928,-4.055892395174215,-8.137857940204162,-0.1195695320828638,932,2.7679671457905544,1.393223819301848,0.2814814814814815,81537,13.205102799999622,0.11241770000015094,12738
hk_sq15,R,main,Hong Kong,Cwa,informer,1,0.0,2022-04-01 00:00:00,2714,674,0.07582899183034897,0.05584676191210747,0.8357980251312256,0.31371127562891626,-3.0912507265108413,-7.795278030904629,0.9319846504588503,933,2.7679671457905544,1.391854893908282,0.28530864197530864,81537,20.002196000000367,0.10887619999994058,12738
hk_sq15,R,main,Hong Kong,Cwa,informer,2,0.0,2022-04-01 00:00:00,2714,674,0.07839030772447586,0.05689672380685806,0.8245180249214172,0.32430766702276276,-3.7878267663579104,-8.136380852894217,-0.656970935606388,934,2.7679671457905544,1.390485968514716,0.2902880658436214,81537,16.31630910000058,0.11020600000028935,12738
hk_sq15,R,main,Hong Kong,Cwa,informer,3,0.0,2022-04-01 00:00:00,2714,674,0.07906018197536469,0.058144520968198776,0.821506142616272,0.32707899630836706,-4.129607209964514,-7.421579417803081,-0.7281495401024518,934,2.7679671457905544,1.390485968514716,0.28703703703703703,81537,19.93090890000076,0.10322610000002896,12738
hk_sq15,R,main,Hong Kong,Cwa,informer,4,0.0,2022-04-01 00:00:00,2714,674,0.07968409359455109,0.05823499709367752,0.8186777830123901,0.3296601741034322,-3.1571436795100105,-7.892765317278894,-0.5709427108899101,933,2.7679671457905544,1.391854893908282,0.2926748971193416,81537,15.942591799999718,0.08536689999982627,12738
hk_sq15,R,main,Hong Kong,Cwa,lstm,0,-0.25,2022-04-01 00:00:00,2630,674,0.08765996247529984,0.06313701719045639,0.7800711989402771,0.3631067811949076,-0.8556891318541981,-5.713960954077035,2.3094016789947047,910,2.7679671457905544,1.3863791923340179,0.2926349286103086,13729,41.86442669999997,0.03436799999963114,12054
hk_sq15,R,main,Hong Kong,Cwa,lstm,1,-0.25,2022-04-01 00:00:00,2630,674,0.09312786906957626,0.06511622667312622,0.751778781414032,0.38575604897073584,-1.331930618230548,-6.8362289810650285,2.9962913107033637,909,2.7679671457905544,1.3863791923340179,0.2949796926684252,13729,22.953713699999753,0.031537699999717006,12054
hk_sq15,R,main,Hong Kong,Cwa,lstm,2,-0.25,2022-04-01 00:00:00,2630,674,0.08557496219873428,0.0606720969080925,0.7904088497161865,0.35447025298024476,-2.2804751043111415,-7.887063715236254,1.9581915951304887,911,2.7679671457905544,1.3850102669404518,0.29192312523552316,13729,50.633100600000034,0.03041880000000674,12054
hk_sq15,R,main,Hong Kong,Cwa,lstm,3,-0.25,2022-04-01 00:00:00,2630,674,0.09353522956371307,0.06684369593858719,0.7496025562286377,0.387443425438113,-0.8847530107769175,-5.8133802759599025,2.00718730570944,908,2.7679671457905544,1.38911704312115,0.28798727128082735,13729,29.104590100000678,0.029939300000478397,12054
hk_sq15,R,main,Hong Kong,Cwa,lstm,4,-0.25,2022-04-01 00:00:00,2630,674,0.0914931371808052,0.06468401849269867,0.7604166865348816,0.3789846311251534,-1.635478998810469,-6.4768697682605385,1.7514250745051363,908,2.7679671457905544,1.38911704312115,0.2924255746765482,13729,37.536179199999424,0.03773870000077295,12054
hk_sq15,R,main,Hong Kong,Cwa,gru,0,-0.25,2022-04-01 00:00:00,2630,674,0.08518955111503601,0.06023957207798958,0.7922924757003784,0.352873795782605,-3.0904148181035263,-7.850527572982536,1.5154612684880275,911,2.7679671457905544,1.3850102669404518,0.29020642297868776,151809,32.194041099999595,0.039372599999296654,12054
hk_sq15,R,main,Hong Kong,Cwa,gru,1,-0.25,2022-04-01 00:00:00,2630,674,0.08228590339422226,0.0605844110250473,0.8062103986740112,0.3408462503917923,-6.420943686101943,-9.104680347631255,-1.4848912211848253,912,2.7679671457905544,1.3850102669404518,0.2934304735585982,151809,52.86299890000009,0.04171479999968142,12054
hk_sq15,R,main,Hong Kong,Cwa,gru,2,-0.25,2022-04-01 00:00:00,2630,674,0.07932855188846588,0.057897765189409256,0.8198896646499634,0.32859625215092275,-5.2708299982501705,-9.083270236532837,-1.401145274000215,912,2.7679671457905544,1.3850102669404518,0.2879035297073232,151809,53.62366380000003,0.041605100000197126,12054
hk_sq15,R,main,Hong Kong,Cwa,gru,3,-0.25,2022-04-01 00:00:00,2630,674,0.07891704142093658,0.057429417967796326,0.8217534422874451,0.326891685584006,-5.9343964441034736,-10.122404035779041,-1.6865788166278595,911,2.7679671457905544,1.3850102669404518,0.28786165892057114,151809,53.433567400000356,0.04592820000016218,12054
hk_sq15,R,main,Hong Kong,Cwa,gru,4,-0.25,2022-04-01 00:00:00,2630,674,0.08179665356874466,0.060963843017816544,0.808508038520813,0.33881967036240435,-3.886651853209,-8.039624945791813,-1.571618421792298,912,2.7679671457905544,1.3850102669404518,0.29422601850688773,151809,45.25404780000008,0.047640599999795086,12054
hk_sq15,R,main,Hong Kong,Cwa,tcn,0,-0.25,2022-04-01 00:00:00,2630,674,0.08143509179353714,0.05950486287474632,0.810197114944458,0.3373220022287257,-4.1031361890776825,-8.373105893330823,-0.29385444964645235,911,2.7679671457905544,1.3863791923340179,0.2842189004731399,198273,4.4186864999992395,0.0720949999995355,12054
hk_sq15,R,main,Hong Kong,Cwa,tcn,1,-0.25,2022-04-01 00:00:00,2630,674,0.08315277844667435,0.060207486152648926,0.8021057844161987,0.3444370368934719,-3.3945971399581665,-8.220581061019628,0.22156943426940856,912,2.7679671457905544,1.3850102669404518,0.29003893983167944,198273,3.989680099999532,0.06728740000016842,12054
hk_sq15,R,main,Hong Kong,Cwa,tcn,2,-0.25,2022-04-01 00:00:00,2630,674,0.07867530733346939,0.0569981187582016,0.8228437900543213,0.32589037000130733,-5.978121361217481,-9.814472181884938,-3.1244683477996804,912,2.7679671457905544,1.3850102669404518,0.28848972072185236,198273,6.630503999999746,0.0812740000001213,12054
hk_sq15,R,main,Hong Kong,Cwa,tcn,3,-0.25,2022-04-01 00:00:00,2630,674,0.07848343998193741,0.05695560202002525,0.8237067461013794,0.32509561337052734,-5.610537179094588,-9.222077082229474,-2.7096128144347142,912,2.7679671457905544,1.3850102669404518,0.28484696227442113,198273,7.065388699999858,0.08029089999945427,12054
hk_sq15,R,main,Hong Kong,Cwa,tcn,4,-0.25,2022-04-01 00:00:00,2630,674,0.08007749915122986,0.05725929141044617,0.8164727687835693,0.3316985558958461,-5.474121008874522,-9.877404492508667,-2.689564957006288,912,2.7679671457905544,1.3850102669404518,0.28627056902399195,198273,5.754713999999694,0.08252569999967818,12054
hk_sq15,R,main,Hong Kong,Cwa,patchtst,0,-0.25,2022-04-01 00:00:00,2630,674,0.08103685081005096,0.058870602399110794,0.8120489716529846,0.33567240077362237,-3.332751422944469,-7.430766536547018,0.7189067525476545,911,2.7679671457905544,1.3850102669404518,0.2861868274504878,25857,10.262328499999967,0.213354900000013,12054
hk_sq15,R,main,Hong Kong,Cwa,patchtst,1,-0.25,2022-04-01 00:00:00,2630,674,0.08105935156345367,0.05784666910767555,0.8119446039199829,0.33576560382678156,-3.407429905663506,-7.9757202744389355,1.6853816896014617,912,2.7679671457905544,1.3850102669404518,0.28405141732613154,25857,15.999509299999772,0.23503699999946548,12054
hk_sq15,R,main,Hong Kong,Cwa,patchtst,2,-0.25,2022-04-01 00:00:00,2630,674,0.08013764768838882,0.05789388343691826,0.8161969184875488,0.33194770432238724,-3.8419928173661466,-7.723973149781091,0.6738453307946424,912,2.7679671457905544,1.3850102669404518,0.2876104342000586,25857,16.46563520000018,0.22996430000057444,12054
hk_sq15,R,main,Hong Kong,Cwa,patchtst,3,-0.25,2022-04-01 00:00:00,2630,674,0.08232536911964417,0.06012026220560074,0.806024432182312,0.3410097260780785,-3.4877893841581518,-8.102637292938564,1.9484708382250107,911,2.7679671457905544,1.3863791923340179,0.2800736925846837,25857,10.6610754000003,0.26110789999984263,12054
hk_sq15,R,main,Hong Kong,Cwa,patchtst,4,-0.25,2022-04-01 00:00:00,2630,674,0.0837264284491539,0.06102810427546501,0.7993659377098083,0.3468132209580212,-1.982770993549953,-7.545727010500101,3.006258605285883,910,2.7679671457905544,1.3863791923340179,0.2851400577816857,25857,9.532650799999828,0.20764799999960815,12054
hk_sq15,R,main,Hong Kong,Cwa,informer,0,-0.25,2022-04-01 00:00:00,2630,674,0.07775168865919113,0.05681251734495163,0.826978862285614,0.32206453897881304,-4.210545248686759,-7.7296100006194575,-1.3764661283862667,911,2.7679671457905544,1.3863791923340179,0.2830883892308336,81537,15.211198900000454,0.13450379999994766,12054
hk_sq15,R,main,Hong Kong,Cwa,informer,1,-0.25,2022-04-01 00:00:00,2630,674,0.08301912993192673,0.06180069223046303,0.8027414083480835,0.34388343544725675,-4.372310429099857,-7.921526884078478,0.2083440838377748,912,2.7679671457905544,1.3850102669404518,0.2851400577816857,81537,11.54472110000006,0.1318003000005774,12054
hk_sq15,R,main,Hong Kong,Cwa,informer,2,-0.25,2022-04-01 00:00:00,2630,674,0.07418908178806305,0.05392397195100784,0.8424713611602783,0.30730744033183743,-5.425269965208757,-8.64131135771954,-1.4396841271603789,911,2.7679671457905544,1.3850102669404518,0.28878281622911695,81537,22.97921849999966,0.11101680000047054,12054
hk_sq15,R,main,Hong Kong,Cwa,informer,3,-0.25,2022-04-01 00:00:00,2630,674,0.08346444368362427,0.06236590817570686,0.8006195425987244,0.34572802262747926,-4.284363995594942,-6.976013940836312,0.6278877109779479,912,2.7679671457905544,1.3850102669404518,0.2904157769124482,81537,12.413247399999818,0.08345230000031734,12054
hk_sq15,R,main,Hong Kong,Cwa,informer,4,-0.25,2022-04-01 00:00:00,2630,674,0.07957524061203003,0.05808243155479431,0.818767786026001,0.3296180909224794,-4.481974417608181,-8.743915725257203,-1.0077675649909024,911,2.7679671457905544,1.3863791923340179,0.28530754092869404,81537,14.865422299999409,0.07979400000021997,12054
hk_sq15,R,main,Hong Kong,Cwa,lstm,0,-0.5,2022-04-01 00:00:00,2630,674,0.08755757659673691,0.06305516511201859,0.7800931930541992,0.3631329956347206,-1.1252746512468326,-5.967134252260808,2.0368380951515053,910,2.7679671457905544,1.3863791923340179,0.2928024117573169,13729,42.61987190000036,0.028632000000470725,12054
hk_sq15,R,main,Hong Kong,Cwa,lstm,1,-0.5,2022-04-01 00:00:00,2630,674,0.09302623569965363,0.06503235548734665,0.7517654895782471,0.3858135064406951,-1.6129037345391284,-7.098681350135061,2.864877084215456,909,2.7679671457905544,1.3863791923340179,0.2951471758154336,13729,23.28884620000008,0.035841899999468296,12054
hk_sq15,R,main,Hong Kong,Cwa,lstm,2,-0.5,2022-04-01 00:00:00,2630,674,0.08548630774021149,0.060608282685279846,0.7903743386268616,0.35454269318609155,-2.530162092332966,-8.062050487160521,1.7031454626323446,911,2.7679671457905544,1.3850102669404518,0.2921324791692836,13729,49.95232510000005,0.032070199999907345,12054
hk_sq15,R,main,Hong Kong,Cwa,lstm,3,-0.5,2022-04-01 00:00:00,2630,674,0.09342831373214722,0.06675713509321213,0.7496150135993958,0.38748106972982976,-1.0632683089462414,-6.085289553629759,1.755992694712788,908,2.7679671457905544,1.38911704312115,0.2880710128543315,13729,28.4591874000007,0.04069580000032147,12054
hk_sq15,R,main,Hong Kong,Cwa,lstm,4,-0.5,2022-04-01 00:00:00,2630,674,0.09138968586921692,0.06460586935281754,0.7604227066040039,0.37902614130873097,-1.851884482821059,-6.691599802473041,1.4836993251450825,908,2.7679671457905544,1.38911704312115,0.29250931625005233,13729,36.046554800000195,0.036903399999573594,12054
hk_sq15,R,main,Hong Kong,Cwa,gru,0,-0.5,2022-04-01 00:00:00,2630,674,0.0850963220000267,0.06017708033323288,0.7922825813293457,0.3529252810146656,-3.332299457280552,-7.728741145643204,1.2616192868684317,911,2.7679671457905544,1.3850102669404518,0.2904576476992003,151809,32.70455140000013,0.04886569999962376,12054
hk_sq15,R,main,Hong Kong,Cwa,gru,1,-0.5,2022-04-01 00:00:00,2630,674,0.08220015466213226,0.06050901114940643,0.8061809539794922,0.340913825671254,-6.584370794251138,-9.311867478625668,-1.7008461324084956,912,2.7679671457905544,1.3850102669404518,0.2935560859188544,151809,53.675277299999834,0.06473989999994956,12054
hk_sq15,R,main,Hong Kong,Cwa,gru,2,-0.5,2022-04-01 00:00:00,2630,674,0.07924240082502365,0.05783049389719963,0.819878101348877,0.32864694880043654,-5.514377471659049,-9.348439880002246,-1.5489685332947034,912,2.7679671457905544,1.3850102669404518,0.28798727128082735,151809,52.968310700000075,0.04144150000047375,12054
hk_sq15,R,main,Hong Kong,Cwa,gru,3,-0.5,2022-04-01 00:00:00,2630,674,0.07884101569652557,0.05737832188606262,0.8216981887817383,0.32698225923523716,-6.150705011643942,-10.30408272772101,-1.9414379069649934,911,2.7679671457905544,1.3850102669404518,0.28802914206757946,151809,52.13067740000042,0.04506099999980506,12054
hk_sq15,R,main,Hong Kong,Cwa,gru,4,-0.5,2022-04-01 00:00:00,2630,674,0.08168403804302216,0.06086863577365875,0.8086071610450745,0.33877330304284103,-4.102800534852258,-8.225074330520332,-1.8702842700739852,912,2.7679671457905544,1.3850102669404518,0.2943097600803919,151809,44.85768029999963,0.041497899999740184,12054
hk_sq15,R,main,Hong Kong,Cwa,tcn,0,-0.5,2022-04-01 00:00:00,2630,674,0.08150119334459305,0.05977272987365723,0.8094630837440491,0.338014979826767,-3.410757110801632,-7.757358183223273,-0.2681023453134479,912,2.7679671457905544,1.3850102669404518,0.2844701251936524,198273,3.6935802000007243,0.06139530000018567,12054
hk_sq15,R,main,Hong Kong,Cwa,tcn,1,-0.5,2022-04-01 00:00:00,2630,674,0.08280624449253082,0.05993546545505524,0.8033121824264526,0.3434274998076459,-2.889494921340363,-8.232719970256476,0.6517098073621663,912,2.7679671457905544,1.3850102669404518,0.28957836117740654,198273,1.5692038000006505,0.06065859999944223,12054
hk_sq15,R,main,Hong Kong,Cwa,tcn,2,-0.5,2022-04-01 00:00:00,2630,674,0.08360826969146729,0.06226249784231186,0.7994837164878845,0.34675378891230785,-4.662123009996211,-8.539426208791479,-1.5548917890404246,912,2.7679671457905544,1.3850102669404518,0.28488883306117324,198273,2.169854299999315,0.06075619999955961,12054
hk_sq15,R,main,Hong Kong,Cwa,tcn,3,-0.5,2022-04-01 00:00:00,2630,674,0.07866014540195465,0.05699774622917175,0.8225153684616089,0.32623212458736567,-5.672364908680915,-9.400254986683132,-2.8287924479385107,911,2.7679671457905544,1.3850102669404518,0.2860193443034795,198273,6.958170400000199,0.06062720000045374,12054
hk_sq15,R,main,Hong Kong,Cwa,tcn,4,-0.5,2022-04-01 00:00:00,2630,674,0.08035775274038315,0.05790898948907852,0.8147718906402588,0.33327271732846264,-5.6700034552219725,-8.863121832971267,-2.3555326166839863,912,2.7679671457905544,1.3850102669404518,0.28384206339237117,198273,5.758433200000582,0.06148860000030254,12054
hk_sq15,R,main,Hong Kong,Cwa,patchtst,0,-0.5,2022-04-01 00:00:00,2630,674,0.0808132067322731,0.058602284640073776,0.8126662969589233,0.3351616500613834,-3.704688817617652,-7.677480155126637,0.6581865960474387,911,2.7679671457905544,1.3850102669404518,0.28706611397228154,25857,9.65853910000078,0.17358910000075412,12054
hk_sq15,R,main,Hong Kong,Cwa,patchtst,1,-0.5,2022-04-01 00:00:00,2630,674,0.08642902970314026,0.06200738996267319,0.785725474357605,0.3584525027508954,-0.8375876513251335,-7.958418442328686,2.7946722846096828,909,2.7679671457905544,1.3877481177275839,0.28501444542142945,25857,8.635635499999808,0.16504729999996925,12054
hk_sq15,R,main,Hong Kong,Cwa,patchtst,2,-0.5,2022-04-01 00:00:00,2630,674,0.08001313358545303,0.057805731892585754,0.8163572549819946,0.3318434568241519,-4.071319606130697,-8.044169183261584,0.4996317752668289,912,2.7679671457905544,1.3850102669404518,0.28756856341330655,25857,15.597713500000282,0.1729659000002357,12054
hk_sq15,R,main,Hong Kong,Cwa,patchtst,3,-0.5,2022-04-01 00:00:00,2630,674,0.08212871849536896,0.05997758358716965,0.8065176606178284,0.34061755400360727,-3.404919597197847,-7.75537457502381,1.8849913410511319,911,2.7679671457905544,1.3863791923340179,0.28015743415818783,25857,10.029775099999824,0.17413639999995212,12054
hk_sq15,R,main,Hong Kong,Cwa,patchtst,4,-0.5,2022-04-01 00:00:00,2630,674,0.08370590209960938,0.06115943565964699,0.7990151047706604,0.3471587058848613,-2.1313882898083905,-7.907193310969367,2.676025277753169,910,2.7679671457905544,1.3863791923340179,0.28501444542142945,25857,8.850206200000684,0.17938779999985854,12054
hk_sq15,R,main,Hong Kong,Cwa,informer,0,-0.5,2022-04-01 00:00:00,2630,674,0.0780748501420021,0.05717785283923149,0.8251467943191528,0.32380469306928855,-4.683700308810152,-8.724037652253468,-1.308883510502834,910,2.7679671457905544,1.3863791923340179,0.28141355776075033,81537,14.825423199999932,0.07911039999999048,12054
hk_sq15,R,main,Hong Kong,Cwa,informer,1,-0.5,2022-04-01 00:00:00,2630,674,0.07849347591400146,0.057800665497779846,0.8232666850090027,0.3255408858300381,-5.4253763927703975,-9.11764606731641,-1.5326508742182,911,2.7679671457905544,1.3863791923340179,0.2864799229577524,81537,17.04559109999991,0.06847999999990861,12054
hk_sq15,R,main,Hong Kong,Cwa,informer,2,-0.5,2022-04-01 00:00:00,2630,674,0.07535780966281891,0.055059779435396194,0.8371049761772156,0.31253614171352434,-4.46795811460774,-7.721122742110309,-1.9045975026322548,911,2.7679671457905544,1.3850102669404518,0.29125319264748983,81537,22.46731970000019,0.10448970000015834,12054
hk_sq15,R,main,Hong Kong,Cwa,informer,3,-0.5,2022-04-01 00:00:00,2630,674,0.08864908665418625,0.06647306680679321,0.7745761871337891,0.3676598833391683,-1.7824857851960585,-6.125843995956774,1.732979721649408,908,2.7679671457905544,1.38911704312115,0.28061801281246074,81537,7.267631799999435,0.10534540000026027,12054
hk_sq15,R,main,Hong Kong,Cwa,informer,4,-0.5,2022-04-01 00:00:00,2630,674,0.07882802188396454,0.05752410739660263,0.8217569589614868,0.32692836918638696,-4.518752205908277,-8.52174458245213,-0.621054330772991,911,2.7679671457905544,1.3863791923340179,0.29179751287526695,81537,17.61514249999982,0.10688899999968271,12054
hk_sq15,R,main,Hong Kong,Cwa,lstm,0,-1.0,2022-04-01 00:00:00,2630,675,0.08750223368406296,0.06302610039710999,0.7791085839271545,0.36364461959525185,-1.3350098701424784,-6.477218840407906,1.509968401382411,910,2.7679671457905544,1.3863791923340179,0.2929280241175732,13729,42.63716829999976,0.03092110000034154,12054
hk_sq15,R,main,Hong Kong,Cwa,lstm,1,-1.0,2022-04-01 00:00:00,2630,675,0.09289006143808365,0.06496249884366989,0.7510690093040466,0.38603552885054826,-1.774750801314695,-7.76908677990188,2.364295683556156,909,2.7679671457905544,1.3863791923340179,0.29552401289620234,13729,22.9352487999995,0.033017300000210525,12054
hk_sq15,R,main,Hong Kong,Cwa,lstm,2,-1.0,2022-04-01 00:00:00,2630,675,0.08543936908245087,0.06061212718486786,0.7894008755683899,0.35507170000512756,-2.908122306017147,-8.41500440242866,1.1894326267138968,911,2.7679671457905544,1.3850102669404518,0.2924674454633003,13729,50.51368100000036,0.031110200000512123,12054
hk_sq15,R,main,Hong Kong,Cwa,lstm,3,-1.0,2022-04-01 00:00:00,2630,675,0.09332186728715897,0.06670553982257843,0.7487492561340332,0.38783004159742224,-1.5625322330938718,-6.641134667626051,1.3023752495869667,908,2.7679671457905544,1.38911704312115,0.28844784993510025,13729,28.31069479999951,0.03197660000023461,12054
hk_sq15,R,main,Hong Kong,Cwa,lstm,4,-1.0,2022-04-01 00:00:00,2630,675,0.09128604084253311,0.06457139551639557,0.759591817855835,0.37936948805668724,-2.3006885173166514,-7.144133795786334,0.9473034702153216,908,2.7679671457905544,1.38911704312115,0.292844282544069,13729,35.477776700000504,0.03120790000048146,12054
hk_sq15,R,main,Hong Kong,Cwa,gru,0,-1.0,2022-04-01 00:00:00,2630,675,0.08506843447685242,0.060204118490219116,0.7912255525588989,0.3535301579453603,-3.818808064255097,-8.056431694994249,0.7572274685117231,911,2.7679671457905544,1.3850102669404518,0.2907507432064648,151809,33.17327569999998,0.04321650000019872,12054
hk_sq15,R,main,Hong Kong,Cwa,gru,1,-1.0,2022-04-01 00:00:00,2630,675,0.08211256563663483,0.06045662611722946,0.805482029914856,0.3412460623889499,-7.150348409276108,-9.71615871223782,-2.215476407408712,912,2.7679671457905544,1.3850102669404518,0.29368169827911067,151809,51.81593260000045,0.051903999999922235,12054
hk_sq15,R,main,Hong Kong,Cwa,gru,2,-1.0,2022-04-01 00:00:00,2630,675,0.07917420566082001,0.0578058585524559,0.8191544413566589,0.32903473073886763,-5.995593989421111,-9.338316153775816,-2.0783121418578214,912,2.7679671457905544,1.3850102669404518,0.2881547544278357,151809,52.74246609999955,0.048083499999847845,12054
hk_sq15,R,main,Hong Kong,Cwa,gru,3,-1.0,2022-04-01 00:00:00,2630,675,0.07876703143119812,0.05737106874585152,0.8210096955299377,0.3273425828746833,-6.441275035539551,-10.671027068134231,-2.4263488617268236,911,2.7679671457905544,1.3850102669404518,0.2881547544278357,151809,52.53302059999987,0.05336719999922934,12054
hk_sq15,R,main,Hong Kong,Cwa,gru,4,-1.0,2022-04-01 00:00:00,2630,675,0.08153218775987625,0.060766637325286865,0.8082220554351807,0.3388341091926761,-4.60235272584203,-8.604276881911,-2.4113399387702517,912,2.7679671457905544,1.3850102669404518,0.29443537244064816,151809,44.623960899999474,0.05198709999967832,12054
hk_sq15,R,main,Hong Kong,Cwa,tcn,0,-1.0,2022-04-01 00:00:00,2630,675,0.08133000880479813,0.05954909324645996,0.8091719746589661,0.3379938873364546,-4.54635725483723,-8.60302175948878,-1.2163267147384156,911,2.7679671457905544,1.3863791923340179,0.285265670141942,198273,4.502765899999758,0.08380160000069736,12054
hk_sq15,R,main,Hong Kong,Cwa,tcn,1,-1.0,2022-04-01 00:00:00,2630,675,0.08355762809515,0.061048489063978195,0.7985753417015076,0.34725149980344455,-4.160191718622341,-8.842344966809733,-0.7057408193526848,912,2.7679671457905544,1.3850102669404518,0.29426788929363984,198273,3.4734041000001525,0.08129959999951097,12054
hk_sq15,R,main,Hong Kong,Cwa,tcn,2,-1.0,2022-04-01 00:00:00,2630,675,0.08352702111005783,0.062483470886945724,0.7987228631973267,0.34712430230251007,-4.980182405008304,-8.093003671069088,-2.211708226230713,912,2.7679671457905544,1.3850102669404518,0.284763220700917,198273,4.041041899999982,0.05474030000004859,12054
hk_sq15,R,main,Hong Kong,Cwa,tcn,3,-1.0,2022-04-01 00:00:00,2630,675,0.07959546148777008,0.05765681341290474,0.8172248601913452,0.3307853993617584,-6.152019220083194,-10.359887753080876,-3.3424598646933257,912,2.7679671457905544,1.3850102669404518,0.28706611397228154,198273,6.917225500000313,0.06287549999979092,12054
hk_sq15,R,main,Hong Kong,Cwa,tcn,4,-1.0,2022-04-01 00:00:00,2630,675,0.08486346900463104,0.0611533597111702,0.7922303676605225,0.3526783557908551,-3.8785327447613316,-8.964394752601745,-0.7705817584498509,912,2.7679671457905544,1.3850102669404518,0.29125319264748983,198273,3.2563096000003497,0.06251679999968474,12054
hk_sq15,R,main,Hong Kong,Cwa,patchtst,0,-1.0,2022-04-01 00:00:00,2630,675,0.08130568265914917,0.05924389883875847,0.8092861175537109,0.3378927919517051,-3.822452527389025,-7.674055763187204,0.11569558971562532,910,2.7679671457905544,1.3863791923340179,0.28505631620818156,25857,9.778532199999972,0.17882819999977073,12054
hk_sq15,R,main,Hong Kong,Cwa,patchtst,1,-1.0,2022-04-01 00:00:00,2630,675,0.08584458380937576,0.06088465452194214,0.7873985171318054,0.35675570450447597,-2.233440783758356,-8.181222294087496,1.3463100653888338,912,2.7679671457905544,1.3850102669404518,0.28928526567014196,25857,8.626164999999673,0.18479980000029173,12054
hk_sq15,R,main,Hong Kong,Cwa,patchtst,2,-1.0,2022-04-01 00:00:00,2630,675,0.0799953043460846,0.05784829705953598,0.8153839111328125,0.33244707927537803,-4.4121734959706504,-8.479255071081582,-0.039299938802717094,912,2.7679671457905544,1.3850102669404518,0.28802914206757946,25857,15.702467299999626,0.20210919999954058,12054
hk_sq15,R,main,Hong Kong,Cwa,patchtst,3,-1.0,2022-04-01 00:00:00,2630,675,0.08233590424060822,0.06018419191241264,0.8044224381446838,0.34217422020005306,-4.236851758794885,-8.475279508903776,1.3516469678294305,911,2.7679671457905544,1.3863791923340179,0.2804086588787003,25857,10.010548899999776,0.19756230000075448,12054
hk_sq15,R,main,Hong Kong,Cwa,patchtst,4,-1.0,2022-04-01 00:00:00,2630,675,0.08367906510829926,0.06104113161563873,0.7979894280433655,0.34775617167971795,-2.6512508437296978,-8.425653222023232,2.277086004755585,910,2.7679671457905544,1.3863791923340179,0.2853912825021982,25857,8.608114300000125,0.200872000000345,12054
hk_sq15,R,main,Hong Kong,Cwa,informer,0,-1.0,2022-04-01 00:00:00,2630,675,0.0778094232082367,0.0569051094353199,0.8253353834152222,0.3233629235757286,-5.254750128202068,-9.138323686800987,-1.5525365184400175,911,2.7679671457905544,1.3863791923340179,0.28003182179793157,81537,14.278856099999757,0.10773920000065118,12054
hk_sq15,R,main,Hong Kong,Cwa,informer,1,-1.0,2022-04-01 00:00:00,2630,675,0.0823596864938736,0.06018373742699623,0.8043094873428345,0.34227305525920176,-3.521434433072396,-8.51221471223339,0.06910430264983614,911,2.7679671457905544,1.3863791923340179,0.2904157769124482,81537,10.090685400000439,0.07344499999999243,12054
hk_sq15,R,main,Hong Kong,Cwa,informer,2,-1.0,2022-04-01 00:00:00,2630,675,0.07430359721183777,0.05395838990807533,0.8407204151153564,0.30879329823986895,-6.271464448026753,-9.83156558976197,-2.5917789133227953,911,2.7679671457905544,1.3850102669404518,0.2899551982581753,81537,23.276650699999664,0.1320582000007562,12054
hk_sq15,R,main,Hong Kong,Cwa,informer,3,-1.0,2022-04-01 00:00:00,2630,675,0.08855825662612915,0.06600353121757507,0.7737447619438171,0.3680332739744996,-2.368049882913853,-7.23468323945159,1.6314806650562175,908,2.7679671457905544,1.38911704312115,0.2830465184440816,81537,7.627214600000116,0.12833899999986897,12054
hk_sq15,R,main,Hong Kong,Cwa,informer,4,-1.0,2022-04-01 00:00:00,2630,675,0.07957779616117477,0.05800853669643402,0.8173059821128845,0.3307119852247779,-4.383826319703382,-8.726248633567355,-1.094066609117983,911,2.7679671457905544,1.3863791923340179,0.291839383662019,81537,17.931955499999276,0.10786779999943974,12054
hk_sq15,R,main,Hong Kong,Cwa,lstm,0,-2.0,2022-04-01 00:00:00,2631,676,0.08709970861673355,0.061192598193883896,0.7789155840873718,0.3639819514805932,-3.1700250861862678,-8.157527236549189,0.48992500212549894,910,2.7679671457905544,1.3863791923340179,0.29196499602227527,13729,33.25664719999986,0.031890999999632186,12054
hk_sq15,R,main,Hong Kong,Cwa,lstm,1,-2.0,2022-04-01 00:00:00,2631,676,0.08822980523109436,0.061387062072753906,0.7731413245201111,0.36870452492646616,-2.874376574834614,-9.55621509377158,0.8382854997848521,910,2.7679671457905544,1.3863791923340179,0.29552401289620234,13729,42.21485559999928,0.034558299999844166,12054
hk_sq15,R,main,Hong Kong,Cwa,lstm,2,-2.0,2022-04-01 00:00:00,2631,676,0.08633313328027725,0.06083153933286667,0.7827900648117065,0.3607785011895247,-3.7208328913356237,-8.692577619324915,0.9990114319513465,911,2.7679671457905544,1.3850102669404518,0.2931373780513336,13729,47.970582100000684,0.033056199999919045,12054
hk_sq15,R,main,Hong Kong,Cwa,lstm,3,-2.0,2022-04-01 00:00:00,2631,676,0.09272903949022293,0.06552267074584961,0.749414324760437,0.3875064255506358,-3.5817282103290293,-8.784573489628137,0.8331833714555592,910,2.7679671457905544,1.3863791923340179,0.29397479378637525,13729,27.09512689999974,0.03763619999972434,12054
hk_sq15,R,main,Hong Kong,Cwa,lstm,4,-2.0,2022-04-01 00:00:00,2631,676,0.08403244614601135,0.060920704156160355,0.7942125797271729,0.3511641338606825,-5.687656663760398,-9.204883638703231,-1.3049232010932776,911,2.7679671457905544,1.3850102669404518,0.2933886027718461,13729,52.07304490000024,0.03608130000066012,12054
hk_sq15,R,main,Hong Kong,Cwa,gru,0,-2.0,2022-04-01 00:00:00,2631,676,0.09194168448448181,0.064723439514637,0.7536516189575195,0.38421613886599576,-3.9296724382622994,-8.76343411771141,1.7050295422185668,910,2.7679671457905544,1.3863791923340179,0.2921743499560357,151809,16.256203200000527,0.04017629999998462,12054
hk_sq15,R,main,Hong Kong,Cwa,gru,1,-2.0,2022-04-01 00:00:00,2631,676,0.08060085028409958,0.05894430726766586,0.8106766939163208,0.336823799336631,-7.041678942014928,-10.943165222473327,-3.601958584146092,912,2.7679671457905544,1.3850102669404518,0.28848972072185236,151809,51.818126300000586,0.052215099999557424,12054
hk_sq15,R,main,Hong Kong,Cwa,gru,2,-2.0,2022-04-01 00:00:00,2631,676,0.08621329814195633,0.060834892094135284,0.783392608165741,0.3602777207828539,-4.3831612689557815,-9.510655706024203,-0.22869386591408944,908,2.7679671457905544,1.38911704312115,0.28844784993510025,151809,32.84233750000021,0.05049220000000787,12054
hk_sq15,R,main,Hong Kong,Cwa,gru,3,-2.0,2022-04-01 00:00:00,2631,676,0.09334872663021088,0.06758273392915726,0.74605393409729,0.3900960431062209,-2.749596368803764,-8.91035103618243,1.3061928232645792,909,2.7679671457905544,1.3877481177275839,0.28957836117740654,151809,11.415863199999876,0.042368899999928544,12054
hk_sq15,R,main,Hong Kong,Cwa,gru,4,-2.0,2022-04-01 00:00:00,2631,676,0.07930683344602585,0.05833854898810387,0.8167069554328918,0.3314162178251547,-6.269672943160587,-10.055323366186176,-3.227105826718213,912,2.7679671457905544,1.3850102669404518,0.2955658836829544,151809,52.9999171999998,0.04376270000011573,12054
hk_sq15,R,main,Hong Kong,Cwa,tcn,0,-2.0,2022-04-01 00:00:00,2631,676,0.0783468559384346,0.056914348155260086,0.8211175203323364,0.32740455702697596,-7.612145399415837,-11.285420471512575,-4.8339325298522695,912,2.7679671457905544,1.3850102669404518,0.28530754092869404,198273,8.431633999999576,0.06268189999991591,12054
hk_sq15,R,main,Hong Kong,Cwa,tcn,1,-2.0,2022-04-01 00:00:00,2631,676,0.0837298259139061,0.0610998272895813,0.7956920862197876,0.3498995107707952,-5.129015227731748,-10.00954474704081,-0.7959513018982678,912,2.7679671457905544,1.3850102669404518,0.2844701251936524,198273,2.990737299999637,0.06154590000005555,12054
hk_sq15,R,main,Hong Kong,Cwa,tcn,2,-2.0,2022-04-01 00:00:00,2631,676,0.08116136491298676,0.05819696560502052,0.8080344200134277,0.339166140220382,-5.716444258003217,-8.711171750294433,-2.5855011284291907,912,2.7679671457905544,1.3850102669404518,0.28681488925176907,198273,3.394805799999631,0.06166380000013305,12054
hk_sq15,R,main,Hong Kong,Cwa,tcn,3,-2.0,2022-04-01 00:00:00,2631,676,0.08314765989780426,0.06135694682598114,0.7985233068466187,0.3474666906616161,-5.099090546511564,-9.056122736768023,-2.37358451416001,912,2.7679671457905544,1.3850102669404518,0.28564250722271073,198273,3.838983000000553,0.0612714999997479,12054
hk_sq15,R,main,Hong Kong,Cwa,tcn,4,-2.0,2022-04-01 00:00:00,2631,676,0.08083576709032059,0.059090957045555115,0.8095715045928955,0.3378054958189942,-5.771974626875798,-9.240369391402393,-3.1471677189453375,911,2.7679671457905544,1.3863791923340179,0.29347234434535024,198273,5.224538799999209,0.05162930000005872,12054
hk_sq15,R,main,Hong Kong,Cwa,patchtst,0,-2.0,2022-04-01 00:00:00,2631,676,0.07901114970445633,0.05667650327086449,0.818071186542511,0.33018058171354453,-4.246262233753939,-7.645500380397285,-1.07493402588326,912,2.7679671457905544,1.3850102669404518,0.2930536364778294,25857,12.076897300000383,0.17268050000075164,12054
hk_sq15,R,main,Hong Kong,Cwa,patchtst,1,-2.0,2022-04-01 00:00:00,2631,676,0.07923445105552673,0.05705978348851204,0.8170413970947266,0.33111373823980234,-5.994771474638427,-9.597280322667679,-0.5770799229658619,912,2.7679671457905544,1.3850102669404518,0.2886990746556128,25857,15.938654200000201,0.1729245999995328,12054
hk_sq15,R,main,Hong Kong,Cwa,patchtst,2,-2.0,2022-04-01 00:00:00,2631,676,0.0799960121512413,0.05826762691140175,0.8135074973106384,0.334296234463867,-5.789403842350027,-9.444696084123706,-1.5415519421017265,911,2.7679671457905544,1.3850102669404518,0.2841770296863878,25857,15.276351200000136,0.17371790000015608,12054
hk_sq15,R,main,Hong Kong,Cwa,patchtst,3,-2.0,2022-04-01 00:00:00,2631,676,0.08156360685825348,0.05884396657347679,0.8061268925666809,0.3408470736073096,-3.8891818498419495,-9.404793241472632,0.33515695695844894,912,2.7679671457905544,1.3850102669404518,0.291839383662019,25857,10.174857199999678,0.17448119999971823,12054
hk_sq15,R,main,Hong Kong,Cwa,patchtst,4,-2.0,2022-04-01 00:00:00,2631,676,0.08172737061977386,0.05959281697869301,0.8053475618362427,0.34153142783129764,-4.792997102907193,-8.351280779303627,0.3857882634965289,912,2.7679671457905544,1.3850102669404518,0.2937235690658627,25857,9.133694699999978,0.13407719999941037,12054
hk_sq15,R,main,Hong Kong,Cwa,informer,0,-2.0,2022-04-01 00:00:00,2631,676,0.07620617747306824,0.056106094270944595,0.8307591676712036,0.31845885172335525,-6.029031290750056,-9.286646729118308,-2.841719362418249,909,2.7679671457905544,1.3877481177275839,0.2879035297073232,81537,19.839673700000276,0.0813281000000643,12054
hk_sq15,R,main,Hong Kong,Cwa,informer,1,-2.0,2022-04-01 00:00:00,2631,676,0.08043015748262405,0.058294836431741714,0.811477780342102,0.33611048926968073,-5.364596582127649,-10.181401935184509,-2.0350866693837455,912,2.7679671457905544,1.3850102669404518,0.2835489678851066,81537,12.112809199999901,0.08111559999997553,12054
hk_sq15,R,main,Hong Kong,Cwa,informer,2,-2.0,2022-04-01 00:00:00,2631,676,0.08427883684635162,0.0629943385720253,0.793004035949707,0.352193778728166,-5.39734831856774,-9.432547004705604,-0.8888804142694884,912,2.7679671457905544,1.3850102669404518,0.2886153330821086,81537,8.786518899999464,0.08013840000057826,12054
hk_sq15,R,main,Hong Kong,Cwa,informer,3,-2.0,2022-04-01 00:00:00,2631,676,0.08588316291570663,0.06275837868452072,0.7850483655929565,0.35889811497462315,-4.258630251694706,-9.186631220417063,-0.1255040208514524,912,2.7679671457905544,1.3850102669404518,0.29171377130176274,81537,8.858430399999634,0.08046730000023672,12054
hk_sq15,R,main,Hong Kong,Cwa,informer,4,-2.0,2022-04-01 00:00:00,2631,676,0.08759798109531403,0.06463812291622162,0.7763788104057312,0.3660641879427247,-3.68956898112483,-8.363303643198243,0.7812112832928597,910,2.7679671457905544,1.3863791923340179,0.29301176569107734,81537,6.625157299999955,0.08023289999982808,12054
hk_sq12,R,main,Hong Kong,Cwa,lstm,0,0.0,2022-04-01 00:00:00,2769,682,0.08554393798112869,0.06124723702669144,0.8007079362869263,0.35341642778289845,-1.4985021347305727,-7.2193438657173985,4.319109182846804,931,2.7679671457905544,1.3767967145790554,0.2923868312757202,13729,36.72318720000021,0.03601460000027146,12738
hk_sq12,R,main,Hong Kong,Cwa,lstm,1,0.0,2022-04-01 00:00:00,2769,682,0.08635047823190689,0.06068255379796028,0.7969321608543396,0.35674857008333866,-0.4086842578996275,-7.094528953535506,4.0859647170708335,931,2.7679671457905544,1.3795345653661875,0.2962551440329218,13729,35.9801740999992,0.03229099999953178,12738
hk_sq12,R,main,Hong Kong,Cwa,lstm,2,0.0,2022-04-01 00:00:00,2769,682,0.08364745229482651,0.060531605035066605,0.8094464540481567,0.34558128233118707,-2.3090503282143238,-7.816048279059595,1.9937831330663291,931,2.7652292950034223,1.3767967145790554,0.29230452674897117,13729,50.39883480000026,0.03393260000029841,12738
hk_sq12,R,main,Hong Kong,Cwa,lstm,3,0.0,2022-04-01 00:00:00,2769,682,0.08431684225797653,0.0612429603934288,0.8063844442367554,0.34834680160880555,-2.2257541267782344,-7.312296463929535,1.5533146215235938,931,2.7652292950034223,1.3767967145790554,0.29213991769547326,13729,50.25411949999943,0.028639900000598573,12738
hk_sq12,R,main,Hong Kong,Cwa,lstm,4,0.0,2022-04-01 00:00:00,2769,682,0.08402445912361145,0.059705425053834915,0.8077249526977539,0.34713884923567456,-1.8452608213019195,-7.688360668713717,3.941274498479319,932,2.7679671457905544,1.3781656399726214,0.2941152263374486,13729,44.7446901000003,0.031996300000173505,12738
hk_sq12,R,main,Hong Kong,Cwa,gru,0,0.0,2022-04-01 00:00:00,2769,682,0.07764915376901627,0.05737198516726494,0.835795521736145,0.32079989760892963,-3.2220893195452405,-7.7343064051498045,1.1612013175900882,932,2.7652292950034223,1.3767967145790554,0.2937860082304527,151809,54.83002860000033,0.06579969999984314,12738
hk_sq12,R,main,Hong Kong,Cwa,gru,1,0.0,2022-04-01 00:00:00,2769,682,0.08255036920309067,0.06103229895234108,0.8144121170043945,0.34104879065015375,-3.9417510929865895,-8.49179004225098,1.9177732587401852,930,2.7652292950034223,1.3795345653661875,0.28987654320987655,151809,36.36710359999961,0.05822230000012496,12738
hk_sq12,R,main,Hong Kong,Cwa,gru,2,0.0,2022-04-01 00:00:00,2769,682,0.07875712215900421,0.05783740431070328,0.8310760259628296,0.3253773608369177,-3.873781555048461,-8.857581808644731,0.641695877499826,932,2.7652292950034223,1.3767967145790554,0.2912345679012346,151809,48.26272880000033,0.04562880000048608,12738
hk_sq12,R,main,Hong Kong,Cwa,gru,3,0.0,2022-04-01 00:00:00,2769,682,0.07753247022628784,0.05730823054909706,0.8362886309623718,0.3203178309444136,-3.3942126648826787,-8.113949736219805,-0.4204913431498647,930,2.7652292950034223,1.3767967145790554,0.2856378600823045,151809,51.745652900000096,0.05084990000068501,12738
hk_sq12,R,main,Hong Kong,Cwa,gru,4,0.0,2022-04-01 00:00:00,2769,682,0.07821197062730789,0.05729018524289131,0.8334065079689026,0.3231251205089708,-5.156527983584446,-8.699963129862946,0.8104056279053307,932,2.7652292950034223,1.3767967145790554,0.2888477366255144,151809,52.35899789999985,0.041505899999719986,12738
hk_sq12,R,main,Hong Kong,Cwa,tcn,0,0.0,2022-04-01 00:00:00,2769,682,0.07963566482067108,0.05804581940174103,0.8272863030433655,0.3290069740680701,-4.681981315261918,-10.26087636888443,1.6978575126542772,930,2.7652292950034223,1.3767967145790554,0.28526748971193416,198273,6.5864124000008815,0.06560499999977765,12738
hk_sq12,R,main,Hong Kong,Cwa,tcn,1,0.0,2022-04-01 00:00:00,2769,682,0.07734353840351105,0.05652109533548355,0.8370855450630188,0.3195372775647572,-4.730145208324976,-9.376396435108163,1.341891030547887,933,2.7679671457905544,1.3781656399726214,0.29242798353909466,198273,7.606387300000279,0.06513309999991179,12738
hk_sq12,R,main,Hong Kong,Cwa,tcn,2,0.0,2022-04-01 00:00:00,2769,682,0.0834231749176979,0.06064726412296295,0.8104669451713562,0.34465470224464967,-2.742714814603393,-7.5286885055587245,1.752006097225145,933,2.7679671457905544,1.3781656399726214,0.2806584362139918,198273,2.710942700000487,0.0652658999997584,12738
hk_sq12,R,main,Hong Kong,Cwa,tcn,3,0.0,2022-04-01 00:00:00,2769,682,0.07993757724761963,0.05815636366605759,0.8259742259979248,0.3302542957831279,-5.195792514799432,-8.392947114031768,1.3009083936402766,932,2.7652292950034223,1.3767967145790554,0.288641975308642,198273,5.369897800000217,0.06591709999975137,12738
hk_sq12,R,main,Hong Kong,Cwa,tcn,4,0.0,2022-04-01 00:00:00,2769,682,0.08229731768369675,0.06087580695748329,0.8155481815338135,0.3400033330041781,-2.198745547550926,-8.202871122564236,2.4892316585285323,933,2.7679671457905544,1.3781656399726214,0.2948148148148148,198273,3.6372043999999732,0.06567660000018805,12738
hk_sq12,R,main,Hong Kong,Cwa,patchtst,0,0.0,2022-04-01 00:00:00,2769,682,0.08011456578969955,0.05950764939188957,0.8252027630805969,0.330985506664654,-3.325754378585133,-7.510060830048193,2.700698180989325,932,2.7652292950034223,1.3767967145790554,0.29530864197530865,25857,11.262520199999926,0.18302290000065113,12738
hk_sq12,R,main,Hong Kong,Cwa,patchtst,1,0.0,2022-04-01 00:00:00,2769,682,0.08016859740018845,0.05974847450852394,0.8249669075012207,0.33120873298807335,-3.110174973871671,-8.774800777935909,2.7880222484442108,932,2.7652292950034223,1.3767967145790554,0.2906584362139918,25857,15.49581120000039,0.160154600000169,12738
hk_sq12,R,main,Hong Kong,Cwa,patchtst,2,0.0,2022-04-01 00:00:00,2769,682,0.08143742382526398,0.0605563260614872,0.8193825483322144,0.3364507654828325,-2.570756762284887,-7.548018064416717,1.855170124980443,932,2.7652292950034223,1.3767967145790554,0.2906584362139918,25857,11.63249629999973,0.18339230000037787,12738
hk_sq12,R,main,Hong Kong,Cwa,patchtst,3,0.0,2022-04-01 00:00:00,2769,682,0.08126163482666016,0.06016566976904869,0.8201614618301392,0.3357245103980619,-3.447937445276694,-8.620426706079042,0.8339260964687956,932,2.7652292950034223,1.3767967145790554,0.2874074074074074,25857,12.46050540000033,0.18317169999954785,12738
hk_sq12,R,main,Hong Kong,Cwa,patchtst,4,0.0,2022-04-01 00:00:00,2769,682,0.08205171674489975,0.059780534356832504,0.8166474103927612,0.33898865670450967,-2.899371745503476,-7.550835183867499,3.730760060368532,931,2.7652292950034223,1.3767967145790554,0.28872427983539095,25857,7.540993999999955,0.18387800000073184,12738
hk_sq12,R,main,Hong Kong,Cwa,informer,0,0.0,2022-04-01 00:00:00,2769,682,0.07812374085187912,0.05803848057985306,0.8337821960449219,0.3227606078060017,-3.889089186564698,-8.877162321790177,1.5577097295779163,932,2.7652292950034223,1.3767967145790554,0.29444444444444445,81537,12.565131500000462,0.08382330000040383,12738
hk_sq12,R,main,Hong Kong,Cwa,informer,1,0.0,2022-04-01 00:00:00,2769,682,0.07944289594888687,0.058459680527448654,0.8281214237213135,0.32821056829506556,-4.274288867846538,-8.517913181459424,1.506681957156475,931,2.7652292950034223,1.3781656399726214,0.2882304526748971,81537,12.928249099999448,0.08404019999943557,12738
hk_sq12,R,main,Hong Kong,Cwa,informer,2,0.0,2022-04-01 00:00:00,2769,682,0.07698462903499603,0.05744615197181702,0.8385940194129944,0.31805447855044977,-4.3910709034579165,-9.47772484649777,2.3777801679891297,932,2.7652292950034223,1.3767967145790554,0.29,81537,15.884844399999565,0.084730400000808,12738
hk_sq12,R,main,Hong Kong,Cwa,informer,3,0.0,2022-04-01 00:00:00,2769,682,0.0819302573800087,0.061466336250305176,0.8171898722648621,0.3384868591970107,-3.578958565803952,-8.58865297833088,2.0492430890549196,933,2.7679671457905544,1.3781656399726214,0.2930864197530864,81537,13.678468400000384,0.08404310000059922,12738
hk_sq12,R,main,Hong Kong,Cwa,informer,4,0.0,2022-04-01 00:00:00,2769,682,0.0832335576415062,0.0607130229473114,0.8113275766372681,0.343871316981133,-2.9760332734227513,-8.833642446516276,1.4269734819300772,931,2.7652292950034223,1.3781656399726214,0.28600823045267487,81537,8.500936600000387,0.08489559999998164,12738
hk_sq12,R,main,Hong Kong,Cwa,lstm,0,-0.25,2022-04-01 00:00:00,2694,682,0.08218330889940262,0.060383230447769165,0.8155984878540039,0.3399633298629539,-4.9181520070952,-8.76387890441033,-0.16188310398622674,910,2.7624914442162902,1.3726899383983573,0.28886744156770594,13729,51.038338599999406,0.03322219999972731,11995
hk_sq12,R,main,Hong Kong,Cwa,lstm,1,-0.25,2022-04-01 00:00:00,2694,682,0.08566920459270477,0.06157536059617996,0.7996235489845276,0.3543832494709675,-2.8889603649182027,-9.677266177066413,0.9193465740742202,909,2.7624914442162902,1.3740588637919233,0.2911333976752969,13729,50.092069600000286,0.031041999999615655,11995
hk_sq12,R,main,Hong Kong,Cwa,lstm,2,-0.25,2022-04-01 00:00:00,2694,682,0.08433333784341812,0.0613238550722599,0.8058239221572876,0.3488572404257903,-3.6328710129283515,-9.617845441514083,1.7921009995593318,911,2.7679671457905544,1.3754277891854894,0.2934413159330284,13729,50.35285029999977,0.030267100000855862,11995
hk_sq12,R,main,Hong Kong,Cwa,lstm,3,-0.25,2022-04-01 00:00:00,2694,682,0.08535761386156082,0.06132340803742409,0.8010784983634949,0.3530943086393955,-3.9184178491174393,-8.775887206150424,2.5205188217883534,910,2.7624914442162902,1.3726899383983573,0.28928706306911167,13729,46.526344800000516,0.03240569999979925,11995
hk_sq12,R,main,Hong Kong,Cwa,lstm,4,-0.25,2022-04-01 00:00:00,2694,682,0.08340482413768768,0.060786597430706024,0.810076117515564,0.3450163070848135,-3.8599558900094477,-9.264686692140888,1.4283578731844826,910,2.7624914442162902,1.3726899383983573,0.2923503000293735,13729,50.68215859999964,0.036920900000041,11995
hk_sq12,R,main,Hong Kong,Cwa,gru,0,-0.25,2022-04-01 00:00:00,2694,682,0.0778624415397644,0.058040693402290344,0.8344789743423462,0.32208942730109885,-4.724447655236519,-9.420400249073946,1.0088561054744316,910,2.7624914442162902,1.3726899383983573,0.29209852712853007,151809,52.91592419999961,0.0465210999991541,11995
hk_sq12,R,main,Hong Kong,Cwa,gru,1,-0.25,2022-04-01 00:00:00,2694,682,0.08052769303321838,0.0590471513569355,0.8229533433914185,0.33311463162508065,-4.696544822747228,-8.693908227967249,0.8980018918056332,910,2.7624914442162902,1.3726899383983573,0.2926440350803575,151809,47.01339199999984,0.04344310000033147,11995
hk_sq12,R,main,Hong Kong,Cwa,gru,2,-0.25,2022-04-01 00:00:00,2694,682,0.07901916652917862,0.05814174935221672,0.8295244574546814,0.3268743901409171,-5.498833880606746,-8.87520187409922,-0.4663730650776632,911,2.7624914442162902,1.3726899383983573,0.29117535982543746,151809,49.249620999999934,0.044576499999493535,11995
hk_sq12,R,main,Hong Kong,Cwa,gru,3,-0.25,2022-04-01 00:00:00,2694,682,0.0785839706659317,0.058316148817539215,0.8313970565795898,0.3250741385229991,-3.682183706047515,-9.413513015967467,0.52111013233066,909,2.7624914442162902,1.3726899383983573,0.2883219336158785,151809,52.19843960000071,0.044318700000076205,11995
hk_sq12,R,main,Hong Kong,Cwa,gru,4,-0.25,2022-04-01 00:00:00,2694,682,0.07940550893545151,0.058933157473802567,0.8278534412384033,0.32847255225756505,-4.318235431756968,-10.062549346273464,0.15788109374548948,910,2.7624914442162902,1.3726899383983573,0.28588812890772525,151809,52.40147049999996,0.05430119999982708,11995
hk_sq12,R,main,Hong Kong,Cwa,tcn,0,-0.25,2022-04-01 00:00:00,2694,682,0.08560808002948761,0.06172558292746544,0.7999093532562256,0.3541303987361162,-2.3555426520244005,-9.217754580207394,1.4820771982152592,912,2.7679671457905544,1.3754277891854894,0.2948680290378079,198273,2.9650041999993846,0.08874000000014348,11995
hk_sq12,R,main,Hong Kong,Cwa,tcn,1,-0.25,2022-04-01 00:00:00,2694,682,0.07670620083808899,0.05606568977236748,0.8393583297729492,0.3173064677886533,-6.4549604326578525,-10.799527710104528,1.3598132113221806,911,2.7624914442162902,1.3726899383983573,0.289748646720658,198273,7.535352300000341,0.08177299999988463,11995
hk_sq12,R,main,Hong Kong,Cwa,tcn,2,-0.25,2022-04-01 00:00:00,2694,682,0.07657783478498459,0.055722810328006744,0.8398956060409546,0.3167754627532129,-6.208922520343924,-10.941212380253507,-1.6055148292497212,911,2.7624914442162902,1.3726899383983573,0.28148210314296507,198273,6.407765800000561,0.08223720000023604,11995
hk_sq12,R,main,Hong Kong,Cwa,tcn,3,-0.25,2022-04-01 00:00:00,2694,682,0.08450599014759064,0.06245163828134537,0.8050280213356018,0.34957144204435553,-4.241738071940054,-9.94066886284333,0.6517031377244242,911,2.7679671457905544,1.3767967145790554,0.28836389576601906,198273,3.0252597999997306,0.08108859999993001,11995
hk_sq12,R,main,Hong Kong,Cwa,tcn,4,-0.25,2022-04-01 00:00:00,2694,682,0.08100508898496628,0.059569764882326126,0.8208479285240173,0.3350894501082105,-4.779795733851722,-9.95386655949323,0.6986554030068981,912,2.7679671457905544,1.3754277891854894,0.2930216944316227,198273,4.992402500000026,0.08956120000038936,11995
hk_sq12,R,main,Hong Kong,Cwa,patchtst,0,-0.25,2022-04-01 00:00:00,2694,682,0.08018071949481964,0.058763351291418076,0.8244757652282715,0.33167932461361976,-4.073747065176747,-11.606950993251797,1.15630153978451,911,2.7624914442162902,1.3726899383983573,0.2842096429021023,25857,10.27473209999971,0.2558111000007557,11995
hk_sq12,R,main,Hong Kong,Cwa,patchtst,1,-0.25,2022-04-01 00:00:00,2694,682,0.08245552331209183,0.06072518229484558,0.8143749237060547,0.3410893847689177,-4.346297386164956,-10.96711032973625,1.3011446448813357,910,2.7624914442162902,1.3726899383983573,0.2820276110947925,25857,13.95443080000041,0.19874129999971046,11995
hk_sq12,R,main,Hong Kong,Cwa,patchtst,2,-0.25,2022-04-01 00:00:00,2694,682,0.08107391744852066,0.0597810223698616,0.8205434083938599,0.3353741691584977,-4.562283647799481,-9.924375413713271,1.4583620096121908,911,2.7624914442162902,1.3726899383983573,0.28727287986236416,25857,10.710677000000032,0.20083919999979116,11995
hk_sq12,R,main,Hong Kong,Cwa,patchtst,3,-0.25,2022-04-01 00:00:00,2694,682,0.08034246414899826,0.05989982560276985,0.8237668871879578,0.33234840513566843,-4.514034770792341,-9.122734162986934,0.3527097568635451,911,2.7624914442162902,1.3726899383983573,0.29230833787923294,25857,15.236232100000052,0.21788109999943117,11995
hk_sq12,R,main,Hong Kong,Cwa,patchtst,4,-0.25,2022-04-01 00:00:00,2694,682,0.07895734906196594,0.05845858156681061,0.8297910690307617,0.32661867310690185,-4.074037361206362,-10.063162876398646,0.217938815636054,911,2.7624914442162902,1.3726899383983573,0.28232134614577653,25857,14.717437100000097,0.3175787999998647,11995
hk_sq12,R,main,Hong Kong,Cwa,informer,0,-0.25,2022-04-01 00:00:00,2694,682,0.07869687676429749,0.05854550749063492,0.8309122323989868,0.3255411911846199,-5.352321317571995,-8.685900094349607,-0.2158602617290395,908,2.7624914442162902,1.3726899383983573,0.28366413495027487,81537,14.512733900000057,0.13712949999990087,11995
hk_sq12,R,main,Hong Kong,Cwa,informer,1,-0.25,2022-04-01 00:00:00,2694,682,0.07501479983329773,0.0551496259868145,0.8463646769523621,0.31030973906815074,-4.894385363544485,-8.958001551475592,1.169553663132783,911,2.7624914442162902,1.3726899383983573,0.28618186395870926,81537,23.050728199999867,0.10864459999993414,11995
hk_sq12,R,main,Hong Kong,Cwa,informer,2,-0.25,2022-04-01 00:00:00,2694,682,0.0745013952255249,0.05420888587832451,0.8484604358673096,0.3081859654897581,-5.369837511372344,-10.514255750606916,1.0460422225521793,911,2.7679671457905544,1.3754277891854894,0.28588812890772525,81537,22.09535760000017,0.1030732999997781,11995
hk_sq12,R,main,Hong Kong,Cwa,informer,3,-0.25,2022-04-01 00:00:00,2694,682,0.07865440100431442,0.05882579833269119,0.8310947418212891,0.3253654839638267,-4.086664227908077,-9.226858976907181,0.09574587373211152,911,2.7624914442162902,1.3726899383983573,0.2818597624942302,81537,20.06921929999953,0.08266120000007504,11995
hk_sq12,R,main,Hong Kong,Cwa,informer,4,-0.25,2022-04-01 00:00:00,2694,682,0.07541695982217789,0.05497351661324501,0.8447129726409912,0.31197333293883195,-4.372752101360527,-10.14123149267463,-0.7182090587636303,910,2.7624914442162902,1.3713210130047913,0.28819604716545677,81537,21.881221900000128,0.08041880000018864,11995
hk_sq12,R,main,Hong Kong,Cwa,lstm,0,-0.5,2022-04-01 00:00:00,2695,683,0.09257970005273819,0.06627343595027924,0.765379786491394,0.3838833189480755,-4.278854506535779,-7.960896308849119,1.165937951556334,910,2.7679671457905544,1.3767967145790554,0.29197264067810835,13729,12.496741699999802,0.031442100000276696,11995
hk_sq12,R,main,Hong Kong,Cwa,lstm,1,-0.5,2022-04-01 00:00:00,2695,683,0.09043917804956436,0.06217711791396141,0.7761036157608032,0.37500760763780266,-3.622407516660669,-9.288416712581482,1.3409078839935593,910,2.7679671457905544,1.3767967145790554,0.29402878603499644,13729,23.234255100000155,0.031647699999666656,11995
hk_sq12,R,main,Hong Kong,Cwa,lstm,2,-0.5,2022-04-01 00:00:00,2695,683,0.08677876740694046,0.06120739132165909,0.793860673904419,0.3598296519369,-2.7792080276026865,-9.306174970605014,2.510416016893174,910,2.7679671457905544,1.3767967145790554,0.29432252108598045,13729,39.332945799999834,0.032285399999636866,11995
hk_sq12,R,main,Hong Kong,Cwa,lstm,3,-0.5,2022-04-01 00:00:00,2695,683,0.08507952094078064,0.060356251895427704,0.8018546104431152,0.35278369723226566,-3.403096103250136,-9.762501277134128,0.7293636520454116,911,2.7679671457905544,1.3754277891854894,0.2917628299274055,13729,42.10739629999989,0.03918419999990874,11995
hk_sq12,R,main,Hong Kong,Cwa,lstm,4,-0.5,2022-04-01 00:00:00,2695,683,0.08892350643873215,0.06248675286769867,0.7835453152656555,0.36872284922888365,-3.6616110837733196,-7.362065115468875,1.7822495859648206,910,2.7679671457905544,1.3767967145790554,0.29444840753640217,13729,31.356365900000128,0.03452150000066467,11995
hk_sq12,R,main,Hong Kong,Cwa,gru,0,-0.5,2022-04-01 00:00:00,2695,683,0.07752209901809692,0.05730723217129707,0.8354927897453308,0.32144671721701273,-4.406066750857185,-9.011319934120998,0.8573166550920455,910,2.7624914442162902,1.3726899383983573,0.2948680290378079,151809,52.25189860000046,0.0523310999997193,11995
hk_sq12,R,main,Hong Kong,Cwa,gru,1,-0.5,2022-04-01 00:00:00,2695,683,0.0794508308172226,0.05835786461830139,0.8272051811218262,0.32944423680270246,-4.322619710969622,-9.045964946035777,-1.1566579858190984,910,2.7624914442162902,1.3726899383983573,0.29117535982543746,151809,47.51552409999931,0.04104569999981322,11995
hk_sq12,R,main,Hong Kong,Cwa,gru,2,-0.5,2022-04-01 00:00:00,2695,683,0.08017584681510925,0.05904390662908554,0.8240371942520142,0.332450528110631,-4.394195913687716,-9.44472252462496,-0.6922080789795615,910,2.7624914442162902,1.3726899383983573,0.29184675422768663,151809,44.139128200000414,0.04524210000090534,11995
hk_sq12,R,main,Hong Kong,Cwa,gru,3,-0.5,2022-04-01 00:00:00,2695,683,0.08046743273735046,0.05911007896065712,0.822754979133606,0.33365959415345386,-4.842280804639598,-9.276886422954933,-0.47409122904091827,911,2.7624914442162902,1.3726899383983573,0.28899332801812766,151809,34.56494089999978,0.041606599999795435,11995
hk_sq12,R,main,Hong Kong,Cwa,gru,4,-0.5,2022-04-01 00:00:00,2695,683,0.07946161925792694,0.05907564237713814,0.8271582126617432,0.3294889712576802,-6.2835016768614915,-10.715916909963985,-1.8354584351680248,911,2.7624914442162902,1.3726899383983573,0.28181780034408965,151809,55.23338909999984,0.041413000000829925,11995
hk_sq12,R,main,Hong Kong,Cwa,tcn,0,-0.5,2022-04-01 00:00:00,2695,683,0.07865602523088455,0.05716189369559288,0.8306450843811035,0.3261485617656467,-4.666161046741424,-9.158544984143624,0.012278288410034371,912,2.7679671457905544,1.3754277891854894,0.29054592757332887,198273,7.234266999999818,0.062322100000528735,11995
hk_sq12,R,main,Hong Kong,Cwa,tcn,1,-0.5,2022-04-01 00:00:00,2695,683,0.08032667636871338,0.0583549328148365,0.8233745098114014,0.33307594544942154,-6.453817729414613,-10.568234217877247,-0.1660144056754076,911,2.7624914442162902,1.3726899383983573,0.2861399018085687,198273,4.514218300000721,0.06231099999968137,11995
hk_sq12,R,main,Hong Kong,Cwa,tcn,2,-0.5,2022-04-01 00:00:00,2695,683,0.08223199099302292,0.060147639364004135,0.8148961663246155,0.34097636531688275,-4.534127635877294,-9.690807152999447,0.800613011158724,912,2.7679671457905544,1.3754277891854894,0.2918887163778272,198273,3.1186412000006385,0.06270609999955923,11995
hk_sq12,R,main,Hong Kong,Cwa,tcn,3,-0.5,2022-04-01 00:00:00,2695,683,0.07945893704891205,0.05809628218412399,0.8271698951721191,0.329477849431857,-6.138442326684668,-10.92941356613304,-0.06568758842396827,912,2.7679671457905544,1.3754277891854894,0.2870630691116613,198273,5.269758500000535,0.06248750000122527,11995
hk_sq12,R,main,Hong Kong,Cwa,tcn,4,-0.5,2022-04-01 00:00:00,2695,683,0.0816502496600151,0.05909733474254608,0.8175058364868164,0.33856416487167607,-4.597168790062978,-9.436375173793433,0.036551246546245864,912,2.7679671457905544,1.3754277891854894,0.2923922621795141,198273,3.7005168000014237,0.061584499999298714,11995
hk_sq12,R,main,Hong Kong,Cwa,patchtst,0,-0.5,2022-04-01 00:00:00,2695,683,0.08041898906230927,0.05909022316336632,0.8229683041572571,0.33345872162150286,-4.756561765548772,-10.40195561858016,0.42068070354903675,911,2.7624914442162902,1.3726899383983573,0.28588812890772525,25857,9.474117199999455,0.1791745999998966,11995
hk_sq12,R,main,Hong Kong,Cwa,patchtst,1,-0.5,2022-04-01 00:00:00,2695,683,0.07967840135097504,0.05914287641644478,0.8262138366699219,0.3303878619358786,-3.6697123269026357,-10.44364359752976,0.9190964969592041,911,2.7624914442162902,1.3726899383983573,0.2915530191767026,25857,15.752179400000387,0.17853479999939736,11995
hk_sq12,R,main,Hong Kong,Cwa,patchtst,2,-0.5,2022-04-01 00:00:00,2695,683,0.0810169130563736,0.05914373695850372,0.8203259706497192,0.33593802374917614,-4.732089244446236,-10.388382289899356,1.1084648056411517,911,2.7624914442162902,1.3726899383983573,0.28697914481138015,25857,10.722756499999377,0.18273859999862907,11995
hk_sq12,R,main,Hong Kong,Cwa,patchtst,3,-0.5,2022-04-01 00:00:00,2695,683,0.08087422698736191,0.059571266174316406,0.8209583163261414,0.3353463735093432,-4.277385988906368,-10.494368576271068,-0.22334455634569483,911,2.7624914442162902,1.3726899383983573,0.29088162477445345,25857,10.424262200000157,0.19407630000023346,11995
hk_sq12,R,main,Hong Kong,Cwa,patchtst,4,-0.5,2022-04-01 00:00:00,2695,683,0.08161883056163788,0.0605972521007061,0.817646324634552,0.3384338850397417,-3.8367278319169973,-8.493751295714514,1.2018641525154186,912,2.7679671457905544,1.3754277891854894,0.29432252108598045,25857,8.13892080000005,0.19815770000059274,11995
hk_sq12,R,main,Hong Kong,Cwa,informer,0,-0.5,2022-04-01 00:00:00,2695,683,0.07566511631011963,0.05582386627793312,0.8432797193527222,0.3137467064720932,-4.493057769559683,-9.602828242773565,0.1430168271616683,912,2.7679671457905544,1.3754277891854894,0.2900004196215014,81537,22.42459240000062,0.10687909999978729,11995
hk_sq12,R,main,Hong Kong,Cwa,informer,1,-0.5,2022-04-01 00:00:00,2695,683,0.07774480432271957,0.0576799102127552,0.8345462679862976,0.322370168593904,-4.8650391680665095,-8.9617758711933,0.9634575066470696,911,2.7624914442162902,1.3726899383983573,0.2855104695564601,81537,14.565324499999406,0.08642180000060762,11995
hk_sq12,R,main,Hong Kong,Cwa,informer,2,-0.5,2022-04-01 00:00:00,2695,683,0.07837088406085968,0.058285411447286606,0.8318707346916199,0.3249662189987601,-4.765946025401913,-10.208973589656578,-0.7811041058132684,911,2.7624914442162902,1.3726899383983573,0.2856783181570224,81537,12.901407099998323,0.08267770000020391,11995
hk_sq12,R,main,Hong Kong,Cwa,informer,3,-0.5,2022-04-01 00:00:00,2695,683,0.07769635319709778,0.0575488917529583,0.8347524404525757,0.3221692651679924,-4.751469760590776,-9.200803280082749,-1.4166275505204773,911,2.7624914442162902,1.3726899383983573,0.2867273719105367,81537,22.079727600001206,0.08043220000035944,11995
hk_sq12,R,main,Hong Kong,Cwa,informer,4,-0.5,2022-04-01 00:00:00,2695,683,0.07835365831851959,0.05774175003170967,0.8319446444511414,0.3248947921618067,-6.916165327031221,-9.994385793583206,-1.3346200274702236,912,2.7679671457905544,1.3754277891854894,0.2872309177122236,81537,14.748623000001317,0.08569210000132443,11995
hk_sq12,R,main,Hong Kong,Cwa,lstm,0,-1.0,2022-04-01 00:00:00,2694,683,0.08193416893482208,0.06016942486166954,0.8153130412101746,0.3406070383664071,-5.796061447714821,-9.659301340711067,-0.8773680352161195,910,2.7624914442162902,1.3726899383983573,0.28777642566405104,13729,51.28252950000024,0.03466090000074473,11995
hk_sq12,R,main,Hong Kong,Cwa,lstm,1,-1.0,2022-04-01 00:00:00,2694,683,0.08496478945016861,0.06081876903772354,0.8013978004455566,0.3532055756014134,-2.9211516582149044,-10.336075519186572,0.8159480649862605,910,2.7624914442162902,1.3726899383983573,0.2920565649783895,13729,50.78318539999964,0.03126919999886013,11995
hk_sq12,R,main,Hong Kong,Cwa,lstm,2,-1.0,2022-04-01 00:00:00,2694,683,0.0839710384607315,0.06102517992258072,0.8060163259506226,0.3490744714993493,-4.137473698220107,-10.178355609477263,1.081677381297319,911,2.7679671457905544,1.3754277891854894,0.29335739163274727,13729,51.15463120000095,0.03503599999930884,11995
hk_sq12,R,main,Hong Kong,Cwa,lstm,3,-1.0,2022-04-01 00:00:00,2694,683,0.0849447250366211,0.06113690882921219,0.8014915585517883,0.353122166194034,-4.51682384079794,-9.206498602087166,1.66707951937346,910,2.7624914442162902,1.3726899383983573,0.28857370651672193,13729,46.51536699999997,0.03089939999881608,11995
hk_sq12,R,main,Hong Kong,Cwa,lstm,4,-1.0,2022-04-01 00:00:00,2694,683,0.08437924087047577,0.05986413732171059,0.8041257262229919,0.35077140228713366,-3.5540938756483786,-10.438916121720831,1.3050603397891307,911,2.7679671457905544,1.3754277891854894,0.2929797322814821,13729,43.6492685000012,0.032700499999918975,11995
hk_sq12,R,main,Hong Kong,Cwa,gru,0,-1.0,2022-04-01 00:00:00,2694,683,0.07737594842910767,0.05762752145528793,0.8352907299995422,0.32165814309040247,-5.146820404331198,-9.903182098716446,0.35928225166044214,910,2.7624914442162902,1.3726899383983573,0.2914271327262809,151809,52.49666200000138,0.051879700000426965,11995
hk_sq12,R,main,Hong Kong,Cwa,gru,1,-1.0,2022-04-01 00:00:00,2694,683,0.07955953478813171,0.059448570013046265,0.8258631825447083,0.3307354900926783,-4.5701672789798975,-9.792861359733894,1.3795923195547566,911,2.7624914442162902,1.3726899383983573,0.29604296924174395,151809,53.276541900000666,0.03892380000070261,11995
hk_sq12,R,main,Hong Kong,Cwa,gru,2,-1.0,2022-04-01 00:00:00,2694,683,0.07829664647579193,0.05773239955306053,0.8313475847244263,0.32548556013737745,-4.881466550204605,-8.90196665900893,-0.8958187081300455,910,2.7624914442162902,1.3726899383983573,0.29071377617389116,151809,52.7252497999998,0.04432230000020354,11995
hk_sq12,R,main,Hong Kong,Cwa,gru,3,-1.0,2022-04-01 00:00:00,2694,683,0.07799704372882843,0.05807415768504143,0.8326358795166016,0.3242400870257766,-6.442346871802201,-10.275326975973186,-1.7042465566227627,910,2.7624914442162902,1.3740588637919233,0.2873987663127859,151809,52.56375979999939,0.044758800000636256,11995
hk_sq12,R,main,Hong Kong,Cwa,gru,4,-1.0,2022-04-01 00:00:00,2694,683,0.07985933870077133,0.058464765548706055,0.8245483040809631,0.33198179946643996,-5.798489859651113,-10.476573738064122,-0.7093967501151432,911,2.7624914442162902,1.3726899383983573,0.29054592757332887,151809,47.53354380000019,0.042530800001259195,11995
hk_sq12,R,main,Hong Kong,Cwa,tcn,0,-1.0,2022-04-01 00:00:00,2694,683,0.08546757698059082,0.061357226222753525,0.7990403175354004,0.3552957044681735,-3.0499192350123763,-10.263183724312707,0.7987163152110566,912,2.7679671457905544,1.3754277891854894,0.2939028995845747,198273,2.8273785000001226,0.06345110000074783,11995
hk_sq12,R,main,Hong Kong,Cwa,tcn,1,-1.0,2022-04-01 00:00:00,2694,683,0.07928638160228729,0.0577494353055954,0.827056884765625,0.3295999699688966,-6.529939500645254,-11.780631252494068,-0.36442842026485067,911,2.7624914442162902,1.3726899383983573,0.28370609710041544,198273,4.447007699998721,0.0637763000013365,11995
hk_sq12,R,main,Hong Kong,Cwa,tcn,2,-1.0,2022-04-01 00:00:00,2694,683,0.08147355914115906,0.05877517908811569,0.8173837065696716,0.33869224579937773,-5.694597696315154,-10.080518759827628,-0.6340674868732687,912,2.7679671457905544,1.3754277891854894,0.28903529016826823,198273,3.4887080999997124,0.06380220000028203,11995
hk_sq12,R,main,Hong Kong,Cwa,tcn,3,-1.0,2022-04-01 00:00:00,2694,683,0.08392007648944855,0.06159929558634758,0.8062517046928406,0.34886261841859356,-4.230432398057382,-10.165243008904056,0.8422830635269274,912,2.7679671457905544,1.3754277891854894,0.28727287986236416,198273,2.9840046999997867,0.06253280000055383,11995
hk_sq12,R,main,Hong Kong,Cwa,tcn,4,-1.0,2022-04-01 00:00:00,2694,683,0.08007685095071793,0.05873391032218933,0.8235912322998047,0.33288601567105736,-6.859856759854055,-12.306942706580548,0.08231140765084799,908,2.7624914442162902,1.3726899383983573,0.2881540850153162,198273,5.645451700000194,0.06339789999947243,11995
hk_sq12,R,main,Hong Kong,Cwa,patchtst,0,-1.0,2022-04-01 00:00:00,2694,683,0.08001644164323807,0.05846014246344566,0.823857307434082,0.332634889241413,-4.962649602126906,-10.961972937449548,-0.033903592232331636,911,2.7624914442162902,1.3726899383983573,0.2853426209558978,25857,9.35865940000076,0.1715702000001329,11995
hk_sq12,R,main,Hong Kong,Cwa,patchtst,1,-1.0,2022-04-01 00:00:00,2694,683,0.0824601873755455,0.06082523241639137,0.8129340410232544,0.3427937400264123,-4.884538503062341,-11.651988792997104,1.4397555883884916,910,2.7624914442162902,1.3726899383983573,0.2805169736897319,25857,13.542042400000355,0.17164940000111528,11995
hk_sq12,R,main,Hong Kong,Cwa,patchtst,2,-1.0,2022-04-01 00:00:00,2694,683,0.08082859218120575,0.05960957705974579,0.8202635049819946,0.33601106542091275,-4.839873791159876,-10.731419139783005,0.8448112665338958,911,2.7624914442162902,1.3726899383983573,0.28681129621081786,25857,10.651773499999763,0.17214849999982107,11995
hk_sq12,R,main,Hong Kong,Cwa,patchtst,3,-1.0,2022-04-01 00:00:00,2694,683,0.08032675832509995,0.05963997170329094,0.8224884271621704,0.33392490105624867,-5.115643727424368,-10.245383175443024,-0.6824620168581985,911,2.7624914442162902,1.3726899383983573,0.2862657882589904,25857,12.290041199999905,0.17252860000007786,11995
hk_sq12,R,main,Hong Kong,Cwa,patchtst,4,-1.0,2022-04-01 00:00:00,2694,683,0.07907316833734512,0.05802181363105774,0.8279857635498047,0.32871362499638396,-5.9651174283748665,-9.379895205941224,0.2915940234682446,911,2.7624914442162902,1.3726899383983573,0.29012630607192313,25857,9.723236100000577,0.17118740000114485,11995
hk_sq12,R,main,Hong Kong,Cwa,informer,0,-1.0,2022-04-01 00:00:00,2694,683,0.07834378629922867,0.058111853897571564,0.8311444520950317,0.32568152423707647,-6.672704450168051,-10.318886246775138,-2.1951199354189876,912,2.7679671457905544,1.3754277891854894,0.2876925013637699,81537,13.727852699999858,0.07769709999956831,11995
hk_sq12,R,main,Hong Kong,Cwa,informer,1,-1.0,2022-04-01 00:00:00,2694,683,0.07828115671873093,0.058215364813804626,0.8314143419265747,0.32542116795098985,-5.185700003071187,-10.869592554497821,0.24976543349433666,910,2.7624914442162902,1.3740588637919233,0.28949687381981454,81537,14.170348799998465,0.07792630000039935,11995
hk_sq12,R,main,Hong Kong,Cwa,informer,2,-1.0,2022-04-01 00:00:00,2694,683,0.07838134467601776,0.05892735347151756,0.8309825658798218,0.32583765747977966,-5.418195852519725,-9.275606582645947,-0.07036287442623301,911,2.7624914442162902,1.3726899383983573,0.293777013134153,81537,13.663872199998877,0.07721809999929974,11995
hk_sq12,R,main,Hong Kong,Cwa,informer,3,-1.0,2022-04-01 00:00:00,2694,683,0.0859258845448494,0.06374315172433853,0.7968792915344238,0.3572009264793617,-4.244644312011259,-10.043758796465397,1.6771683077524746,912,2.7679671457905544,1.3754277891854894,0.2911333976752969,81537,7.264090499998929,0.07903509999960079,11995
hk_sq12,R,main,Hong Kong,Cwa,informer,4,-1.0,2022-04-01 00:00:00,2694,683,0.0751127377152443,0.054678406566381454,0.8447850942611694,0.31224979113578216,-4.8211560912612805,-10.872072343775407,0.13585733616324758,912,2.7679671457905544,1.3754277891854894,0.2917628299274055,81537,21.79187970000021,0.07977919999939331,11995
hk_sq12,R,main,Hong Kong,Cwa,lstm,0,-2.0,2022-04-01 00:00:00,2693,684,0.08433188498020172,0.061545148491859436,0.8022927641868591,0.3527134215486101,-5.5679302029643996,-10.426616997662963,0.24730614106854842,911,2.7679671457905544,1.3754277891854894,0.2937350509840124,13729,48.19061839999995,0.03609599999981583,11995
hk_sq12,R,main,Hong Kong,Cwa,lstm,1,-2.0,2022-04-01 00:00:00,2693,684,0.0841233879327774,0.06084878742694855,0.8032691478729248,0.3518413942365551,-5.141322737061027,-9.860074720500533,0.08685706353414868,911,2.7679671457905544,1.3754277891854894,0.2929797322814821,13729,50.688488400001006,0.03530909999972209,11995
hk_sq12,R,main,Hong Kong,Cwa,lstm,2,-2.0,2022-04-01 00:00:00,2693,684,0.08379673212766647,0.06006889417767525,0.8047940135002136,0.3504751744880408,-4.903161953362978,-9.995398597195083,-0.1905783797738536,910,2.7624914442162902,1.3726899383983573,0.2881121228651756,13729,50.38686339999913,0.028701299999738694,11995
hk_sq12,R,main,Hong Kong,Cwa,lstm,3,-2.0,2022-04-01 00:00:00,2693,684,0.08349303156137466,0.0603681318461895,0.8062064051628113,0.3492049637499767,-5.543716032785206,-10.646739428140728,-0.6073981835602482,910,2.7624914442162902,1.3726899383983573,0.2936091645335907,13729,50.53944919999958,0.034454700000424054,11995
hk_sq12,R,main,Hong Kong,Cwa,lstm,4,-2.0,2022-04-01 00:00:00,2693,684,0.08320335298776627,0.05906150862574577,0.8075488209724426,0.34799339921693295,-4.353200830320136,-11.189203107707538,0.4526121093903823,911,2.7679671457905544,1.3754277891854894,0.29293777013134153,13729,44.29504059999999,0.033540300000822754,11995
hk_sq12,R,main,Hong Kong,Cwa,gru,0,-2.0,2022-04-01 00:00:00,2693,684,0.07830153405666351,0.057601165026426315,0.8295568823814392,0.32749181399318394,-6.522988853161493,-10.990684386976117,-2.151314232514312,910,2.7624914442162902,1.3726899383983573,0.2936091645335907,151809,48.57241509999949,0.0445915000000241,11995
hk_sq12,R,main,Hong Kong,Cwa,gru,1,-2.0,2022-04-01 00:00:00,2693,684,0.07916562259197235,0.058304958045482635,0.8257743120193481,0.33110581626387026,-6.4295279005953665,-11.257285982011,-1.927021803759399,910,2.7624914442162902,1.3740588637919233,0.2892451009189711,151809,47.08002829999896,0.04830960000072082,11995
hk_sq12,R,main,Hong Kong,Cwa,gru,2,-2.0,2022-04-01 00:00:00,2693,684,0.08294450491666794,0.059943344444036484,0.8087444305419922,0.3469107815469996,-4.972106173254664,-11.433528205654774,0.3976522098987356,911,2.7679671457905544,1.3754277891854894,0.29386093743443414,151809,34.61015760000009,0.06542529999933322,11995
hk_sq12,R,main,Hong Kong,Cwa,gru,3,-2.0,2022-04-01 00:00:00,2693,684,0.08207901567220688,0.06032246723771095,0.8127149343490601,0.3432909208881391,-4.147081404107977,-9.866798226930317,0.6584488026818991,911,2.7679671457905544,1.3754277891854894,0.2952037262389325,151809,33.48724609999954,0.05442320000111067,11995
hk_sq12,R,main,Hong Kong,Cwa,gru,4,-2.0,2022-04-01 00:00:00,2693,684,0.07821193337440491,0.057607896625995636,0.829946756362915,0.32711706411987157,-6.458242807846237,-10.509283421678417,-0.3632161625896302,911,2.7624914442162902,1.3726899383983573,0.29276992153077924,151809,51.56316440000046,0.04337139999915962,11995
hk_sq12,R,main,Hong Kong,Cwa,tcn,0,-2.0,2022-04-01 00:00:00,2693,684,0.08008905500173569,0.05757513642311096,0.8216860890388489,0.3349680209909788,-6.04941163705589,-10.564242169583016,-0.8259045197398951,911,2.7624914442162902,1.3726899383983573,0.28542654525617894,198273,3.8804638999990857,0.06325169999945501,11995
hk_sq12,R,main,Hong Kong,Cwa,tcn,1,-2.0,2022-04-01 00:00:00,2693,684,0.07974890619516373,0.05968570336699486,0.8231974840164185,0.33354536751382907,-5.262438365675282,-10.769121584054853,-0.8694424188478322,912,2.7679671457905544,1.3754277891854894,0.29587512064118165,198273,4.337969100000919,0.06438340000022436,11995
hk_sq12,R,main,Hong Kong,Cwa,tcn,2,-2.0,2022-04-01 00:00:00,2693,684,0.0740036889910698,0.05347590893507004,0.8477540612220764,0.30951631589151984,-7.82081267925927,-10.631836818433449,-1.9642100263278388,911,2.7624914442162902,1.3726899383983573,0.28496496160463264,198273,8.991845300000932,0.06358180000097491,11995
hk_sq12,R,main,Hong Kong,Cwa,tcn,3,-2.0,2022-04-01 00:00:00,2693,684,0.08048558980226517,0.05913084000349045,0.8199159502983093,0.33662650575377856,-5.61069337643183,-11.688300385867677,-0.2949603570406967,912,2.7679671457905544,1.3754277891854894,0.2831186269984474,198273,3.7431204000004072,0.06550590000006196,11995
hk_sq12,R,main,Hong Kong,Cwa,tcn,4,-2.0,2022-04-01 00:00:00,2693,684,0.07749363780021667,0.05692934989929199,0.8330559134483337,0.3241128328055279,-6.9633708598968225,-11.445368457941562,-0.1631597857141176,912,2.7679671457905544,1.3754277891854894,0.2922244135789518,198273,5.54862569999932,0.06421049999880779,11995
hk_sq12,R,main,Hong Kong,Cwa,patchtst,0,-2.0,2022-04-01 00:00:00,2693,684,0.07814521342515945,0.05733364447951317,0.8302367329597473,0.3268380116406173,-6.19750183554979,-10.58599549885133,-0.4185074218769236,911,2.7624914442162902,1.3726899383983573,0.29054592757332887,25857,12.16108930000155,0.18335320000005595,11995
hk_sq12,R,main,Hong Kong,Cwa,patchtst,1,-2.0,2022-04-01 00:00:00,2693,684,0.08496139943599701,0.060483161360025406,0.7993301153182983,0.35534633076995614,-5.426342508685833,-9.877809541289007,1.1590540950271677,912,2.7679671457905544,1.3754277891854894,0.2928538458310604,25857,8.116483400001016,0.18075709999902756,11995
hk_sq12,R,main,Hong Kong,Cwa,patchtst,2,-2.0,2022-04-01 00:00:00,2693,684,0.0798715278506279,0.05884546414017677,0.8226533532142639,0.33405822577218386,-5.604499435018884,-11.052016078169313,0.46548504818104686,911,2.7624914442162902,1.3726899383983573,0.2883219336158785,25857,10.89259089999905,0.17228290000093693,11995
hk_sq12,R,main,Hong Kong,Cwa,patchtst,3,-2.0,2022-04-01 00:00:00,2693,684,0.08005915582180023,0.059768665581941605,0.8218191862106323,0.33484296933277136,-6.268335456443696,-11.57073648933209,-1.1491408750111343,911,2.7624914442162902,1.3726899383983573,0.28513281020519493,25857,10.195765200000096,0.1752347000001464,11995
hk_sq12,R,main,Hong Kong,Cwa,patchtst,4,-2.0,2022-04-01 00:00:00,2693,684,0.07862436026334763,0.05781570076942444,0.8281485438346863,0.328842016659137,-5.632213561412458,-10.91727945696589,-0.9693719148738511,911,2.7624914442162902,1.3726899383983573,0.28903529016826823,25857,10.93158349999976,0.1747402000000875,11995
hk_sq12,R,main,Hong Kong,Cwa,informer,0,-2.0,2022-04-01 00:00:00,2693,684,0.08080539107322693,0.059870414435863495,0.8184820413589478,0.3379640567942065,-5.575827259111799,-13.044069349118935,-0.475045593936696,911,2.7679671457905544,1.3754277891854894,0.28383198355083716,81537,8.889096099999733,0.07967790000111563,11995
hk_sq12,R,main,Hong Kong,Cwa,informer,1,-2.0,2022-04-01 00:00:00,2693,684,0.07615267485380173,0.0564371757209301,0.8387836217880249,0.3185043298162853,-5.9753049171920924,-10.888062482409966,-0.34496094243298137,911,2.7624914442162902,1.3726899383983573,0.28479711300407035,81537,17.127009100000578,0.07022700000015902,11995
hk_sq12,R,main,Hong Kong,Cwa,informer,2,-2.0,2022-04-01 00:00:00,2693,684,0.07804685831069946,0.05856793001294136,0.830663800239563,0.3264266468412163,-5.5373442575173515,-10.934610674682578,0.8191183120970669,912,2.7679671457905544,1.3754277891854894,0.290923586924594,81537,17.896586300001218,0.0854349999990518,11995
hk_sq12,R,main,Hong Kong,Cwa,informer,3,-2.0,2022-04-01 00:00:00,2693,684,0.08067246526479721,0.060140304267406464,0.8190787434577942,0.3374081019888044,-5.56268769816346,-9.817808185571335,-0.9296053366923296,911,2.7624914442162902,1.3726899383983573,0.287482690613067,81537,13.606353400000444,0.08672670000123617,11995
hk_sq12,R,main,Hong Kong,Cwa,informer,4,-2.0,2022-04-01 00:00:00,2693,684,0.07471828162670135,0.055120937526226044,0.8447996377944946,0.31250505987116906,-5.788401041252655,-11.778991749383461,0.0809506843669988,912,2.7679671457905544,1.3754277891854894,0.29507783978851077,81537,22.39608059999955,0.10438340000109747,11995
