system_id,tier,role,location,climate,model,seed,injection,ref_end,n_train,n_val,val_rmse,val_mae,val_r2,val_nrmse_mean,plr,ci_low,ci_high,days,span_years,t_center_years,points_kept_fraction,parameters,train_seconds,inference_seconds,inference_samples
pvdaq_10,S,main,"Golden, CO",Dfb,lstm,0,0.0,2012-01-01 00:00:00,5549,1431,0.03081994317471981,0.017560206353664398,0.988893985748291,0.07756683909481,-1.4449736832003985,-1.5843453518206088,-1.287704334643236,4148,13.125256673511293,6.422655715263518,0.29606357080519957,13729,78.15313300000003,0.21632219999997915,55294
pvdaq_10,S,main,"Golden, CO",Dfb,lstm,1,0.0,2012-01-01 00:00:00,5549,1431,0.029344098642468452,0.015392506495118141,0.9899321794509888,0.07385247159214711,-1.355074239023818,-1.4590472641709984,-1.1790322535857112,4145,13.125256673511293,6.424024640657084,0.2957052960360112,13729,81.63622780000003,0.1208756000000335,55294
pvdaq_10,S,main,"Golden, CO",Dfb,lstm,2,0.0,2012-01-01 00:00:00,5549,1431,0.03072134219110012,0.017193038016557693,0.9889649152755737,0.07731868267908722,-1.3622184793673497,-1.4820214443704782,-1.249794215570349,4148,13.125256673511293,6.422655715263518,0.29606357080519957,13729,91.54742699999997,0.22446660000002794,55294
pvdaq_10,S,main,"Golden, CO",Dfb,lstm,3,0.0,2012-01-01 00:00:00,5549,1431,0.030552806332707405,0.015412291511893272,0.9890856742858887,0.07689451597197997,-1.3902130332528628,-1.4904502720886905,-1.2588419093612986,4148,13.125256673511293,6.421286789869952,0.29589821321942034,13729,79.05354490000002,0.16279180000003635,55294
pvdaq_10,S,main,"Golden, CO",Dfb,lstm,4,0.0,2012-01-01 00:00:00,5549,1431,0.02968239225447178,0.01538378931581974,0.9896987080574036,0.07470388024077135,-1.3828015967349394,-1.5169338985174015,-1.2523319121038878,4148,13.125256673511293,6.422655715263518,0.2959349593495935,13729,95.77780949999999,0.13634490000004007,55294
pvdaq_10,S,main,"Golden, CO",Dfb,gru,0,0.0,2012-01-01 00:00:00,5549,1431,0.030261825770139694,0.016770964488387108,0.989292562007904,0.07616218358744395,-1.3971980396177808,-1.5631815666580322,-1.282768741670276,4148,13.125256673511293,6.422655715263518,0.2960543842726563,151809,93.78056900000001,0.2038234999999986,55294
pvdaq_10,S,main,"Golden, CO",Dfb,gru,1,0.0,2012-01-01 00:00:00,5549,1431,0.029722046107053757,0.016066353768110275,0.9896711111068726,0.0748036800355107,-1.3737320493088072,-1.5258816881717874,-1.2430392684196527,4148,13.125256673511293,6.422655715263518,0.29599926507739655,151809,99.53325280000001,0.22321450000004006,55294
pvdaq_10,S,main,"Golden, CO",Dfb,gru,2,0.0,2012-01-01 00:00:00,5549,1431,0.031602803617715836,0.019288482144474983,0.9883226156234741,0.07953712209213147,-1.4663995183951657,-1.6917530216768484,-1.3027294765833475,4148,13.125256673511293,6.422655715263518,0.296045197740113,151809,47.30508140000006,0.14468039999997018,55294
pvdaq_10,S,main,"Golden, CO",Dfb,gru,3,0.0,2012-01-01 00:00:00,5549,1431,0.030590934678912163,0.017043329775333405,0.9890584349632263,0.07699047641156447,-1.3825318483612792,-1.508518496450706,-1.2489223329720023,4147,13.125256673511293,6.424024640657084,0.296045197740113,151809,72.7474952,0.23029479999991054,55294
pvdaq_10,S,main,"Golden, CO",Dfb,gru,4,0.0,2012-01-01 00:00:00,5549,1431,0.031240465119481087,0.01840650662779808,0.988588809967041,0.0786251978932094,-1.40386946757843,-1.5785582271326353,-1.210109528551899,4148,13.125256673511293,6.422655715263518,0.29607275733774285,151809,55.657356600000185,0.22573320000014974,55294
pvdaq_10,S,main,"Golden, CO",Dfb,tcn,0,0.0,2012-01-01 00:00:00,5549,1431,0.029788173735141754,0.015841996297240257,0.9896251559257507,0.07497010834650872,-1.325024670309538,-1.4916884655452378,-1.1789823203374818,4147,13.125256673511293,6.421286789869952,0.29575122869872766,198273,8.762156300000015,0.40917510000008406,55294
pvdaq_10,S,main,"Golden, CO",Dfb,tcn,1,0.0,2012-01-01 00:00:00,5549,1431,0.028780145570635796,0.014514895156025887,0.9903154373168945,0.07243312902776014,-1.3583619248763668,-1.456411597871233,-1.257587680754562,4146,13.125256673511293,6.4199178644763855,0.295668549905838,198273,6.685450400000036,0.3423835000000963,55294
pvdaq_10,S,main,"Golden, CO",Dfb,tcn,2,0.0,2012-01-01 00:00:00,5549,1431,0.028946256265044212,0.015211322344839573,0.990203320980072,0.07285119214462123,-1.4100875457724094,-1.5199133157585587,-1.2660240336159814,4147,13.125256673511293,6.421286789869952,0.29587065362179044,198273,9.494959300000119,0.35006539999994857,55294
pvdaq_10,S,main,"Golden, CO",Dfb,tcn,3,0.0,2012-01-01 00:00:00,5549,1431,0.028640395030379295,0.013548147864639759,0.990409255027771,0.07208140846786046,-1.3569246470191976,-1.4992833360941502,-1.2452064783053607,4145,13.125256673511293,6.41854893908282,0.29541132699462586,198273,9.359380200000032,0.3537340000000313,55294
pvdaq_10,S,main,"Golden, CO",Dfb,tcn,4,0.0,2012-01-01 00:00:00,5549,1431,0.0293850377202034,0.015619122423231602,0.9899040460586548,0.0739555060084455,-1.3298528784897474,-1.497801851434466,-1.2019427379063474,4147,13.125256673511293,6.421286789869952,0.2957971613614441,198273,8.910968000000139,0.3046012999998311,55294
pvdaq_10,S,main,"Golden, CO",Dfb,patchtst,0,0.0,2012-01-01 00:00:00,5549,1431,0.031710218638181686,0.01784016564488411,0.9882431030273438,0.07980746144874894,-1.2290024577387482,-1.4089019261061875,-1.0150123837583402,4149,13.125256673511293,6.421286789869952,0.29589821321942034,25857,11.231041799999957,1.1011863999999605,55294
pvdaq_10,S,main,"Golden, CO",Dfb,patchtst,1,0.0,2012-01-01 00:00:00,5549,1431,0.031503044068813324,0.017639106139540672,0.9883962273597717,0.07928604982914823,-1.3690073168480699,-1.5236390944471,-1.2021331669394952,4148,13.125256673511293,6.422655715263518,0.2958339074916173,25857,19.59750750000012,1.4356037000000015,55294
pvdaq_10,S,main,"Golden, CO",Dfb,patchtst,2,0.0,2012-01-01 00:00:00,5549,1431,0.0314912274479866,0.017553670331835747,0.9884049296379089,0.07925631006223449,-1.2755047413612663,-1.4526127885266207,-1.14756708370789,4149,13.125256673511293,6.421286789869952,0.2959349593495935,25857,15.454355599999872,1.6099328000000241,55294
pvdaq_10,S,main,"Golden, CO",Dfb,patchtst,3,0.0,2012-01-01 00:00:00,5549,1431,0.031691454350948334,0.01749388501048088,0.9882569909095764,0.07976023597398711,-1.2627039071045858,-1.4328198773247314,-1.1162153312493435,4146,13.125256673511293,6.426762491444216,0.2957696017638142,25857,24.65608659999998,1.4455136000001403,55294
pvdaq_10,S,main,"Golden, CO",Dfb,patchtst,4,0.0,2012-01-01 00:00:00,5549,1431,0.03063899092376232,0.016192354261875153,0.9890239834785461,0.07711142313072814,-1.333092313983203,-1.4831017219448628,-1.1838606841961585,4146,13.125256673511293,6.422655715263518,0.29572366910109776,25857,31.569546500000115,1.2852672000001348,55294
pvdaq_10,S,main,"Golden, CO",Dfb,informer,0,0.0,2012-01-01 00:00:00,5549,1431,0.03215918317437172,0.017585329711437225,0.9879078269004822,0.08093740382860684,-1.2937990540554416,-1.455948178318343,-1.1456481401425798,4148,13.125256673511293,6.422655715263518,0.2959257728170502,81537,18.917649399999846,0.3903551000000789,55294
pvdaq_10,S,main,"Golden, CO",Dfb,informer,1,0.0,2012-01-01 00:00:00,5549,1431,0.03210223838686943,0.017730923369526863,0.9879506230354309,0.08079408665425522,-1.4044151331271195,-1.559884576126691,-1.2495822170455473,4148,13.125256673511293,6.422655715263518,0.29608194387028614,81537,15.583987799999932,0.47009140000000116,55294
pvdaq_10,S,main,"Golden, CO",Dfb,informer,2,0.0,2012-01-01 00:00:00,5549,1431,0.030773881822824478,0.016011107712984085,0.9889271259307861,0.07745091307084882,-1.3432310803439762,-1.4848255771837016,-1.2148645140995638,4147,13.125256673511293,6.421286789869952,0.2958063478939874,81537,28.423193200000014,0.5940009999999347,55294
pvdaq_10,S,main,"Golden, CO",Dfb,informer,3,0.0,2012-01-01 00:00:00,5549,1431,0.03170246258378029,0.01805225946009159,0.9882488250732422,0.0797879412108188,-1.269681237056515,-1.4500904957986078,-1.123593569404302,4148,13.125256673511293,6.422655715263518,0.2959165862845069,81537,24.0884145,0.4810835999999199,55294
pvdaq_10,S,main,"Golden, CO",Dfb,informer,4,0.0,2012-01-01 00:00:00,5549,1431,0.03146226704120636,0.01791047863662243,0.9884262084960938,0.07918342325643772,-1.3782585555697224,-1.5099042967627365,-1.2024146233255983,4148,13.125256673511293,6.422655715263518,0.2960543842726563,81537,22.31952339999998,0.4859089999999924,55294
pvdaq_10,S,main,"Golden, CO",Dfb,lstm,0,-0.25,2012-01-01 00:00:00,5549,1431,0.030719589442014694,0.01743488386273384,0.988909900188446,0.07750822339048444,-1.6656971406738013,-1.801468481271884,-1.495121489057516,4148,13.125256673511293,6.422655715263518,0.29627486105369527,13729,72.88761899999986,0.15755349999994905,55294
pvdaq_10,S,main,"Golden, CO",Dfb,lstm,1,-0.25,2012-01-01 00:00:00,5549,1431,0.029295766726136208,0.015384500846266747,0.9899141192436218,0.07391579357175056,-1.55308192399074,-1.6829825583385971,-1.398658861029345,4145,13.125256673511293,6.424024640657084,0.29597170547976664,13729,93.67800609999995,0.11426889999984269,55294
pvdaq_10,S,main,"Golden, CO",Dfb,lstm,2,-0.25,2012-01-01 00:00:00,5549,1431,0.030653618276119232,0.017140517011284828,0.9889574646949768,0.07734177234226298,-1.5764529469484858,-1.693664465408768,-1.4788626212559053,4148,13.125256673511293,6.422655715263518,0.29627486105369527,13729,69.04535029999988,0.12471290000007684,55294
pvdaq_10,S,main,"Golden, CO",Dfb,lstm,3,-0.25,2012-01-01 00:00:00,5549,1431,0.03176901116967201,0.01918744668364525,0.988139271736145,0.08015600661856515,-1.6038040628848171,-1.7928406481703796,-1.443514490625441,4148,13.125256673511293,6.422655715263518,0.29627486105369527,13729,55.358930299999884,0.10908059999997022,55294
pvdaq_10,S,main,"Golden, CO",Dfb,lstm,4,-0.25,2012-01-01 00:00:00,5549,1431,0.029638834297657013,0.015361536294221878,0.9896764755249023,0.07478138319890548,-1.5883146502817018,-1.7180598204488593,-1.4594590301572175,4148,13.125256673511293,6.422655715263518,0.2961462495980892,13729,70.11291419999998,0.11984140000004118,55294
pvdaq_10,S,main,"Golden, CO",Dfb,gru,0,-0.25,2012-01-01 00:00:00,5549,1431,0.028965726494789124,0.013471010141074657,0.9901400804519653,0.07308307306852305,-1.5509527500075837,-1.6864463095114632,-1.4416613890910592,4146,13.125256673511293,6.422655715263518,0.2960084516099398,151809,81.07835599999999,0.2686631999999918,55294
pvdaq_10,S,main,"Golden, CO",Dfb,gru,1,-0.25,2012-01-01 00:00:00,5549,1431,0.028653336688876152,0.014758354984223843,0.9903516173362732,0.07229488613955007,-1.6067217154874247,-1.696449459725291,-1.5057757679270867,4147,13.125256673511293,6.424024640657084,0.29617380919571906,151809,81.41072340000005,0.33662040000012894,55294
pvdaq_10,S,main,"Golden, CO",Dfb,gru,2,-0.25,2012-01-01 00:00:00,5549,1431,0.03153223171830177,0.01924036256968975,0.9883154034614563,0.07955859125773417,-1.6641007886401937,-1.9028196499962569,-1.4924095281583682,4148,13.125256673511293,6.422655715263518,0.2962564879886087,151809,33.9584441999998,0.2817515000001549,55294
pvdaq_10,S,main,"Golden, CO",Dfb,gru,3,-0.25,2012-01-01 00:00:00,5549,1431,0.030403386801481247,0.016880635172128677,0.9891370534896851,0.07671041634474288,-1.594936158861504,-1.7179447427437065,-1.4550588627282368,4147,13.125256673511293,6.424024640657084,0.2962564879886087,151809,55.566732599999796,0.22756429999981265,55294
pvdaq_10,S,main,"Golden, CO",Dfb,gru,4,-0.25,2012-01-01 00:00:00,5549,1431,0.03116113319993019,0.018318450078368187,0.988588809967041,0.07862227708868855,-1.6271486705179543,-1.8123405792483038,-1.4480429236092496,4148,13.125256673511293,6.422655715263518,0.296265674521152,151809,43.01561330000004,0.21118499999965934,55294
pvdaq_10,S,main,"Golden, CO",Dfb,tcn,0,-0.25,2012-01-01 00:00:00,5549,1431,0.029797734692692757,0.01573714055120945,0.9895654916763306,0.07518230285763054,-1.5540354980657285,-1.6961949918203545,-1.4193491248713108,4147,13.125256673511293,6.421286789869952,0.2958798401543338,198273,7.265089699999862,0.3302483999996184,55294
pvdaq_10,S,main,"Golden, CO",Dfb,tcn,1,-0.25,2012-01-01 00:00:00,5549,1431,0.02878567948937416,0.014635145664215088,0.9902622699737549,0.0726287986537288,-1.5823920773835043,-1.6925162715802078,-1.4738242229032532,4146,13.125256673511293,6.4199178644763855,0.2958798401543338,198273,6.257800600000337,0.33337810000011814,55294
pvdaq_10,S,main,"Golden, CO",Dfb,tcn,2,-0.25,2012-01-01 00:00:00,5549,1431,0.028934599831700325,0.015183009207248688,0.9901612401008606,0.07300453776255353,-1.619159347531296,-1.7411007459891443,-1.4784321345599816,4147,13.125256673511293,6.421286789869952,0.29607275733774285,198273,9.684027899999819,0.3342797000000246,55294
pvdaq_10,S,main,"Golden, CO",Dfb,tcn,3,-0.25,2012-01-01 00:00:00,5549,1431,0.02858620509505272,0.013118648901581764,0.9903967380523682,0.07212550722970339,-1.5288718331367912,-1.6651075183999575,-1.4357196690078955,4147,13.125256673511293,6.421286789869952,0.2959165862845069,198273,11.63723119999986,0.3155012000001989,55294
pvdaq_10,S,main,"Golden, CO",Dfb,tcn,4,-0.25,2012-01-01 00:00:00,5549,1431,0.02873310074210167,0.014098883606493473,0.990297794342041,0.07249613785444044,-1.6076858890600176,-1.7499227094621483,-1.4756972920623723,4147,13.125256673511293,6.421286789869952,0.29599926507739655,198273,11.034148300000197,0.35287760000028356,55294
pvdaq_10,S,main,"Golden, CO",Dfb,patchtst,0,-0.25,2012-01-01 00:00:00,5549,1431,0.031598418951034546,0.017776917666196823,0.9882662892341614,0.07972558746157123,-1.4367223625534553,-1.6063872108957846,-1.2547457899494852,4149,13.125256673511293,6.421286789869952,0.29610950346791604,25857,11.297256400000151,1.0230299999998351,55294
pvdaq_10,S,main,"Golden, CO",Dfb,patchtst,1,-0.25,2012-01-01 00:00:00,5549,1431,0.031477220356464386,0.017675310373306274,0.9883561134338379,0.07941979275815281,-1.5868455730457192,-1.7486720707718562,-1.4548725193022416,4148,13.125256673511293,6.422655715263518,0.296045197740113,25857,15.41428790000009,1.0126568999999108,55294
pvdaq_10,S,main,"Golden, CO",Dfb,patchtst,2,-0.25,2012-01-01 00:00:00,5549,1431,0.031467560678720474,0.017561480402946472,0.9883632659912109,0.07939542054244111,-1.49060724891803,-1.669215048179745,-1.347994379661377,4149,13.125256673511293,6.421286789869952,0.29613706306554594,25857,11.005563900000197,1.3085565999999744,55294
pvdaq_10,S,main,"Golden, CO",Dfb,patchtst,3,-0.25,2012-01-01 00:00:00,5549,1431,0.03170093148946762,0.01761152781546116,0.9881900548934937,0.0799842356034741,-1.484553295978308,-1.6473310282751563,-1.347836455182827,4146,13.125256673511293,6.426762491444216,0.29597170547976664,25857,19.155834700000014,1.322321699999975,55294
pvdaq_10,S,main,"Golden, CO",Dfb,patchtst,4,-0.25,2012-01-01 00:00:00,5549,1431,0.030912892892956734,0.017270803451538086,0.9887698888778687,0.07799594498214334,-1.5362317857462586,-1.6942744165944768,-1.404016115996734,4148,13.125256673511293,6.422655715263518,0.29607275733774285,25857,17.496680399999605,1.0279643000003489,55294
pvdaq_10,S,main,"Golden, CO",Dfb,informer,0,-0.25,2012-01-01 00:00:00,5549,1431,0.031012587249279022,0.015932252630591393,0.988697350025177,0.0782474826029564,-1.516523101299464,-1.682515560613242,-1.3401095261249774,4147,13.125256673511293,6.421286789869952,0.2961278765330026,81537,25.196670399999675,0.42323549999991883,55294
pvdaq_10,S,main,"Golden, CO",Dfb,informer,1,-0.25,2012-01-01 00:00:00,5549,1431,0.0303781870752573,0.016312675550580025,0.9891550540924072,0.07664683522126363,-1.5990093540892512,-1.7578637975987992,-1.4638674070481028,4147,13.125256673511293,6.421286789869952,0.29610950346791604,81537,28.231958399999712,0.5811591000001499,55294
pvdaq_10,S,main,"Golden, CO",Dfb,informer,2,-0.25,2012-01-01 00:00:00,5549,1431,0.030408112332224846,0.01505799125880003,0.9891336560249329,0.07672233927402566,-1.5753049446439527,-1.726682785308764,-1.4812487685047837,4148,13.125256673511293,6.41854893908282,0.29567773643838136,81537,36.62441639999997,0.43182740000020203,55294
pvdaq_10,S,main,"Golden, CO",Dfb,informer,3,-0.25,2012-01-01 00:00:00,5549,1431,0.03290475532412529,0.01890925131738186,0.987276017665863,0.08302158891431695,-1.5723651405221584,-1.7733136639402458,-1.390459289395335,4148,13.125256673511293,6.422655715263518,0.2962932341187819,81537,11.626355299999886,0.37513970000009067,55294
pvdaq_10,S,main,"Golden, CO",Dfb,informer,4,-0.25,2012-01-01 00:00:00,5549,1431,0.03163190931081772,0.017081696540117264,0.9882413744926453,0.07981008658199085,-1.5149149241904136,-1.6465610156116472,-1.3748846928447245,4148,13.125256673511293,6.421286789869952,0.29599926507739655,81537,20.84670959999994,0.46330280000029234,55294
pvdaq_10,S,main,"Golden, CO",Dfb,lstm,0,-0.5,2012-01-01 00:00:00,5549,1431,0.030645795166492462,0.01734086684882641,0.9889068007469177,0.07751649323177637,-1.8709185975455123,-2.0129015351913804,-1.7235513605346364,4148,13.125256673511293,6.422655715263518,0.2962289283909788,13729,62.043511099999705,0.11506220000001122,55294
pvdaq_10,S,main,"Golden, CO",Dfb,lstm,1,-0.5,2012-01-01 00:00:00,5549,1431,0.0292674470692873,0.015394999645650387,0.989882230758667,0.07403005372620734,-1.752546795780141,-1.9036059463992117,-1.6214401394584077,4146,13.125256673511293,6.422655715263518,0.2959349593495935,13729,71.2224999,0.11267600000019229,55294
pvdaq_10,S,main,"Golden, CO",Dfb,lstm,2,-0.5,2012-01-01 00:00:00,5549,1431,0.03060237690806389,0.01710318587720394,0.9889382123947144,0.07740666964529969,-1.7974724729267946,-1.9115965495682472,-1.6957399499553105,4148,13.125256673511293,6.422655715263518,0.2962289283909788,13729,61.07042989999991,0.12278939999987415,55294
pvdaq_10,S,main,"Golden, CO",Dfb,lstm,3,-0.5,2012-01-01 00:00:00,5549,1431,0.03171803429722786,0.019138824194669724,0.988116979598999,0.08022865053978363,-1.8217736343704694,-2.013511896474429,-1.671539520385845,4148,13.125256673511293,6.422655715263518,0.2962197418584355,13729,43.19397980000031,0.06377580000025773,55294
pvdaq_10,S,main,"Golden, CO",Dfb,lstm,4,-0.5,2012-01-01 00:00:00,5549,1431,0.02960958145558834,0.015353651717305183,0.9896442890167236,0.07489545981849435,-1.7891586143332638,-1.930351255795193,-1.686157052891668,4147,13.125256673511293,6.424024640657084,0.29609113040282947,13729,72.24500880000005,0.11798229999976684,55294
pvdaq_10,S,main,"Golden, CO",Dfb,gru,0,-0.5,2012-01-01 00:00:00,5549,1431,0.028935063630342484,0.013285966590046883,0.9901107549667358,0.07318931200437101,-1.791700539784272,-1.9104238284807171,-1.6713004626220656,4146,13.125256673511293,6.422655715263518,0.29596251894722336,151809,120.64305659999991,0.31402189999971597,55294
pvdaq_10,S,main,"Golden, CO",Dfb,gru,1,-0.5,2012-01-01 00:00:00,5549,1431,0.02872009389102459,0.014559137634932995,0.9902571439743042,0.07264556039824228,-1.809041634527793,-1.9086366690651495,-1.712554385655011,4146,13.125256673511293,6.422655715263518,0.29610031693537275,151809,97.67559940000001,0.26982900000029986,55294
pvdaq_10,S,main,"Golden, CO",Dfb,gru,2,-0.5,2012-01-01 00:00:00,5549,1431,0.031475730240345,0.019203251227736473,0.9882978200912476,0.07961575860197129,-1.8857045776582098,-2.1297190819027145,-1.6896129956670745,4148,13.125256673511293,6.422655715263518,0.2962197418584355,151809,47.470272900000055,0.23706589999983407,55294
pvdaq_10,S,main,"Golden, CO",Dfb,gru,3,-0.5,2012-01-01 00:00:00,5549,1431,0.030262229964137077,0.016758136451244354,0.9891827702522278,0.07654629065583424,-1.8124103407375025,-1.9474445802883822,-1.6752707238947233,4147,13.125256673511293,6.424024640657084,0.29621055532589224,151809,84.9728798000001,0.21730329999991227,55294
pvdaq_10,S,main,"Golden, CO",Dfb,gru,4,-0.5,2012-01-01 00:00:00,5549,1431,0.031097160652279854,0.018240829929709435,0.9885776042938232,0.07865819209891334,-1.829701988558915,-2.025498803028616,-1.6655480676740433,4148,13.125256673511293,6.422655715263518,0.2962289283909788,151809,65.31203030000006,0.23711960000036925,55294
pvdaq_10,S,main,"Golden, CO",Dfb,tcn,0,-0.5,2012-01-01 00:00:00,5549,1431,0.030150992795825005,0.014653102494776249,0.9892621636390686,0.07626492366379702,-1.7823039668277474,-1.9176211937685368,-1.6818228815808078,4147,13.125256673511293,6.421286789869952,0.295604244178035,198273,5.906895600000098,0.38393519999999626,55294
pvdaq_10,S,main,"Golden, CO",Dfb,tcn,1,-0.5,2012-01-01 00:00:00,5549,1431,0.02846912294626236,0.014219354838132858,0.9904266595840454,0.07201074614606373,-1.7867617725689788,-1.8997175470694205,-1.6681207199551318,4146,13.125256673511293,6.4199178644763855,0.29588902668687705,198273,8.862547599999743,0.37988069999983054,55294
pvdaq_10,S,main,"Golden, CO",Dfb,tcn,2,-0.5,2012-01-01 00:00:00,5549,1431,0.02887118048965931,0.015174683183431625,0.9901543855667114,0.0730277238642856,-1.812632782796575,-1.9446081071936572,-1.6775809582719394,4146,13.125256673511293,6.422655715263518,0.2960543842726563,198273,12.213956600000074,0.3969008999997641,55294
pvdaq_10,S,main,"Golden, CO",Dfb,tcn,3,-0.5,2012-01-01 00:00:00,5549,1431,0.02879401296377182,0.013636600226163864,0.9902069568634033,0.07283253375857378,-1.8025703071362642,-1.954924656173393,-1.6630649304002265,4143,13.125256673511293,6.41854893908282,0.29557668458040515,198273,8.17872639999996,0.34944580000001224,55294
pvdaq_10,S,main,"Golden, CO",Dfb,tcn,4,-0.5,2012-01-01 00:00:00,5549,1431,0.029479634016752243,0.014917111024260521,0.9897350072860718,0.07456676644609857,-1.769801525545911,-1.8913781363124835,-1.6579777259797313,4147,13.125256673511293,6.421286789869952,0.29589821321942034,198273,9.552316599999813,0.41144789999998466,55294
pvdaq_10,S,main,"Golden, CO",Dfb,patchtst,0,-0.5,2012-01-01 00:00:00,5549,1431,0.03161894902586937,0.017621677368879318,0.9881911277770996,0.07997802095993749,-1.6859619432622608,-1.8484647081612682,-1.4898690447750496,4149,13.125256673511293,6.421286789869952,0.29607275733774285,25857,17.90515319999986,1.6295193999999356,55294
pvdaq_10,S,main,"Golden, CO",Dfb,patchtst,1,-0.5,2012-01-01 00:00:00,5549,1431,0.031273141503334045,0.017439989373087883,0.9884479641914368,0.07910332391473189,-1.8182276044333978,-1.9732280148069714,-1.6479566946040136,4147,13.125256673511293,6.424024640657084,0.2960084516099398,25857,21.517816200000198,0.9810252000002038,55294
pvdaq_10,S,main,"Golden, CO",Dfb,patchtst,2,-0.5,2012-01-01 00:00:00,5549,1431,0.03142688050866127,0.01755177602171898,0.9883341193199158,0.07949219646645272,-1.7100665783296276,-1.8914400950908794,-1.577327617281421,4149,13.125256673511293,6.421286789869952,0.29610031693537275,25857,11.717239300000074,1.0905958999996983,55294
pvdaq_10,S,main,"Golden, CO",Dfb,patchtst,3,-0.5,2012-01-01 00:00:00,5549,1431,0.03159607574343681,0.01754874363541603,0.9882081747055054,0.0799201645188421,-1.703953293760919,-1.858703868396916,-1.5634755787632484,4147,13.125256673511293,6.424024640657084,0.2959349593495935,25857,18.264862600000015,1.043540000000121,55294
pvdaq_10,S,main,"Golden, CO",Dfb,patchtst,4,-0.5,2012-01-01 00:00:00,5549,1431,0.029680604115128517,0.014616127125918865,0.989594578742981,0.0750751068949575,-1.7250346115451036,-1.8644510866054886,-1.5935333357176118,4149,13.125256673511293,6.421286789869952,0.29597170547976664,25857,32.51545290000013,1.4470076000002337,55294
pvdaq_10,S,main,"Golden, CO",Dfb,informer,0,-0.5,2012-01-01 00:00:00,5549,1431,0.03114781342446804,0.01579887606203556,0.9885404109954834,0.07878631490503289,-1.7243500016354112,-1.891733479487101,-1.5495506167548134,4147,13.125256673511293,6.421286789869952,0.29610031693537275,81537,24.50333180000007,0.7760138999997253,55294
pvdaq_10,S,main,"Golden, CO",Dfb,informer,1,-0.5,2012-01-01 00:00:00,5549,1431,0.030513079836964607,0.01652160845696926,0.9890027046203613,0.07718079866463565,-1.8168656626831325,-1.9550747039176697,-1.6524124428878526,4147,13.125256673511293,6.421286789869952,0.29609113040282947,81537,32.35345580000012,0.7571626000003562,55294
pvdaq_10,S,main,"Golden, CO",Dfb,informer,2,-0.5,2012-01-01 00:00:00,5549,1431,0.030366985127329826,0.015409864485263824,0.9891077280044556,0.07681126184860337,-1.7838672726791627,-1.894341312411949,-1.6423301567153108,4147,13.125256673511293,6.421286789869952,0.2959349593495935,81537,40.18881819999979,0.6341070000003128,55294
pvdaq_10,S,main,"Golden, CO",Dfb,informer,3,-0.5,2012-01-01 00:00:00,5549,1431,0.033617716282606125,0.019873129203915596,0.9866509437561035,0.08503376931585342,-1.7610649938504364,-1.9535927258191403,-1.6080060550573272,4148,13.125256673511293,6.422655715263518,0.2962197418584355,81537,12.18333419999999,0.6404106999998476,55294
pvdaq_10,S,main,"Golden, CO",Dfb,informer,4,-0.5,2012-01-01 00:00:00,5549,1431,0.03174290433526039,0.0168409813195467,0.9880983233451843,0.08029155764088344,-1.7437588184821602,-1.8915795840338478,-1.566458702042364,4148,13.125256673511293,6.422655715263518,0.2962289283909788,81537,19.593246000000363,0.44379339999977674,55294
pvdaq_10,S,main,"Golden, CO",Dfb,lstm,0,-1.0,2012-01-01 00:00:00,5549,1431,0.03057936578989029,0.017208464443683624,0.9888418912887573,0.07773948871979021,-2.3107591850338425,-2.454131593359305,-2.157925765320234,4148,13.125256673511293,6.422655715263518,0.29666069542051354,13729,70.6169691,0.1325675999996747,55294
pvdaq_10,S,main,"Golden, CO",Dfb,lstm,1,-1.0,2012-01-01 00:00:00,5549,1431,0.029203398153185844,0.015312561765313148,0.9898234605789185,0.07424147567048932,-2.1723495127958072,-2.2957235969919942,-2.038865870467243,4146,13.125256673511293,6.422655715263518,0.29641265904184466,13729,94.88180680000005,0.20150939999984985,55294
pvdaq_10,S,main,"Golden, CO",Dfb,lstm,2,-1.0,2012-01-01 00:00:00,5549,1431,0.03054800070822239,0.0170820951461792,0.9888647794723511,0.07765975176810617,-2.2334251569347985,-2.3463459940427747,-2.126872469355005,4147,13.125256673511293,6.424024640657084,0.2966423223554269,13729,83.73075800000015,0.19501979999995456,55294
pvdaq_10,S,main,"Golden, CO",Dfb,lstm,3,-1.0,2012-01-01 00:00:00,5549,1431,0.0316585935652256,0.01907334290444851,0.9880403876304626,0.08048312362848087,-2.263263909723329,-2.454666506495043,-2.118619809762623,4148,13.125256673511293,6.422655715263518,0.29665150888797026,13729,64.79506840000022,0.22550989999990634,55294
pvdaq_10,S,main,"Golden, CO",Dfb,lstm,4,-1.0,2012-01-01 00:00:00,5549,1431,0.02959408611059189,0.01538676954805851,0.9895493388175964,0.07523469058104074,-2.223428044131459,-2.3540260797541346,-2.120161139758422,4147,13.125256673511293,6.424024640657084,0.29652289743236415,13729,97.43211109999993,0.10804730000018026,55294
pvdaq_10,S,main,"Golden, CO",Dfb,gru,0,-1.0,2012-01-01 00:00:00,5549,1431,0.02879125252366066,0.013442814350128174,0.9901086688041687,0.07319371062730531,-2.2470531439888184,-2.34741691845724,-2.1013806863252884,4146,13.125256673511293,6.422655715263518,0.2964310321069312,151809,134.47518609999997,0.47168860000056156,55294
pvdaq_10,S,main,"Golden, CO",Dfb,gru,1,-1.0,2012-01-01 00:00:00,5549,1431,0.028733760118484497,0.01419342216104269,0.99014812707901,0.07304755225978471,-2.2511053303654065,-2.344355537842353,-2.1362523021910977,4146,13.125256673511293,6.422655715263518,0.29651371089982087,151809,156.25322849999975,0.5855067000002236,55294
pvdaq_10,S,main,"Golden, CO",Dfb,gru,2,-1.0,2012-01-01 00:00:00,5549,1431,0.031404197216033936,0.01915922947227955,0.9882318377494812,0.07983639202998317,-2.332686974799758,-2.54653393144479,-2.1408849333034885,4147,13.125256673511293,6.424024640657084,0.29663313582288364,151809,86.69107190000068,0.6440609000001132,55294
pvdaq_10,S,main,"Golden, CO",Dfb,gru,3,-1.0,2012-01-01 00:00:00,5549,1431,0.030217520892620087,0.016780899837613106,0.9891043901443481,0.07681959922623667,-2.240324955690731,-2.370421699701379,-2.1109067075824908,4147,13.125256673511293,6.424024640657084,0.29663313582288364,151809,91.23326009999982,0.27275579999968613,55294
pvdaq_10,S,main,"Golden, CO",Dfb,gru,4,-1.0,2012-01-01 00:00:00,5549,1431,0.028562389314174652,0.01476124208420515,0.9902653098106384,0.07261188989843674,-2.2383960383095314,-2.353155938949058,-2.133893507547069,4147,13.125256673511293,6.424024640657084,0.2966055762252538,151809,91.0995468000001,0.31263140000010026,55294
pvdaq_10,S,main,"Golden, CO",Dfb,tcn,0,-1.0,2012-01-01 00:00:00,5549,1431,0.02991117537021637,0.014554155990481377,0.9893242120742798,0.07604080137781513,-2.2554892261097526,-2.3489728758631747,-2.12512986543128,4146,13.125256673511293,6.422655715263518,0.2961462495980892,198273,6.2521523999994315,0.8793862000002264,55294
pvdaq_10,S,main,"Golden, CO",Dfb,tcn,1,-1.0,2012-01-01 00:00:00,5549,1431,0.029042042791843414,0.015405865386128426,0.989935576915741,0.0738312747729578,-2.1973427262147016,-2.3211665784974356,-2.0845437481026297,4145,13.125256673511293,6.421286789869952,0.2962932341187819,198273,6.4229078999997,0.8973038000003726,55294
pvdaq_10,S,main,"Golden, CO",Dfb,tcn,2,-1.0,2012-01-01 00:00:00,5549,1431,0.02875337190926075,0.015161643736064434,0.9901346564292908,0.0730974097551396,-2.2742229240695186,-2.3835006141768367,-2.1630206545926844,4146,13.125256673511293,6.422655715263518,0.2965045243672776,198273,9.12259449999965,0.9660380999994231,55294
pvdaq_10,S,main,"Golden, CO",Dfb,tcn,3,-1.0,2012-01-01 00:00:00,5549,1431,0.02857387810945511,0.013411235064268112,0.9902574419975281,0.0726410969486171,-2.261319926130123,-2.3692454731321533,-2.1276720657386723,4143,13.125256673511293,6.41854893908282,0.296045197740113,198273,9.024336099999346,0.9808923000000505,55294
pvdaq_10,S,main,"Golden, CO",Dfb,tcn,4,-1.0,2012-01-01 00:00:00,5549,1431,0.028846293687820435,0.014574326574802399,0.9900708198547363,0.07333363739981338,-2.3195801046311084,-2.4217768647409987,-2.180217020475966,4146,13.125256673511293,6.422655715263518,0.29631160718386845,198273,12.8450856999998,0.9826591000000917,55294
pvdaq_10,S,main,"Golden, CO",Dfb,patchtst,0,-1.0,2012-01-01 00:00:00,5549,1431,0.031568966805934906,0.017786776646971703,0.9881080389022827,0.0802552726491393,-2.0891514953839674,-2.279574101161959,-1.91144767059519,4149,13.125256673511293,6.421286789869952,0.29652289743236415,25857,32.969593599999826,2.8625425000000178,55294
pvdaq_10,S,main,"Golden, CO",Dfb,patchtst,1,-1.0,2012-01-01 00:00:00,5549,1431,0.03125834837555885,0.017511731013655663,0.9883408546447754,0.07946561212673693,-2.2517027022939007,-2.3823052689445845,-2.0905491573252055,4147,13.125256673511293,6.424024640657084,0.2964402186394745,25857,34.825732100000096,2.3231345000003785,55294
pvdaq_10,S,main,"Golden, CO",Dfb,patchtst,2,-1.0,2012-01-01 00:00:00,5549,1431,0.03141612187027931,0.017627334222197533,0.9882228970527649,0.07986670712973264,-2.1169337761524716,-2.3068379537502586,-1.985912775390175,4148,13.125256673511293,6.422655715263518,0.29651371089982087,25857,22.939801200000147,2.0590517999999065,55294
pvdaq_10,S,main,"Golden, CO",Dfb,patchtst,3,-1.0,2012-01-01 00:00:00,5549,1431,0.031438931822776794,0.017414746806025505,0.9882057905197144,0.07992469505718218,-2.1553948544003028,-2.290133485186553,-2.0113485293345423,4148,13.125256673511293,6.422655715263518,0.29638509944421476,25857,33.4400083999999,2.305539800000588,55294
pvdaq_10,S,main,"Golden, CO",Dfb,patchtst,4,-1.0,2012-01-01 00:00:00,5549,1431,0.0304135549813509,0.016200130805373192,0.9889625906944275,0.07731796109333013,-2.1944063001440863,-2.3271353459016075,-2.063860435859044,4146,13.125256673511293,6.422655715263518,0.29631160718386845,25857,52.302629900000284,2.389800699999796,55294
pvdaq_10,S,main,"Golden, CO",Dfb,informer,0,-1.0,2012-01-01 00:00:00,5549,1431,0.031111635267734528,0.01640590839087963,0.9884500503540039,0.07909263506537076,-2.164950866394691,-2.303698651822459,-1.988838120461156,4147,13.125256673511293,6.421286789869952,0.2964953378347343,81537,24.05581390000043,1.0710138000004008,55294
pvdaq_10,S,main,"Golden, CO",Dfb,informer,1,-1.0,2012-01-01 00:00:00,5549,1431,0.03240298107266426,0.01833048090338707,0.987471342086792,0.08237552076435646,-2.283460971420343,-2.4231951762197608,-2.14392521010343,4148,13.125256673511293,6.422655715263518,0.29666069542051354,81537,13.661049299999831,0.5614992000000711,55294
pvdaq_10,S,main,"Golden, CO",Dfb,informer,2,-1.0,2012-01-01 00:00:00,5549,1431,0.0311240553855896,0.015629807487130165,0.9884408712387085,0.07912420974283552,-2.193151025381514,-2.3636429662241154,-2.0725702241144672,4147,13.125256673511293,6.421286789869952,0.29652289743236415,81537,31.06107179999981,0.5609441000005972,55294
pvdaq_10,S,main,"Golden, CO",Dfb,informer,3,-1.0,2012-01-01 00:00:00,5549,1431,0.031048186123371124,0.015554815530776978,0.9884971380233765,0.07893133335373913,-2.1594472068602766,-2.331379477811435,-1.9890761140667568,4147,13.125256673511293,6.421286789869952,0.296329980248955,81537,35.55714320000061,0.6337893999998414,55294
pvdaq_10,S,main,"Golden, CO",Dfb,informer,4,-1.0,2012-01-01 00:00:00,5549,1431,0.031168458983302116,0.01637624017894268,0.9884078502655029,0.07923709347650117,-2.187894974259434,-2.312392000781982,-2.0351485239725644,4148,13.125256673511293,6.421286789869952,0.2964402186394745,81537,25.148060600000463,1.1182705999999598,55294
pvdaq_10,S,main,"Golden, CO",Dfb,lstm,0,-2.0,2012-01-01 00:00:00,5549,1431,0.030796824023127556,0.017354460433125496,0.9884500503540039,0.07909198001288899,-3.167253198522768,-3.315642970993241,-3.0283235012830696,4147,13.125256673511293,6.424024640657084,0.29675256074594647,13729,118.4968801999994,0.19584500000019034,55294
pvdaq_10,S,main,"Golden, CO",Dfb,lstm,1,-2.0,2012-01-01 00:00:00,5549,1431,0.02929236739873886,0.015653332695364952,0.9895509481430054,0.07522825519577633,-3.0406930823907774,-3.151232190989184,-2.9419050908451507,4146,13.125256673511293,6.422655715263518,0.2965780166276239,13729,167.74499389999983,0.14606089999961114,55294
pvdaq_10,S,main,"Golden, CO",Dfb,lstm,2,-2.0,2012-01-01 00:00:00,5549,1431,0.030606556683778763,0.017240678891539574,0.9885923266410828,0.07860333804806888,-3.0933125801682695,-3.195833642184917,-2.985061454967597,4147,13.125256673511293,6.424024640657084,0.29676174727848975,13729,112.04195879999952,0.222903399999268,55294
pvdaq_10,S,main,"Golden, CO",Dfb,lstm,3,-2.0,2012-01-01 00:00:00,5549,1431,0.03171061351895332,0.019152101129293442,0.9877544641494751,0.08143876163184957,-3.155160908740662,-3.299582607140872,-3.0105689757109397,4147,13.125256673511293,6.424024640657084,0.29675256074594647,13729,68.99007570000049,0.2084978000002593,55294
pvdaq_10,S,main,"Golden, CO",Dfb,lstm,4,-2.0,2012-01-01 00:00:00,5549,1431,0.02973182499408722,0.015652792528271675,0.9892350435256958,0.07635686414979388,-3.1020843286914395,-3.2204881979202318,-3.007388885906337,4147,13.125256673511293,6.424024640657084,0.29666069542051354,13729,59.37267199999951,0.1647224999996979,55294
pvdaq_10,S,main,"Golden, CO",Dfb,gru,0,-2.0,2012-01-01 00:00:00,5549,1431,0.02973496913909912,0.016660640016198158,0.9892327785491943,0.07636493889978278,-3.1099902067050156,-3.2314067512442293,-3.0068148921428617,4147,13.125256673511293,6.424024640657084,0.29669744155068667,151809,73.46190489999935,0.2613323000005039,55294
pvdaq_10,S,main,"Golden, CO",Dfb,gru,1,-2.0,2012-01-01 00:00:00,5549,1431,0.02915043756365776,0.015588385984301567,0.9896519780158997,0.07486375294479626,-3.1103391485006657,-3.2112430214125576,-3.0022616123001105,4147,13.125256673511293,6.424024640657084,0.2966698819530568,151809,70.88044560000162,0.265805699998964,55294
pvdaq_10,S,main,"Golden, CO",Dfb,gru,2,-2.0,2012-01-01 00:00:00,5549,1431,0.03143119439482689,0.019202977418899536,0.9879693388938904,0.08072116127916286,-3.2064353787222832,-3.409670586626256,-3.017497364397259,4146,13.125256673511293,6.422655715263518,0.2967158146157733,151809,30.286676399999124,0.26921799999945506,55294
pvdaq_10,S,main,"Golden, CO",Dfb,gru,3,-2.0,2012-01-01 00:00:00,5549,1431,0.030685726553201675,0.017419734969735146,0.9885332584381104,0.07880666101816856,-3.1101544779890133,-3.194626430490851,-2.981231157395914,4147,13.125256673511293,6.424024640657084,0.29672500114831657,151809,53.639437499999985,0.26729880000129924,55294
pvdaq_10,S,main,"Golden, CO",Dfb,gru,4,-2.0,2012-01-01 00:00:00,5549,1431,0.028816983103752136,0.01517721451818943,0.9898873567581177,0.07400737978572446,-3.1110175012258767,-3.2327557033730967,-3.022061844019497,4146,13.125256673511293,6.422655715263518,0.29672500114831657,151809,49.76538129999972,0.22649149999961082,55294
pvdaq_10,S,main,"Golden, CO",Dfb,tcn,0,-2.0,2012-01-01 00:00:00,5549,1431,0.029683992266654968,0.015722928568720818,0.9892696738243103,0.07623402079688216,-3.130564296049787,-3.249141413843768,-3.0082317969791195,4146,13.125256673511293,6.422655715263518,0.29642184557438794,198273,4.445176500001253,0.3877429000003758,55294
pvdaq_10,S,main,"Golden, CO",Dfb,tcn,1,-2.0,2012-01-01 00:00:00,5549,1431,0.0289141982793808,0.015191132202744484,0.9898189902305603,0.07425704646310644,-3.136978364916365,-3.2379081178972813,-3.031861079433018,4145,13.125256673511293,6.421286789869952,0.2964585917045611,198273,3.2667256999993697,0.36788110000088636,55294
pvdaq_10,S,main,"Golden, CO",Dfb,tcn,2,-2.0,2012-01-01 00:00:00,5549,1431,0.029207687824964523,0.015772204846143723,0.9896112680435181,0.07501078227871741,-3.1477158603491358,-3.2709201730339865,-3.0495050547788116,4146,13.125256673511293,6.422655715263518,0.2965872031601672,198273,4.764870299999529,0.30998189999991155,55294
pvdaq_10,S,main,"Golden, CO",Dfb,tcn,3,-2.0,2012-01-01 00:00:00,5549,1431,0.028544461354613304,0.013515355996787548,0.9900777339935303,0.07330749317664491,-3.1439557443845523,-3.2438944706187245,-3.0160319766198262,4143,13.125256673511293,6.41854893908282,0.29613706306554594,198273,4.223953200000324,0.32132409999940137,55294
pvdaq_10,S,main,"Golden, CO",Dfb,tcn,4,-2.0,2012-01-01 00:00:00,5549,1431,0.029439661651849747,0.014928524382412434,0.9894455671310425,0.07560653427138202,-3.0766367096763556,-3.197880197295693,-2.977908406848103,4146,13.125256673511293,6.422655715263518,0.2965412704974507,198273,4.062112599998727,0.33014450000155193,55294
pvdaq_10,S,main,"Golden, CO",Dfb,patchtst,0,-2.0,2012-01-01 00:00:00,5549,1431,0.031641170382499695,0.01803063228726387,0.9878080487251282,0.08126041872362312,-2.974691876468305,-3.144875413157447,-2.8008672160218477,4148,13.125256673511293,6.422655715263518,0.2966147627577971,25857,10.214021599998887,0.9453878000003897,55294
pvdaq_10,S,main,"Golden, CO",Dfb,patchtst,1,-2.0,2012-01-01 00:00:00,5549,1431,0.03127726912498474,0.017757736146450043,0.9880868792533875,0.08032585251756162,-3.1088116896334284,-3.2201288720007604,-2.9780194059296456,4148,13.125256673511293,6.422655715263518,0.2965780166276239,25857,13.121979899999133,0.9573964999999589,55294
pvdaq_10,S,main,"Golden, CO",Dfb,patchtst,2,-2.0,2012-01-01 00:00:00,5549,1431,0.031484588980674744,0.017839347943663597,0.9879283905029297,0.08085828852038435,-3.009913738048237,-3.1567282902906455,-2.872801337637619,4148,13.125256673511293,6.422655715263518,0.2966423223554269,25857,9.49288130000059,0.9681413999987853,55294
pvdaq_10,S,main,"Golden, CO",Dfb,patchtst,3,-2.0,2012-01-01 00:00:00,5549,1431,0.03140566125512123,0.01754065789282322,0.9879888892173767,0.08065558742084067,-3.0331682484271925,-3.166336291226668,-2.8700650842522935,4147,13.125256673511293,6.424024640657084,0.2964953378347343,25857,14.028180999999677,0.956861000000572,55294
pvdaq_10,S,main,"Golden, CO",Dfb,patchtst,4,-2.0,2012-01-01 00:00:00,5549,1431,0.031048821285367012,0.017790650948882103,0.9882602691650391,0.07973915591691656,-3.083730543240838,-3.237349688257467,-2.9380397280029804,4148,13.125256673511293,6.422655715263518,0.29653208396490743,25857,14.189398699998492,0.9791007999992871,55294
pvdaq_10,S,main,"Golden, CO",Dfb,informer,0,-2.0,2012-01-01 00:00:00,5549,1431,0.03153637424111366,0.01717725582420826,0.9878886938095093,0.08099128271421814,-3.015911413145772,-3.1615105460921376,-2.8642485650388014,4146,13.125256673511293,6.422655715263518,0.29663313582288364,81537,12.702530200000183,0.4518366000011156,55294
pvdaq_10,S,main,"Golden, CO",Dfb,informer,1,-2.0,2012-01-01 00:00:00,5549,1431,0.032518453896045685,0.01835426315665245,0.9871225953102112,0.0835134461808346,-3.1586794856002576,-3.2679815444933014,-3.007694513076225,4147,13.125256673511293,6.424024640657084,0.29676174727848975,81537,6.844530599999416,0.43540459999894665,55294
pvdaq_10,S,main,"Golden, CO",Dfb,informer,2,-2.0,2012-01-01 00:00:00,5549,1431,0.030996348708868027,0.016270656138658524,0.9882999062538147,0.07960439656742761,-3.076984490018786,-3.2151528622609122,-2.940582438016325,4146,13.125256673511293,6.422655715263518,0.29642184557438794,81537,15.356971499999418,0.44930380000005243,55294
pvdaq_10,S,main,"Golden, CO",Dfb,informer,3,-2.0,2012-01-01 00:00:00,5549,1431,0.033867835998535156,0.019987309351563454,0.986031711101532,0.08697891074301477,-3.0750580595581636,-3.2116123164688246,-2.9235095981208548,4147,13.125256673511293,6.424024640657084,0.29675256074594647,81537,5.208082999999533,0.4521998000000167,55294
pvdaq_10,S,main,"Golden, CO",Dfb,informer,4,-2.0,2012-01-01 00:00:00,5549,1431,0.03163260221481323,0.01725403219461441,0.9878146648406982,0.08123841407317943,-3.0626646627403025,-3.184154297511549,-2.918440725454329,4147,13.125256673511293,6.422655715263518,0.2966055762252538,81537,11.93768110000019,0.45231039999998757,55294
pvdaq_33,S,main,"Golden, CO",Dfb,lstm,0,0.0,2012-11-01 00:00:00,6427,1494,0.039082396775484085,0.0193804781883955,0.9805302619934082,0.10376594860648944,-0.5291542524962556,-0.6525772957087672,-0.3764640173884322,4050,12.301163586584531,5.927104722792608,0.2885571175290892,13729,105.65977489999932,0.06836209999892162,55178
pvdaq_33,S,main,"Golden, CO",Dfb,lstm,1,0.0,2012-11-01 00:00:00,6427,1494,0.04045744240283966,0.021300511434674263,0.9791361689567566,0.10741677162840964,-0.4252227627044469,-0.5758688019360525,-0.29221786022994856,4050,12.301163586584531,5.927104722792608,0.28896402724357423,13729,123.62727040000027,0.093337899999824,55178
pvdaq_33,S,main,"Golden, CO",Dfb,lstm,2,0.0,2012-11-01 00:00:00,6427,1494,0.03860844671726227,0.02004188299179077,0.9809995889663696,0.10250758470250447,-0.4986720010109913,-0.6309742791060938,-0.35272521459474554,4050,12.301163586584531,5.927104722792608,0.2890318455293217,13729,101.60001539999939,0.09700129999873752,55178
pvdaq_33,S,main,"Golden, CO",Dfb,lstm,3,0.0,2012-11-01 00:00:00,6427,1494,0.041604507714509964,0.022659266367554665,0.9779362678527832,0.11046229416539312,-0.42620068347172707,-0.5992838969874305,-0.27114818961718745,4050,12.301163586584531,5.927104722792608,0.29036883459120105,13729,76.1413704000006,0.06126849999964179,55178
pvdaq_33,S,main,"Golden, CO",Dfb,lstm,4,0.0,2012-11-01 00:00:00,6427,1494,0.0441463403403759,0.020403755828738213,0.9751579761505127,0.11721100190553238,-0.45213229648816133,-0.5867615320528297,-0.33197782150884425,4049,12.301163586584531,5.927104722792608,0.28964221010104924,13729,109.76524479999898,0.10941269999966607,55178
pvdaq_33,S,main,"Golden, CO",Dfb,gru,0,0.0,2012-11-01 00:00:00,6427,1494,0.039989203214645386,0.01976645179092884,0.9796162843704224,0.10617357040365287,-0.44218519729622985,-0.5440851456787182,-0.3453880025520828,4050,12.301163586584531,5.927104722792608,0.2895356385091603,151809,129.37428100000034,0.28929819999939355,55178
pvdaq_33,S,main,"Golden, CO",Dfb,gru,1,0.0,2012-11-01 00:00:00,6427,1494,0.04193531349301338,0.020039621740579605,0.9775840044021606,0.11134060200326984,-0.42323376445900784,-0.5137513879767353,-0.348309254915595,4050,12.301163586584531,5.927104722792608,0.29007818479514036,151809,135.99800049999976,0.3758728000011615,55178
pvdaq_33,S,main,"Golden, CO",Dfb,gru,2,0.0,2012-11-01 00:00:00,6427,1494,0.04363774508237839,0.022556360810995102,0.9757270812988281,0.11586065305906708,-0.43660917076430344,-0.5703324160572065,-0.3256257332364454,4050,12.301163586584531,5.927104722792608,0.28980691165215033,151809,120.64437929999985,0.3673197000007349,55178
pvdaq_33,S,main,"Golden, CO",Dfb,gru,3,0.0,2012-11-01 00:00:00,6427,1494,0.03831212595105171,0.022314682602882385,0.9812901616096497,0.1017208365003848,-0.48029929446840036,-0.6082520235928257,-0.3465756406552556,4050,12.301163586584531,5.927104722792608,0.28949688520301886,151809,152.9631268000012,0.2597248000001855,55178
pvdaq_33,S,main,"Golden, CO",Dfb,gru,4,0.0,2012-11-01 00:00:00,6427,1494,0.04043103754520416,0.02029186114668846,0.9791633486747742,0.10734666525504398,-0.45840535147773087,-0.5572509290461269,-0.3651912620525999,4050,12.301163586584531,5.927104722792608,0.28971002838679677,151809,147.99198740000065,0.307097299999441,55178
pvdaq_33,S,main,"Golden, CO",Dfb,tcn,0,0.0,2012-11-01 00:00:00,6427,1494,0.043134141713380814,0.023088105022907257,0.9762840867042542,0.11452355795700216,-0.43747380483432013,-0.5457473401905499,-0.3139395917445831,4050,12.301163586584531,5.927104722792608,0.2902235096931707,198273,6.177810400000453,0.4923137999994651,55178
pvdaq_33,S,main,"Golden, CO",Dfb,tcn,1,0.0,2012-11-01 00:00:00,6427,1494,0.04305236414074898,0.021207120269536972,0.9763739109039307,0.11430643392933246,-0.42762316177781257,-0.5825568014570148,-0.29398688113361215,4050,12.301163586584531,5.927104722792608,0.2903591462646657,198273,9.975619700000607,0.42650070000127016,55178
pvdaq_33,S,main,"Golden, CO",Dfb,tcn,2,0.0,2012-11-01 00:00:00,6427,1494,0.042190536856651306,0.02076219767332077,0.9773103594779968,0.11201823430372898,-0.47566277259075695,-0.5915678173137096,-0.36103878377038107,4050,12.301163586584531,5.927104722792608,0.29025257467277676,198273,11.11776699999973,0.3950089999998454,55178
pvdaq_33,S,main,"Golden, CO",Dfb,tcn,3,0.0,2012-11-01 00:00:00,6427,1494,0.04346253722906113,0.022574441507458687,0.9759215712547302,0.11539546641232137,-0.41420680964943113,-0.5057928620132435,-0.2720559033758896,4050,12.301163586584531,5.927104722792608,0.29033976961159497,198273,10.766610199998468,0.40183149999938905,55178
pvdaq_33,S,main,"Golden, CO",Dfb,tcn,4,0.0,2012-11-01 00:00:00,6427,1494,0.04708797484636307,0.025359272956848145,0.9717370271682739,0.12502120599104063,-0.5085999311258638,-0.6312255948544121,-0.3527902643934433,4050,12.301163586584531,5.927104722792608,0.2906304194076557,198273,4.765188299999863,0.3984307999999146,55178
pvdaq_33,S,main,"Golden, CO",Dfb,patchtst,0,0.0,2012-11-01 00:00:00,6427,1494,0.052890993654727936,0.02978573366999626,0.9643416404724121,0.14042854538453978,-0.4616392772519684,-0.6620271545530687,-0.32142242405101923,4048,12.301163586584531,5.929842573579739,0.2903785229177364,25857,23.89722470000015,1.4961103000005096,55178
pvdaq_33,S,main,"Golden, CO",Dfb,patchtst,1,0.0,2012-11-01 00:00:00,6427,1494,0.05613694339990616,0.03310825303196907,0.9598305821418762,0.1490467234449164,-0.4787807691545076,-0.7183373499973,-0.247339220249565,4049,12.301163586584531,5.927104722792608,0.2906885493668679,25857,13.87302119999913,1.4981858000010106,55178
pvdaq_33,S,main,"Golden, CO",Dfb,patchtst,2,0.0,2012-11-01 00:00:00,6427,1494,0.05154115706682205,0.028872333467006683,0.966138482093811,0.13684465377184157,-0.5615003779851615,-0.7316159168113623,-0.3892482444070656,4047,12.301163586584531,5.931211498973306,0.2905432244688375,25857,40.205701200000476,1.29801629999929,55178
pvdaq_33,S,main,"Golden, CO",Dfb,patchtst,3,0.0,2012-11-01 00:00:00,6427,1494,0.05320810154080391,0.030471306294202805,0.9639127850532532,0.14127048455214766,-0.4934391708348196,-0.6807928288337872,-0.3325055813515695,4049,12.301163586584531,5.9284736481861735,0.2904075878973425,25857,19.252618700000312,1.1620700000003126,55178
pvdaq_33,S,main,"Golden, CO",Dfb,patchtst,4,0.0,2012-11-01 00:00:00,6427,1494,0.053132738918066025,0.030195217579603195,0.9640149474143982,0.14107039257511786,-0.5376091420882754,-0.6824664837898675,-0.34160202629880315,4049,12.301163586584531,5.9284736481861735,0.2904075878973425,25857,22.848111899998912,1.1272391999991669,55178
pvdaq_33,S,main,"Golden, CO",Dfb,informer,0,0.0,2012-11-01 00:00:00,6427,1494,0.05107531324028969,0.029899846762418747,0.9667478203773499,0.1356078123662262,-0.5426271978333341,-0.7336130916921868,-0.34866597795220056,4050,12.301163586584531,5.927104722792608,0.29075636765261537,81537,13.390780800000357,0.6395890000003419,55178
pvdaq_33,S,main,"Golden, CO",Dfb,informer,1,0.0,2012-11-01 00:00:00,6427,1494,0.043673597276210785,0.023150458931922913,0.9756871461868286,0.11595584263825318,-0.4777529763045796,-0.5959353256929538,-0.33742891098853534,4050,12.301163586584531,5.927104722792608,0.28994254822364535,81537,48.50276710000071,0.7042775999998412,55178
pvdaq_33,S,main,"Golden, CO",Dfb,informer,2,0.0,2012-11-01 00:00:00,6427,1494,0.04989011213183403,0.028326302766799927,0.9682731628417969,0.13246103715653615,-0.4707578481322107,-0.5996046846174141,-0.3180108109019364,4050,12.301163586584531,5.927104722792608,0.2906594843872618,81537,22.945811100000356,0.5795559999987745,55178
pvdaq_33,S,main,"Golden, CO",Dfb,informer,3,0.0,2012-11-01 00:00:00,6427,1494,0.04774190112948418,0.026533927768468857,0.9709466099739075,0.1267574168349299,-0.347076924457268,-0.5162900166363116,-0.2069600743036304,4050,12.301163586584531,5.927104722792608,0.2907176143464739,81537,30.89941749999889,0.5077240000009624,55178
pvdaq_33,S,main,"Golden, CO",Dfb,informer,4,0.0,2012-11-01 00:00:00,6427,1494,0.04413387179374695,0.02528247982263565,0.9751719832420349,0.11717789721709349,-0.4353711977835295,-0.608152973562015,-0.3141435885170114,4050,12.301163586584531,5.927104722792608,0.28781111638586665,81537,62.74959140000101,0.7658558000002813,55178
pvdaq_33,S,main,"Golden, CO",Dfb,lstm,0,-0.25,2012-11-01 00:00:00,6427,1494,0.040571652352809906,0.021712621673941612,0.978912889957428,0.10799914845160434,-0.7584634693949099,-0.9134430943111727,-0.6421822449511949,4050,12.301163586584531,5.927104722792608,0.2902913279789182,13729,173.5036033999986,0.19997309999962454,55178
pvdaq_33,S,main,"Golden, CO",Dfb,lstm,1,-0.25,2012-11-01 00:00:00,6427,1494,0.039761438965797424,0.021101364865899086,0.9797466993331909,0.105842412139745,-0.6404003246799692,-0.8186635959511677,-0.5293670031568887,4050,12.301163586584531,5.927104722792608,0.28913841712121063,13729,186.21015940000143,0.175535200000013,55178
pvdaq_33,S,main,"Golden, CO",Dfb,lstm,2,-0.25,2012-11-01 00:00:00,6427,1494,0.038227081298828125,0.0203685462474823,0.9812796711921692,0.10175804998432006,-0.7397914325994348,-0.8763941050718982,-0.6171724851218263,4050,12.301163586584531,5.927104722792608,0.2892546770396349,13729,178.82637020000038,0.18497169999864127,55178
pvdaq_33,S,main,"Golden, CO",Dfb,lstm,3,-0.25,2012-11-01 00:00:00,6427,1494,0.04148877039551735,0.02038605697453022,0.977948784828186,0.11044045813208488,-0.7095604775026938,-0.8304509693476625,-0.5695401392482258,4050,12.301163586584531,5.927104722792608,0.2906788610403325,13729,142.19643309999992,0.19856919999801903,55178
pvdaq_33,S,main,"Golden, CO",Dfb,lstm,4,-0.25,2012-11-01 00:00:00,6427,1494,0.04410017281770706,0.0205109603703022,0.9750854969024658,0.11739184466691042,-0.6772824633108798,-0.8069913623448,-0.5627769673266466,4049,12.301163586584531,5.927104722792608,0.2899909898563221,13729,182.02735670000038,0.11206870000023628,55178
pvdaq_33,S,main,"Golden, CO",Dfb,gru,0,-0.25,2012-11-01 00:00:00,6427,1494,0.04022339731454849,0.020109808072447777,0.9792733192443848,0.1070721157725025,-0.6736155324570059,-0.7695478356394392,-0.5799334854550309,4050,12.301163586584531,5.927104722792608,0.28991348324403926,151809,181.63882300000114,0.37254290000055335,55178
pvdaq_33,S,main,"Golden, CO",Dfb,gru,1,-0.25,2012-11-01 00:00:00,6427,1494,0.04192625358700752,0.02005809359252453,0.9774812459945679,0.11160501045871835,-0.6674780185761953,-0.750279943766452,-0.5860557460652172,4050,12.301163586584531,5.927104722792608,0.29041727622387786,151809,150.95595989999856,0.2546541999981855,55178
pvdaq_33,S,main,"Golden, CO",Dfb,gru,2,-0.25,2012-11-01 00:00:00,6427,1494,0.04357921704649925,0.022632693871855736,0.9756706357002258,0.11600509366199367,-0.6795446011765849,-0.7971989156866255,-0.5656348452157233,4050,12.301163586584531,5.927104722792608,0.2901750680604939,151809,129.25826790000065,0.37217299999974784,55178
pvdaq_33,S,main,"Golden, CO",Dfb,gru,3,-0.25,2012-11-01 00:00:00,6427,1494,0.038455378264188766,0.02240302972495556,0.9810553789138794,0.10236576193153453,-0.7241834990730167,-0.8387419893629011,-0.6001609613654479,4050,12.301163586584531,5.927104722792608,0.2898359766317564,151809,185.30853090000164,0.26254379999954836,55178
pvdaq_33,S,main,"Golden, CO",Dfb,gru,4,-0.25,2012-11-01 00:00:00,6427,1494,0.0407121367752552,0.019475404173135757,0.9787666201591492,0.10837310901556832,-0.638734115098738,-0.7307274616209392,-0.5124915466705469,4050,12.301163586584531,5.927104722792608,0.2900491198155343,151809,164.9193182,0.23093619999997372,55178
pvdaq_33,S,main,"Golden, CO",Dfb,tcn,0,-0.25,2012-11-01 00:00:00,6427,1494,0.043546922504901886,0.02382582798600197,0.9757066965103149,0.11591912765395879,-0.6839134045222919,-0.8093904810462793,-0.5669966899839896,4050,12.301163586584531,5.927104722792608,0.29050447116269607,198273,10.683810600000015,0.39538949999996476,55178
pvdaq_33,S,main,"Golden, CO",Dfb,tcn,1,-0.25,2012-11-01 00:00:00,6427,1494,0.04034978523850441,0.019685039296746254,0.9791429042816162,0.10740855235741423,-0.7080635459662428,-0.7989815989225588,-0.5799427619430308,4050,12.301163586584531,5.927104722792608,0.2902235096931707,198273,20.58675820000002,0.3451097999999888,55178
pvdaq_33,S,main,"Golden, CO",Dfb,tcn,2,-0.25,2012-11-01 00:00:00,6427,1494,0.04176194593310356,0.021179229021072388,0.9776574373245239,0.11116763397349665,-0.705074231759073,-0.8303735091224285,-0.5977730938339088,4050,12.301163586584531,5.927104722792608,0.2906788610403325,198273,14.936938300000008,0.3341952999999762,55178
pvdaq_33,S,main,"Golden, CO",Dfb,tcn,3,-0.25,2012-11-01 00:00:00,6427,1494,0.03978569433093071,0.020408928394317627,0.9797219634056091,0.10590697837325697,-0.6590092209114551,-0.7661819549871722,-0.5638567191767125,4050,12.301163586584531,5.927104722792608,0.2904657178565546,198273,15.482407599999988,0.3390321999999628,55178
pvdaq_33,S,main,"Golden, CO",Dfb,tcn,4,-0.25,2012-11-01 00:00:00,6427,1494,0.04282379150390625,0.02296578697860241,0.9765068292617798,0.11399419909429967,-0.6468208936426412,-0.7968521705406517,-0.5223290859827534,4050,12.301163586584531,5.927104722792608,0.2901266264278171,198273,19.091775799999994,0.3153767000000016,55178
pvdaq_33,S,main,"Golden, CO",Dfb,patchtst,0,-0.25,2012-11-01 00:00:00,6427,1494,0.05278921127319336,0.029692063108086586,0.9643005132675171,0.14052151032349716,-0.6849170769837875,-0.8758223812934895,-0.5413614451646231,4048,12.301163586584531,5.929842573579739,0.29066917271379716,25857,20.627788599999974,0.9983290000000125,55178
pvdaq_33,S,main,"Golden, CO",Dfb,patchtst,1,-0.25,2012-11-01 00:00:00,6427,1494,0.056028470396995544,0.03310263156890869,0.9597848653793335,0.14914421131537572,-0.6946181534272067,-0.9538098912792122,-0.4664650272965143,4049,12.301163586584531,5.927104722792608,0.2909791991629286,25857,10.838008000000002,0.9897889000000077,55178
pvdaq_33,S,main,"Golden, CO",Dfb,patchtst,2,-0.25,2012-11-01 00:00:00,6427,1494,0.051585763692855835,0.028960855677723885,0.9659096598625183,0.13731800969324504,-0.7970096104297164,-0.9542795105113189,-0.6178403599555262,4047,12.301163586584531,5.931211498973306,0.29085325091796893,25857,40.13880560000001,0.6626082000000224,55178
pvdaq_33,S,main,"Golden, CO",Dfb,patchtst,3,-0.25,2012-11-01 00:00:00,6427,1494,0.053177446126937866,0.030434509739279747,0.9637734889984131,0.14155496671908652,-0.7592340946065667,-0.9317092892722706,-0.5990472057721297,4049,12.301163586584531,5.9284736481861735,0.2907176143464739,25857,16.036882600000013,0.6501698000000715,55178
pvdaq_33,S,main,"Golden, CO",Dfb,patchtst,4,-0.25,2012-11-01 00:00:00,6427,1494,0.05303915962576866,0.03020562045276165,0.963961660861969,0.14118685688124327,-0.7398375836514981,-0.9146345521975804,-0.5776622913319818,4049,12.301163586584531,5.9284736481861735,0.29075636765261537,25857,20.693437500000073,0.6410352999999986,55178
pvdaq_33,S,main,"Golden, CO",Dfb,informer,0,-0.25,2012-11-01 00:00:00,6427,1494,0.04549024626612663,0.023969560861587524,0.9734900593757629,0.12109213144372201,-0.7979334670453333,-0.9384705765981161,-0.6298362612831007,4049,12.301163586584531,5.925735797399041,0.2898553532848271,81537,50.1691161,0.3003234999999904,55178
pvdaq_33,S,main,"Golden, CO",Dfb,informer,1,-0.25,2012-11-01 00:00:00,6427,1494,0.047944631427526474,0.02729625813663006,0.9705522656440735,0.12762554805437376,-0.6676226309217936,-0.7889751023253805,-0.5658976120531678,4050,12.301163586584531,5.927104722792608,0.29112452406095896,81537,16.99761860000001,0.34961599999996906,55178
pvdaq_33,S,main,"Golden, CO",Dfb,informer,2,-0.25,2012-11-01 00:00:00,6427,1494,0.04529235139489174,0.024337299168109894,0.9737202525138855,0.12056534793018762,-0.6243200722175879,-0.7671039374615773,-0.4822038693400921,4050,12.301163586584531,5.927104722792608,0.29033976961159497,81537,26.681116100000054,0.4810073999999531,55178
pvdaq_33,S,main,"Golden, CO",Dfb,informer,3,-0.25,2012-11-01 00:00:00,6427,1494,0.04806356877088547,0.027024077251553535,0.9704059958457947,0.12794215166938472,-0.6013288685892126,-0.8251573637583554,-0.42535107044261644,4050,12.301163586584531,5.927104722792608,0.29100826414253467,81537,19.32110810000006,0.4621177000000216,55178
pvdaq_33,S,main,"Golden, CO",Dfb,informer,4,-0.25,2012-11-01 00:00:00,6427,1494,0.04490208625793457,0.0243549607694149,0.9741711616516113,0.11952648705030029,-0.7610394067538939,-0.8993051297329968,-0.6028908739145855,4050,12.301163586584531,5.927104722792608,0.2901847563870293,81537,31.453529300000014,0.4418913000000657,55178
pvdaq_33,S,main,"Golden, CO",Dfb,lstm,0,-0.5,2012-11-01 00:00:00,6427,1494,0.04260804131627083,0.02192259021103382,0.9766261577606201,0.11371458112979918,-0.9969778838943543,-1.14032607682385,-0.8592009450433417,4050,12.301163586584531,5.927104722792608,0.29007818479514036,13729,81.12541410000006,0.10645950000002813,55178
pvdaq_33,S,main,"Golden, CO",Dfb,lstm,1,-0.5,2012-11-01 00:00:00,6427,1494,0.03974289819598198,0.02113397978246212,0.9796639680862427,0.10606793651212804,-0.8953789236380683,-1.0633559706170708,-0.772086453759735,4050,12.301163586584531,5.927104722792608,0.2891965470804228,13729,103.3018975,0.11167039999997996,55178
pvdaq_33,S,main,"Golden, CO",Dfb,lstm,2,-0.5,2012-11-01 00:00:00,6427,1494,0.03877829387784004,0.02040717750787735,0.9806391596794128,0.10349354978593937,-0.96464236649855,-1.1056855468720996,-0.8551863653225916,4050,12.301163586584531,5.927104722792608,0.28940969026420066,13729,118.89086969999994,0.12918609999996988,55178
pvdaq_33,S,main,"Golden, CO",Dfb,lstm,3,-0.5,2012-11-01 00:00:00,6427,1494,0.041520051658153534,0.02046714723110199,0.9778046011924744,0.11081089712029471,-0.9462369074122434,-1.0555600905046147,-0.8126352056373021,4050,12.301163586584531,5.927104722792608,0.2907757443056861,13729,91.6128455999999,0.1064800000001469,55178
pvdaq_33,S,main,"Golden, CO",Dfb,lstm,4,-0.5,2012-11-01 00:00:00,6427,1494,0.04406393691897392,0.02064025215804577,0.9750015139579773,0.11760015186986691,-0.908522722214336,-1.0331206746135302,-0.813973972068992,4049,12.301163586584531,5.927104722792608,0.29007818479514036,13729,115.78084489999992,0.10380260000010821,55178
pvdaq_33,S,main,"Golden, CO",Dfb,gru,0,-0.5,2012-11-01 00:00:00,6427,1494,0.04026556760072708,0.020277023315429688,0.9791255593299866,0.10746286410311434,-0.9171392423173441,-1.004227427452209,-0.8269527386095654,4050,12.301163586584531,5.927104722792608,0.29000067818285746,151809,113.41820710000002,0.1844873000000007,55178
pvdaq_33,S,main,"Golden, CO",Dfb,gru,1,-0.5,2012-11-01 00:00:00,6427,1494,0.0418541356921196,0.020097285509109497,0.9774460196495056,0.1117025181573335,-0.8988735431223915,-0.9855042060815111,-0.8352489067387947,4050,12.301163586584531,5.927104722792608,0.29047540618309,151809,107.70348939999985,0.1700246000000334,55178
pvdaq_33,S,main,"Golden, CO",Dfb,gru,2,-0.5,2012-11-01 00:00:00,6427,1494,0.043597739189863205,0.022714847698807716,0.9755277037620544,0.11635593885627211,-0.9277027147763683,-1.0343189626886407,-0.8153699734977038,4050,12.301163586584531,5.927104722792608,0.29031070463198894,151809,88.80189399999995,0.26028840000003584,55178
pvdaq_33,S,main,"Golden, CO",Dfb,gru,3,-0.5,2012-11-01 00:00:00,6427,1494,0.038550976663827896,0.02247077226638794,0.980865478515625,0.10288687365212908,-0.9550071751114997,-1.0505753830482865,-0.8381474078337298,4050,12.301163586584531,5.927104722792608,0.28996192487671607,151809,120.12692770000012,0.3189206000001832,55178
pvdaq_33,S,main,"Golden, CO",Dfb,gru,4,-0.5,2012-11-01 00:00:00,6427,1494,0.04051518812775612,0.019503768533468246,0.978865921497345,0.10812906449148252,-0.8825273812963138,-0.9777437744921569,-0.7545381173361232,4050,12.301163586584531,5.927104722792608,0.290068496468605,151809,107.43323769999984,0.18278429999986656,55178
pvdaq_33,S,main,"Golden, CO",Dfb,tcn,0,-0.5,2012-11-01 00:00:00,6427,1494,0.04350021108984947,0.024402694776654243,0.9756370782852173,0.11609565073462097,-0.8880013202049908,-1.0334618457536138,-0.7914363544138291,4049,12.301163586584531,5.925735797399041,0.2891674821008167,198273,9.091135400000212,0.3052001000000928,55178
pvdaq_33,S,main,"Golden, CO",Dfb,tcn,1,-0.5,2012-11-01 00:00:00,6427,1494,0.042848534882068634,0.021750908344984055,0.9763615727424622,0.11435642300410909,-0.9245766103284647,-1.0172803445540501,-0.7961029504244044,4050,12.301163586584531,5.927104722792608,0.28954532683569567,198273,14.32375879999995,0.38250719999996363,55178
pvdaq_33,S,main,"Golden, CO",Dfb,tcn,2,-0.5,2012-11-01 00:00:00,6427,1494,0.04504350945353508,0.02305939979851246,0.9738776683807373,0.12021448655911113,-0.9406047676916884,-1.057739204907206,-0.8099342421680311,4050,12.301163586584531,5.927104722792608,0.2909307575302518,198273,7.025706900000159,0.3944837000001371,55178
pvdaq_33,S,main,"Golden, CO",Dfb,tcn,3,-0.5,2012-11-01 00:00:00,6427,1494,0.04010261595249176,0.020141834393143654,0.9792941808700562,0.10702797017579331,-0.8240046481162864,-0.9560389993682361,-0.7361440073211156,4050,12.301163586584531,5.927104722792608,0.2908338742648982,198273,14.253668099999913,0.28779099999997015,55178
pvdaq_33,S,main,"Golden, CO",Dfb,tcn,4,-0.5,2012-11-01 00:00:00,6427,1494,0.042959414422512054,0.021282678470015526,0.9762390851974487,0.11465234415203976,-0.8758898075590539,-0.9704499364366377,-0.74390145563695,4050,12.301163586584531,5.927104722792608,0.2902622629993121,198273,14.683438099999876,0.30138480000005075,55178
pvdaq_33,S,main,"Golden, CO",Dfb,patchtst,0,-0.5,2012-11-01 00:00:00,6427,1494,0.052853021770715714,0.029928455129265785,0.9640344381332397,0.14105692367994352,-0.9354718009847884,-1.0710817205307088,-0.7917882658145187,4048,12.301163586584531,5.929842573579739,0.2907176143464739,25857,20.370242699999835,0.8021938000001683,55178
pvdaq_33,S,main,"Golden, CO",Dfb,patchtst,1,-0.5,2012-11-01 00:00:00,6427,1494,0.05300512537360191,0.029085606336593628,0.9638271331787109,0.14146286577341244,-1.006119421136145,-1.133248235315365,-0.8549947995633245,4050,12.301163586584531,5.927104722792608,0.29095982250985786,25857,19.604438399999935,0.848532299999988,55178
pvdaq_33,S,main,"Golden, CO",Dfb,patchtst,2,-0.5,2012-11-01 00:00:00,6427,1494,0.051573771983385086,0.02904541976749897,0.9657543897628784,0.13764279458053486,-1.031316761751938,-1.2129184699875069,-0.847293330202048,4047,12.301163586584531,5.931211498973306,0.290882315897575,25857,30.846836600000188,0.8669977000001836,55178
pvdaq_33,S,main,"Golden, CO",Dfb,patchtst,3,-0.5,2012-11-01 00:00:00,6427,1494,0.053085245192050934,0.030386094003915787,0.9637176990509033,0.14167669375784145,-0.9791587277657443,-1.1525206297117843,-0.8436068221918058,4049,12.301163586584531,5.9284736481861735,0.29074667932608,25857,16.694176999999854,0.851543399999855,55178
pvdaq_33,S,main,"Golden, CO",Dfb,patchtst,4,-0.5,2012-11-01 00:00:00,6427,1494,0.053011711686849594,0.03014323301613331,0.9638181328773499,0.14148044367253695,-0.9635176270317011,-1.146625846684124,-0.8190042539832021,4049,12.301163586584531,5.9284736481861735,0.29076605597915073,25857,21.81972380000002,0.8599334000000454,55178
pvdaq_33,S,main,"Golden, CO",Dfb,informer,0,-0.5,2012-11-01 00:00:00,6427,1494,0.04810398444533348,0.02690134197473526,0.9702073335647583,0.12838244314663166,-0.9570452928676088,-1.134629275615103,-0.8147629056852068,4050,12.301163586584531,5.927104722792608,0.2908048092852922,81537,26.27809030000003,0.40050540000015644,55178
pvdaq_33,S,main,"Golden, CO",Dfb,informer,1,-0.5,2012-11-01 00:00:00,6427,1494,0.04792473837733269,0.027367370203137398,0.9704289436340332,0.12790406181502864,-0.9153425391928703,-1.0384402863115265,-0.8157306503683809,4050,12.301163586584531,5.927104722792608,0.2911632773671004,81537,18.3658054,0.34926679999989574,55178
pvdaq_33,S,main,"Golden, CO",Dfb,informer,2,-0.5,2012-11-01 00:00:00,6427,1494,0.04494594782590866,0.024170540273189545,0.9739907383918762,0.11995410895720426,-0.8916966190856327,-1.0111683378105472,-0.7640363748008583,4050,12.301163586584531,5.927104722792608,0.2906304194076557,81537,26.89364640000008,0.5313771999999517,55178
pvdaq_33,S,main,"Golden, CO",Dfb,informer,3,-0.5,2012-11-01 00:00:00,6427,1494,0.047680582851171494,0.02664414420723915,0.9707295298576355,0.12725244670834351,-0.8356387137263955,-1.0167104171935115,-0.6564858879610114,4050,12.301163586584531,5.927104722792608,0.2910857707548175,81537,19.91717349999999,0.5718293999998423,55178
pvdaq_33,S,main,"Golden, CO",Dfb,informer,4,-0.5,2012-11-01 00:00:00,6427,1494,0.04535781219601631,0.024938542395830154,0.9735118746757507,0.12105331424527262,-1.0059149695876957,-1.1457699168180069,-0.8548880736102826,4050,12.301163586584531,5.927104722792608,0.2901750680604939,81537,32.713540400000056,0.3997122999999192,55178
pvdaq_33,S,main,"Golden, CO",Dfb,lstm,0,-1.0,2012-11-01 00:00:00,6427,1494,0.04161735251545906,0.021158859133720398,0.9774758219718933,0.11165076711766025,-1.4385145608286187,-1.5547839994075163,-1.2813367809904386,4050,12.301163586584531,5.927104722792608,0.2905529127953729,13729,111.43199069999991,0.12224179999975604,55178
pvdaq_33,S,main,"Golden, CO",Dfb,lstm,1,-1.0,2012-11-01 00:00:00,6427,1494,0.03987181931734085,0.02119522914290428,0.9793255925178528,0.10696786181927907,-1.3896054000843927,-1.5559142893762923,-1.285466595527729,4050,12.301163586584531,5.927104722792608,0.28943875524380674,13729,118.98886700000003,0.11419479999995019,55178
pvdaq_33,S,main,"Golden, CO",Dfb,lstm,2,-1.0,2012-11-01 00:00:00,6427,1494,0.0390566810965538,0.020918317139148712,0.9801623225212097,0.10478101421468933,-1.4687443708305103,-1.600946125384651,-1.3420200993795373,4050,12.301163586584531,5.927104722792608,0.2899037949175039,13729,116.05087090000006,0.10715810000010606,55178
pvdaq_33,S,main,"Golden, CO",Dfb,lstm,3,-1.0,2012-11-01 00:00:00,6427,1494,0.041503485292196274,0.02069958485662937,0.9775989055633545,0.11134528485945737,-1.400571236616055,-1.5143116644705774,-1.2854330895093802,4050,12.301163586584531,5.927104722792608,0.29092106920371646,13729,94.64397999999983,0.11064340000029915,55178
pvdaq_33,S,main,"Golden, CO",Dfb,lstm,4,-1.0,2012-11-01 00:00:00,6427,1494,0.04403162747621536,0.020955955609679222,0.9747866988182068,0.11812776853915317,-1.3856845909516136,-1.5040205115123606,-1.2854417000780383,4049,12.301163586584531,5.927104722792608,0.29025257467277676,13729,112.03269409999984,0.11969670000007682,55178
pvdaq_33,S,main,"Golden, CO",Dfb,gru,0,-1.0,2012-11-01 00:00:00,6427,1494,0.04042268171906471,0.02100212872028351,0.9787504076957703,0.10844571194696077,-1.3993151212446042,-1.5114350754645738,-1.3065546414894103,4050,12.301163586584531,5.927104722792608,0.2902913279789182,151809,113.0558876,0.18544770000016797,55178
pvdaq_33,S,main,"Golden, CO",Dfb,gru,1,-1.0,2012-11-01 00:00:00,6427,1494,0.04177858307957649,0.02023017778992653,0.9773009419441223,0.11208331544374221,-1.3816627598703057,-1.4682722049009111,-1.3059711062586299,4050,12.301163586584531,5.927104722792608,0.2906885493668679,151809,105.22335620000013,0.20053180000013526,55178
pvdaq_33,S,main,"Golden, CO",Dfb,gru,2,-1.0,2012-11-01 00:00:00,6427,1494,0.04368472844362259,0.023094994947314262,0.9751824140548706,0.11719711003349811,-1.4156605520156629,-1.5091849710722574,-1.2972824551572115,4050,12.301163586584531,5.927104722792608,0.29053353614230215,151809,86.83817240000008,0.2466538999997283,55178
pvdaq_33,S,main,"Golden, CO",Dfb,gru,3,-1.0,2012-11-01 00:00:00,6427,1494,0.03865544870495796,0.022584401071071625,0.9805678129196167,0.10370459052105123,-1.4188114129084495,-1.5544735713015512,-1.2980853263954706,4050,12.301163586584531,5.927104722792608,0.2901266264278171,151809,123.62304119999999,0.18145469999990382,55178
pvdaq_33,S,main,"Golden, CO",Dfb,gru,4,-1.0,2012-11-01 00:00:00,6427,1494,0.040406376123428345,0.01974625140428543,0.9787675142288208,0.1084019673992884,-1.343182587489311,-1.4482274484536761,-1.2457283459458401,4050,12.301163586584531,5.927104722792608,0.29031070463198894,151809,107.50496290000001,0.18114209999976083,55178
pvdaq_33,S,main,"Golden, CO",Dfb,tcn,0,-1.0,2012-11-01 00:00:00,6427,1494,0.04285551607608795,0.023261968046426773,0.9761156439781189,0.11497250439804105,-1.3981688442602336,-1.511941131408994,-1.2682135581037812,4049,12.301163586584531,5.925735797399041,0.2895840801418371,198273,8.944072700000106,0.2770544999998492,55178
pvdaq_33,S,main,"Golden, CO",Dfb,tcn,1,-1.0,2012-11-01 00:00:00,6427,1494,0.04552854225039482,0.02501503750681877,0.9730432033538818,0.1221436819201116,-1.456801986512568,-1.5739736169698038,-1.3194712844572187,4050,12.301163586584531,5.927104722792608,0.29100826414253467,198273,6.553826000000299,0.28213159999995696,55178
pvdaq_33,S,main,"Golden, CO",Dfb,tcn,2,-1.0,2012-11-01 00:00:00,6427,1494,0.04286722093820572,0.02216397412121296,0.9761025905609131,0.11500390612725891,-1.400792503878579,-1.5285615733826328,-1.2945912521008518,4050,12.301163586584531,5.927104722792608,0.29076605597915073,198273,11.80706999999984,0.28021499999977095,55178
pvdaq_33,S,main,"Golden, CO",Dfb,tcn,3,-1.0,2012-11-01 00:00:00,6427,1494,0.03976523131132126,0.02033049985766411,0.9794359803199768,0.10668190819853376,-1.3764389178091863,-1.4706107663735701,-1.2756242086649605,4050,12.301163586584531,5.927104722792608,0.2910567057752114,198273,13.815124599999763,0.28135759999986476,55178
pvdaq_33,S,main,"Golden, CO",Dfb,tcn,4,-1.0,2012-11-01 00:00:00,6427,1494,0.04237908124923706,0.021020499989390373,0.9766437411308289,0.11369432809214287,-1.3648348350756567,-1.4670655967584503,-1.2521226520011774,4050,12.301163586584531,5.927104722792608,0.2906788610403325,198273,14.859914200000276,0.30097120000027644,55178
pvdaq_33,S,main,"Golden, CO",Dfb,patchtst,0,-1.0,2012-11-01 00:00:00,6427,1494,0.052712079137563705,0.02979806624352932,0.9638655781745911,0.1414156287305794,-1.4149759703904974,-1.5444158606625373,-1.2735691198838661,4048,12.301163586584531,5.929842573579739,0.29087262757103965,25857,20.44116299999996,1.0683949999997822,55178
pvdaq_33,S,main,"Golden, CO",Dfb,patchtst,1,-1.0,2012-11-01 00:00:00,6427,1494,0.056134577840566635,0.033800795674324036,0.9590209722518921,0.15059748635853715,-1.440947792978828,-1.6411430754756764,-1.2680557205289364,4048,12.301163586584531,5.925735797399041,0.2910663941017468,25857,10.354455400000006,1.0712393999997403,55178
pvdaq_33,S,main,"Golden, CO",Dfb,patchtst,2,-1.0,2012-11-01 00:00:00,6427,1494,0.05151071399450302,0.029108479619026184,0.96549391746521,0.13819261400946473,-1.4769164218679576,-1.647161115026652,-1.3055208866270318,4046,12.301163586584531,5.929842573579739,0.2910663941017468,25857,32.558142699999735,1.0828906000001552,55178
pvdaq_33,S,main,"Golden, CO",Dfb,patchtst,3,-1.0,2012-11-01 00:00:00,6427,1494,0.051884185522794724,0.028831331059336662,0.9649917483329773,0.13919456103660646,-1.462875327390134,-1.5853210573841592,-1.3248221560456757,4048,12.301163586584531,5.929842573579739,0.2909307575302518,25857,29.431747799999812,0.8342588999998952,55178
pvdaq_33,S,main,"Golden, CO",Dfb,patchtst,4,-1.0,2012-11-01 00:00:00,6427,1494,0.05281975120306015,0.030098892748355865,0.9637178182601929,0.14170449065915489,-1.4573551636101987,-1.619304916618236,-1.3001612135127796,4049,12.301163586584531,5.9284736481861735,0.2909791991629286,25857,21.432935100000122,0.8389624999999796,55178
pvdaq_33,S,main,"Golden, CO",Dfb,informer,0,-1.0,2012-11-01 00:00:00,6427,1494,0.04776639863848686,0.026713505387306213,0.9703280925750732,0.12814738872334522,-1.4447760775902707,-1.580477805661995,-1.2780438245485235,4050,12.301163586584531,5.927104722792608,0.29095982250985786,81537,25.449488400000064,0.38943309999967823,55178
pvdaq_33,S,main,"Golden, CO",Dfb,informer,1,-1.0,2012-11-01 00:00:00,6427,1494,0.04800630733370781,0.027428114786744118,0.9700292944908142,0.12879101423627676,-1.3748646160344657,-1.4869825846992524,-1.2597621038183737,4050,12.301163586584531,5.927104722792608,0.29126984895898933,81537,17.97193449999986,0.41931690000001254,55178
pvdaq_33,S,main,"Golden, CO",Dfb,informer,2,-1.0,2012-11-01 00:00:00,6427,1494,0.04498065635561943,0.023906202986836433,0.9736881256103516,0.12067381714623164,-1.3714976386084432,-1.4753172633872011,-1.224138617888437,4050,12.301163586584531,5.927104722792608,0.29057228944844354,81537,27.340044600000056,0.5157145999996828,55178
pvdaq_33,S,main,"Golden, CO",Dfb,informer,3,-1.0,2012-11-01 00:00:00,6427,1494,0.04740945249795914,0.026000460609793663,0.9707698822021484,0.1271897759007899,-1.3032608457820896,-1.4657365274025687,-1.1561142112543,4050,12.301163586584531,5.927104722792608,0.2912020306732418,81537,19.686291800000163,0.4916136999995615,55178
pvdaq_33,S,main,"Golden, CO",Dfb,informer,4,-1.0,2012-11-01 00:00:00,6427,1494,0.047859784215688705,0.027997713536024094,0.9702119827270508,0.12839792295250932,-1.4054564335389153,-1.5646191270414778,-1.2649966681229197,4049,12.301163586584531,5.9284736481861735,0.2907273026730093,81537,21.47114190000002,0.38385299999981726,55178
pvdaq_33,S,main,"Golden, CO",Dfb,lstm,0,-2.0,2012-11-01 00:00:00,6427,1494,0.04122501239180565,0.02243986167013645,0.9774503111839294,0.11176583978145221,-2.4088704366319598,-2.5568922695210494,-2.279525804977345,4050,12.301163586584531,5.927104722792608,0.2912214073263125,13729,116.71542679999993,0.10460310000007667,55178
pvdaq_33,S,main,"Golden, CO",Dfb,lstm,1,-2.0,2012-11-01 00:00:00,6427,1494,0.040473513305187225,0.021917782723903656,0.9782649278640747,0.10972843768894011,-2.3772449364839296,-2.479972687926768,-2.2440884078226753,4048,12.301163586584531,5.925735797399041,0.28996192487671607,13729,117.73696719999998,0.11320440000008603,55178
pvdaq_33,S,main,"Golden, CO",Dfb,lstm,2,-2.0,2012-11-01 00:00:00,6427,1494,0.03929510340094566,0.021732723340392113,0.9795121550559998,0.10653363033988233,-2.33864845861633,-2.4538004569986347,-2.21820328152031,4049,12.301163586584531,5.925735797399041,0.2911148357344236,13729,107.92316660000006,0.1099792999998499,55178
pvdaq_33,S,main,"Golden, CO",Dfb,lstm,3,-2.0,2012-11-01 00:00:00,6427,1494,0.041279178112745285,0.021221216768026352,0.9773910045623779,0.11191268939863729,-2.334796063632727,-2.4515734794035113,-2.2383539598861635,4049,12.301163586584531,5.925735797399041,0.29152174544890863,13729,94.22685140000021,0.11092250000001513,55178
pvdaq_33,S,main,"Golden, CO",Dfb,lstm,4,-2.0,2012-11-01 00:00:00,6427,1494,0.044023167341947556,0.021758517250418663,0.9742853045463562,0.11935196576897045,-2.347546574004866,-2.4397578923473247,-2.223958856770236,4049,12.301163586584531,5.927104722792608,0.29092106920371646,13729,114.59102440000015,0.11596149999968475,55178
pvdaq_33,S,main,"Golden, CO",Dfb,gru,0,-2.0,2012-11-01 00:00:00,6427,1494,0.03956758975982666,0.018771640956401825,0.9792270660400391,0.10727237279167061,-2.349741755486634,-2.4188883494731046,-2.2591204112949237,4048,12.301163586584531,5.927104722792608,0.2908338742648982,151809,125.58979590000035,0.26708610000059707,55178
pvdaq_33,S,main,"Golden, CO",Dfb,gru,1,-2.0,2012-11-01 00:00:00,6427,1494,0.041623640805482864,0.020627915859222412,0.9770120978355408,0.11284656812646632,-2.3222139851706847,-2.4275731101309095,-2.2455425064767107,4049,12.301163586584531,5.925735797399041,0.29128922561206005,151809,102.83683560000009,0.18498970000018744,55178
pvdaq_33,S,main,"Golden, CO",Dfb,gru,2,-2.0,2012-11-01 00:00:00,6427,1494,0.04427443444728851,0.0210929736495018,0.9739909172058105,0.12003318033771292,-2.322961624254394,-2.436884990276705,-2.218579740073212,4048,12.301163586584531,5.927104722792608,0.2911439007140297,151809,102.34501099999943,0.1830720999996629,55178
pvdaq_33,S,main,"Golden, CO",Dfb,gru,3,-2.0,2012-11-01 00:00:00,6427,1494,0.03880433365702629,0.022804439067840576,0.9800207614898682,0.10520309605047652,-2.3348734785864336,-2.443494646180174,-2.237514828499504,4049,12.301163586584531,5.925735797399041,0.29076605597915073,151809,124.83783690000018,0.18613030000051367,55178
pvdaq_33,S,main,"Golden, CO",Dfb,gru,4,-2.0,2012-11-01 00:00:00,6427,1494,0.04009241983294487,0.02050117962062359,0.9786723256111145,0.10869524862508763,-2.2943667577906774,-2.380447539879633,-2.2071447148038548,4049,12.301163586584531,5.927104722792608,0.29095982250985786,151809,110.52420419999999,0.17870359999960783,55178
pvdaq_33,S,main,"Golden, CO",Dfb,tcn,0,-2.0,2012-11-01 00:00:00,6427,1494,0.04326103255152702,0.023860078305006027,0.9751679301261902,0.11728572903704546,-2.3819896636938287,-2.4898584972029294,-2.271880592968807,4049,12.301163586584531,5.925735797399041,0.2912795372855247,198273,10.250405800000408,0.27764509999997244,55178
pvdaq_33,S,main,"Golden, CO",Dfb,tcn,1,-2.0,2012-11-01 00:00:00,6427,1494,0.04310972988605499,0.022981146350502968,0.9753413200378418,0.1168755297796884,-2.340258332354351,-2.4531142890382607,-2.222130740645263,4050,12.301163586584531,5.927104722792608,0.29098888748946394,198273,13.999317899999369,0.283368899999914,55178
pvdaq_33,S,main,"Golden, CO",Dfb,tcn,2,-2.0,2012-11-01 00:00:00,6427,1494,0.04206453636288643,0.021663175895810127,0.9765225648880005,0.11404188765143791,-2.344595278455648,-2.4452809708168877,-2.250071955252738,4050,12.301163586584531,5.927104722792608,0.2915023687958379,198273,12.510957800000142,0.285783100000117,55178
pvdaq_33,S,main,"Golden, CO",Dfb,tcn,3,-2.0,2012-11-01 00:00:00,6427,1494,0.04098415747284889,0.021196790039539337,0.9777130484580994,0.11111285387020853,-2.2601910775045475,-2.358668717768053,-2.17197543368447,4050,12.301163586584531,5.927104722792608,0.2916573820204036,198273,14.465763899999729,0.28485949999958393,55178
pvdaq_33,S,main,"Golden, CO",Dfb,tcn,4,-2.0,2012-11-01 00:00:00,6427,1494,0.04244412109255791,0.024079175665974617,0.9760969281196594,0.11507098633737017,-2.338455004850215,-2.4496552959163975,-2.2328078561715814,4050,12.301163586584531,5.927104722792608,0.29126984895898933,198273,18.3402672000002,0.30706800000007206,55178
pvdaq_33,S,main,"Golden, CO",Dfb,patchtst,0,-2.0,2012-11-01 00:00:00,6427,1494,0.0526854507625103,0.03002091683447361,0.9631701111793518,0.14283643126100715,-2.3667560650663444,-2.5313760441071365,-2.2289801983917448,4047,12.301163586584531,5.9284736481861735,0.2914733038162318,25857,20.433839700000135,1.070593700000245,55178
pvdaq_33,S,main,"Golden, CO",Dfb,patchtst,1,-2.0,2012-11-01 00:00:00,6427,1494,0.05304044112563133,0.029338423162698746,0.9626721143722534,0.14379885173699058,-2.3983675575516212,-2.5472845823165446,-2.281577793587375,4049,12.301163586584531,5.925735797399041,0.29166707034693895,25857,20.612149399999907,1.074215099999492,55178
pvdaq_33,S,main,"Golden, CO",Dfb,patchtst,2,-2.0,2012-11-01 00:00:00,6427,1494,0.05148649588227272,0.029481511563062668,0.964827299118042,0.13958592407434445,-2.4440995381487474,-2.584906550320463,-2.264045962157224,4046,12.301163586584531,5.929842573579739,0.29166707034693895,25857,33.03687319999972,1.258547099999305,55178
pvdaq_33,S,main,"Golden, CO",Dfb,patchtst,3,-2.0,2012-11-01 00:00:00,6427,1494,0.05191328376531601,0.02914123609662056,0.9642418026924133,0.14074299604083737,-2.443522414647802,-2.5507644444761195,-2.300397727622381,4047,12.301163586584531,5.9284736481861735,0.2915411221019793,25857,29.85237010000037,1.1178761000001032,55178
pvdaq_33,S,main,"Golden, CO",Dfb,patchtst,4,-2.0,2012-11-01 00:00:00,6427,1494,0.05282970517873764,0.030404245480895042,0.9629681706428528,0.14322752188867272,-2.414647390530306,-2.561000733369652,-2.258792096591522,4048,12.301163586584531,5.927104722792608,0.29157987540812075,25857,21.791564299999663,0.8612837999999101,55178
pvdaq_33,S,main,"Golden, CO",Dfb,informer,0,-2.0,2012-11-01 00:00:00,6427,1494,0.04787951335310936,0.02743840217590332,0.9695828557014465,0.12980697173304445,-2.4442560581836137,-2.554993708760169,-2.3240219084889824,4050,12.301163586584531,5.927104722792608,0.2916767586734743,81537,25.89389949999986,0.36385900000004767,55178
pvdaq_33,S,main,"Golden, CO",Dfb,informer,1,-2.0,2012-11-01 00:00:00,6427,1494,0.04829475283622742,0.028317514806985855,0.9690529704093933,0.1309327346339752,-2.3174790884114196,-2.4306324294213977,-2.2116405733237774,4049,12.301163586584531,5.925735797399041,0.29186083687764613,81537,18.18426030000046,0.3625481999997646,55178
pvdaq_33,S,main,"Golden, CO",Dfb,informer,2,-2.0,2012-11-01 00:00:00,6427,1494,0.044574860483407974,0.02441943995654583,0.9736367464065552,0.12084767052876447,-2.2781595442979863,-2.409701384577896,-2.164386482360825,4049,12.301163586584531,5.925735797399041,0.2914345505100904,81537,27.03224129999944,0.3688660000007076,55178
pvdaq_33,S,main,"Golden, CO",Dfb,informer,3,-2.0,2012-11-01 00:00:00,6427,1494,0.04782989248633385,0.02739972434937954,0.9696458578109741,0.12967244374811288,-2.3071770605051034,-2.472628786586839,-2.1126366176868703,4050,12.301163586584531,5.927104722792608,0.2917058236530804,81537,19.906673299999966,0.36627750000025117,55178
pvdaq_33,S,main,"Golden, CO",Dfb,informer,4,-2.0,2012-11-01 00:00:00,6427,1494,0.045615214854478836,0.02460240200161934,0.9723917841911316,0.12366819314857457,-2.374455810782583,-2.5103393067848043,-2.2591010643840312,4050,12.301163586584531,5.927104722792608,0.291424862183555,81537,36.65123930000027,0.3728937000005317,55178
fmi_helsinki,S,main,"Helsinki, Finland",Dfb,lstm,0,0.0,2017-08-01 00:00:00,3998,952,0.016248896718025208,0.011980618350207806,0.996814489364624,0.043942004106296256,-0.7937884363985037,-1.023995477602758,-0.6188715537952527,1244,5.700205338809035,2.86208076659822,0.22533317608208514,13729,73.9095610000004,0.047071900000446476,23489
fmi_helsinki,S,main,"Helsinki, Finland",Dfb,lstm,1,0.0,2017-08-01 00:00:00,3998,952,0.015709564089775085,0.011874440126121044,0.9970224499702454,0.04248348313859657,-0.7467186513055997,-0.9215171619124995,-0.5706039331125234,1244,5.700205338809035,2.86208076659822,0.22533317608208514,13729,75.10956480000004,0.049453900000116846,23489
fmi_helsinki,S,main,"Helsinki, Finland",Dfb,lstm,2,0.0,2017-08-01 00:00:00,3998,952,0.016178444027900696,0.012180882506072521,0.996842086315155,0.04375147840769195,-0.8443940740474779,-1.0671041118365048,-0.6354811771749947,1244,5.700205338809035,2.86208076659822,0.22533317608208514,13729,73.16506560000016,0.04535649999979796,23489
fmi_helsinki,S,main,"Helsinki, Finland",Dfb,lstm,3,0.0,2017-08-01 00:00:00,3998,952,0.014768491499125957,0.01119067333638668,0.9973685145378113,0.03993853400388063,-0.8053725161473491,-1.003130154844839,-0.5702359820199162,1244,5.700205338809035,2.86208076659822,0.22533317608208514,13729,73.26551250000011,0.057274199999483244,23489
fmi_helsinki,S,main,"Helsinki, Finland",Dfb,lstm,4,0.0,2017-08-01 00:00:00,3998,952,0.015486842021346092,0.011523728258907795,0.9971063137054443,0.04188117430401502,-0.8300934035709806,-1.0636986299558966,-0.6308562962154072,1244,5.700205338809035,2.86208076659822,0.22533317608208514,13729,70.72340759999952,0.04695279999941704,23489
fmi_helsinki,S,main,"Helsinki, Finland",Dfb,gru,0,0.0,2017-08-01 00:00:00,3998,952,0.012832858599722385,0.009671173989772797,0.9980130791664124,0.034703988527354825,-0.8745796327586218,-1.018623615962505,-0.697433150382798,1244,5.700205338809035,2.86208076659822,0.22533317608208514,151809,75.95574120000038,0.1067456000000675,23489
fmi_helsinki,S,main,"Helsinki, Finland",Dfb,gru,1,0.0,2017-08-01 00:00:00,3998,952,0.014588141813874245,0.010815994814038277,0.9974324107170105,0.03945081309904475,-0.8559234310577487,-1.022850359526617,-0.69027552733677,1244,5.700205338809035,2.86208076659822,0.22533317608208514,151809,76.51815420000003,0.0744966000002023,23489
fmi_helsinki,S,main,"Helsinki, Finland",Dfb,gru,2,0.0,2017-08-01 00:00:00,3998,952,0.01174391619861126,0.008948395028710365,0.9983360171318054,0.031759154038496024,-0.8237592583787867,-0.9730361561228307,-0.69634418572399,1244,5.700205338809035,2.86208076659822,0.22533317608208514,151809,75.22290059999978,0.07486079999944195,23489
fmi_helsinki,S,main,"Helsinki, Finland",Dfb,gru,3,0.0,2017-08-01 00:00:00,3998,952,0.012254336848855019,0.009286840446293354,0.9981881976127625,0.03313948814352291,-0.8282121405606563,-0.9803997688078614,-0.6362166238358613,1244,5.700205338809035,2.86208076659822,0.22533317608208514,151809,76.66797940000015,0.07589459999962855,23489
fmi_helsinki,S,main,"Helsinki, Finland",Dfb,gru,4,0.0,2017-08-01 00:00:00,3998,952,0.012251734733581543,0.009213604032993317,0.9981889724731445,0.033132451225139074,-0.8318598576544145,-0.9928281551419671,-0.6402578996906994,1244,5.700205338809035,2.86208076659822,0.22533317608208514,151809,75.2252781999996,0.10114750000047934,23489
fmi_helsinki,S,main,"Helsinki, Finland",Dfb,tcn,0,0.0,2017-08-01 00:00:00,3998,952,0.011313030496239662,0.008600697852671146,0.9984558820724487,0.0305939068447002,-0.8422993731318809,-0.9737638820684125,-0.7115192402157542,1244,5.700205338809035,2.86208076659822,0.22533317608208514,198273,10.397314800000458,0.13116229999923235,23489
fmi_helsinki,S,main,"Helsinki, Finland",Dfb,tcn,1,0.0,2017-08-01 00:00:00,3998,952,0.011005345731973648,0.008462140336632729,0.9985387325286865,0.029761832802416226,-0.8736918751940707,-0.9906944834993658,-0.7432539506040003,1244,5.700205338809035,2.86208076659822,0.22533317608208514,198273,13.238205000000562,0.12310419999994338,23489
fmi_helsinki,S,main,"Helsinki, Finland",Dfb,tcn,2,0.0,2017-08-01 00:00:00,3998,952,0.011036552488803864,0.008207777515053749,0.998530387878418,0.029846225451380284,-0.7934832975411327,-0.9987088993424709,-0.6634460938485742,1244,5.700205338809035,2.86208076659822,0.22533317608208514,198273,12.72459710000021,0.1199058000001969,23489
fmi_helsinki,S,main,"Helsinki, Finland",Dfb,tcn,3,0.0,2017-08-01 00:00:00,3998,952,0.01032544020563364,0.007641519885510206,0.9987136721611023,0.027923159571317177,-0.8108904287064844,-0.9397735242655136,-0.683729342854686,1244,5.700205338809035,2.86208076659822,0.22533317608208514,198273,13.161683100000118,0.12244050000026618,23489
fmi_helsinki,S,main,"Helsinki, Finland",Dfb,tcn,4,0.0,2017-08-01 00:00:00,3998,952,0.014412340708076954,0.010696565732359886,0.9974939227104187,0.038975392949179045,-0.866396787874151,-1.0000538734916964,-0.6945035662563215,1244,5.700205338809035,2.86208076659822,0.22533317608208514,198273,5.653707299999951,0.11934560000008787,23489
fmi_helsinki,S,main,"Helsinki, Finland",Dfb,patchtst,0,0.0,2017-08-01 00:00:00,3998,952,0.02173474244773388,0.016073176637291908,0.9943004846572876,0.05877741476614461,-0.7502679619691532,-1.0743789168522437,-0.47670304134923536,1244,5.700205338809035,2.86208076659822,0.22533317608208514,25857,11.83278970000083,0.3433093000003282,23489
fmi_helsinki,S,main,"Helsinki, Finland",Dfb,patchtst,1,0.0,2017-08-01 00:00:00,3998,952,0.02347768470644951,0.017286621034145355,0.9933497309684753,0.06349086560644435,-0.8896834736512487,-1.2721195119537476,-0.5419277025451261,1244,5.700205338809035,2.86208076659822,0.22533317608208514,25857,13.310552599999937,0.3407938999998805,23489
fmi_helsinki,S,main,"Helsinki, Finland",Dfb,patchtst,2,0.0,2017-08-01 00:00:00,3998,952,0.01995510421693325,0.014104803092777729,0.9951956272125244,0.053964726753990944,-0.8778160953490322,-1.1326279393155336,-0.595286531042549,1244,5.700205338809035,2.86208076659822,0.22533317608208514,25857,20.878635300000496,0.3440717000003133,23489
fmi_helsinki,S,main,"Helsinki, Finland",Dfb,patchtst,3,0.0,2017-08-01 00:00:00,3998,952,0.020854191854596138,0.015131569467484951,0.9947529435157776,0.056396135689114286,-0.8983421652815071,-1.1575984415369764,-0.6132145823918522,1244,5.700205338809035,2.86208076659822,0.22533317608208514,25857,16.324550299999828,0.3392059000007066,23489
fmi_helsinki,S,main,"Helsinki, Finland",Dfb,patchtst,4,0.0,2017-08-01 00:00:00,3998,952,0.022296853363513947,0.0157370213419199,0.9940018653869629,0.0602975352148149,-0.7890640074004993,-1.0918091497549187,-0.5340027675252894,1244,5.700205338809035,2.86208076659822,0.22533317608208514,25857,13.12310400000024,0.3711791000005178,23489
fmi_helsinki,S,main,"Helsinki, Finland",Dfb,informer,0,0.0,2017-08-01 00:00:00,3998,952,0.01687757484614849,0.012838664464652538,0.9965632557868958,0.045642142729054966,-0.8389050313253821,-0.9854012676085319,-0.6017042131779143,1244,5.700205338809035,2.86208076659822,0.22533317608208514,81537,16.392835699999523,0.18503099999998085,23489
fmi_helsinki,S,main,"Helsinki, Finland",Dfb,informer,1,0.0,2017-08-01 00:00:00,3998,952,0.016417598351836205,0.012178455479443073,0.9967480301856995,0.044398225104823386,-0.7700990078694325,-0.9264715585569072,-0.6178204554504722,1244,5.700205338809035,2.86208076659822,0.22533317608208514,81537,17.708941300000333,0.2081807000004119,23489
fmi_helsinki,S,main,"Helsinki, Finland",Dfb,informer,2,0.0,2017-08-01 00:00:00,3998,952,0.017436344176530838,0.013129436410963535,0.9963319301605225,0.047153226505155035,-0.7949599900635707,-0.9600481700588137,-0.5889287957511535,1244,5.700205338809035,2.86208076659822,0.22533317608208514,81537,16.147395099999812,0.2250452000007499,23489
fmi_helsinki,S,main,"Helsinki, Finland",Dfb,informer,3,0.0,2017-08-01 00:00:00,3998,952,0.01596919074654579,0.011924812570214272,0.9969232678413391,0.04318559330742216,-0.817483868916058,-1.0094787626436708,-0.6458488673090179,1244,5.700205338809035,2.86208076659822,0.22533317608208514,81537,22.902839499999573,0.1748913999999786,23489
fmi_helsinki,S,main,"Helsinki, Finland",Dfb,informer,4,0.0,2017-08-01 00:00:00,3998,952,0.01858653500676155,0.013532344251871109,0.9958320260047913,0.050263695545736446,-0.8254679346847815,-0.9713271594900041,-0.6039069727910573,1244,5.700205338809035,2.86208076659822,0.22533317608208514,81537,18.082347800000207,0.2159430000001521,23489
fmi_helsinki,S,main,"Helsinki, Finland",Dfb,lstm,0,-0.25,2017-08-01 00:00:00,3998,952,0.01626359112560749,0.011986029334366322,0.9967982172966003,0.04406024822886002,-1.0374436639776219,-1.3112175895688751,-0.8101112116578879,1244,5.700205338809035,2.86208076659822,0.22533317608208514,13729,74.86719200000061,0.045549100000243925,23489
fmi_helsinki,S,main,"Helsinki, Finland",Dfb,lstm,1,-0.25,2017-08-01 00:00:00,3998,952,0.015671614557504654,0.011832952499389648,0.9970270395278931,0.04245650436104895,-0.9662029517647169,-1.1617846324459302,-0.7994258902379259,1244,5.700205338809035,2.86208076659822,0.22533317608208514,13729,72.88882620000004,0.04601550000006682,23489
fmi_helsinki,S,main,"Helsinki, Finland",Dfb,lstm,2,-0.25,2017-08-01 00:00:00,3998,952,0.01609930209815502,0.012093926779925823,0.996862530708313,0.04361516723322208,-1.0714839279732697,-1.3120496866889209,-0.8674072172382585,1244,5.700205338809035,2.86208076659822,0.22533317608208514,13729,72.92403370000011,0.05406680000032793,23489
fmi_helsinki,S,main,"Helsinki, Finland",Dfb,lstm,3,-0.25,2017-08-01 00:00:00,3998,952,0.014698429964482784,0.011110224761068821,0.997384786605835,0.039820016859003236,-1.0333427707824867,-1.2386730703357551,-0.7978045827910396,1244,5.700205338809035,2.86208076659822,0.22533317608208514,13729,75.56088189999991,0.052001799999743525,23489
fmi_helsinki,S,main,"Helsinki, Finland",Dfb,lstm,4,-0.25,2017-08-01 00:00:00,3998,952,0.01547625195235014,0.01149794738739729,0.9971007108688354,0.041927240878509006,-1.085815242149467,-1.3153971758330347,-0.8404896158163755,1244,5.700205338809035,2.86208076659822,0.22533317608208514,13729,73.57296599999972,0.04656070000055479,23489
fmi_helsinki,S,main,"Helsinki, Finland",Dfb,gru,0,-0.25,2017-08-01 00:00:00,3998,952,0.012848783284425735,0.00959608145058155,0.9980015754699707,0.034809076087706864,-1.0626186043173502,-1.2016582899457824,-0.9240595735514112,1244,5.700205338809035,2.86208076659822,0.22533317608208514,151809,76.01370490000045,0.08024050000040006,23489
fmi_helsinki,S,main,"Helsinki, Finland",Dfb,gru,1,-0.25,2017-08-01 00:00:00,3998,952,0.014486157335340977,0.010735349729657173,0.9974597692489624,0.03924494185496833,-1.086459804002976,-1.2155200682792624,-0.9448972016186159,1244,5.700205338809035,2.86208076659822,0.22533317608208514,151809,76.68535330000032,0.0805648999994446,23489
fmi_helsinki,S,main,"Helsinki, Finland",Dfb,gru,2,-0.25,2017-08-01 00:00:00,3998,952,0.011784758418798447,0.008988291025161743,0.9983188509941101,0.03192649011151358,-1.0751908215910544,-1.2349119419586385,-0.9186739784226894,1244,5.700205338809035,2.86208076659822,0.22533317608208514,151809,75.39667569999983,0.07745380000051227,23489
fmi_helsinki,S,main,"Helsinki, Finland",Dfb,gru,3,-0.25,2017-08-01 00:00:00,3998,952,0.012245185673236847,0.00924928579479456,0.9981849193572998,0.03317384925656406,-1.0396584455580726,-1.1997692142355743,-0.8610312976031986,1244,5.700205338809035,2.86208076659822,0.22533317608208514,151809,76.25728359999994,0.1012829999999667,23489
fmi_helsinki,S,main,"Helsinki, Finland",Dfb,gru,4,-0.25,2017-08-01 00:00:00,3998,952,0.012244725599884987,0.009238583035767078,0.9981850981712341,0.033172602856188525,-1.0331786334287718,-1.2208126338888825,-0.9145165717435164,1244,5.700205338809035,2.86208076659822,0.22533317608208514,151809,75.15152839999973,0.07593929999984539,23489
fmi_helsinki,S,main,"Helsinki, Finland",Dfb,tcn,0,-0.25,2017-08-01 00:00:00,3998,952,0.011295207776129246,0.0085760448127985,0.9984556436538696,0.03060023180422984,-1.0688046049948163,-1.155465762702663,-0.9243506501811771,1244,5.700205338809035,2.86208076659822,0.22533317608208514,198273,11.5757851999997,0.11869490000026417,23489
fmi_helsinki,S,main,"Helsinki, Finland",Dfb,tcn,1,-0.25,2017-08-01 00:00:00,3998,952,0.011116848327219486,0.008202897384762764,0.9985040426254272,0.030117032150953193,-1.101325764971267,-1.2360747691363638,-0.9660564512971335,1244,5.700205338809035,2.86208076659822,0.22533317608208514,198273,13.460197200000039,0.11945300000024872,23489
fmi_helsinki,S,main,"Helsinki, Finland",Dfb,tcn,2,-0.25,2017-08-01 00:00:00,3998,952,0.012399593368172646,0.00935988500714302,0.9981388449668884,0.0335921603979826,-1.067202688501545,-1.1508867401248124,-0.8908871074812552,1244,5.700205338809035,2.86208076659822,0.22533317608208514,198273,8.85757889999968,0.12589930000012828,23489
fmi_helsinki,S,main,"Helsinki, Finland",Dfb,tcn,3,-0.25,2017-08-01 00:00:00,3998,952,0.012303397059440613,0.009307771921157837,0.9981676340103149,0.033331551704078595,-1.0731955038324026,-1.2408308811469038,-0.8838901485061723,1244,5.700205338809035,2.86208076659822,0.22533317608208514,198273,7.641395399999965,0.12945270000000164,23489
fmi_helsinki,S,main,"Helsinki, Finland",Dfb,tcn,4,-0.25,2017-08-01 00:00:00,3998,952,0.011302036233246326,0.008622515946626663,0.9984537363052368,0.03061873100980351,-1.046570577114353,-1.196576062999738,-0.8996604058545865,1244,5.700205338809035,2.86208076659822,0.22533317608208514,198273,12.30135220000011,0.12977409999984957,23489
fmi_helsinki,S,main,"Helsinki, Finland",Dfb,patchtst,0,-0.25,2017-08-01 00:00:00,3998,952,0.021769342944025993,0.016168279573321342,0.9942634105682373,0.058976067861343275,-1.005193123718734,-1.3198079290748566,-0.737059398152456,1244,5.700205338809035,2.86208076659822,0.22533317608208514,25857,11.982655599999816,0.3753519000001688,23489
fmi_helsinki,S,main,"Helsinki, Finland",Dfb,patchtst,1,-0.25,2017-08-01 00:00:00,3998,952,0.023451801389455795,0.017287859693169594,0.9933424592018127,0.06353407329617372,-1.1019250217523424,-1.4709390701739156,-0.7827939519410299,1244,5.700205338809035,2.86208076659822,0.22533317608208514,25857,13.904668999999558,0.36367520000021614,23489
fmi_helsinki,S,main,"Helsinki, Finland",Dfb,patchtst,2,-0.25,2017-08-01 00:00:00,3998,952,0.021018115803599358,0.014798006974160671,0.994652509689331,0.0569408928481607,-1.1366304157189244,-1.3583903622495452,-0.9309318055564675,1244,5.700205338809035,2.86208076659822,0.22533317608208514,25857,17.331776799999716,0.46500810000088677,23489
fmi_helsinki,S,main,"Helsinki, Finland",Dfb,patchtst,3,-0.25,2017-08-01 00:00:00,3998,952,0.02082221582531929,0.015166450291872025,0.9947517514228821,0.05641017354979752,-1.1481246431026992,-1.383122020363986,-0.8300904362384237,1244,5.700205338809035,2.86208076659822,0.22533317608208514,25857,17.537564199999906,0.4667851999993218,23489
fmi_helsinki,S,main,"Helsinki, Finland",Dfb,patchtst,4,-0.25,2017-08-01 00:00:00,3998,952,0.0223174337297678,0.015761224552989006,0.9939709305763245,0.060460919262563736,-1.0472195651880605,-1.3245706691543828,-0.7903611332212835,1244,5.700205338809035,2.86208076659822,0.22533317608208514,25857,14.281275899999855,0.4674930000001041,23489
fmi_helsinki,S,main,"Helsinki, Finland",Dfb,informer,0,-0.25,2017-08-01 00:00:00,3998,952,0.016759449616074562,0.012688500806689262,0.9965999722480774,0.04540359534129248,-0.949098847649366,-1.11717588813951,-0.7550518436301498,1244,5.700205338809035,2.86208076659822,0.22533317608208514,81537,20.62204219999967,0.16594480000003387,23489
fmi_helsinki,S,main,"Helsinki, Finland",Dfb,informer,1,-0.25,2017-08-01 00:00:00,3998,952,0.01630477048456669,0.012035983614623547,0.9967819452285767,0.04417180863170308,-1.0321137568567327,-1.1869876185923056,-0.8741384151047972,1244,5.700205338809035,2.86208076659822,0.22533317608208514,81537,17.271748000000116,0.16436180000073364,23489
fmi_helsinki,S,main,"Helsinki, Finland",Dfb,informer,2,-0.25,2017-08-01 00:00:00,3998,952,0.01715489663183689,0.012934491969645023,0.9964376091957092,0.04647491431022649,-1.0581665423325248,-1.1923849449915425,-0.8227632282541419,1244,5.700205338809035,2.86208076659822,0.22533317608208514,81537,15.674929800000427,0.16452459999982239,23489
fmi_helsinki,S,main,"Helsinki, Finland",Dfb,informer,3,-0.25,2017-08-01 00:00:00,3998,952,0.019397957250475883,0.014433951117098331,0.9954451322555542,0.05255166617187431,-1.0272207557152908,-1.2252269615003923,-0.7943027804583114,1244,5.700205338809035,2.86208076659822,0.22533317608208514,81537,13.207559600000423,0.18016390000047977,23489
fmi_helsinki,S,main,"Helsinki, Finland",Dfb,informer,4,-0.25,2017-08-01 00:00:00,3998,952,0.015993786975741386,0.011971632950007915,0.9969035387039185,0.04332931262401936,-1.0112027355836477,-1.2227777963452202,-0.8277766605285108,1244,5.700205338809035,2.86208076659822,0.22533317608208514,81537,30.161049999999705,0.21157959999982268,23489
fmi_helsinki,S,main,"Helsinki, Finland",Dfb,lstm,0,-0.5,2017-08-01 00:00:00,3998,952,0.01628865674138069,0.011987919919192791,0.9967777132987976,0.044207062464780573,-1.2986710723629558,-1.526037080679889,-1.07202145631244,1244,5.700205338809035,2.86208076659822,0.22556905295435783,13729,72.39136379999945,0.04447459999937564,23489
fmi_helsinki,S,main,"Helsinki, Finland",Dfb,lstm,1,-0.5,2017-08-01 00:00:00,3998,952,0.015656162053346634,0.011811913922429085,0.9970231056213379,0.04249048554708236,-1.1896666087949206,-1.416999146402409,-1.0231840388992932,1244,5.700205338809035,2.86208076659822,0.22556905295435783,13729,72.51514839999982,0.048742500000116706,23489
fmi_helsinki,S,main,"Helsinki, Finland",Dfb,lstm,2,-0.5,2017-08-01 00:00:00,3998,952,0.016043055802583694,0.012021848931908607,0.9968741536140442,0.043540506823318434,-1.312603323889855,-1.532009555280478,-1.1014160452224195,1244,5.700205338809035,2.86208076659822,0.22556905295435783,13729,72.00603539999975,0.04584390000036365,23489
fmi_helsinki,S,main,"Helsinki, Finland",Dfb,lstm,3,-0.5,2017-08-01 00:00:00,3998,952,0.014650416560471058,0.011047953739762306,0.9973932504653931,0.03976091400946928,-1.2736613336484355,-1.4811896425445907,-1.0647775468138843,1244,5.700205338809035,2.86208076659822,0.22556905295435783,13729,72.93073120000008,0.046933099999478145,23489
fmi_helsinki,S,main,"Helsinki, Finland",Dfb,lstm,4,-0.5,2017-08-01 00:00:00,3998,952,0.015509234741330147,0.011516254395246506,0.9970787167549133,0.042091727996768566,-1.2916596585976048,-1.5127975068167714,-1.0680237364136793,1244,5.700205338809035,2.86208076659822,0.22556905295435783,13729,72.4093927999993,0.05217899999934161,23489
fmi_helsinki,S,main,"Helsinki, Finland",Dfb,gru,0,-0.5,2017-08-01 00:00:00,3998,952,0.012877894565463066,0.009604585357010365,0.9979858994483948,0.03495032761197645,-1.288858137762201,-1.4214601901898454,-1.1708783791669108,1244,5.700205338809035,2.86208076659822,0.22556905295435783,151809,75.20223970000006,0.07751629999984289,23489
fmi_helsinki,S,main,"Helsinki, Finland",Dfb,gru,1,-0.5,2017-08-01 00:00:00,3998,952,0.014467068016529083,0.010723108425736427,0.9974581003189087,0.039263310022623746,-1.304170435804883,-1.4341299330269144,-1.163263978385387,1244,5.700205338809035,2.86208076659822,0.22556905295435783,151809,76.54893590000029,0.08432280000033643,23489
fmi_helsinki,S,main,"Helsinki, Finland",Dfb,gru,2,-0.5,2017-08-01 00:00:00,3998,952,0.01186510268598795,0.009060940705239773,0.9982902407646179,0.03220163233337585,-1.3024797466238192,-1.440830697444001,-1.1783079210475484,1244,5.700205338809035,2.86208076659822,0.22556905295435783,151809,75.96202710000034,0.07648580000022775,23489
fmi_helsinki,S,main,"Helsinki, Finland",Dfb,gru,3,-0.5,2017-08-01 00:00:00,3998,952,0.012282281182706356,0.009247812442481518,0.998167872428894,0.03333384575994663,-1.2691003485881296,-1.434856393185167,-1.112187899210333,1244,5.700205338809035,2.86208076659822,0.22556905295435783,151809,75.22718689999965,0.10846330000003945,23489
fmi_helsinki,S,main,"Helsinki, Finland",Dfb,gru,4,-0.5,2017-08-01 00:00:00,3998,952,0.012344727292656898,0.009331033565104008,0.9981492161750793,0.03350332315314708,-1.3364037425287631,-1.4457107506748432,-1.1837733675647666,1244,5.700205338809035,2.86208076659822,0.22556905295435783,151809,75.37699870000051,0.1126802000007956,23489
fmi_helsinki,S,main,"Helsinki, Finland",Dfb,tcn,0,-0.5,2017-08-01 00:00:00,3998,952,0.011469319462776184,0.008659646846354008,0.9984024167060852,0.031127485216837645,-1.269356690925341,-1.4577441371807498,-1.1480880875645132,1244,5.700205338809035,2.86208076659822,0.22556905295435783,198273,11.839120999999977,0.19357029999991937,23489
fmi_helsinki,S,main,"Helsinki, Finland",Dfb,tcn,1,-0.5,2017-08-01 00:00:00,3998,952,0.011152773164212704,0.008484212681651115,0.9984893798828125,0.030268385401808654,-1.3258557626321554,-1.4697599595667188,-1.2200433715125074,1244,5.700205338809035,2.86208076659822,0.22556905295435783,198273,13.38885400000072,0.1661168999999063,23489
fmi_helsinki,S,main,"Helsinki, Finland",Dfb,tcn,2,-0.5,2017-08-01 00:00:00,3998,952,0.011263617314398289,0.008327330462634563,0.9984591603279114,0.03056921403052309,-1.3081979830170953,-1.4449881161668232,-1.1898076976956662,1244,5.700205338809035,2.86208076659822,0.22556905295435783,198273,12.854628400000365,0.16617519999999786,23489
fmi_helsinki,S,main,"Helsinki, Finland",Dfb,tcn,3,-0.5,2017-08-01 00:00:00,3998,952,0.010811315849423409,0.008065714500844479,0.9985804557800293,0.029341677626968092,-1.260597850774603,-1.3709097878478627,-1.0959009695154147,1244,5.700205338809035,2.86208076659822,0.22556905295435783,198273,12.926531999999497,0.17676570000003267,23489
fmi_helsinki,S,main,"Helsinki, Finland",Dfb,tcn,4,-0.5,2017-08-01 00:00:00,3998,952,0.011295683681964874,0.008581165224313736,0.9984503984451294,0.0306562414592756,-1.2659488244823214,-1.439947217232418,-1.1554875829641098,1244,5.700205338809035,2.86208076659822,0.22556905295435783,198273,13.19243490000008,0.17986219999966124,23489
fmi_helsinki,S,main,"Helsinki, Finland",Dfb,patchtst,0,-0.5,2017-08-01 00:00:00,3998,952,0.021728284657001495,0.01609850488603115,0.994266152381897,0.05897009509963919,-1.2835481364640202,-1.5729254209489674,-0.979760848011646,1244,5.700205338809035,2.86208076659822,0.22556905295435783,25857,12.993234999999913,0.5035763000005318,23489
fmi_helsinki,S,main,"Helsinki, Finland",Dfb,patchtst,1,-0.5,2017-08-01 00:00:00,3998,952,0.023363202810287476,0.01720539852976799,0.9933708310127258,0.06340722764375532,-1.350275221452324,-1.7000747159237417,-1.0249616029125885,1244,5.700205338809035,2.86208076659822,0.22556905295435783,25857,14.686574700000165,0.4985161999993579,23489
fmi_helsinki,S,main,"Helsinki, Finland",Dfb,patchtst,2,-0.5,2017-08-01 00:00:00,3998,952,0.01983117312192917,0.013877750374376774,0.9952237010002136,0.053821375382282724,-1.3352794099636245,-1.5445602771970712,-1.070303705876257,1244,5.700205338809035,2.86208076659822,0.22556905295435783,25857,21.32917969999926,0.36554999999953,23489
fmi_helsinki,S,main,"Helsinki, Finland",Dfb,patchtst,3,-0.5,2017-08-01 00:00:00,3998,952,0.020834334194660187,0.015196030028164387,0.9947282671928406,0.05654393285946223,-1.3819335489680784,-1.6203730289813907,-1.0320580739655139,1244,5.700205338809035,2.86208076659822,0.22556905295435783,25857,16.092778300000646,0.34998670000004495,23489
fmi_helsinki,S,main,"Helsinki, Finland",Dfb,patchtst,4,-0.5,2017-08-01 00:00:00,3998,952,0.0223100408911705,0.01578519307076931,0.9939550161361694,0.06054896894979835,-1.2976179827982643,-1.5594623690904363,-1.0094377866196214,1244,5.700205338809035,2.86208076659822,0.22556905295435783,25857,13.059790899999825,0.3510595000007015,23489
fmi_helsinki,S,main,"Helsinki, Finland",Dfb,informer,0,-0.5,2017-08-01 00:00:00,3998,952,0.01727265492081642,0.013053803704679012,0.996376633644104,0.046877612263588504,-1.328945492821526,-1.5205573035439068,-1.1054841427983626,1244,5.700205338809035,2.86208076659822,0.22556905295435783,81537,16.262193199999274,0.1622667999999976,23489
fmi_helsinki,S,main,"Helsinki, Finland",Dfb,informer,1,-0.5,2017-08-01 00:00:00,3998,952,0.016617685556411743,0.01235962100327015,0.9966462254524231,0.04510003955980636,-1.2717211942717874,-1.46337937317077,-1.065374231278614,1244,5.700205338809035,2.86208076659822,0.22556905295435783,81537,17.302929499999664,0.15669179999986227,23489
fmi_helsinki,S,main,"Helsinki, Finland",Dfb,informer,2,-0.5,2017-08-01 00:00:00,3998,952,0.016818322241306305,0.012739832513034344,0.9965647459030151,0.04564456318767112,-1.2631834027153381,-1.4486826899830625,-1.1197224776876817,1244,5.700205338809035,2.86208076659822,0.22556905295435783,81537,14.204821399999673,0.1578733000005741,23489
fmi_helsinki,S,main,"Helsinki, Finland",Dfb,informer,3,-0.5,2017-08-01 00:00:00,3998,952,0.019345195963978767,0.014428667724132538,0.9954549074172974,0.05250244387558631,-1.265583474242018,-1.5629849642141629,-1.0380610784723299,1244,5.700205338809035,2.86208076659822,0.22556905295435783,81537,12.09790729999986,0.155373900000086,23489
fmi_helsinki,S,main,"Helsinki, Finland",Dfb,informer,4,-0.5,2017-08-01 00:00:00,3998,952,0.01920127682387829,0.01405494473874569,0.9955223202705383,0.05211185043885826,-1.2641895808730208,-1.4546348733810444,-1.090599510843844,1244,5.700205338809035,2.86208076659822,0.22556905295435783,81537,17.680013700000018,0.15590160000010655,23489
fmi_helsinki,S,main,"Helsinki, Finland",Dfb,lstm,0,-1.0,2017-08-01 00:00:00,3998,952,0.016376666724681854,0.012017153203487396,0.9967212677001953,0.04460544645972163,-1.8024180634305942,-2.004043219067347,-1.6017433461836972,1244,5.700205338809035,2.86208076659822,0.22505012383535794,13729,72.78576869999961,0.04665389999991021,23489
fmi_helsinki,S,main,"Helsinki, Finland",Dfb,lstm,1,-1.0,2017-08-01 00:00:00,3998,952,0.01568925753235817,0.011829443275928497,0.9969907402992249,0.042733136639927685,-1.6956870527319978,-1.949309575076683,-1.5334590878204657,1244,5.700205338809035,2.86208076659822,0.22505012383535794,13729,72.75828069999989,0.04788390000067011,23489
fmi_helsinki,S,main,"Helsinki, Finland",Dfb,lstm,2,-1.0,2017-08-01 00:00:00,3998,952,0.0159995686262846,0.01193958055227995,0.9968705177307129,0.04357833701670105,-1.8022201342280662,-1.9978795969473329,-1.5431179427189412,1244,5.700205338809035,2.86208076659822,0.22505012383535794,13729,72.543105499999,0.046360700000150246,23489
fmi_helsinki,S,main,"Helsinki, Finland",Dfb,lstm,3,-1.0,2017-08-01 00:00:00,3998,952,0.014627635478973389,0.011002147570252419,0.9973841905593872,0.03984157595430016,-1.7819676157809474,-1.9585703070359228,-1.540455733210194,1244,5.700205338809035,2.86208076659822,0.22505012383535794,13729,73.36833809999916,0.05141879999973753,23489
fmi_helsinki,S,main,"Helsinki, Finland",Dfb,lstm,4,-1.0,2017-08-01 00:00:00,3998,952,0.01571485586464405,0.011665809899568558,0.9969809055328369,0.042802859316674546,-1.7663620944764313,-1.9897933701014336,-1.532068641901329,1244,5.700205338809035,2.86208076659822,0.22505012383535794,13729,74.50846739999906,0.04409239999949932,23489
fmi_helsinki,S,main,"Helsinki, Finland",Dfb,gru,0,-1.0,2017-08-01 00:00:00,3998,952,0.013025359250605106,0.009717903099954128,0.997925877571106,0.035477424950943,-1.7681013942453543,-1.9003579812727833,-1.641869503097615,1244,5.700205338809035,2.86208076659822,0.22505012383535794,151809,74.92859489999864,0.06784439999864844,23489
fmi_helsinki,S,main,"Helsinki, Finland",Dfb,gru,1,-1.0,2017-08-01 00:00:00,3998,952,0.014355212450027466,0.010609887540340424,0.9974806904792786,0.03909957203883129,-1.8121916188170517,-1.916248246547238,-1.649626877631316,1244,5.700205338809035,2.86208076659822,0.22505012383535794,151809,75.06262649999917,0.06678649999957997,23489
fmi_helsinki,S,main,"Helsinki, Finland",Dfb,gru,2,-1.0,2017-08-01 00:00:00,3998,952,0.0121132368221879,0.009266003966331482,0.9982061982154846,0.0329930593086871,-1.7707122480461326,-1.9383466413889647,-1.657785596139272,1244,5.700205338809035,2.86208076659822,0.22505012383535794,151809,76.26576900000146,0.10227929999928165,23489
fmi_helsinki,S,main,"Helsinki, Finland",Dfb,gru,3,-1.0,2017-08-01 00:00:00,3998,952,0.012554465793073177,0.009491200558841228,0.9980731010437012,0.034194843259485776,-1.7521756123250576,-1.9128399495137518,-1.5860945839453966,1244,5.700205338809035,2.86208076659822,0.22505012383535794,151809,76.05924950000008,0.07842530000016268,23489
fmi_helsinki,S,main,"Helsinki, Finland",Dfb,gru,4,-1.0,2017-08-01 00:00:00,3998,952,0.012572144158184528,0.009513706900179386,0.9980676770210266,0.034242994167220944,-1.829856478274607,-1.9425038260041905,-1.671573246048036,1244,5.700205338809035,2.86208076659822,0.22505012383535794,151809,75.44243540000025,0.08124029999999038,23489
fmi_helsinki,S,main,"Helsinki, Finland",Dfb,tcn,0,-1.0,2017-08-01 00:00:00,3998,952,0.01101966667920351,0.008305774070322514,0.9985154271125793,0.030014480988513833,-1.7542583327334407,-1.8832029656645557,-1.6437828449229501,1244,5.700205338809035,2.86208076659822,0.22505012383535794,198273,12.669825299999502,0.10488869999971939,23489
fmi_helsinki,S,main,"Helsinki, Finland",Dfb,tcn,1,-1.0,2017-08-01 00:00:00,3998,952,0.011193688027560711,0.008529651910066605,0.9984682202339172,0.03048846632799057,-1.8122580504123997,-1.9413706842749605,-1.6996040513312383,1244,5.700205338809035,2.86208076659822,0.22505012383535794,198273,13.193491299998641,0.1179707999999664,23489
fmi_helsinki,S,main,"Helsinki, Finland",Dfb,tcn,2,-1.0,2017-08-01 00:00:00,3998,952,0.0124944057315588,0.00938891340047121,0.9980915188789368,0.034031256498926646,-1.7715086604968344,-1.935419990351861,-1.6393897951672516,1244,5.700205338809035,2.86208076659822,0.22505012383535794,198273,8.991712400000324,0.11925410000003467,23489
fmi_helsinki,S,main,"Helsinki, Finland",Dfb,tcn,3,-1.0,2017-08-01 00:00:00,3998,952,0.011800221167504787,0.00896393321454525,0.9982976913452148,0.03214049246704897,-1.8153013404229978,-1.9299001407066418,-1.674071276633965,1244,5.700205338809035,2.86208076659822,0.22505012383535794,198273,9.369335800000044,0.11969629999839526,23489
fmi_helsinki,S,main,"Helsinki, Finland",Dfb,tcn,4,-1.0,2017-08-01 00:00:00,3998,952,0.014188209548592567,0.0104904156178236,0.9975389838218689,0.038644702980077994,-1.8600243795858895,-2.0135174246833087,-1.6684692262954508,1244,5.700205338809035,2.86208076659822,0.22505012383535794,198273,5.680637400000705,0.11923300000125892,23489
fmi_helsinki,S,main,"Helsinki, Finland",Dfb,patchtst,0,-1.0,2017-08-01 00:00:00,3998,952,0.021786052733659744,0.0160962101072073,0.9941974878311157,0.059339096601100934,-1.7247806303031132,-2.078633821173543,-1.5059832008133718,1244,5.700205338809035,2.86208076659822,0.22505012383535794,25857,11.727198899998257,0.34550019999915094,23489
fmi_helsinki,S,main,"Helsinki, Finland",Dfb,patchtst,1,-1.0,2017-08-01 00:00:00,3998,952,0.021567896008491516,0.015730688348412514,0.99431312084198,0.05874489887528084,-1.8928331909516816,-2.181448351465854,-1.583321970171615,1244,5.700205338809035,2.86208076659822,0.22505012383535794,25857,20.69731429999956,0.33892590000141354,23489
fmi_helsinki,S,main,"Helsinki, Finland",Dfb,patchtst,2,-1.0,2017-08-01 00:00:00,3998,952,0.01983633264899254,0.013881863094866276,0.9951896071434021,0.054028605992105745,-1.8810493781061606,-2.0741007685172006,-1.6253491553955188,1244,5.700205338809035,2.86208076659822,0.22505012383535794,25857,21.195463799998834,0.3408044999996491,23489
fmi_helsinki,S,main,"Helsinki, Finland",Dfb,patchtst,3,-1.0,2017-08-01 00:00:00,3998,952,0.020922735333442688,0.015388107858598232,0.994648277759552,0.05698766216572281,-1.8835929162118734,-2.112856918169802,-1.5409891913683138,1244,5.700205338809035,2.86208076659822,0.22505012383535794,25857,16.33433369999875,0.34172229999967385,23489
fmi_helsinki,S,main,"Helsinki, Finland",Dfb,patchtst,4,-1.0,2017-08-01 00:00:00,3998,952,0.02235490269958973,0.01583409681916237,0.9938905239105225,0.06088848434437489,-1.8339745675363142,-2.039722719320639,-1.518545173576602,1244,5.700205338809035,2.86208076659822,0.22505012383535794,25857,13.307431299999735,0.34937299999910465,23489
fmi_helsinki,S,main,"Helsinki, Finland",Dfb,informer,0,-1.0,2017-08-01 00:00:00,3998,952,0.016517825424671173,0.012609711848199368,0.9966644644737244,0.044989923163104004,-1.6715101567025097,-1.8781370135659947,-1.4252644997574726,1244,5.700205338809035,2.86208076659822,0.22505012383535794,81537,22.300021500001094,0.16002630000002682,23489
fmi_helsinki,S,main,"Helsinki, Finland",Dfb,informer,1,-1.0,2017-08-01 00:00:00,3998,952,0.01634042151272297,0.01207089051604271,0.9967357516288757,0.0445067246692234,-1.7250930949409937,-1.9275431337073705,-1.5617151302008285,1244,5.700205338809035,2.86208076659822,0.22505012383535794,81537,17.804516800000783,0.15905880000173056,23489
fmi_helsinki,S,main,"Helsinki, Finland",Dfb,informer,2,-1.0,2017-08-01 00:00:00,3998,952,0.0169026218354702,0.012740696780383587,0.9965072870254517,0.046038000649710024,-1.7554038550868178,-1.918050731564838,-1.626483107818938,1244,5.700205338809035,2.86208076659822,0.22505012383535794,81537,15.84318549999989,0.16087230000084674,23489
fmi_helsinki,S,main,"Helsinki, Finland",Dfb,informer,3,-1.0,2017-08-01 00:00:00,3998,952,0.020206820219755173,0.015024659223854542,0.9950082302093506,0.055037710212120096,-1.7961080570726873,-1.9709053875746847,-1.5299814638118692,1244,5.700205338809035,2.86208076659822,0.22505012383535794,81537,12.08520469999894,0.15905750000092667,23489
fmi_helsinki,S,main,"Helsinki, Finland",Dfb,informer,4,-1.0,2017-08-01 00:00:00,3998,952,0.01882154680788517,0.013721180148422718,0.9956691861152649,0.05126461401104052,-1.8371935519385723,-2.0183574892714007,-1.613904134682861,1244,5.700205338809035,2.86208076659822,0.22505012383535794,81537,17.806466599999112,0.21135599999979604,23489
fmi_helsinki,S,main,"Helsinki, Finland",Dfb,lstm,0,-2.0,2017-08-01 00:00:00,3998,952,0.016627583652734756,0.012158021330833435,0.9965752959251404,0.04561632913925932,-2.798647446858915,-2.9588625339390995,-2.5863397206886742,1244,5.700205338809035,2.86208076659822,0.22542752683099423,13729,75.04665879999993,0.047132599998803926,23489
fmi_helsinki,S,main,"Helsinki, Finland",Dfb,lstm,1,-2.0,2017-08-01 00:00:00,3998,952,0.01599276065826416,0.01207057572901249,0.9968317747116089,0.0438747474839971,-2.759156504055632,-2.9271975395161243,-2.518274983915525,1244,5.700205338809035,2.86208076659822,0.22542752683099423,13729,72.84799550000025,0.047652600000219536,23489
fmi_helsinki,S,main,"Helsinki, Finland",Dfb,lstm,2,-2.0,2017-08-01 00:00:00,3998,952,0.01618162728846073,0.01202551182359457,0.9967564940452576,0.04439288665240553,-2.763404693619552,-2.9668655008826708,-2.5067906639520685,1244,5.700205338809035,2.86208076659822,0.22542752683099423,13729,71.56580319999921,0.04791099999965809,23489
fmi_helsinki,S,main,"Helsinki, Finland",Dfb,lstm,3,-2.0,2017-08-01 00:00:00,3998,952,0.014885835349559784,0.011173521168529987,0.9972552061080933,0.040837994202883386,-2.7490431329988185,-2.948196881374135,-2.558828546761971,1244,5.700205338809035,2.86208076659822,0.22542752683099423,13729,73.16856810000172,0.04645960000016203,23489
fmi_helsinki,S,main,"Helsinki, Finland",Dfb,lstm,4,-2.0,2017-08-01 00:00:00,3998,952,0.016357818618416786,0.012417104095220566,0.9966855049133301,0.04487625223736455,-2.833920131628518,-3.0062659750524743,-2.650320918281607,1244,5.700205338809035,2.86208076659822,0.22542752683099423,13729,71.58511050000016,0.047792200000913,23489
fmi_helsinki,S,main,"Helsinki, Finland",Dfb,gru,0,-2.0,2017-08-01 00:00:00,3998,952,0.014058496803045273,0.010393882170319557,0.9975517988204956,0.038568262879583426,-2.7552214530508934,-2.8764576726259383,-2.611439624728839,1244,5.700205338809035,2.86208076659822,0.22542752683099423,151809,77.48533169999973,0.0773802000003343,23489
fmi_helsinki,S,main,"Helsinki, Finland",Dfb,gru,1,-2.0,2017-08-01 00:00:00,3998,952,0.014460589736700058,0.010723458603024483,0.9974097609519958,0.0396713698606841,-2.7860242237282913,-2.9290006644136946,-2.6363805452026514,1244,5.700205338809035,2.86208076659822,0.22542752683099423,151809,78.04809370000112,0.0851583000003302,23489
fmi_helsinki,S,main,"Helsinki, Finland",Dfb,gru,2,-2.0,2017-08-01 00:00:00,3998,952,0.012853998690843582,0.009836390614509583,0.9979533553123474,0.03526382710098056,-2.7838842238739225,-2.9100657134358556,-2.678593345247271,1244,5.700205338809035,2.86208076659822,0.22542752683099423,151809,78.95951140000034,0.10542059999897901,23489
fmi_helsinki,S,main,"Helsinki, Finland",Dfb,gru,3,-2.0,2017-08-01 00:00:00,3998,952,0.01331022847443819,0.010112127289175987,0.9978054761886597,0.03651545381994534,-2.779582826861493,-2.917636084814368,-2.6168325247374087,1244,5.700205338809035,2.86208076659822,0.22542752683099423,151809,74.35451309999917,0.08529160000034608,23489
fmi_helsinki,S,main,"Helsinki, Finland",Dfb,gru,4,-2.0,2017-08-01 00:00:00,3998,952,0.012979171238839626,0.009815177880227566,0.9979133009910583,0.03560722709630389,-2.781011878991266,-2.899390673439839,-2.631065993546584,1244,5.700205338809035,2.86208076659822,0.22542752683099423,151809,74.96881249999933,0.07385700000122597,23489
fmi_helsinki,S,main,"Helsinki, Finland",Dfb,tcn,0,-2.0,2017-08-01 00:00:00,3998,952,0.011961636133491993,0.009283643215894699,0.9982276558876038,0.0328157080610859,-2.7649802853157492,-2.9282837306151333,-2.6107690125636687,1244,5.700205338809035,2.86208076659822,0.22542752683099423,198273,11.735619500001121,0.12461720000101195,23489
fmi_helsinki,S,main,"Helsinki, Finland",Dfb,tcn,1,-2.0,2017-08-01 00:00:00,3998,952,0.011901993304491043,0.009058556519448757,0.9982452988624573,0.03265208314869182,-2.7133320729020927,-2.863228351284048,-2.619435575576694,1244,5.700205338809035,2.86208076659822,0.22542752683099423,198273,12.963938900000358,0.12244920000011916,23489
fmi_helsinki,S,main,"Helsinki, Finland",Dfb,tcn,2,-2.0,2017-08-01 00:00:00,3998,952,0.013421238400042057,0.010200021788477898,0.997768759727478,0.0368199998928943,-2.7940063903721786,-2.9761352649732453,-2.6384779732695818,1244,5.700205338809035,2.86208076659822,0.22542752683099423,198273,9.012917599999128,0.12245179999990796,23489
fmi_helsinki,S,main,"Helsinki, Finland",Dfb,tcn,3,-2.0,2017-08-01 00:00:00,3998,952,0.01145986933261156,0.008794374763965607,0.9983732104301453,0.03143915449695149,-2.7878711746690934,-2.9328564569496063,-2.7042068086921596,1244,5.700205338809035,2.86208076659822,0.22542752683099423,198273,12.928726399999505,0.12438669999937702,23489
fmi_helsinki,S,main,"Helsinki, Finland",Dfb,tcn,4,-2.0,2017-08-01 00:00:00,3998,952,0.014951099641621113,0.011196891777217388,0.9972310662269592,0.04101704111011219,-2.837397715295986,-3.003153620959807,-2.675526115929475,1244,5.700205338809035,2.86208076659822,0.22542752683099423,198273,5.67892799999936,0.12312819999897329,23489
fmi_helsinki,S,main,"Helsinki, Finland",Dfb,patchtst,0,-2.0,2017-08-01 00:00:00,3998,952,0.022306863218545914,0.016441386193037033,0.9938362836837769,0.06119693852655911,-2.727493273729303,-3.0679205705847377,-2.404586847741359,1244,5.700205338809035,2.86208076659822,0.22542752683099423,25857,11.672305699999924,0.29684119999910763,23489
fmi_helsinki,S,main,"Helsinki, Finland",Dfb,patchtst,1,-2.0,2017-08-01 00:00:00,3998,952,0.02174357697367668,0.015976745635271072,0.9941436052322388,0.059651611720078344,-2.889090185625489,-3.109995175574193,-2.619687120215397,1244,5.700205338809035,2.86208076659822,0.22542752683099423,25857,20.20665790000021,0.30033499999990454,23489
fmi_helsinki,S,main,"Helsinki, Finland",Dfb,patchtst,2,-2.0,2017-08-01 00:00:00,3998,952,0.020049095153808594,0.014055673032999039,0.995020866394043,0.055002948268436,-2.799594300189631,-3.024256223391708,-2.5928677006498866,1244,5.700205338809035,2.86208076659822,0.22542752683099423,25857,20.414193599999635,0.2968289000000368,23489
fmi_helsinki,S,main,"Helsinki, Finland",Dfb,patchtst,3,-2.0,2017-08-01 00:00:00,3998,952,0.020870333537459373,0.015272651799023151,0.9946045875549316,0.057255944325637964,-2.7820655088130937,-3.0374120619278355,-2.6264419577007665,1244,5.700205338809035,2.86208076659822,0.22542752683099423,25857,16.1851512000012,0.3238630000014382,23489
fmi_helsinki,S,main,"Helsinki, Finland",Dfb,patchtst,4,-2.0,2017-08-01 00:00:00,3998,952,0.022699858993291855,0.01620134711265564,0.9936171770095825,0.06227508824365288,-2.8331382276940063,-3.034951543516742,-2.442588215251634,1244,5.700205338809035,2.86208076659822,0.22542752683099423,25857,13.174057100000937,0.2529514999987441,23489
fmi_helsinki,S,main,"Helsinki, Finland",Dfb,informer,0,-2.0,2017-08-01 00:00:00,3998,952,0.017025932669639587,0.012951034121215343,0.9964092373847961,0.04670916501048001,-2.632532704165241,-2.8510556773604687,-2.4914311063644554,1244,5.700205338809035,2.86208076659822,0.22542752683099423,81537,22.783225299999685,0.11849239999901329,23489
fmi_helsinki,S,main,"Helsinki, Finland",Dfb,informer,1,-2.0,2017-08-01 00:00:00,3998,952,0.016670221462845802,0.012379297986626625,0.9965577125549316,0.04573330226177811,-2.7253865996085374,-2.8904459135540073,-2.5231961381119117,1244,5.700205338809035,2.86208076659822,0.22542752683099423,81537,17.3183812999996,0.1374775000003865,23489
fmi_helsinki,S,main,"Helsinki, Finland",Dfb,informer,2,-2.0,2017-08-01 00:00:00,3998,952,0.017788613215088844,0.013609563931822777,0.9960803389549255,0.04880151273315113,-2.794173290151858,-2.949854000394889,-2.6583916259553515,1244,5.700205338809035,2.86208076659822,0.22542752683099423,81537,14.046057200001087,0.13811189999978524,23489
fmi_helsinki,S,main,"Helsinki, Finland",Dfb,informer,3,-2.0,2017-08-01 00:00:00,3998,952,0.01982298493385315,0.014869928359985352,0.9951325058937073,0.05438263455174383,-2.720205118723178,-2.9754140676563456,-2.4503501907902585,1244,5.700205338809035,2.86208076659822,0.22542752683099423,81537,11.865026400000716,0.134214300000167,23489
fmi_helsinki,S,main,"Helsinki, Finland",Dfb,informer,4,-2.0,2017-08-01 00:00:00,3998,952,0.016633978113532066,0.012637108564376831,0.9965726733207703,0.04563387178613395,-2.725031468130512,-2.926537058846934,-2.5241976804211754,1244,5.700205338809035,2.86208076659822,0.22542752683099423,81537,29.39412430000084,0.1340754000011657,23489
fmi_kuopio,S,main,"Kuopio, Finland",Dfc,lstm,0,0.0,2019-05-01 00:00:00,3686,809,0.0186525359749794,0.013781240209937096,0.9947027564048767,0.06476386279824478,-0.7527190402320763,-1.0344428835900812,-0.48940008275094593,796,4.555783709787817,2.41854893908282,0.23323925076060262,13729,59.08723099999952,0.035059699999692384,16065
fmi_kuopio,S,main,"Kuopio, Finland",Dfc,lstm,1,0.0,2019-05-01 00:00:00,3686,809,0.017595944926142693,0.013129153288900852,0.9952859282493591,0.06109525077613127,-0.8795435773901461,-1.0795943990366874,-0.5236927811115051,796,4.555783709787817,2.41854893908282,0.23323925076060262,13729,65.3579566999997,0.0295734999999695,16065
fmi_kuopio,S,main,"Kuopio, Finland",Dfc,lstm,2,0.0,2019-05-01 00:00:00,3686,809,0.016868965700268745,0.01248549111187458,0.9956673979759216,0.0585710909029199,-0.7907654430943656,-1.0848883099243822,-0.46170451145488506,796,4.555783709787817,2.41854893908282,0.23323925076060262,13729,65.95652979999977,0.03223459999935585,16065
fmi_kuopio,S,main,"Kuopio, Finland",Dfc,lstm,3,0.0,2019-05-01 00:00:00,3686,809,0.017011210322380066,0.012780379503965378,0.9955940246582031,0.05906498144962964,-0.8156766868729595,-1.0653721183172815,-0.5033279869511742,796,4.555783709787817,2.41854893908282,0.23323925076060262,13729,67.01576529999875,0.03076829999918118,16065
fmi_kuopio,S,main,"Kuopio, Finland",Dfc,lstm,4,0.0,2019-05-01 00:00:00,3686,809,0.018860282376408577,0.013914325274527073,0.9945841431617737,0.06548518345174928,-0.6990474525497492,-1.1376810376585977,-0.362066585240739,796,4.555783709787817,2.41854893908282,0.23323925076060262,13729,55.764885999999024,0.03215500000078464,16065
fmi_kuopio,S,main,"Kuopio, Finland",Dfc,gru,0,0.0,2019-05-01 00:00:00,3686,809,0.01829170621931553,0.013917513191699982,0.9949057102203369,0.06351101820806754,-1.117649343642194,-1.385789807989718,-0.8385090042600292,796,4.555783709787817,2.41854893908282,0.23323925076060262,151809,46.537109599999894,0.04764239999894926,16065
fmi_kuopio,S,main,"Kuopio, Finland",Dfc,gru,1,0.0,2019-05-01 00:00:00,3686,809,0.02110951952636242,0.01603856310248375,0.9932153224945068,0.07329480710698454,-0.9980566655768186,-1.3128482085810607,-0.7467567493739098,796,4.555783709787817,2.41854893908282,0.23323925076060262,151809,31.82615149999947,0.04661040000064531,16065
fmi_kuopio,S,main,"Kuopio, Finland",Dfc,gru,2,0.0,2019-05-01 00:00:00,3686,809,0.015534136444330215,0.011647148989140987,0.9963259100914001,0.05393640214495965,-0.8991309257344149,-1.0920748091826087,-0.6647043549115113,796,4.555783709787817,2.41854893908282,0.23323925076060262,151809,69.2978579999999,0.05526309999913792,16065
fmi_kuopio,S,main,"Kuopio, Finland",Dfc,gru,3,0.0,2019-05-01 00:00:00,3686,809,0.015407581813633442,0.011441205628216267,0.9963855743408203,0.053496989147717736,-0.8184500493200408,-1.1183186976803063,-0.5614477417171093,796,4.555783709787817,2.41854893908282,0.23323925076060262,151809,69.23781990000134,0.0694932999995217,16065
fmi_kuopio,S,main,"Kuopio, Finland",Dfc,gru,4,0.0,2019-05-01 00:00:00,3686,809,0.01580396667122841,0.011484195478260517,0.9961971640586853,0.054873285355751755,-0.8980535747487361,-1.1127721223216036,-0.7032306204253991,796,4.555783709787817,2.41854893908282,0.23323925076060262,151809,76.22126499999831,0.06362569999873813,16065
fmi_kuopio,S,main,"Kuopio, Finland",Dfc,tcn,0,0.0,2019-05-01 00:00:00,3686,809,0.01579257659614086,0.011727278120815754,0.9962026476860046,0.054833737636276976,-0.6808609870992228,-0.9379065048176077,-0.47746720492331074,796,4.555783709787817,2.41854893908282,0.23323925076060262,198273,4.716719500000181,0.11129599999912898,16065
fmi_kuopio,S,main,"Kuopio, Finland",Dfc,tcn,1,0.0,2019-05-01 00:00:00,3686,809,0.013637150637805462,0.00994458794593811,0.9971684813499451,0.04734983779420399,-0.7768228917593649,-0.9808944923787832,-0.6042830507336701,796,4.555783709787817,2.41854893908282,0.23323925076060262,198273,14.634949499999493,0.10657119999996212,16065
fmi_kuopio,S,main,"Kuopio, Finland",Dfc,tcn,2,0.0,2019-05-01 00:00:00,3686,809,0.013377672992646694,0.00996095035225153,0.9972752332687378,0.046448900000393215,-0.7306014828599827,-0.9206283328747974,-0.4877626399848678,796,4.555783709787817,2.41854893908282,0.23323925076060262,198273,11.405703399999766,0.10875680000026478,16065
fmi_kuopio,S,main,"Kuopio, Finland",Dfc,tcn,3,0.0,2019-05-01 00:00:00,3686,809,0.013014478608965874,0.009714112617075443,0.997421145439148,0.045187845135502454,-0.7880628883855005,-0.9194895841566779,-0.6197350379507471,796,4.555783709787817,2.41854893908282,0.23323925076060262,198273,13.175324399999226,0.13068620000012743,16065
fmi_kuopio,S,main,"Kuopio, Finland",Dfc,tcn,4,0.0,2019-05-01 00:00:00,3686,809,0.014061623252928257,0.01002394501119852,0.9969894886016846,0.04882365809640315,-0.7359105509756856,-1.001731248231065,-0.5408994724158678,796,4.555783709787817,2.41854893908282,0.23323925076060262,198273,9.967088299999887,0.11701499999981024,16065
fmi_kuopio,S,main,"Kuopio, Finland",Dfc,patchtst,0,0.0,2019-05-01 00:00:00,3686,809,0.019452402368187904,0.014547325670719147,0.9942387342453003,0.06754109573944754,-1.1201923474905198,-1.3279401303543623,-0.8527851051435527,796,4.555783709787817,2.41854893908282,0.23323925076060262,25857,21.13052439999956,0.33806649999860383,16065
fmi_kuopio,S,main,"Kuopio, Finland",Dfc,patchtst,1,0.0,2019-05-01 00:00:00,3686,809,0.01995045319199562,0.014939934946596622,0.9939399361610413,0.06927038848885726,-1.0077040902624774,-1.235342729154307,-0.6348925133933585,796,4.555783709787817,2.41854893908282,0.23323925076060262,25857,15.981913600000553,0.26745019999907527,16065
fmi_kuopio,S,main,"Kuopio, Finland",Dfc,patchtst,2,0.0,2019-05-01 00:00:00,3686,809,0.02009594440460205,0.015067478641867638,0.9938511848449707,0.06977555159076643,-0.9092774505982867,-1.213284688642818,-0.641334460192237,796,4.555783709787817,2.41854893908282,0.23323925076060262,25857,16.583930599999803,0.3283401999997295,16065
fmi_kuopio,S,main,"Kuopio, Finland",Dfc,patchtst,3,0.0,2019-05-01 00:00:00,3686,809,0.0209258571267128,0.016115164384245872,0.9933328628540039,0.07265710902303177,-1.0171124874453306,-1.3285160151562798,-0.7385862222313843,796,4.555783709787817,2.41854893908282,0.23323925076060262,25857,12.759422700000869,0.3682736999999179,16065
fmi_kuopio,S,main,"Kuopio, Finland",Dfc,patchtst,4,0.0,2019-05-01 00:00:00,3686,809,0.019891390576958656,0.015212206169962883,0.9939757585525513,0.06906531593990785,-0.9420726857122141,-1.263872609571487,-0.6130434945891132,796,4.555783709787817,2.41854893908282,0.23323925076060262,25857,16.279276200000822,0.35025409999980184,16065
fmi_kuopio,S,main,"Kuopio, Finland",Dfc,informer,0,0.0,2019-05-01 00:00:00,3686,809,0.02033168263733387,0.015907304361462593,0.9937061071395874,0.07059406327097034,-0.7665138459186194,-1.0465510229459851,-0.37643002540668213,796,4.555783709787817,2.41854893908282,0.23320259521278547,81537,10.712489600000481,0.12249530000008235,16065
fmi_kuopio,S,main,"Kuopio, Finland",Dfc,informer,1,0.0,2019-05-01 00:00:00,3686,809,0.016701845452189445,0.012434493750333786,0.9957528114318848,0.05799082917164996,-0.6081804697685655,-0.885942599606807,-0.38793759078285933,796,4.555783709787817,2.41854893908282,0.23323925076060262,81537,21.653886899999634,0.11593560000073921,16065
fmi_kuopio,S,main,"Kuopio, Finland",Dfc,informer,2,0.0,2019-05-01 00:00:00,3686,809,0.01695115491747856,0.01282146293669939,0.9956250786781311,0.058856461814093146,-0.7166737022786162,-0.99015538956636,-0.40886213437510643,796,4.555783709787817,2.41854893908282,0.23323925076060262,81537,21.140877499999988,0.12638689999948838,16065
fmi_kuopio,S,main,"Kuopio, Finland",Dfc,informer,3,0.0,2019-05-01 00:00:00,3686,809,0.019663037732243538,0.014910147525370121,0.9941132664680481,0.06827244722090059,-0.7325006133690857,-1.0966013616151238,-0.31353052891074806,796,4.555783709787817,2.41854893908282,0.23323925076060262,81537,11.638729100001001,0.1301316000008228,16065
fmi_kuopio,S,main,"Kuopio, Finland",Dfc,informer,4,0.0,2019-05-01 00:00:00,3686,809,0.01752832904458046,0.01315619982779026,0.995322048664093,0.06086048025043155,-0.6846443087494363,-0.9492531534027964,-0.3133485295626196,796,4.555783709787817,2.41854893908282,0.23323925076060262,81537,18.75927909999882,0.1305212000006577,16065
fmi_kuopio,S,main,"Kuopio, Finland",Dfc,lstm,0,-0.25,2019-05-01 00:00:00,3686,809,0.01864313706755638,0.01375768892467022,0.9946783781051636,0.06490835050308755,-0.9960593793059145,-1.2652869304854675,-0.6911659627194644,796,4.555783709787817,2.41854893908282,0.23360580623877425,13729,81.10892489999969,0.0327517000005173,16065
fmi_kuopio,S,main,"Kuopio, Finland",Dfc,lstm,1,-0.25,2019-05-01 00:00:00,3686,809,0.017597157508134842,0.013122646138072014,0.9952588081359863,0.06126664537503008,-1.1528347227117541,-1.3366428549690834,-0.7326599513800436,796,4.555783709787817,2.41854893908282,0.23360580623877425,13729,88.68957819999923,0.041940799999792944,16065
fmi_kuopio,S,main,"Kuopio, Finland",Dfc,lstm,2,-0.25,2019-05-01 00:00:00,3686,809,0.016837725415825844,0.012445595115423203,0.9956591725349426,0.05862259012551586,-1.0594386745384505,-1.3212857664029256,-0.6780216562840045,796,4.555783709787817,2.41854893908282,0.23360580623877425,13729,86.10982239999976,0.031157500001427252,16065
fmi_kuopio,S,main,"Kuopio, Finland",Dfc,lstm,3,-0.25,2019-05-01 00:00:00,3686,809,0.01701195538043976,0.012780685909092426,0.9955688714981079,0.05922919295047609,-1.0568053908039665,-1.295642009103594,-0.6925641962720275,796,4.555783709787817,2.41854893908282,0.23360580623877425,13729,79.6411919000002,0.03358170000137761,16065
fmi_kuopio,S,main,"Kuopio, Finland",Dfc,lstm,4,-0.25,2019-05-01 00:00:00,3686,809,0.018844114616513252,0.013885892927646637,0.9945630431175232,0.06560807829802211,-0.9637842172289135,-1.326220851447707,-0.598357048144809,796,4.555783709787817,2.41854893908282,0.23360580623877425,13729,74.63142829999924,0.0461048999986815,16065
fmi_kuopio,S,main,"Kuopio, Finland",Dfc,gru,0,-0.25,2019-05-01 00:00:00,3686,809,0.01826978474855423,0.013897172175347805,0.9948894381523132,0.06360847896885392,-1.3748805564004818,-1.6596814759713308,-1.093388460644007,796,4.555783709787817,2.41854893908282,0.23360580623877425,151809,62.98428580000109,0.0662730999993073,16065
fmi_kuopio,S,main,"Kuopio, Finland",Dfc,gru,1,-0.25,2019-05-01 00:00:00,3686,809,0.021053940057754517,0.016005730256438255,0.9932131171226501,0.0733018544994717,-1.2284173646614438,-1.5206854609294662,-0.987789519994137,796,4.555783709787817,2.41854893908282,0.23360580623877425,151809,42.28900729999987,0.08345340000050783,16065
fmi_kuopio,S,main,"Kuopio, Finland",Dfc,gru,2,-0.25,2019-05-01 00:00:00,3686,809,0.01553354598581791,0.011639704927802086,0.9963055849075317,0.054081930726020945,-1.1204729181778283,-1.363902557886175,-0.9250672094023582,796,4.555783709787817,2.41854893908282,0.23360580623877425,151809,74.14606060000006,0.08111539999845263,16065
fmi_kuopio,S,main,"Kuopio, Finland",Dfc,gru,3,-0.25,2019-05-01 00:00:00,3686,809,0.01541091687977314,0.011436453089118004,0.9963636994361877,0.05365498256980715,-1.0952504295134446,-1.3589065432115477,-0.7869666305224674,796,4.555783709787817,2.41854893908282,0.23360580623877425,151809,90.33510430000024,0.06306559999939054,16065
fmi_kuopio,S,main,"Kuopio, Finland",Dfc,gru,4,-0.25,2019-05-01 00:00:00,3686,809,0.015797020867466927,0.011474457569420338,0.9961792230606079,0.05499925059042268,-1.1481749693471075,-1.3478289890906623,-0.9230486721784716,796,4.555783709787817,2.41854893908282,0.23360580623877425,151809,93.14248450000014,0.06691220000175235,16065
fmi_kuopio,S,main,"Kuopio, Finland",Dfc,tcn,0,-0.25,2019-05-01 00:00:00,3686,809,0.013857231475412846,0.010201581753790379,0.9970599412918091,0.04824563775662933,-1.069561100191473,-1.2830864701421032,-0.8811058172857766,796,4.555783709787817,2.41854893908282,0.23360580623877425,198273,9.67627419999917,0.10603040000023611,16065
fmi_kuopio,S,main,"Kuopio, Finland",Dfc,tcn,1,-0.25,2019-05-01 00:00:00,3686,809,0.01370584312826395,0.010114294476807117,0.9971238374710083,0.04771856080261584,-1.013393823724121,-1.1842073170739535,-0.8398739035804459,796,4.555783709787817,2.41854893908282,0.23360580623877425,198273,13.64603690000149,0.12856339999962074,16065
fmi_kuopio,S,main,"Kuopio, Finland",Dfc,tcn,2,-0.25,2019-05-01 00:00:00,3686,809,0.013609536923468113,0.010175780393183231,0.9971641302108765,0.04738325903050214,-1.0149544900581065,-1.152042382784404,-0.8628571356967707,796,4.555783709787817,2.41854893908282,0.23360580623877425,198273,10.694473300000027,0.13101270000152,16065
fmi_kuopio,S,main,"Kuopio, Finland",Dfc,tcn,3,-0.25,2019-05-01 00:00:00,3686,809,0.013268036767840385,0.009714462794363499,0.9973046183586121,0.04619428467934972,-1.102571139561176,-1.3056674904232959,-0.8755880165352337,796,4.555783709787817,2.41854893908282,0.23360580623877425,198273,8.497549400000935,0.13056999999935215,16065
fmi_kuopio,S,main,"Kuopio, Finland",Dfc,tcn,4,-0.25,2019-05-01 00:00:00,3686,809,0.013780860230326653,0.009875227697193623,0.9970922470092773,0.04797974197275729,-1.0053505016807003,-1.2450433104260004,-0.8410325286442761,796,4.555783709787817,2.41854893908282,0.23360580623877425,198273,11.316195200000948,0.1299682999997458,16065
fmi_kuopio,S,main,"Kuopio, Finland",Dfc,patchtst,0,-0.25,2019-05-01 00:00:00,3686,809,0.01941761188209057,0.014484956860542297,0.9942270517349243,0.06760477882067369,-1.3372811385087613,-1.5420392199955668,-1.1130037307359708,796,4.555783709787817,2.41854893908282,0.23360580623877425,25857,21.991840000000593,0.4464824000006047,16065
fmi_kuopio,S,main,"Kuopio, Finland",Dfc,patchtst,1,-0.25,2019-05-01 00:00:00,3686,809,0.02004617638885975,0.015052306465804577,0.9938473105430603,0.06979320264501893,-1.1635029226284066,-1.503467955717416,-0.8709849528982252,796,4.555783709787817,2.41854893908282,0.23360580623877425,25857,25.85364379999919,0.4777684999990015,16065
fmi_kuopio,S,main,"Kuopio, Finland",Dfc,patchtst,2,-0.25,2019-05-01 00:00:00,3686,809,0.020071879029273987,0.015042806044220924,0.9938315153121948,0.06988268951553953,-1.1481340710304613,-1.4578613781909358,-0.9059965571200923,796,4.555783709787817,2.41854893908282,0.23360580623877425,25857,23.72828870000012,0.33480499999859603,16065
fmi_kuopio,S,main,"Kuopio, Finland",Dfc,patchtst,3,-0.25,2019-05-01 00:00:00,3686,809,0.020912233740091324,0.01612941175699234,0.9933041930198669,0.07280848670938068,-1.245028309931406,-1.5186907033820307,-0.9767371449207307,796,4.555783709787817,2.41854893908282,0.23360580623877425,25857,14.116822899999534,0.3423966999998811,16065
fmi_kuopio,S,main,"Kuopio, Finland",Dfc,patchtst,4,-0.25,2019-05-01 00:00:00,3686,809,0.0199744813144207,0.015303709544241428,0.9938912391662598,0.06954358751832798,-1.171570669165262,-1.5392265138713608,-0.8910772312762484,796,4.555783709787817,2.41854893908282,0.23360580623877425,25857,15.012486999999965,0.32116900000073656,16065
fmi_kuopio,S,main,"Kuopio, Finland",Dfc,informer,0,-0.25,2019-05-01 00:00:00,3686,809,0.017845692113041878,0.013387372717261314,0.9951239228248596,0.06213194884777694,-0.9390095880607655,-1.297872156455611,-0.628039965309767,796,4.555783709787817,2.41854893908282,0.23356915069095707,81537,21.86896429999979,0.15281510000022536,16065
fmi_kuopio,S,main,"Kuopio, Finland",Dfc,informer,1,-0.25,2019-05-01 00:00:00,3686,809,0.01674843579530716,0.012402799911797047,0.9957051277160645,0.058311717445456004,-0.8282660015786869,-1.120162128785672,-0.5954823649167551,796,4.555783709787817,2.41854893908282,0.23360580623877425,81537,21.036576200000127,0.163462199998321,16065
fmi_kuopio,S,main,"Kuopio, Finland",Dfc,informer,2,-0.25,2019-05-01 00:00:00,3686,809,0.01693633943796158,0.012562640011310577,0.9956082105636597,0.058965926844551445,-1.0693968830498028,-1.2625200056287111,-0.7737522630638094,796,4.555783709787817,2.41854893908282,0.23360580623877425,81537,20.19680779999908,0.15951229999882344,16065
fmi_kuopio,S,main,"Kuopio, Finland",Dfc,informer,3,-0.25,2019-05-01 00:00:00,3686,809,0.020083637908101082,0.015482007525861263,0.9938242435455322,0.0699236294831891,-0.8174424781671461,-1.3042140822005834,-0.43777859706763955,796,4.555783709787817,2.41854893908282,0.23360580623877425,81537,10.586332599999878,0.157263499999317,16065
fmi_kuopio,S,main,"Kuopio, Finland",Dfc,informer,4,-0.25,2019-05-01 00:00:00,3686,809,0.018324289470911026,0.01400343794375658,0.9948588609695435,0.0637982437927668,-0.9764045529241291,-1.2456876076702827,-0.7268765805347039,796,4.555783709787817,2.41854893908282,0.23360580623877425,81537,17.16351990000112,0.11185259999911068,16065
fmi_kuopio,S,main,"Kuopio, Finland",Dfc,lstm,0,-0.5,2019-05-01 00:00:00,3686,809,0.0186418816447258,0.013739900663495064,0.9946492314338684,0.0650820614165783,-1.2402419646179663,-1.4800163904508636,-0.9338329452485129,796,4.555783709787817,2.41854893908282,0.23360580623877425,13729,73.93980720000036,0.04045360000054643,16065
fmi_kuopio,S,main,"Kuopio, Finland",Dfc,lstm,1,-0.5,2019-05-01 00:00:00,3686,809,0.017589503899216652,0.01330705638974905,0.9952362775802612,0.06140802709043268,-1.3233621033355192,-1.6206637476236851,-1.0345932472326815,796,4.555783709787817,2.41854893908282,0.23360580623877425,13729,80.75856110000132,0.03207910000128322,16065
fmi_kuopio,S,main,"Kuopio, Finland",Dfc,lstm,2,-0.5,2019-05-01 00:00:00,3686,809,0.01681576855480671,0.012413476593792439,0.9956461787223816,0.05870678200344265,-1.307227510371061,-1.5512864611235393,-0.9259692421563881,796,4.555783709787817,2.41854893908282,0.23360580623877425,13729,78.07920450000165,0.045825899998817476,16065
fmi_kuopio,S,main,"Kuopio, Finland",Dfc,lstm,3,-0.5,2019-05-01 00:00:00,3686,809,0.01840558648109436,0.013711006380617619,0.9947839975357056,0.0642571137720763,-1.2205421807529842,-1.6250058436420578,-0.9500397762805368,796,4.555783709787817,2.41854893908282,0.23360580623877425,13729,71.03801910000038,0.040225200000350014,16065
fmi_kuopio,S,main,"Kuopio, Finland",Dfc,lstm,4,-0.5,2019-05-01 00:00:00,3686,809,0.01881665736436844,0.013850854709744453,0.9945484399795532,0.06569223394833702,-1.195904200792612,-1.5555823552513015,-0.8375625898089434,796,4.555783709787817,2.41854893908282,0.23360580623877425,13729,69.02619330000016,0.02752860000146029,16065
fmi_kuopio,S,main,"Kuopio, Finland",Dfc,gru,0,-0.5,2019-05-01 00:00:00,3686,809,0.018257055431604385,0.013878880999982357,0.9948678612709045,0.0637385659629333,-1.6144491097376257,-1.9202275211549602,-1.328537226388312,796,4.555783709787817,2.41854893908282,0.23360580623877425,151809,61.86618810000073,0.08493900000030408,16065
fmi_kuopio,S,main,"Kuopio, Finland",Dfc,gru,1,-0.5,2019-05-01 00:00:00,3686,809,0.021008452400565147,0.01598372496664524,0.9932044148445129,0.07334417283931606,-1.4782483587539141,-1.7974628664622294,-1.22142221355801,796,4.555783709787817,2.41854893908282,0.23360580623877425,151809,36.307900699999664,0.06784400000105961,16065
fmi_kuopio,S,main,"Kuopio, Finland",Dfc,gru,2,-0.5,2019-05-01 00:00:00,3686,809,0.015548058785498142,0.011641835793852806,0.9962778687477112,0.054280986011551506,-1.3922607077106948,-1.6340362773235868,-1.17885555687601,796,4.555783709787817,2.41854893908282,0.23360580623877425,151809,85.97356790000049,0.0855068000000756,16065
fmi_kuopio,S,main,"Kuopio, Finland",Dfc,gru,3,-0.5,2019-05-01 00:00:00,3686,809,0.015422898344695568,0.01143648847937584,0.9963375926017761,0.05384402907498905,-1.3428188777145742,-1.6419532245710244,-1.000360821776875,796,4.555783709787817,2.41854893908282,0.23360580623877425,151809,83.6878144000002,0.0635606000014377,16065
fmi_kuopio,S,main,"Kuopio, Finland",Dfc,gru,4,-0.5,2019-05-01 00:00:00,3686,809,0.01580088585615158,0.011478899978101254,0.996155858039856,0.05516364942791838,-1.3992769458047882,-1.6035374047127695,-1.1765750336239484,796,4.555783709787817,2.41854893908282,0.23360580623877425,151809,92.08378230000017,0.07351760000165086,16065
fmi_kuopio,S,main,"Kuopio, Finland",Dfc,tcn,0,-0.5,2019-05-01 00:00:00,3686,809,0.013675149530172348,0.010117631405591965,0.9971206188201904,0.0477423330200882,-1.2693176610578583,-1.4592788402427415,-1.0585324097172322,796,4.555783709787817,2.41854893908282,0.23360580623877425,198273,8.106675399998494,0.12793979999878502,16065
fmi_kuopio,S,main,"Kuopio, Finland",Dfc,tcn,1,-0.5,2019-05-01 00:00:00,3686,809,0.013801000081002712,0.010054481215775013,0.9970673322677612,0.048181699251166554,-1.261785945043518,-1.418518026609633,-1.069849388046903,796,4.555783709787817,2.41854893908282,0.23360580623877425,198273,12.927174200000081,0.12772299999960524,16065
fmi_kuopio,S,main,"Kuopio, Finland",Dfc,tcn,2,-0.5,2019-05-01 00:00:00,3686,809,0.018491460010409355,0.014236992225050926,0.9947352409362793,0.064556913245941,-1.088081962686388,-1.4188437498815598,-0.8350868552465089,796,4.555783709787817,2.41854893908282,0.23360580623877425,198273,3.582360599999447,0.13899749999836786,16065
fmi_kuopio,S,main,"Kuopio, Finland",Dfc,tcn,3,-0.5,2019-05-01 00:00:00,3686,809,0.013711921870708466,0.010171199217438698,0.9971051216125488,0.04787071167685754,-1.2474987493939453,-1.5003811013438781,-1.0425354469504322,796,4.555783709787817,2.41854893908282,0.23360580623877425,198273,8.820729200000642,0.10874609999882523,16065
fmi_kuopio,S,main,"Kuopio, Finland",Dfc,tcn,4,-0.5,2019-05-01 00:00:00,3686,809,0.0162355974316597,0.012143171392381191,0.9959414005279541,0.05668130338554456,-1.1351879531865143,-1.3713957519161075,-0.8925252736593281,796,4.555783709787817,2.41854893908282,0.23360580623877425,198273,5.6503741000015,0.1142853000001196,16065
fmi_kuopio,S,main,"Kuopio, Finland",Dfc,patchtst,0,-0.5,2019-05-01 00:00:00,3686,809,0.01937839761376381,0.014462172985076904,0.9942180514335632,0.0676533671701895,-1.5717845436997147,-1.7666946698346786,-1.2996809537266791,796,4.555783709787817,2.41854893908282,0.23360580623877425,25857,18.59598609999921,0.3059659999998985,16065
fmi_kuopio,S,main,"Kuopio, Finland",Dfc,patchtst,1,-0.5,2019-05-01 00:00:00,3686,809,0.02007344365119934,0.01504858210682869,0.9937958717346191,0.07007989415699324,-1.470851053246854,-1.748992018139746,-1.0498680281700148,796,4.555783709787817,2.41854893908282,0.23360580623877425,25857,19.79609640000126,0.3572015999998257,16065
fmi_kuopio,S,main,"Kuopio, Finland",Dfc,patchtst,2,-0.5,2019-05-01 00:00:00,3686,809,0.020060395821928978,0.01500821951776743,0.9938039183616638,0.07003434190845362,-1.4404441950169253,-1.6521333485128893,-1.1197403503809475,796,4.555783709787817,2.41854893908282,0.23360580623877425,25857,19.579669300001115,0.38794610000149987,16065
fmi_kuopio,S,main,"Kuopio, Finland",Dfc,patchtst,3,-0.5,2019-05-01 00:00:00,3686,809,0.020917560905218124,0.016118481755256653,0.9932631254196167,0.07302685477050978,-1.5032475967300227,-1.8775780343797637,-1.174990316886154,796,4.555783709787817,2.41854893908282,0.23360580623877425,25857,14.779860000000554,0.41231169999991835,16065
fmi_kuopio,S,main,"Kuopio, Finland",Dfc,patchtst,4,-0.5,2019-05-01 00:00:00,3686,809,0.019099153578281403,0.01409304328262806,0.9943835139274597,0.0666784775204303,-1.4414342623382537,-1.7771574259054956,-1.1968170602487438,796,4.555783709787817,2.41854893908282,0.23360580623877425,25857,28.190678499999194,0.4323882999997295,16065
fmi_kuopio,S,main,"Kuopio, Finland",Dfc,informer,0,-0.5,2019-05-01 00:00:00,3686,809,0.022283151745796204,0.017220348119735718,0.9923547506332397,0.07779437066027857,-1.2451338091547426,-1.6296154822910525,-0.7764758613156211,796,4.555783709787817,2.41854893908282,0.23360580623877425,81537,7.886752099999285,0.20437970000057248,16065
fmi_kuopio,S,main,"Kuopio, Finland",Dfc,informer,1,-0.5,2019-05-01 00:00:00,3686,809,0.016710445284843445,0.012553419917821884,0.9957005381584167,0.058339080091426514,-1.137492140939952,-1.5214421977275683,-0.8748501434860056,796,4.555783709787817,2.41854893908282,0.23360580623877425,81537,21.55829050000102,0.12233550000019022,16065
fmi_kuopio,S,main,"Kuopio, Finland",Dfc,informer,2,-0.5,2019-05-01 00:00:00,3686,809,0.01629047840833664,0.012589170597493649,0.9959139227867126,0.056872902450636836,-1.2058990042620317,-1.5017124865750417,-0.9939729326546742,796,4.555783709787817,2.41854893908282,0.23360580623877425,81537,23.572874400000728,0.15947079999932612,16065
fmi_kuopio,S,main,"Kuopio, Finland",Dfc,informer,3,-0.5,2019-05-01 00:00:00,3686,809,0.019502462819218636,0.014623217284679413,0.9941437840461731,0.06808650044905869,-1.14507423795553,-1.5053487553765519,-0.8391185834989545,796,4.555783709787817,2.41854893908282,0.23360580623877425,81537,10.292281600000933,0.2008534000015061,16065
fmi_kuopio,S,main,"Kuopio, Finland",Dfc,informer,4,-0.5,2019-05-01 00:00:00,3686,809,0.01597858965396881,0.012185611762106419,0.9960688948631287,0.0557840443914693,-1.2259341224326876,-1.488256416388213,-1.0304123990997394,796,4.555783709787817,2.41854893908282,0.23360580623877425,81537,30.947039900000163,0.14861170000040147,16065
fmi_kuopio,S,main,"Kuopio, Finland",Dfc,lstm,0,-1.0,2019-05-01 00:00:00,3687,809,0.017901180312037468,0.0131608247756958,0.995010256767273,0.06284098669934134,-1.568899041153582,-1.9928114365484335,-1.3528598354895172,796,4.555783709787817,2.41854893908282,0.23375242843004287,13729,74.76784950000001,0.04308080000009795,16065
fmi_kuopio,S,main,"Kuopio, Finland",Dfc,lstm,1,-1.0,2019-05-01 00:00:00,3687,809,0.017662860453128815,0.01343249436467886,0.9951422214508057,0.062004379569374775,-1.7386994620162979,-1.9946000202723027,-1.3360810264364587,796,4.555783709787817,2.41854893908282,0.23375242843004287,13729,76.27775079999992,0.04416689999925438,16065
fmi_kuopio,S,main,"Kuopio, Finland",Dfc,lstm,2,-1.0,2019-05-01 00:00:00,3687,809,0.016705352813005447,0.012346298433840275,0.9956546425819397,0.05864310819907027,-1.7106959124738184,-1.9141457155073702,-1.4126263192036386,796,4.555783709787817,2.41854893908282,0.23375242843004287,13729,89.82118249999985,0.04729539999971166,16065
fmi_kuopio,S,main,"Kuopio, Finland",Dfc,lstm,3,-1.0,2019-05-01 00:00:00,3687,809,0.017106425017118454,0.0127176558598876,0.9954434633255005,0.06005104737429845,-1.7120415330964815,-2.0069818308807927,-1.328343859319192,796,4.555783709787817,2.41854893908282,0.23375242843004287,13729,73.70520450000004,0.04364490000079968,16065
fmi_kuopio,S,main,"Kuopio, Finland",Dfc,lstm,4,-1.0,2019-05-01 00:00:00,3687,809,0.01787138730287552,0.013385780155658722,0.9950268268585205,0.06273640018270699,-1.6141334897138582,-1.9435478179859356,-1.380859500660836,796,4.555783709787817,2.41854893908282,0.23375242843004287,13729,73.67429009999978,0.04078040000058536,16065
fmi_kuopio,S,main,"Kuopio, Finland",Dfc,gru,0,-1.0,2019-05-01 00:00:00,3687,809,0.014951747842133045,0.01119297742843628,0.9965190291404724,0.05248718636991637,-1.9035907125813267,-2.0945166404578495,-1.6914530277601925,796,4.555783709787817,2.41854893908282,0.23375242843004287,151809,89.19942700000138,0.06283050000092771,16065
fmi_kuopio,S,main,"Kuopio, Finland",Dfc,gru,1,-1.0,2019-05-01 00:00:00,3687,809,0.015654459595680237,0.011510033160448074,0.9961841106414795,0.05495401253379985,-1.9488220382665122,-2.1409351009350597,-1.7025181955023903,796,4.555783709787817,2.41854893908282,0.23375242843004287,151809,91.00531000000046,0.06531589999940479,16065
fmi_kuopio,S,main,"Kuopio, Finland",Dfc,gru,2,-1.0,2019-05-01 00:00:00,3687,809,0.016522370278835297,0.01175603922456503,0.995749294757843,0.058000759326227176,-1.8705044286076769,-2.1809110596218773,-1.5787414655786465,796,4.555783709787817,2.41854893908282,0.23375242843004287,151809,79.06803370000125,0.08347479999974894,16065
fmi_kuopio,S,main,"Kuopio, Finland",Dfc,gru,3,-1.0,2019-05-01 00:00:00,3687,809,0.015234200283885002,0.011158699169754982,0.9963862895965576,0.05347871820334501,-1.763196283693963,-2.0989616578504062,-1.55861054582238,796,4.555783709787817,2.41854893908282,0.23375242843004287,151809,75.44771149999906,0.06627520000074583,16065
fmi_kuopio,S,main,"Kuopio, Finland",Dfc,gru,4,-1.0,2019-05-01 00:00:00,3687,809,0.016124999150633812,0.011616158299148083,0.9959512948989868,0.056605812549157954,-1.8168718680865765,-2.1534408304166597,-1.5034498376561234,796,4.555783709787817,2.41854893908282,0.23375242843004287,151809,85.85413999999946,0.06324529999983497,16065
fmi_kuopio,S,main,"Kuopio, Finland",Dfc,tcn,0,-1.0,2019-05-01 00:00:00,3687,809,0.01659565046429634,0.012356382794678211,0.9957115054130554,0.05825800488655407,-1.761998778575487,-1.9921801598682114,-1.5425648519378072,796,4.555783709787817,2.41854893908282,0.23375242843004287,198273,6.240419899999324,0.08629669999936596,16065
fmi_kuopio,S,main,"Kuopio, Finland",Dfc,tcn,1,-1.0,2019-05-01 00:00:00,3687,809,0.01596737839281559,0.011947011575102806,0.9960300922393799,0.056052494624141885,-1.7262743827338531,-2.0157286056488255,-1.5071785777687348,796,4.555783709787817,2.41854893908282,0.23375242843004287,198273,6.604708400000163,0.08619270000053803,16065
fmi_kuopio,S,main,"Kuopio, Finland",Dfc,tcn,2,-1.0,2019-05-01 00:00:00,3687,809,0.01482194010168314,0.01109390426427126,0.9965792298316956,0.05203150432276114,-1.7001296717026633,-1.9129318706329612,-1.4709239124583566,796,4.555783709787817,2.41854893908282,0.23375242843004287,198273,9.94994079999924,0.10621569999966596,16065
fmi_kuopio,S,main,"Kuopio, Finland",Dfc,tcn,3,-1.0,2019-05-01 00:00:00,3687,809,0.0149827990680933,0.011188617907464504,0.996504545211792,0.05259618977882871,-1.6623991732404702,-1.8924621648516493,-1.4027116819036218,796,4.555783709787817,2.41854893908282,0.23375242843004287,198273,10.007873099999415,0.10771740000018326,16065
fmi_kuopio,S,main,"Kuopio, Finland",Dfc,tcn,4,-1.0,2019-05-01 00:00:00,3687,809,0.013615109026432037,0.01010318472981453,0.9971135854721069,0.04779499844849711,-1.7195220460081366,-1.9127644615466908,-1.5399990373397752,796,4.555783709787817,2.41854893908282,0.23375242843004287,198273,13.669722000000547,0.11776980000104231,16065
fmi_kuopio,S,main,"Kuopio, Finland",Dfc,patchtst,0,-1.0,2019-05-01 00:00:00,3687,809,0.020743301138281822,0.015770869329571724,0.9933000206947327,0.07281807613851332,-2.117514550074972,-2.445197681510025,-1.7532194114553423,796,4.555783709787817,2.41854893908282,0.23375242843004287,25857,14.541365799999767,0.3576958999983617,16065
fmi_kuopio,S,main,"Kuopio, Finland",Dfc,patchtst,1,-1.0,2019-05-01 00:00:00,3687,809,0.019976962357759476,0.015066196210682392,0.9937859177589417,0.07012789123033655,-1.8257949414796153,-2.060761505308955,-1.5953016214838134,796,4.555783709787817,2.41854893908282,0.23375242843004287,25857,16.92590349999955,0.3573080999995,16065
fmi_kuopio,S,main,"Kuopio, Finland",Dfc,patchtst,2,-1.0,2019-05-01 00:00:00,3687,809,0.02170969359576702,0.016504662111401558,0.9926612377166748,0.07621053711084008,-2.013183636229815,-2.3510966615936764,-1.7419366351710825,796,4.555783709787817,2.41854893908282,0.23375242843004287,25857,12.49324660000093,0.36103710000134015,16065
fmi_kuopio,S,main,"Kuopio, Finland",Dfc,patchtst,3,-1.0,2019-05-01 00:00:00,3687,809,0.02065851539373398,0.01548150833696127,0.9933546781539917,0.07252044102437272,-1.9797504298296833,-2.284157460895659,-1.675773464373731,796,4.555783709787817,2.41854893908282,0.23375242843004287,25857,16.364348699999027,0.3649416000007477,16065
fmi_kuopio,S,main,"Kuopio, Finland",Dfc,patchtst,4,-1.0,2019-05-01 00:00:00,3687,809,0.020918596535921097,0.01568966545164585,0.9931862950325012,0.07343343979384157,-2.0039682826830885,-2.380456201192893,-1.6524819766362846,796,4.555783709787817,2.41854893908282,0.23375242843004287,25857,11.966620699999112,0.3571314999990136,16065
fmi_kuopio,S,main,"Kuopio, Finland",Dfc,informer,0,-1.0,2019-05-01 00:00:00,3687,809,0.020374540239572525,0.015872638672590256,0.993536114692688,0.07152356380317611,-1.6389649850405252,-1.9434468776062261,-1.2657370265695165,796,4.555783709787817,2.41854893908282,0.23371577288222573,81537,10.346491100001003,0.12745899999936228,16065
fmi_kuopio,S,main,"Kuopio, Finland",Dfc,informer,1,-1.0,2019-05-01 00:00:00,3687,809,0.01909050904214382,0.01433517225086689,0.9943251609802246,0.06701605167310179,-1.6441240508317319,-1.8893637654363429,-1.4090825559253561,796,4.555783709787817,2.41854893908282,0.23371577288222573,81537,7.25410919999922,0.16222639999978128,16065
fmi_kuopio,S,main,"Kuopio, Finland",Dfc,informer,2,-1.0,2019-05-01 00:00:00,3687,809,0.01611027494072914,0.012453718110918999,0.995958685874939,0.056554124120649384,-1.73920329251544,-2.003636733539771,-1.476392612784938,796,4.555783709787817,2.41854893908282,0.23375242843004287,81537,29.75274129999889,0.1838901999999507,16065
fmi_kuopio,S,main,"Kuopio, Finland",Dfc,informer,3,-1.0,2019-05-01 00:00:00,3687,809,0.020879220217466354,0.016104117035865784,0.9932119250297546,0.07329521166244737,-1.7711026711657807,-2.0029097495546724,-1.425182388898405,796,4.555783709787817,2.41854893908282,0.23375242843004287,81537,8.883014500001082,0.21612820000154898,16065
fmi_kuopio,S,main,"Kuopio, Finland",Dfc,informer,4,-1.0,2019-05-01 00:00:00,3687,809,0.01926778443157673,0.014905338175594807,0.9942193031311035,0.06763836596720355,-1.6676134793791255,-1.9265574179284755,-1.322551177626241,796,4.555783709787817,2.41854893908282,0.23375242843004287,81537,11.462085499999375,0.246468500001356,16065
fmi_kuopio,S,main,"Kuopio, Finland",Dfc,lstm,0,-2.0,2019-05-01 00:00:00,3687,809,0.01899932324886322,0.014313449151813984,0.9942510724067688,0.06744018903646476,-2.689015044760187,-3.003683002480148,-2.404719562884361,796,4.555783709787817,2.41854893908282,0.23444888383856896,13729,58.39993239999967,0.03510699999969802,16065
fmi_kuopio,S,main,"Kuopio, Finland",Dfc,lstm,1,-2.0,2019-05-01 00:00:00,3687,809,0.01748627796769142,0.01317525189369917,0.9951302409172058,0.062069468277289166,-2.677290876723683,-2.972561083136994,-2.466460464906961,796,4.555783709787817,2.41854893908282,0.23444888383856896,13729,68.4299845000005,0.03381509999962873,16065
fmi_kuopio,S,main,"Kuopio, Finland",Dfc,lstm,2,-2.0,2019-05-01 00:00:00,3687,809,0.016802538186311722,0.012384331785142422,0.9955036044120789,0.05964245866731493,-2.612791983436724,-2.872553344087489,-2.36321683377254,796,4.555783709787817,2.41854893908282,0.23444888383856896,13729,79.81224380000094,0.032529000000067754,16065
fmi_kuopio,S,main,"Kuopio, Finland",Dfc,lstm,3,-2.0,2019-05-01 00:00:00,3687,809,0.017162352800369263,0.012810645624995232,0.9953089952468872,0.06091966024298553,-2.604049028254324,-2.925190644615131,-2.3744191543419726,796,4.555783709787817,2.41854893908282,0.23444888383856896,13729,80.24012099999891,0.04484430000047723,16065
fmi_kuopio,S,main,"Kuopio, Finland",Dfc,lstm,4,-2.0,2019-05-01 00:00:00,3687,809,0.018107863143086433,0.013552173972129822,0.9947778582572937,0.0642758532722606,-2.566567510542115,-2.872330532864656,-2.319179203065077,796,4.555783709787817,2.41854893908282,0.23444888383856896,13729,73.26812229999996,0.033849900000859634,16065
fmi_kuopio,S,main,"Kuopio, Finland",Dfc,gru,0,-2.0,2019-05-01 00:00:00,3687,809,0.015201420523226261,0.011318556033074856,0.9963197112083435,0.05395911529483102,-2.8609999817319123,-3.176291592833663,-2.617097906674098,796,4.555783709787817,2.41854893908282,0.23444888383856896,151809,90.68319979999978,0.06571020000046701,16065
fmi_kuopio,S,main,"Kuopio, Finland",Dfc,gru,1,-2.0,2019-05-01 00:00:00,3687,809,0.015726743265986443,0.01150828879326582,0.9960609674453735,0.05582380619001964,-2.8469912496846437,-3.126509219992412,-2.5701950984752227,796,4.555783709787817,2.41854893908282,0.23444888383856896,151809,93.5618314000003,0.06536330000017188,16065
fmi_kuopio,S,main,"Kuopio, Finland",Dfc,gru,2,-2.0,2019-05-01 00:00:00,3687,809,0.016649790108203888,0.011899132281541824,0.995585024356842,0.0591002625518209,-2.8020873177780934,-3.0590303897271856,-2.611838631750061,796,4.555783709787817,2.41854893908282,0.23444888383856896,151809,84.57550059999994,0.06708009999965725,16065
fmi_kuopio,S,main,"Kuopio, Finland",Dfc,gru,3,-2.0,2019-05-01 00:00:00,3687,809,0.015572713688015938,0.011278428137302399,0.9961377382278442,0.05527706124971451,-2.8200267536620354,-3.016691968339119,-2.5584595899654117,796,4.555783709787817,2.41854893908282,0.23444888383856896,151809,78.68035009999949,0.08688809999875957,16065
fmi_kuopio,S,main,"Kuopio, Finland",Dfc,gru,4,-2.0,2019-05-01 00:00:00,3687,809,0.016190672293305397,0.011982223019003868,0.9958251118659973,0.05747057333493706,-2.7456345596518448,-3.1011536440962493,-2.523223504421823,796,4.555783709787817,2.41854893908282,0.23444888383856896,151809,80.59139439999853,0.08297370000036608,16065
fmi_kuopio,S,main,"Kuopio, Finland",Dfc,tcn,0,-2.0,2019-05-01 00:00:00,3687,809,0.013632443733513355,0.009943544864654541,0.9970402121543884,0.048389859489975186,-2.667111329780406,-2.8713037566731883,-2.4610477444802235,796,4.555783709787817,2.41854893908282,0.23444888383856896,198273,12.529918599999291,0.12574150000000373,16065
fmi_kuopio,S,main,"Kuopio, Finland",Dfc,tcn,1,-2.0,2019-05-01 00:00:00,3687,809,0.01563972234725952,0.011594369076192379,0.9961044192314148,0.05551491586102219,-2.8005705955655538,-3.0409002177238187,-2.585271279897822,796,4.555783709787817,2.41854893908282,0.23444888383856896,198273,6.365205300000525,0.12641589999839198,16065
fmi_kuopio,S,main,"Kuopio, Finland",Dfc,tcn,2,-2.0,2019-05-01 00:00:00,3687,809,0.01473164465278387,0.011007378809154034,0.9965436458587646,0.05229159413671292,-2.661747677511739,-2.8765081981043252,-2.3970622651975266,796,4.555783709787817,2.41854893908282,0.23444888383856896,198273,9.203151499999876,0.12626449999879696,16065
fmi_kuopio,S,main,"Kuopio, Finland",Dfc,tcn,3,-2.0,2019-05-01 00:00:00,3687,809,0.013232373632490635,0.009871243499219418,0.9972113966941833,0.046969766632592794,-2.7479612922510306,-2.8924789816766046,-2.556058973868272,796,4.555783709787817,2.41854893908282,0.23444888383856896,198273,13.188554899999872,0.12631219999821042,16065
fmi_kuopio,S,main,"Kuopio, Finland",Dfc,tcn,4,-2.0,2019-05-01 00:00:00,3687,809,0.014727259054780006,0.010710273869335651,0.9965457320213318,0.05227602697389641,-2.6911602741101666,-2.980073324964833,-2.430655399222638,796,4.555783709787817,2.41854893908282,0.23444888383856896,198273,9.07409810000172,0.11357200000020384,16065
fmi_kuopio,S,main,"Kuopio, Finland",Dfc,patchtst,0,-2.0,2019-05-01 00:00:00,3687,809,0.020877519622445107,0.01590961404144764,0.9930582642555237,0.07410705378858395,-3.125257032782581,-3.3479603088402365,-2.7769484161706437,796,4.555783709787817,2.41854893908282,0.23444888383856896,25857,13.914147900000899,0.29594580000048154,16065
fmi_kuopio,S,main,"Kuopio, Finland",Dfc,patchtst,1,-2.0,2019-05-01 00:00:00,3687,809,0.01917373575270176,0.014268373139202595,0.9941450357437134,0.06805928541558963,-2.866067243793699,-3.1075753641763892,-2.5784978963760863,796,4.555783709787817,2.41854893908282,0.23444888383856896,25857,22.563246900001104,0.3017888000013045,16065
fmi_kuopio,S,main,"Kuopio, Finland",Dfc,patchtst,2,-2.0,2019-05-01 00:00:00,3687,809,0.022046025842428207,0.016779214143753052,0.9922594428062439,0.07825479522830393,-2.9278790457231594,-3.32272308373164,-2.6833057840662478,796,4.555783709787817,2.41854893908282,0.23444888383856896,25857,11.426820399999997,0.301218800001152,16065
fmi_kuopio,S,main,"Kuopio, Finland",Dfc,patchtst,3,-2.0,2019-05-01 00:00:00,3687,809,0.01971585303544998,0.014695974998176098,0.9938092231750488,0.06998359037896047,-2.9862366352477188,-3.27030277013466,-2.587690032929506,796,4.555783709787817,2.41854893908282,0.23444888383856896,25857,20.285365800000363,0.3358689999986382,16065
fmi_kuopio,S,main,"Kuopio, Finland",Dfc,patchtst,4,-2.0,2019-05-01 00:00:00,3687,809,0.021118998527526855,0.015781359747052193,0.9928967356681824,0.07496420974059956,-2.9606007420044804,-3.3374552316497956,-2.721787185557218,796,4.555783709787817,2.41854893908282,0.23444888383856896,25857,11.051952299998447,0.3328834999992978,16065
fmi_kuopio,S,main,"Kuopio, Finland",Dfc,informer,0,-2.0,2019-05-01 00:00:00,3687,809,0.02095658704638481,0.016458561643958092,0.9930055737495422,0.07438771231243106,-2.6126638208463007,-2.8763188501378485,-2.225460331945266,796,4.555783709787817,2.41854893908282,0.2344122282907518,81537,10.429593400000158,0.15249910000056843,16065
fmi_kuopio,S,main,"Kuopio, Finland",Dfc,informer,1,-2.0,2019-05-01 00:00:00,3687,809,0.01905405893921852,0.014292542822659016,0.9942178726196289,0.0676344793938765,-2.6366265874439847,-2.868271643731405,-2.350113695731848,796,4.555783709787817,2.41854893908282,0.23444888383856896,81537,11.70481529999961,0.14303169999948295,16065
fmi_kuopio,S,main,"Kuopio, Finland",Dfc,informer,2,-2.0,2019-05-01 00:00:00,3687,809,0.016954345628619194,0.012736836448311806,0.9954220056533813,0.060181315892504285,-2.5599121159268217,-2.9036483431818527,-2.238935874930259,796,4.555783709787817,2.41854893908282,0.23444888383856896,81537,16.78707640000175,0.23372159999962605,16065
fmi_kuopio,S,main,"Kuopio, Finland",Dfc,informer,3,-2.0,2019-05-01 00:00:00,3687,809,0.017089692875742912,0.012928934767842293,0.9953486323356628,0.06066174584319397,-2.8377603129110396,-3.106229223749002,-2.548513456727208,796,4.555783709787817,2.41854893908282,0.23444888383856896,81537,25.570331500000975,0.24487520000002405,16065
fmi_kuopio,S,main,"Kuopio, Finland",Dfc,informer,4,-2.0,2019-05-01 00:00:00,3687,809,0.017115574330091476,0.013010340742766857,0.9953345060348511,0.06075361491405207,-2.5892992384458524,-2.8456123046153348,-2.403651882839554,796,4.555783709787817,2.41854893908282,0.23444888383856896,81537,21.79192309999962,0.18796759999895585,16065
pvdaq_1278,S,main,"Las Vegas, NV",BWh,lstm,0,0.0,2013-10-01 00:00:00,6830,1530,0.0696399137377739,0.03487203270196915,0.9088210463523865,0.20215574432736538,-0.048635388260664936,-0.3770918842912141,0.24971155244783774,2415,6.899383983572895,3.3767967145790556,0.3698165666429322,13729,84.9893706999992,0.11504810000042198,51583
pvdaq_1278,S,main,"Las Vegas, NV",BWh,lstm,1,0.0,2013-10-01 00:00:00,6830,1530,0.06948591768741608,0.03751740977168083,0.9092238545417786,0.20170871352975725,-0.05469192006319961,-0.29814938833883387,0.24767403487037107,2415,6.899383983572895,3.3767967145790556,0.3697996134676025,13729,113.88198170000032,0.12273159999858763,51583
pvdaq_1278,S,main,"Las Vegas, NV",BWh,lstm,2,0.0,2013-10-01 00:00:00,6830,1530,0.06919747591018677,0.03430694714188576,0.9099759459495544,0.2008714040179956,0.0064739309654060495,-0.24945902881806647,0.2393031706130866,2415,6.899383983572895,3.3767967145790556,0.3698165666429322,13729,106.88757450000048,0.11056890000145358,51583
pvdaq_1278,S,main,"Las Vegas, NV",BWh,lstm,3,0.0,2013-10-01 00:00:00,6830,1530,0.0689879059791565,0.0343383327126503,0.9105204343795776,0.2002630493673051,0.0031844354977086796,-0.2679077326014686,0.2130584713527203,2415,6.899383983572895,3.3767967145790556,0.3697996134676025,13729,117.07145639999908,0.15048489999935555,51583
pvdaq_1278,S,main,"Las Vegas, NV",BWh,lstm,4,0.0,2013-10-01 00:00:00,6830,1530,0.06974044442176819,0.033989980816841125,0.908557653427124,0.2024475720186967,0.0652421487923549,-0.22033799203184934,0.2967122957010623,2415,6.899383983572895,3.3767967145790556,0.3698165666429322,13729,108.10092129999975,0.11455070000010892,51583
pvdaq_1278,S,main,"Las Vegas, NV",BWh,gru,0,0.0,2013-10-01 00:00:00,6830,1530,0.0695129856467247,0.03630845993757248,0.9091531038284302,0.201787288346522,0.029922270889398694,-0.2642592079564299,0.29650965309411764,2415,6.899383983572895,3.3767967145790556,0.3698165666429322,151809,77.66091340000094,0.21868720000020403,51583
pvdaq_1278,S,main,"Las Vegas, NV",BWh,gru,1,0.0,2013-10-01 00:00:00,6830,1530,0.07035083323717117,0.037197601050138474,0.9069499373435974,0.20421945252061005,-0.04521137052421534,-0.3916264256756469,0.25740805840117126,2415,6.899383983572895,3.3767967145790556,0.3697996134676025,151809,46.09861959999944,0.2770517999997537,51583
pvdaq_1278,S,main,"Las Vegas, NV",BWh,gru,2,0.0,2013-10-01 00:00:00,6830,1530,0.0691501721739769,0.032799262553453445,0.9100989699363708,0.20073408733436243,0.015849807634127175,-0.2332163878132132,0.27525626631560557,2415,6.899383983572895,3.3767967145790556,0.3697996134676025,151809,120.67688660000022,0.17671510000036506,51583
pvdaq_1278,S,main,"Las Vegas, NV",BWh,gru,3,0.0,2013-10-01 00:00:00,6830,1530,0.06996933370828629,0.03747525066137314,0.9079564213752747,0.2031120082823437,-0.0805683969602844,-0.3570860253539698,0.2075231729280813,2415,6.899383983572895,3.3767967145790556,0.3698165666429322,151809,43.55554669999947,0.24961240000084217,51583
pvdaq_1278,S,main,"Las Vegas, NV",BWh,gru,4,0.0,2013-10-01 00:00:00,6830,1530,0.06908157467842102,0.03543756157159805,0.910277247428894,0.20053495759641776,0.016972842000184674,-0.3262489921064598,0.28149458699779906,2415,6.899383983572895,3.3767967145790556,0.3698165666429322,151809,65.9697914999997,0.2536132000004727,51583
pvdaq_1278,S,main,"Las Vegas, NV",BWh,tcn,0,0.0,2013-10-01 00:00:00,6830,1530,0.06854608654975891,0.03464673459529877,0.9116628170013428,0.19898050418862384,0.05029834865112326,-0.21312761779732625,0.2756723502651729,2415,6.899383983572895,3.3767967145790556,0.36978266029227275,198273,10.432332700000188,0.4247352000002138,51583
pvdaq_1278,S,main,"Las Vegas, NV",BWh,tcn,1,0.0,2013-10-01 00:00:00,6830,1530,0.0691654235124588,0.034272048622369766,0.9100593328475952,0.2007783600153196,-0.059897351101056984,-0.32641836166306526,0.2834601026568573,2415,6.899383983572895,3.3767967145790556,0.3698165666429322,198273,4.896129700000529,0.34236670000063896,51583
pvdaq_1278,S,main,"Las Vegas, NV",BWh,tcn,2,0.0,2013-10-01 00:00:00,6830,1530,0.06952112913131714,0.03497886285185814,0.9091318249702454,0.20181092783860122,0.04031967157027694,-0.2530079390954405,0.299843848382756,2415,6.899383983572895,3.3767967145790556,0.3698165666429322,198273,5.701666500001011,0.4786647000000812,51583
pvdaq_1278,S,main,"Las Vegas, NV",BWh,tcn,3,0.0,2013-10-01 00:00:00,6830,1530,0.06792106479406357,0.03439870476722717,0.9132664799690247,0.19716614613644187,-0.010800218290918373,-0.2686471653433664,0.2890561469382002,2415,6.899383983572895,3.3767967145790556,0.3698165666429322,198273,14.212599999998929,0.47338160000072094,51583
pvdaq_1278,S,main,"Las Vegas, NV",BWh,tcn,4,0.0,2013-10-01 00:00:00,6830,1530,0.0700957402586937,0.035054486244916916,0.9076235294342041,0.20347895029754615,-0.04100468135723734,-0.3106974199432544,0.2481501354355986,2415,6.899383983572895,3.3767967145790556,0.36983351981826196,198273,4.447080399999322,0.399035599999479,51583
pvdaq_1278,S,main,"Las Vegas, NV",BWh,patchtst,0,0.0,2013-10-01 00:00:00,6830,1530,0.06906507909297943,0.03686411678791046,0.9103201031684875,0.2004870730260029,-0.11964615093785214,-0.3882752445532969,0.15578581000000166,2415,6.899383983572895,3.3767967145790556,0.3697996134676025,25857,27.722494700001334,0.8612781999981962,51583
pvdaq_1278,S,main,"Las Vegas, NV",BWh,patchtst,1,0.0,2013-10-01 00:00:00,6830,1530,0.07036752998828888,0.03714507818222046,0.9069057703018188,0.2042679210492007,-0.11447760708558352,-0.4338991698556949,0.16727819241444397,2415,6.899383983572895,3.3767967145790556,0.36983351981826196,25857,22.517278699999224,0.8661109999993641,51583
pvdaq_1278,S,main,"Las Vegas, NV",BWh,patchtst,2,0.0,2013-10-01 00:00:00,6830,1530,0.06960650533437729,0.035685278475284576,0.9089085459709167,0.20205876401402295,-0.12196692765813477,-0.3946895132864503,0.16805748936752352,2415,6.899383983572895,3.3767967145790556,0.36983351981826196,25857,31.06570069999907,1.051958399999421,51583
pvdaq_1278,S,main,"Las Vegas, NV",BWh,patchtst,3,0.0,2013-10-01 00:00:00,6830,1530,0.07044561952352524,0.03672920539975166,0.9066990613937378,0.20449460496181043,-0.09281680326998498,-0.38656711922345294,0.19642380349571553,2415,6.899383983572895,3.3767967145790556,0.3698165666429322,25857,17.630796099998406,0.81821520000085,51583
pvdaq_1278,S,main,"Las Vegas, NV",BWh,patchtst,4,0.0,2013-10-01 00:00:00,6830,1530,0.07063982635736465,0.039142489433288574,0.9061838984489441,0.205058362510335,-0.17988388747030015,-0.46883359227974997,0.18522659450017306,2415,6.899383983572895,3.3767967145790556,0.3697487539416133,25857,15.84056800000144,0.8146165999987716,51583
pvdaq_1278,S,main,"Las Vegas, NV",BWh,informer,0,0.0,2013-10-01 00:00:00,6830,1530,0.06866776198148727,0.036040496081113815,0.9113489389419556,0.19933371237265493,-0.06309008416966103,-0.35300499517202377,0.20517191702491555,2415,6.899383983572895,3.3767967145790556,0.3697996134676025,81537,27.028731399999742,0.3761614000013651,51583
pvdaq_1278,S,main,"Las Vegas, NV",BWh,informer,1,0.0,2013-10-01 00:00:00,6830,1530,0.06871920078992844,0.036463115364313126,0.9112160801887512,0.19948303264101272,-0.09521309230121344,-0.38168061627730365,0.14958115231456717,2415,6.899383983572895,3.3767967145790556,0.36978266029227275,81537,20.88515450000159,0.3738049999992654,51583
pvdaq_1278,S,main,"Las Vegas, NV",BWh,informer,2,0.0,2013-10-01 00:00:00,6830,1530,0.06907543540000916,0.03490167856216431,0.9102932214736938,0.20051713605801585,-0.1328126124673923,-0.3801403368325457,0.14388525439100275,2415,6.899383983572895,3.3767967145790556,0.3698165666429322,81537,18.296436399999948,0.3737251999991713,51583
pvdaq_1278,S,main,"Las Vegas, NV",BWh,informer,3,0.0,2013-10-01 00:00:00,6830,1530,0.06805514544248581,0.03683561459183693,0.9129236936569214,0.19755536507464672,-0.016436089618232508,-0.2946527003805932,0.2285387062675226,2415,6.899383983572895,3.3767967145790556,0.36978266029227275,81537,23.82204020000063,0.3767621999995754,51583
pvdaq_1278,S,main,"Las Vegas, NV",BWh,informer,4,0.0,2013-10-01 00:00:00,6830,1530,0.07038374990224838,0.035956673324108124,0.9068628549575806,0.20431500538063388,-0.061263943707721924,-0.34920867870675554,0.22477905150090072,2415,6.899383983572895,3.3767967145790556,0.3698165666429322,81537,14.458817799999451,0.40209820000018226,51583
pvdaq_1278,S,main,"Las Vegas, NV",BWh,lstm,0,-0.25,2013-10-01 00:00:00,6830,1530,0.06945537775754929,0.034819524735212326,0.9087634682655334,0.20219157820143613,-0.28559399972140975,-0.5966007128225933,-0.001817541743667231,2415,6.899383983572895,3.3767967145790556,0.3700030515715593,13729,77.48784489999889,0.1254520999991655,51583
pvdaq_1278,S,main,"Las Vegas, NV",BWh,lstm,1,-0.25,2013-10-01 00:00:00,6830,1530,0.06931430846452713,0.037523433566093445,0.9091337323188782,0.2017809113256259,-0.26815273336454615,-0.5238573056144835,0.0031526888524426155,2415,6.899383983572895,3.3767967145790556,0.3699860983962296,13729,93.96462470000006,0.11545089999890479,51583
pvdaq_1278,S,main,"Las Vegas, NV",BWh,lstm,2,-0.25,2013-10-01 00:00:00,6830,1530,0.06900417059659958,0.03424106165766716,0.9099450707435608,0.20087806885322304,-0.2105309219309126,-0.48013162729282255,-0.007459768117984433,2415,6.899383983572895,3.3767967145790556,0.3700030515715593,13729,83.66820889999872,0.11283039999761968,51583
pvdaq_1278,S,main,"Las Vegas, NV",BWh,lstm,3,-0.25,2013-10-01 00:00:00,6830,1530,0.06879914551973343,0.03429108485579491,0.9104794263839722,0.20028122026927114,-0.22260265835130877,-0.5139543968023519,-0.04182571286349583,2415,6.899383983572895,3.3767967145790556,0.3699860983962296,13729,98.414391600003,0.11641589999999269,51583
pvdaq_1278,S,main,"Las Vegas, NV",BWh,lstm,4,-0.25,2013-10-01 00:00:00,6830,1530,0.0695560947060585,0.03397123143076897,0.9084987044334412,0.20248477535086057,-0.14328724026309025,-0.4555930434270299,0.05856214188563191,2415,6.899383983572895,3.3767967145790556,0.3700030515715593,13729,87.41135080000095,0.11607379999986733,51583
pvdaq_1278,S,main,"Las Vegas, NV",BWh,gru,0,-0.25,2013-10-01 00:00:00,6830,1530,0.06932730972766876,0.03622535243630409,0.9090996384620667,0.20181875930800094,-0.19702221148634735,-0.4972385501597738,0.03226234778849485,2415,6.899383983572895,3.3767967145790556,0.3700030515715593,151809,61.0266741000014,0.23707229999854462,51583
pvdaq_1278,S,main,"Las Vegas, NV",BWh,gru,1,-0.25,2013-10-01 00:00:00,6830,1530,0.07017349451780319,0.03714274242520332,0.9068670868873596,0.20428208819182858,-0.3100019239919427,-0.6181872092901441,0.001348079332019747,2415,6.899383983572895,3.3767967145790556,0.3699860983962296,151809,41.16773119999925,0.20322569999916595,51583
pvdaq_1278,S,main,"Las Vegas, NV",BWh,gru,2,-0.25,2013-10-01 00:00:00,6830,1530,0.06897880882024765,0.032780300825834274,0.9100112318992615,0.20080423817585652,-0.21432061066219438,-0.47401583546419357,-0.009350821742665216,2415,6.899383983572895,3.3767967145790556,0.3699860983962296,151809,117.60007709999991,0.18377300000065588,51583
pvdaq_1278,S,main,"Las Vegas, NV",BWh,gru,3,-0.25,2013-10-01 00:00:00,6830,1530,0.06977302581071854,0.037461381405591965,0.9079270362854004,0.20311628357712494,-0.33227902535348797,-0.5962147407113363,-0.042891598812355713,2415,6.899383983572895,3.3767967145790556,0.3700030515715593,151809,43.17470940000203,0.23080149999805144,51583
pvdaq_1278,S,main,"Las Vegas, NV",BWh,gru,4,-0.25,2013-10-01 00:00:00,6830,1530,0.06888673454523087,0.03545425087213516,0.9102513194084167,0.20053620071672149,-0.22093669453190912,-0.567385186428404,0.037099109012408975,2415,6.899383983572895,3.3767967145790556,0.3700030515715593,151809,65.48065630000201,0.1957189999993716,51583
pvdaq_1278,S,main,"Las Vegas, NV",BWh,tcn,0,-0.25,2013-10-01 00:00:00,6830,1530,0.06851237267255783,0.034228790551424026,0.9112241268157959,0.19944639571820244,-0.18410938788510034,-0.46409520439678176,0.033341304710906336,2415,6.899383983572895,3.3767967145790556,0.3699860983962296,198273,10.204061799999181,0.2831928000014159,51583
pvdaq_1278,S,main,"Las Vegas, NV",BWh,tcn,1,-0.25,2013-10-01 00:00:00,6830,1530,0.06887108832597733,0.0345543809235096,0.9102920889854431,0.20049065300154237,-0.25950935158702976,-0.5362682702227332,0.050631648114336764,2415,6.899383983572895,3.3767967145790556,0.3700030515715593,198273,4.626120299999457,0.23546059999716817,51583
pvdaq_1278,S,main,"Las Vegas, NV",BWh,tcn,2,-0.25,2013-10-01 00:00:00,6830,1530,0.06949592381715775,0.03473462536931038,0.9086569547653198,0.20230961185191457,-0.23635975772620665,-0.49687531714393535,0.053707329231032705,2415,6.899383983572895,3.3767967145790556,0.3700030515715593,198273,5.526476499999262,0.26804640000045765,51583
pvdaq_1278,S,main,"Las Vegas, NV",BWh,tcn,3,-0.25,2013-10-01 00:00:00,6830,1530,0.06797075271606445,0.03320536017417908,0.9126222133636475,0.19786968564441862,-0.22081753883196886,-0.4494154144033313,-0.024839906554574576,2415,6.899383983572895,3.3767967145790556,0.3700200047468891,198273,9.255092899999,0.27459449999878416,51583
pvdaq_1278,S,main,"Las Vegas, NV",BWh,tcn,4,-0.25,2013-10-01 00:00:00,6830,1530,0.06821999698877335,0.03576924279332161,0.9119802117347717,0.19859526074722197,-0.3072073422038776,-0.5770934474941944,-0.04941190689420647,2415,6.899383983572895,3.3767967145790556,0.3700030515715593,198273,11.41146789999766,0.2787191999996139,51583
pvdaq_1278,S,main,"Las Vegas, NV",BWh,patchtst,0,-0.25,2013-10-01 00:00:00,6830,1530,0.06890998035669327,0.03677188232541084,0.9101907014846802,0.20060387160784476,-0.36655503187841276,-0.6513423903405369,-0.06063509140208127,2415,6.899383983572895,3.3767967145790556,0.3699860983962296,25857,27.600431599999865,0.9873438999966311,51583
pvdaq_1278,S,main,"Las Vegas, NV",BWh,patchtst,1,-0.25,2013-10-01 00:00:00,6830,1530,0.07027404010295868,0.03716640919446945,0.9065999984741211,0.20457478648532487,-0.3562065263354218,-0.6751762486227109,-0.056004220521438386,2415,6.899383983572895,3.3767967145790556,0.3700200047468891,25857,23.172103699998843,0.8102293000010832,51583
pvdaq_1278,S,main,"Las Vegas, NV",BWh,patchtst,2,-0.25,2013-10-01 00:00:00,6830,1530,0.06941689550876617,0.03580216318368912,0.9088645577430725,0.20207955251148366,-0.3486657688180945,-0.6389524546144387,-0.06340738987834907,2415,6.899383983572895,3.3767967145790556,0.3700200047468891,25857,30.402486499999213,0.5979118999966886,51583
pvdaq_1278,S,main,"Las Vegas, NV",BWh,patchtst,3,-0.25,2013-10-01 00:00:00,6830,1530,0.07021740078926086,0.036585260182619095,0.906750500202179,0.20440990375637647,-0.34111793575037397,-0.6490362376642438,-0.010858071882213771,2415,6.899383983572895,3.3767967145790556,0.3700030515715593,25857,17.75173519999953,0.7606487999983074,51583
pvdaq_1278,S,main,"Las Vegas, NV",BWh,patchtst,4,-0.25,2013-10-01 00:00:00,6830,1530,0.07045329362154007,0.0389651395380497,0.9061229228973389,0.2050966114755603,-0.42453181545173413,-0.6979141530320658,-0.07093773731768882,2415,6.899383983572895,3.3767967145790556,0.36996914522089985,25857,15.788574800000788,0.7936288000018976,51583
pvdaq_1278,S,main,"Las Vegas, NV",BWh,informer,0,-0.25,2013-10-01 00:00:00,6830,1530,0.06871287524700165,0.03377142176032066,0.9107037782669067,0.20003007884352877,-0.2896492790551819,-0.5385494673703528,-0.00310561889337313,2415,6.899383983572895,3.3767967145790556,0.3699860983962296,81537,31.20415960000173,0.34603929999866523,51583
pvdaq_1278,S,main,"Las Vegas, NV",BWh,informer,1,-0.25,2013-10-01 00:00:00,6830,1530,0.06866767257452011,0.03616106137633324,0.9108211994171143,0.19989848932543747,-0.3202330051451526,-0.5822069193983648,-0.051206721702325826,2415,6.899383983572895,3.3767967145790556,0.3699521920455701,81537,15.5829061000004,0.3509176999978081,51583
pvdaq_1278,S,main,"Las Vegas, NV",BWh,informer,2,-0.25,2013-10-01 00:00:00,6830,1530,0.06964938342571259,0.03504297509789467,0.9082530736923218,0.202756348180269,-0.28913834519547765,-0.5239927602889383,-0.06778380346774138,2415,6.899383983572895,3.3767967145790556,0.3700030515715593,81537,19.962772400001995,0.41158720000021276,51583
pvdaq_1278,S,main,"Las Vegas, NV",BWh,informer,3,-0.25,2013-10-01 00:00:00,6830,1530,0.06791524589061737,0.03639659658074379,0.912764847278595,0.19770809970247366,-0.26991290706158116,-0.4926282239986024,-0.03980304706202738,2415,6.899383983572895,3.3767967145790556,0.36996914522089985,81537,22.79466510000202,0.4641192000017327,51583
pvdaq_1278,S,main,"Las Vegas, NV",BWh,informer,4,-0.25,2013-10-01 00:00:00,6830,1530,0.07081520557403564,0.03593309223651886,0.9051560163497925,0.2061501735064297,-0.3203925257906534,-0.6190799205386011,-0.026104874264636143,2415,6.899383983572895,3.3767967145790556,0.3700030515715593,81537,13.556369699999777,0.5148351999996521,51583
pvdaq_1278,S,main,"Las Vegas, NV",BWh,lstm,0,-0.5,2013-10-01 00:00:00,6830,1530,0.06927355378866196,0.03478098660707474,0.908699631690979,0.2022355331846548,-0.5437944930880512,-0.8748028815553157,-0.2620062280658536,2415,6.899383983572895,3.3767967145790556,0.37012172379886754,13729,78.04315380000116,0.11963480000122217,51583
pvdaq_1278,S,main,"Las Vegas, NV",BWh,lstm,1,-0.5,2013-10-01 00:00:00,6830,1530,0.06914687156677246,0.03753294423222542,0.9090332388877869,0.20186570017786265,-0.5183399649782483,-0.7630606308850593,-0.2447365744557839,2415,6.899383983572895,3.3767967145790556,0.3701047706235378,13729,94.0049368,0.1128575999973691,51583
pvdaq_1278,S,main,"Las Vegas, NV",BWh,lstm,2,-0.5,2013-10-01 00:00:00,6830,1530,0.06881503015756607,0.0341862291097641,0.9099042415618896,0.20089693041432,-0.4507840689346787,-0.733288953629875,-0.2537207067307312,2415,6.899383983572895,3.3767967145790556,0.37012172379886754,13729,86.55979239999942,0.11084090000076685,51583
pvdaq_1278,S,main,"Las Vegas, NV",BWh,lstm,3,-0.5,2013-10-01 00:00:00,6830,1530,0.06861533969640732,0.034253403544425964,0.9104263782501221,0.20031395892410983,-0.4822317516883541,-0.758589375515728,-0.27753750119387344,2415,6.899383983572895,3.3767967145790556,0.3701047706235378,13729,101.6517219999987,0.11599029999706545,51583
pvdaq_1278,S,main,"Las Vegas, NV",BWh,lstm,4,-0.5,2013-10-01 00:00:00,6830,1530,0.0693746879696846,0.03396417573094368,0.9084328413009644,0.20253078186042947,-0.4058054258091026,-0.6992093214446036,-0.21652213609308005,2415,6.899383983572895,3.3767967145790556,0.3701386769741973,13729,86.40669939999862,0.10971069999868632,51583
pvdaq_1278,S,main,"Las Vegas, NV",BWh,gru,0,-0.5,2013-10-01 00:00:00,6830,1530,0.06914716213941574,0.03614562377333641,0.9090324640274048,0.20186654846859162,-0.46257118674282727,-0.7463989486304778,-0.22974567145945257,2415,6.899383983572895,3.3767967145790556,0.37012172379886754,151809,61.06037129999822,0.18501019999894197,51583
pvdaq_1278,S,main,"Las Vegas, NV",BWh,gru,1,-0.5,2013-10-01 00:00:00,6830,1530,0.07000289112329483,0.03709707781672478,0.9067670106887817,0.20436474291440154,-0.5693333985842264,-0.8910458522928083,-0.2589122743774597,2415,6.899383983572895,3.3767967145790556,0.3701047706235378,151809,41.51982549999957,0.18336830000043847,51583
pvdaq_1278,S,main,"Las Vegas, NV",BWh,gru,2,-0.5,2013-10-01 00:00:00,6830,1530,0.0687982439994812,0.03276606649160385,0.9099482297897339,0.20084792531143797,-0.47784752836717015,-0.7338308675267635,-0.23741632794324063,2415,6.899383983572895,3.3767967145790556,0.3701047706235378,151809,116.69485729999724,0.2473031000008632,51583
pvdaq_1278,S,main,"Las Vegas, NV",BWh,gru,3,-0.5,2013-10-01 00:00:00,6830,1530,0.06958243995904922,0.037454210221767426,0.9078836441040039,0.20313728798060782,-0.6019876145861172,-0.8968370207010988,-0.3169345628146303,2415,6.899383983572895,3.3767967145790556,0.37012172379886754,151809,42.80634479999935,0.19848920000004,51583
pvdaq_1278,S,main,"Las Vegas, NV",BWh,gru,4,-0.5,2013-10-01 00:00:00,6830,1530,0.06869534403085709,0.03548187389969826,0.9102174043655396,0.20054752163815642,-0.48442692195608816,-0.799263645794628,-0.23471250245267195,2415,6.899383983572895,3.3767967145790556,0.37012172379886754,151809,66.2904912999984,0.2414284000005864,51583
pvdaq_1278,S,main,"Las Vegas, NV",BWh,tcn,0,-0.5,2013-10-01 00:00:00,6830,1530,0.07034173607826233,0.03646845743060112,0.9058622717857361,0.20535395865961711,-0.5163314573835743,-0.7262867741860801,-0.27633688661068767,2415,6.899383983572895,3.3767967145790556,0.3701386769741973,198273,5.22124459999759,0.34747240000069723,51583
pvdaq_1278,S,main,"Las Vegas, NV",BWh,tcn,1,-0.5,2013-10-01 00:00:00,6830,1530,0.06874865293502808,0.034239303320646286,0.9100779891014099,0.20070315036035824,-0.5307498149672518,-0.8045921412170975,-0.1915552141940873,2415,6.899383983572895,3.3767967145790556,0.37012172379886754,198273,4.863875900002313,0.36030179999943357,51583
pvdaq_1278,S,main,"Las Vegas, NV",BWh,tcn,2,-0.5,2013-10-01 00:00:00,6830,1530,0.06910009682178497,0.03435372933745384,0.9091562628746033,0.20172914712154075,-0.439168024929693,-0.7529687093838745,-0.19316910764548056,2415,6.899383983572895,3.3767967145790556,0.3701386769741973,198273,5.6521474000001035,0.2763083000027109,51583
pvdaq_1278,S,main,"Las Vegas, NV",BWh,tcn,3,-0.5,2013-10-01 00:00:00,6830,1530,0.06784642487764359,0.03317100927233696,0.9124227166175842,0.19806920764686675,-0.4303065203763168,-0.6755950869399363,-0.19267170980157844,2415,6.899383983572895,3.3767967145790556,0.3701386769741973,198273,11.908757499997591,0.29279440000027535,51583
pvdaq_1278,S,main,"Las Vegas, NV",BWh,tcn,4,-0.5,2013-10-01 00:00:00,6830,1530,0.06751175969839096,0.035342004150152206,0.9132845401763916,0.19709219423752192,-0.5609282593504072,-0.8216457224485829,-0.2929251371197724,2415,6.899383983572895,3.3767967145790556,0.3701047706235378,198273,16.174460599999293,0.36290570000346634,51583
pvdaq_1278,S,main,"Las Vegas, NV",BWh,patchtst,0,-0.5,2013-10-01 00:00:00,6830,1530,0.06875509768724442,0.03656380623579025,0.9100611209869385,0.2007219650137062,-0.5784274009079104,-0.8657106674849757,-0.313279800924271,2415,6.899383983572895,3.3767967145790556,0.3701047706235378,25857,29.299609200003033,1.06076739999844,51583
pvdaq_1278,S,main,"Las Vegas, NV",BWh,patchtst,1,-0.5,2013-10-01 00:00:00,6830,1530,0.07001059502363205,0.036980871111154556,0.906746506690979,0.20438723349424176,-0.6248454399961697,-0.9333912568556979,-0.2950763519781329,2415,6.899383983572895,3.3767967145790556,0.3701386769741973,25857,22.561855699997977,0.8396824000010383,51583
pvdaq_1278,S,main,"Las Vegas, NV",BWh,patchtst,2,-0.5,2013-10-01 00:00:00,6830,1530,0.0692034661769867,0.03579329326748848,0.9088842868804932,0.2020309211106153,-0.5407220340656931,-0.8702937634517294,-0.2431237675279141,2415,6.899383983572895,3.3767967145790556,0.3701386769741973,25857,30.201089300000604,0.8067520000004151,51583
pvdaq_1278,S,main,"Las Vegas, NV",BWh,patchtst,3,-0.5,2013-10-01 00:00:00,6830,1530,0.07013850659132004,0.0366029217839241,0.9064054489135742,0.20476065542334884,-0.5726835109665711,-0.8753891415186621,-0.261324985719924,2415,6.899383983572895,3.3767967145790556,0.37012172379886754,25857,17.276293499999156,0.7799454000014521,51583
pvdaq_1278,S,main,"Las Vegas, NV",BWh,patchtst,4,-0.5,2013-10-01 00:00:00,6830,1530,0.07013397663831711,0.03864816948771477,0.9064174890518188,0.20474743078839444,-0.689332595812564,-0.9595133728228844,-0.3573625846828262,2415,6.899383983572895,3.3767967145790556,0.37008781744820807,25857,15.660645400002977,0.8735550999990664,51583
pvdaq_1278,S,main,"Las Vegas, NV",BWh,informer,0,-0.5,2013-10-01 00:00:00,6830,1530,0.06832639127969742,0.037200432270765305,0.91117924451828,0.19947040992279164,-0.5050861055107714,-0.7502778085301627,-0.27476238170670525,2415,6.899383983572895,3.3767967145790556,0.3701047706235378,81537,25.296943500001362,0.48554539999895496,51583
pvdaq_1278,S,main,"Las Vegas, NV",BWh,informer,1,-0.5,2013-10-01 00:00:00,6830,1530,0.06832045316696167,0.03542701154947281,0.9111946821212769,0.1994530743404583,-0.5711768523553911,-0.8333554675608812,-0.35135519983570557,2415,6.899383983572895,3.3767967145790556,0.3701047706235378,81537,22.424566999998206,0.38633069999923464,51583
pvdaq_1278,S,main,"Las Vegas, NV",BWh,informer,2,-0.5,2013-10-01 00:00:00,6830,1530,0.06835304200649261,0.03718307986855507,0.9111099243164062,0.19954821340837037,-0.640185612618436,-0.8755622340332114,-0.3626010083173259,2415,6.899383983572895,3.3767967145790556,0.37012172379886754,81537,40.538195500001166,0.4856627999979537,51583
pvdaq_1278,S,main,"Las Vegas, NV",BWh,informer,3,-0.5,2013-10-01 00:00:00,6830,1530,0.06759311258792877,0.03616633266210556,0.9130754470825195,0.19732969389059277,-0.536339387444168,-0.7707259864592091,-0.3148102866662894,2415,6.899383983572895,3.3767967145790556,0.3701047706235378,81537,22.870915600000444,0.46355659999971977,51583
pvdaq_1278,S,main,"Las Vegas, NV",BWh,informer,4,-0.5,2013-10-01 00:00:00,6830,1530,0.07046883553266525,0.039705414324998856,0.9055217504501343,0.2057250097248919,-0.5058504619237266,-0.810626731339098,-0.2789378562685241,2415,6.899383983572895,3.3767967145790556,0.37008781744820807,81537,11.031678200000897,0.48170140000001993,51583
pvdaq_1278,S,main,"Las Vegas, NV",BWh,lstm,0,-1.0,2013-10-01 00:00:00,6830,1530,0.0689210444688797,0.034733954817056656,0.9085448384284973,0.2023569185903762,-1.0497519516827456,-1.3642410165029872,-0.755878061526944,2415,6.899383983572895,3.3767967145790556,0.37061336588342997,13729,76.25068010000177,0.11594759999934467,51583
pvdaq_1278,S,main,"Las Vegas, NV",BWh,lstm,1,-1.0,2013-10-01 00:00:00,6830,1530,0.06882055848836899,0.03351791948080063,0.9088113307952881,0.20206188485235932,-1.0288300311698029,-1.2554515091475982,-0.7243712334014663,2415,6.899383983572895,3.3767967145790556,0.37061336588342997,13729,96.16657629999827,0.112114700001257,51583
pvdaq_1278,S,main,"Las Vegas, NV",BWh,lstm,2,-1.0,2013-10-01 00:00:00,6830,1530,0.06844905763864517,0.034106504172086716,0.9097931385040283,0.20097113285080248,-0.9691432960793545,-1.2305135325143102,-0.7585605266902218,2415,6.899383983572895,3.3767967145790556,0.37061336588342997,13729,86.09451470000204,0.11138990000108606,51583
pvdaq_1278,S,main,"Las Vegas, NV",BWh,lstm,3,-1.0,2013-10-01 00:00:00,6830,1530,0.06826052069664001,0.03420044109225273,0.9102894067764282,0.20041757544437283,-1.0107727303928948,-1.2707720786529617,-0.7777732271394888,2415,6.899383983572895,3.3767967145790556,0.37059641270810023,13729,98.80998059999911,0.11393170000155806,51583
pvdaq_1278,S,main,"Las Vegas, NV",BWh,lstm,4,-1.0,2013-10-01 00:00:00,6830,1530,0.06902041286230087,0.03399139270186424,0.9082809090614319,0.2026486710159661,-0.9185733504432539,-1.2079345864224766,-0.695874293914422,2415,6.899383983572895,3.3767967145790556,0.3706303190587597,13729,86.30955879999965,0.14751770000293618,51583
pvdaq_1278,S,main,"Las Vegas, NV",BWh,gru,0,-1.0,2013-10-01 00:00:00,6830,1530,0.06879772245883942,0.03600994870066643,0.9088718295097351,0.20199483670176824,-0.9570490854149516,-1.242650377396326,-0.73854245339815,2415,6.899383983572895,3.3767967145790556,0.37061336588342997,151809,60.05762460000187,0.18294160000004922,51583
pvdaq_1278,S,main,"Las Vegas, NV",BWh,gru,1,-1.0,2013-10-01 00:00:00,6830,1530,0.06967412680387497,0.03701723366975784,0.906535267829895,0.2045680200315811,-1.0683836266916709,-1.36858050210548,-0.7796658131840974,2415,6.899383983572895,3.3767967145790556,0.37061336588342997,151809,41.10804980000103,0.1869406000005256,51583
pvdaq_1278,S,main,"Las Vegas, NV",BWh,gru,2,-1.0,2013-10-01 00:00:00,6830,1530,0.06844636797904968,0.03277077153325081,0.9098002314567566,0.20096323582556158,-0.9584614102315585,-1.2159433148856702,-0.7369615508822801,2415,6.899383983572895,3.3767967145790556,0.37059641270810023,151809,120.70363080000243,0.20991959999810206,51583
pvdaq_1278,S,main,"Las Vegas, NV",BWh,gru,3,-1.0,2013-10-01 00:00:00,6830,1530,0.06921394914388657,0.037451229989528656,0.907765805721283,0.2032169068266524,-1.0695727694862631,-1.357159101741312,-0.829047424542495,2415,6.899383983572895,3.3767967145790556,0.37061336588342997,151809,43.25317570000334,0.19775899999876856,51583
pvdaq_1278,S,main,"Las Vegas, NV",BWh,gru,4,-1.0,2013-10-01 00:00:00,6830,1530,0.06832734495401382,0.03557634726166725,0.9101136922836304,0.20061377605208938,-0.9811636390548606,-1.2850353159482009,-0.7341142401341388,2415,6.899383983572895,3.3767967145790556,0.37061336588342997,151809,67.65324479999981,0.309027999999671,51583
pvdaq_1278,S,main,"Las Vegas, NV",BWh,tcn,0,-1.0,2013-10-01 00:00:00,6830,1530,0.06785448640584946,0.03248681500554085,0.9113534688949585,0.19922543088882266,-0.9714980250255578,-1.2555839205854609,-0.7503300450079298,2415,6.899383983572895,3.3767967145790556,0.3706303190587597,198273,9.471065899997484,0.5044426000022213,51583
pvdaq_1278,S,main,"Las Vegas, NV",BWh,tcn,1,-1.0,2013-10-01 00:00:00,6830,1530,0.06826689094305038,0.034437816590070724,0.9102726578712463,0.20043627892520655,-0.9922890756415708,-1.2568506915262456,-0.7390307987509837,2415,6.899383983572895,3.3767967145790556,0.37061336588342997,198273,5.000434099998529,0.529932599998574,51583
pvdaq_1278,S,main,"Las Vegas, NV",BWh,tcn,2,-1.0,2013-10-01 00:00:00,6830,1530,0.06908509135246277,0.034314900636672974,0.9081089496612549,0.20283857150382287,-0.9468943608176896,-1.2512979379786016,-0.6800107806946055,2415,6.899383983572895,3.3767967145790556,0.3706303190587597,198273,5.714854400001059,0.4673813999979757,51583
pvdaq_1278,S,main,"Las Vegas, NV",BWh,tcn,3,-1.0,2013-10-01 00:00:00,6830,1530,0.06758136302232742,0.03431347385048866,0.9120656847953796,0.1984235218825038,-1.023709381221688,-1.2623857885193706,-0.7688933696167966,2415,6.899383983572895,3.3767967145790556,0.3706303190587597,198273,9.392808000000514,0.33386479999899166,51583
pvdaq_1278,S,main,"Las Vegas, NV",BWh,tcn,4,-1.0,2013-10-01 00:00:00,6830,1530,0.06700320541858673,0.036503665149211884,0.9135637879371643,0.19672601146236807,-0.9809148948161373,-1.281601701771229,-0.7971941780824499,2415,6.899383983572895,3.3767967145790556,0.37059641270810023,198273,16.181642299998202,0.303154799999902,51583
pvdaq_1278,S,main,"Las Vegas, NV",BWh,patchtst,0,-1.0,2013-10-01 00:00:00,6830,1530,0.06849031150341034,0.03646494075655937,0.9096843600273132,0.20109225703018999,-1.1250494920025025,-1.3709251112900223,-0.8300319056506903,2415,6.899383983572895,3.3767967145790556,0.37061336588342997,25857,27.278078499999538,0.8281277999994927,51583
pvdaq_1278,S,main,"Las Vegas, NV",BWh,patchtst,1,-1.0,2013-10-01 00:00:00,6830,1530,0.06963194161653519,0.03703490272164345,0.9066484570503235,0.2044441614251711,-1.1183581585951619,-1.4323475331362527,-0.8504877016470626,2415,6.899383983572895,3.3767967145790556,0.3706303190587597,25857,22.53503549999732,0.7777429999987362,51583
pvdaq_1278,S,main,"Las Vegas, NV",BWh,patchtst,2,-1.0,2013-10-01 00:00:00,6830,1530,0.06893428415060043,0.03568499535322189,0.9085096716880798,0.20239579120492768,-1.0341643304016463,-1.3787664633565733,-0.7744973735293804,2415,6.899383983572895,3.3767967145790556,0.3706303190587597,25857,30.132070899999235,0.7720793999978923,51583
pvdaq_1278,S,main,"Las Vegas, NV",BWh,patchtst,3,-1.0,2013-10-01 00:00:00,6830,1530,0.06890838593244553,0.03614038601517677,0.9085783958435059,0.20231975225828672,-1.126377777822905,-1.3806575037370372,-0.9021501250438546,2415,6.899383983572895,3.3767967145790556,0.37061336588342997,25857,29.106691700002557,0.7992346999999427,51583
pvdaq_1278,S,main,"Las Vegas, NV",BWh,patchtst,4,-1.0,2013-10-01 00:00:00,6830,1530,0.06998111307621002,0.03839471936225891,0.9057098627090454,0.2054693528044371,-1.1579548856557764,-1.4192937317683594,-0.8407439978210545,2415,6.899383983572895,3.3767967145790556,0.37059641270810023,25857,15.518688200001634,0.7033311999985017,51583
pvdaq_1278,S,main,"Las Vegas, NV",BWh,informer,0,-1.0,2013-10-01 00:00:00,6830,1530,0.06832019239664078,0.03545193001627922,0.9101324677467346,0.2005927756525568,-1.0512567535289608,-1.3293419388016703,-0.7781371142949244,2415,6.899383983572895,3.3767967145790556,0.37059641270810023,81537,22.830791399999725,0.4837670999986585,51583
pvdaq_1278,S,main,"Las Vegas, NV",BWh,informer,1,-1.0,2013-10-01 00:00:00,6830,1530,0.06809311360120773,0.036063987761735916,0.9107288718223572,0.19992605671822905,-1.0283356418825274,-1.312716694044639,-0.8343272614739883,2415,6.899383983572895,3.3767967145790556,0.3705794595327705,81537,23.059346599999117,0.4841443999976036,51583
pvdaq_1278,S,main,"Las Vegas, NV",BWh,informer,2,-1.0,2013-10-01 00:00:00,6830,1530,0.06808474659919739,0.03453977033495903,0.9107508063316345,0.19990149062585916,-1.1239695896226722,-1.3927893104723394,-0.8125797489326847,2415,6.899383983572895,3.3767967145790556,0.37061336588342997,81537,17.144401300000027,0.3829643999997643,51583
pvdaq_1278,S,main,"Las Vegas, NV",BWh,informer,3,-1.0,2013-10-01 00:00:00,6830,1530,0.06727714091539383,0.0361655056476593,0.9128555655479431,0.19753030488905052,-1.021933969423235,-1.2256143544066527,-0.76549122606141,2415,6.899383983572895,3.3767967145790556,0.37059641270810023,81537,22.61894949999987,0.27553529999931925,51583
pvdaq_1278,S,main,"Las Vegas, NV",BWh,informer,4,-1.0,2013-10-01 00:00:00,6830,1530,0.0702885314822197,0.03937757760286331,0.904879629611969,0.20637195435143155,-1.0163000284559263,-1.323256309999629,-0.7941292506682018,2415,6.899383983572895,3.3767967145790556,0.37059641270810023,81537,11.156277400001272,0.39021669999783626,51583
pvdaq_1278,S,main,"Las Vegas, NV",BWh,lstm,0,-2.0,2013-10-01 00:00:00,6830,1530,0.06826456636190414,0.0347561351954937,0.908113956451416,0.20274803317712992,-2.0023310723667254,-2.3570342874901264,-1.7567547492435107,2415,6.899383983572895,3.3767967145790556,0.3709185230393653,13729,78.04233789999853,0.12815790000240668,51583
pvdaq_1278,S,main,"Las Vegas, NV",BWh,lstm,1,-2.0,2013-10-01 00:00:00,6830,1530,0.06813637167215347,0.03374047949910164,0.9084587693214417,0.20236729068368306,-2.024490318819966,-2.2464287887069334,-1.7643507778481449,2415,6.899383983572895,3.3767967145790556,0.3709185230393653,13729,100.92756500000178,0.11438170000110404,51583
pvdaq_1278,S,main,"Las Vegas, NV",BWh,lstm,2,-2.0,2013-10-01 00:00:00,6830,1530,0.0677679032087326,0.03404873237013817,0.9094461798667908,0.20127292708880828,-1.9821953223615671,-2.2166386995456095,-1.7478357715801307,2415,6.899383983572895,3.3767967145790556,0.3709185230393653,13729,90.97536239999681,0.11895569999978761,51583
pvdaq_1278,S,main,"Las Vegas, NV",BWh,lstm,3,-2.0,2013-10-01 00:00:00,6830,1530,0.0676061362028122,0.03420978784561157,0.9098779559135437,0.2007924736994256,-2.0081297088867203,-2.2257258594098093,-1.7978143378320932,2415,6.899383983572895,3.3767967145790556,0.37090156986403555,13729,99.87256590000106,0.1050522000005003,51583
pvdaq_1278,S,main,"Las Vegas, NV",BWh,lstm,4,-2.0,2013-10-01 00:00:00,6830,1530,0.0683446153998375,0.03419262915849686,0.9078983664512634,0.20298578148292984,-1.9430170125277424,-2.2252718466268195,-1.7191306978327159,2415,6.899383983572895,3.3767967145790556,0.370935476214695,13729,81.70666110000093,0.10379149999789661,51583
pvdaq_1278,S,main,"Las Vegas, NV",BWh,gru,0,-2.0,2013-10-01 00:00:00,6830,1530,0.06816277652978897,0.03582272678613663,0.9083877801895142,0.2024457139893192,-1.9759936815356538,-2.2346798717720215,-1.785174584239916,2415,6.899383983572895,3.3767967145790556,0.3709185230393653,151809,56.47348410000268,0.14293840000027558,51583
pvdaq_1278,S,main,"Las Vegas, NV",BWh,gru,1,-2.0,2013-10-01 00:00:00,6830,1530,0.06906402856111526,0.036928705871105194,0.9059491753578186,0.2051224625059592,-2.0323259574548,-2.3062287152919776,-1.770640663812928,2415,6.899383983572895,3.3767967145790556,0.3709185230393653,151809,39.136969399998634,0.12528329999986454,51583
pvdaq_1278,S,main,"Las Vegas, NV",BWh,gru,2,-2.0,2013-10-01 00:00:00,6830,1530,0.06777454912662506,0.0329601876437664,0.9094284176826477,0.2012926656860508,-2.014794361035066,-2.2555037844364403,-1.7560094861072684,2415,6.899383983572895,3.3767967145790556,0.3709185230393653,151809,114.38304819999757,0.1453046999995422,51583
pvdaq_1278,S,main,"Las Vegas, NV",BWh,gru,3,-2.0,2013-10-01 00:00:00,6830,1530,0.06854226440191269,0.03750649094581604,0.9073648452758789,0.20357280559464427,-2.0645445201308843,-2.315229302961372,-1.8246334725785351,2415,6.899383983572895,3.3767967145790556,0.3709185230393653,151809,41.12045500000022,0.14653179999731947,51583
pvdaq_1278,S,main,"Las Vegas, NV",BWh,gru,4,-2.0,2013-10-01 00:00:00,6830,1530,0.0676550641655922,0.03584841638803482,0.9097474813461304,0.2009377913766583,-2.0248248911712143,-2.3152084437204796,-1.755632957877029,2415,6.899383983572895,3.3767967145790556,0.3709185230393653,151809,64.02305250000063,0.13019960000019637,51583
pvdaq_1278,S,main,"Las Vegas, NV",BWh,tcn,0,-2.0,2013-10-01 00:00:00,6830,1530,0.0673266053199768,0.03246226906776428,0.9106216430664062,0.19996225767773898,-2.0135754247803725,-2.2600623902902095,-1.809206963820309,2415,6.899383983572895,3.3767967145790556,0.37095242939002476,198273,14.833597999997437,0.20023459999720217,51583
pvdaq_1278,S,main,"Las Vegas, NV",BWh,tcn,1,-2.0,2013-10-01 00:00:00,6830,1530,0.06785429269075394,0.034264497458934784,0.9092151522636414,0.20152950672448866,-1.9715475465839793,-2.278286941022352,-1.7314073812848618,2415,6.899383983572895,3.3767967145790556,0.370935476214695,198273,4.571153000000777,0.21365589999913936,51583
pvdaq_1278,S,main,"Las Vegas, NV",BWh,tcn,2,-2.0,2013-10-01 00:00:00,6830,1530,0.0687207505106926,0.03419490531086922,0.9068818092346191,0.20410291527574467,-1.9385703703568513,-2.240062049069787,-1.674758126333692,2415,6.899383983572895,3.3767967145790556,0.37095242939002476,198273,5.260081200001878,0.20296060000327998,51583
pvdaq_1278,S,main,"Las Vegas, NV",BWh,tcn,3,-2.0,2013-10-01 00:00:00,6830,1530,0.06681565195322037,0.033712442964315414,0.9119731187820435,0.1984447091796515,-1.9117221311120924,-2.1361664446010287,-1.6783556582314785,2415,6.899383983572895,3.3767967145790556,0.370935476214695,198273,11.276025800001662,0.216654899999412,51583
pvdaq_1278,S,main,"Las Vegas, NV",BWh,tcn,4,-2.0,2013-10-01 00:00:00,6830,1530,0.06742552667856216,0.034410007297992706,0.9103588461875916,0.2002560574037354,-2.0014995897909227,-2.289551157188484,-1.7885294664437388,2415,6.899383983572895,3.3767967145790556,0.370935476214695,198273,9.636122299998533,0.21411609999995562,51583
pvdaq_1278,S,main,"Las Vegas, NV",BWh,patchtst,0,-2.0,2013-10-01 00:00:00,6830,1530,0.06795161217451096,0.03598608449101448,0.9089545011520386,0.2018185488289524,-2.083072220860906,-2.342415343448001,-1.8094320774554924,2415,6.899383983572895,3.3767967145790556,0.370935476214695,25857,27.48410209999929,0.6058130999990681,51583
pvdaq_1278,S,main,"Las Vegas, NV",BWh,patchtst,1,-2.0,2013-10-01 00:00:00,6830,1530,0.06899931281805038,0.037278857082128525,0.9061253666877747,0.20493025459603942,-2.1166358930789553,-2.4292634982087833,-1.8333645776049694,2415,6.899383983572895,3.3767967145790556,0.370935476214695,25857,23.488717199998064,0.9369759999972302,51583
pvdaq_1278,S,main,"Las Vegas, NV",BWh,patchtst,2,-2.0,2013-10-01 00:00:00,6830,1530,0.06832590699195862,0.03558620810508728,0.9079487919807434,0.20293021688912272,-2.10035998503898,-2.382475097851544,-1.7950464126869958,2415,6.899383983572895,3.3767967145790556,0.370935476214695,25857,32.933035400001245,0.8612834999985353,51583
pvdaq_1278,S,main,"Las Vegas, NV",BWh,patchtst,3,-2.0,2013-10-01 00:00:00,6830,1530,0.0682404637336731,0.03635222464799881,0.9081788659095764,0.20267644756941747,-2.108114978327869,-2.352672489316268,-1.8741908335544344,2415,6.899383983572895,3.3767967145790556,0.3709185230393653,25857,29.75055490000159,0.6184231000006548,51583
pvdaq_1278,S,main,"Las Vegas, NV",BWh,patchtst,4,-2.0,2013-10-01 00:00:00,6830,1530,0.06945816427469254,0.03775931894779205,0.9048726558685303,0.20629305868771786,-2.1294325142160675,-2.3525018707436676,-1.8606998441849987,2415,6.899383983572895,3.3767967145790556,0.3709185230393653,25857,15.97860479999872,0.5997390000011364,51583
pvdaq_1278,S,main,"Las Vegas, NV",BWh,informer,0,-2.0,2013-10-01 00:00:00,6830,1530,0.06725677102804184,0.03645028918981552,0.9108070135116577,0.19975484750738692,-2.0379794935412443,-2.282203466755841,-1.7989530912515872,2415,6.899383983572895,3.3767967145790556,0.37090156986403555,81537,25.70500549999997,0.258684299999004,51583
pvdaq_1278,S,main,"Las Vegas, NV",BWh,informer,1,-2.0,2013-10-01 00:00:00,6830,1530,0.06656380742788315,0.03620842844247818,0.9126355051994324,0.19769672256082718,-2.0483324884660705,-2.2821320877158824,-1.8118701447354502,2415,6.899383983572895,3.3767967145790556,0.3708846166887058,81537,31.633239599999797,0.2752626999972563,51583
pvdaq_1278,S,main,"Las Vegas, NV",BWh,informer,2,-2.0,2013-10-01 00:00:00,6830,1530,0.06753569841384888,0.03486524522304535,0.9100656509399414,0.2005832711228217,-2.1133386536651755,-2.3899095031921282,-1.866702445644508,2415,6.899383983572895,3.3767967145790556,0.3709185230393653,81537,16.843769399998564,0.2746235999984492,51583
pvdaq_1278,S,main,"Las Vegas, NV",BWh,informer,3,-2.0,2013-10-01 00:00:00,6830,1530,0.06682921946048737,0.0358274020254612,0.9119373559951782,0.19848500512760958,-1.9947624102772454,-2.250928812473385,-1.7838444911343898,2415,6.899383983572895,3.3767967145790556,0.37090156986403555,81537,22.332813000000897,0.26823330000115675,51583
pvdaq_1278,S,main,"Las Vegas, NV",BWh,informer,4,-2.0,2013-10-01 00:00:00,6830,1530,0.06801299005746841,0.03475040942430496,0.9087899923324585,0.2020008431833064,-2.0357499918121715,-2.313771745721871,-1.7705349441678342,2415,6.899383983572895,3.3767967145790556,0.3709185230393653,81537,22.18380349999643,0.2761557999983779,51583
