system_id,tier,role,location,climate,model,seed,injection,ref_end,n_train,n_val,val_rmse,val_mae,val_r2,val_nrmse_mean,plr,ci_low,ci_high,days,span_years,t_center_years,points_kept_fraction,parameters,train_seconds,inference_seconds,inference_samples
fmi_sodankyla20,R,main,"Sodankyla, Finland",Dfc,lstm,0,0.0,2019-07-01 00:00:00,3379,839,0.043826624751091,0.03309597074985504,0.9740385413169861,0.1384685200100713,-3.2109458905819612,-4.173419067313189,-1.920793401280263,588,4.553045859000685,1.9832306639288158,0.19599291851979792,13729,41.891186499999094,0.032606299999315524,12086
fmi_sodankyla20,R,main,"Sodankyla, Finland",Dfc,lstm,1,0.0,2019-07-01 00:00:00,3379,839,0.04170989990234375,0.03127843514084816,0.9764857292175293,0.13178080999956499,-3.0292338616935988,-3.9239928085982423,-1.7949770051913672,588,4.553045859000685,1.9832306639288158,0.19594973876246816,13729,66.19726830000036,0.02615460000015446,12086
fmi_sodankyla20,R,main,"Sodankyla, Finland",Dfc,lstm,2,0.0,2019-07-01 00:00:00,3379,839,0.04362688586115837,0.03266245126724243,0.9742746353149414,0.1378374527391029,-2.6409688578986867,-3.7756987375012954,-1.6512952774062062,588,4.553045859000685,1.9832306639288158,0.19599291851979792,13729,71.57945110000037,0.01972360000036133,12086
fmi_sodankyla20,R,main,"Sodankyla, Finland",Dfc,lstm,3,0.0,2019-07-01 00:00:00,3379,839,0.0418509840965271,0.031329844146966934,0.9763264060020447,0.13222656003567507,-2.867495412670227,-3.990535453450955,-1.8735299522637612,588,4.553045859000685,1.9832306639288158,0.19599291851979792,13729,49.07007429999976,0.024837599999955273,12086
fmi_sodankyla20,R,main,"Sodankyla, Finland",Dfc,lstm,4,0.0,2019-07-01 00:00:00,3379,839,0.042410679161548615,0.03192828223109245,0.9756889343261719,0.1339948948721044,-3.269474212994583,-4.284093710271486,-2.337613531504706,588,4.553045859000685,1.9832306639288158,0.19599291851979792,13729,49.578133300001355,0.0250173000003997,12086
fmi_sodankyla20,R,main,"Sodankyla, Finland",Dfc,gru,0,0.0,2019-07-01 00:00:00,3379,839,0.03727492317557335,0.027247590944170952,0.9812203645706177,0.11776867315072584,-3.0768563156139073,-3.847456143310467,-2.2502377211056093,588,4.553045859000685,1.9832306639288158,0.19582019949047885,151809,58.197293699999136,0.05571260000033362,12086
fmi_sodankyla20,R,main,"Sodankyla, Finland",Dfc,gru,1,0.0,2019-07-01 00:00:00,3379,839,0.04181911423802376,0.03127826377749443,0.976362407207489,0.1321258684545882,-2.8829928536445393,-3.3765112892919182,-2.0281114229448316,588,4.553045859000685,1.9832306639288158,0.19586337924780864,151809,36.772313999999824,0.04739349999908882,12086
fmi_sodankyla20,R,main,"Sodankyla, Finland",Dfc,gru,2,0.0,2019-07-01 00:00:00,3379,839,0.04194292053580284,0.03115919604897499,0.9762222766876221,0.13251702964755616,-2.921171315874771,-3.4683047346875844,-1.9548579988075465,588,4.553045859000685,1.9832306639288158,0.19599291851979792,151809,35.84653369999978,0.04404729999987467,12086
fmi_sodankyla20,R,main,"Sodankyla, Finland",Dfc,gru,3,0.0,2019-07-01 00:00:00,3379,839,0.04085875302553177,0.030155954882502556,0.9774356484413147,0.12909164447489346,-3.0560661187756453,-3.678904652411642,-2.324091640488712,588,4.553045859000685,1.9832306639288158,0.19599291851979792,151809,34.412434399999256,0.04233430000022054,12086
fmi_sodankyla20,R,main,"Sodankyla, Finland",Dfc,gru,4,0.0,2019-07-01 00:00:00,3379,839,0.03847822919487953,0.02841329574584961,0.9799883365631104,0.12157047181897464,-2.9855889775912434,-3.9072633861316763,-2.36456379837858,588,4.553045859000685,1.9832306639288158,0.1955179411891705,151809,56.99461719999999,0.05763219999971625,12086
fmi_sodankyla20,R,main,"Sodankyla, Finland",Dfc,tcn,0,0.0,2019-07-01 00:00:00,3379,839,0.03757891058921814,0.027346843853592873,0.9809128046035767,0.11872910958652588,-2.574291950765062,-3.678089329308264,-1.9544334457600954,588,4.553045859000685,1.9832306639288158,0.19599291851979792,198273,4.16246129999854,0.11408169999958773,12086
fmi_sodankyla20,R,main,"Sodankyla, Finland",Dfc,tcn,1,0.0,2019-07-01 00:00:00,3379,839,0.037432074546813965,0.02715369686484337,0.9810616970062256,0.11826518680918867,-3.041813769531898,-3.772905413239225,-2.240690030073089,588,4.553045859000685,1.9832306639288158,0.19599291851979792,198273,4.168236800000159,0.09510760000011942,12086
fmi_sodankyla20,R,main,"Sodankyla, Finland",Dfc,tcn,2,0.0,2019-07-01 00:00:00,3379,839,0.04055488854646683,0.029624318704009056,0.9777699708938599,0.12813159644612743,-2.749660232551554,-3.7173996809211185,-1.8268834389219282,588,4.553045859000685,1.9832306639288158,0.1959065590051384,198273,2.7411521000012726,0.09699430000000575,12086
fmi_sodankyla20,R,main,"Sodankyla, Finland",Dfc,tcn,3,0.0,2019-07-01 00:00:00,3379,839,0.036597900092601776,0.0262089055031538,0.9818964004516602,0.11562964499502933,-3.1557291509628063,-3.7917282204759,-2.399393392442084,588,4.553045859000685,1.9832306639288158,0.19594973876246816,198273,3.748439700000745,0.08671780000076978,12086
fmi_sodankyla20,R,main,"Sodankyla, Finland",Dfc,tcn,4,0.0,2019-07-01 00:00:00,3379,839,0.03655742481350899,0.026535434648394585,0.9819363951683044,0.1155017649215625,-3.1396679002185124,-3.951456154174371,-2.4349946336157613,588,4.553045859000685,1.9832306639288158,0.19599291851979792,198273,4.58778760000132,0.09662890000072366,12086
fmi_sodankyla20,R,main,"Sodankyla, Finland",Dfc,patchtst,0,0.0,2019-07-01 00:00:00,3379,839,0.051278505474328995,0.038674451410770416,0.9644594788551331,0.16201244795110345,-3.13366334540367,-4.6965126466430025,-1.841665163540951,588,4.553045859000685,1.9832306639288158,0.19599291851979792,25857,18.30501589999949,0.2172974000004615,12086
fmi_sodankyla20,R,main,"Sodankyla, Finland",Dfc,patchtst,1,0.0,2019-07-01 00:00:00,3379,839,0.05251032114028931,0.039733365178108215,0.9627314805984497,0.1659043217415098,-3.276100245396274,-4.52381007137868,-1.876701125817141,588,4.553045859000685,1.9832306639288158,0.1959065590051384,25857,16.854025000000547,0.22231980000105978,12086
fmi_sodankyla20,R,main,"Sodankyla, Finland",Dfc,patchtst,2,0.0,2019-07-01 00:00:00,3379,839,0.05064615234732628,0.037870872765779495,0.9653306007385254,0.16001455278767027,-3.2305020044522066,-4.610666608927345,-1.930972488728861,588,4.553045859000685,1.9832306639288158,0.19599291851979792,25857,16.73971309999979,0.2670133000010537,12086
fmi_sodankyla20,R,main,"Sodankyla, Finland",Dfc,patchtst,3,0.0,2019-07-01 00:00:00,3379,839,0.057020556181669235,0.04366067424416542,0.9560543298721313,0.1801542343146174,-4.159813519161171,-5.25727638909278,-1.6485806509787466,588,4.553045859000685,1.9832306639288158,0.19594973876246816,25857,8.557099200001176,0.2752543999995396,12086
fmi_sodankyla20,R,main,"Sodankyla, Finland",Dfc,patchtst,4,0.0,2019-07-01 00:00:00,3379,839,0.053315941244363785,0.040084414184093475,0.9615791440010071,0.16844964719459013,-3.011039604042076,-4.984677248615544,-1.506919838227161,588,4.553045859000685,1.9832306639288158,0.19594973876246816,25857,14.193264999999883,0.27017720000003465,12086
fmi_sodankyla20,R,main,"Sodankyla, Finland",Dfc,informer,0,0.0,2019-07-01 00:00:00,3379,839,0.038127657026052475,0.028095409274101257,0.9803513288497925,0.120462852657109,-2.805552508132105,-3.83364688750486,-2.314593566745516,588,4.553045859000685,1.9832306639288158,0.19599291851979792,81537,13.46076390000053,0.10713059999943653,12086
fmi_sodankyla20,R,main,"Sodankyla, Finland",Dfc,informer,1,0.0,2019-07-01 00:00:00,3379,839,0.040525756776332855,0.0301361121237278,0.9778019189834595,0.12803955574897966,-3.1358548643286244,-3.958376184869285,-2.208458116422829,588,4.553045859000685,1.9832306639288158,0.19594973876246816,81537,7.749241699999402,0.09560349999992468,12086
fmi_sodankyla20,R,main,"Sodankyla, Finland",Dfc,informer,2,0.0,2019-07-01 00:00:00,3379,839,0.039320558309555054,0.02938828244805336,0.979102611541748,0.12423177796638928,-3.203171290703666,-3.882745494092476,-2.2235314739707635,588,4.553045859000685,1.9832306639288158,0.19599291851979792,81537,9.910761299999649,0.09354499999972177,12086
fmi_sodankyla20,R,main,"Sodankyla, Finland",Dfc,informer,3,0.0,2019-07-01 00:00:00,3379,839,0.03974766656756401,0.03003939427435398,0.9786461591720581,0.12558120993169497,-2.9273767936131234,-3.8506020042714306,-2.0537416784382603,588,4.553045859000685,1.9832306639288158,0.19594973876246816,81537,9.807509999998729,0.0876817000007577,12086
fmi_sodankyla20,R,main,"Sodankyla, Finland",Dfc,informer,4,0.0,2019-07-01 00:00:00,3379,839,0.04534880444407463,0.03457208350300789,0.9722038507461548,0.14327778767496444,-2.427782804783052,-3.9138797429036605,-1.335259113123144,588,4.553045859000685,1.9832306639288158,0.1959065590051384,81537,4.555976700001338,0.09393310000086785,12086
fmi_sodankyla20,R,main,"Sodankyla, Finland",Dfc,lstm,0,-0.25,2019-07-01 00:00:00,3383,840,0.04132009297609329,0.030388973653316498,0.9768164157867432,0.13075239536769837,-3.3395119462348246,-4.069125953218222,-2.1561187945721385,588,4.553045859000685,1.9832306639288158,0.19599291851979792,13729,54.58084170000075,0.026350000000093132,12086
fmi_sodankyla20,R,main,"Sodankyla, Finland",Dfc,lstm,1,-0.25,2019-07-01 00:00:00,3383,840,0.043894726783037186,0.03305356949567795,0.9738372564315796,0.13889951008129162,-2.992109190003933,-4.204927471935539,-2.262659318759075,588,4.553045859000685,1.9832306639288158,0.19603609827712767,13729,46.65004240000053,0.021108599999934086,12086
fmi_sodankyla20,R,main,"Sodankyla, Finland",Dfc,lstm,2,-0.25,2019-07-01 00:00:00,3383,840,0.041782356798648834,0.031238699331879616,0.976294755935669,0.1322151728625587,-3.0578006369396116,-3.953016599192226,-1.8358399680610926,588,4.553045859000685,1.9832306639288158,0.19599291851979792,13729,58.05210690000058,0.032853099999556434,12086
fmi_sodankyla20,R,main,"Sodankyla, Finland",Dfc,lstm,3,-0.25,2019-07-01 00:00:00,3383,840,0.041537608951330185,0.030842570587992668,0.9765716791152954,0.13144069814594767,-3.3790300465918244,-4.2193557309051695,-2.294596976063068,588,4.553045859000685,1.9832306639288158,0.19599291851979792,13729,60.48733429999993,0.010909199998422991,12086
fmi_sodankyla20,R,main,"Sodankyla, Finland",Dfc,lstm,4,-0.25,2019-07-01 00:00:00,3383,840,0.04201313853263855,0.03150664269924164,0.9760321974754333,0.13294545351666384,-3.2754795060191744,-4.088355925794734,-2.4531172284628755,588,4.553045859000685,1.9832306639288158,0.19599291851979792,13729,56.05587300000116,0.02582339999935357,12086
fmi_sodankyla20,R,main,"Sodankyla, Finland",Dfc,gru,0,-0.25,2019-07-01 00:00:00,3383,840,0.04481854662299156,0.033873483538627625,0.972724437713623,0.1418228253079085,-2.5457200997904716,-3.5258043438561315,-1.717144162310713,588,4.553045859000685,1.9832306639288158,0.19603609827712767,151809,27.40058300000055,0.04107490000023972,12086
fmi_sodankyla20,R,main,"Sodankyla, Finland",Dfc,gru,1,-0.25,2019-07-01 00:00:00,3383,840,0.03851110488176346,0.028244299814105034,0.9798613786697388,0.12186369509043928,-3.4077298105328753,-4.014600422711934,-2.5104917533021913,588,4.553045859000685,1.9832306639288158,0.19594973876246816,151809,56.476872999999614,0.04110020000007353,12086
fmi_sodankyla20,R,main,"Sodankyla, Finland",Dfc,gru,2,-0.25,2019-07-01 00:00:00,3383,840,0.040970902889966965,0.030110029503703117,0.9772065877914429,0.1296474259227824,-3.0441992629271497,-3.905165545683708,-2.2998080969308554,588,4.553045859000685,1.9832306639288158,0.19603609827712767,151809,49.52492019999954,0.057050299999900744,12086
fmi_sodankyla20,R,main,"Sodankyla, Finland",Dfc,gru,3,-0.25,2019-07-01 00:00:00,3383,840,0.038849931210279465,0.02878635935485363,0.9795054197311401,0.12293586968822498,-3.3699068694635903,-4.0370368440246,-2.6435983875197078,588,4.553045859000685,1.9832306639288158,0.19586337924780864,151809,55.930545499999425,0.07277629999953206,12086
fmi_sodankyla20,R,main,"Sodankyla, Finland",Dfc,gru,4,-0.25,2019-07-01 00:00:00,3383,840,0.04048702493309975,0.030235540121793747,0.9777417778968811,0.12811625313566835,-3.277819539996858,-4.085950827513107,-2.2188274682142737,588,4.553045859000685,1.9832306639288158,0.19594973876246816,151809,69.3208539999996,0.08240470000055211,12086
fmi_sodankyla20,R,main,"Sodankyla, Finland",Dfc,tcn,0,-0.25,2019-07-01 00:00:00,3383,840,0.03715288266539574,0.026608899235725403,0.9812568426132202,0.11756576651766348,-3.251235933759289,-4.110821734888553,-2.1497076746138815,588,4.553045859000685,1.9832306639288158,0.19599291851979792,198273,9.229772099999536,0.11271579999993264,12086
fmi_sodankyla20,R,main,"Sodankyla, Finland",Dfc,tcn,1,-0.25,2019-07-01 00:00:00,3383,840,0.03746962547302246,0.026918847113847733,0.9809358716011047,0.11856806050661084,-3.3288061482116995,-4.247396976564609,-2.332400314865779,588,4.553045859000685,1.9832306639288158,0.19603609827712767,198273,7.747621500000605,0.11206309999943187,12086
fmi_sodankyla20,R,main,"Sodankyla, Finland",Dfc,tcn,2,-0.25,2019-07-01 00:00:00,3383,840,0.04128735512495041,0.030411938205361366,0.9768531322479248,0.13064880043003452,-3.106699249893974,-4.0117635006054915,-2.356858153096597,588,4.553045859000685,1.9832306639288158,0.19603609827712767,198273,4.655896899999789,0.08462180000060471,12086
fmi_sodankyla20,R,main,"Sodankyla, Finland",Dfc,tcn,3,-0.25,2019-07-01 00:00:00,3383,840,0.04301432892680168,0.03235137462615967,0.9748762249946594,0.136113598426979,-3.1410228389299077,-4.109407704260958,-2.4146983422705492,588,4.553045859000685,1.9832306639288158,0.19603609827712767,198273,3.506000800000038,0.0996861000003264,12086
fmi_sodankyla20,R,main,"Sodankyla, Finland",Dfc,tcn,4,-0.25,2019-07-01 00:00:00,3383,840,0.03996453061699867,0.029314516112208366,0.9783125519752502,0.1264628835889021,-3.0716818458591364,-3.808796471696704,-2.227018032112471,588,4.553045859000685,1.9832306639288158,0.19599291851979792,198273,5.452174699999887,0.07808479999948759,12086
fmi_sodankyla20,R,main,"Sodankyla, Finland",Dfc,patchtst,0,-0.25,2019-07-01 00:00:00,3383,840,0.05421736091375351,0.040273237973451614,0.9600850939750671,0.1715642269752353,-3.854915122936963,-5.0441210890300185,-2.2650732558794116,588,4.553045859000685,1.9832306639288158,0.19603609827712767,25857,8.610747400000037,0.23740770000040357,12086
fmi_sodankyla20,R,main,"Sodankyla, Finland",Dfc,patchtst,1,-0.25,2019-07-01 00:00:00,3383,840,0.05373457819223404,0.04083162173628807,0.9607927799224854,0.17003651992681867,-3.398039484061801,-5.16555247495093,-1.9860035050055145,588,4.553045859000685,1.9832306639288158,0.19603609827712767,25857,16.08143689999997,0.20193980000112788,12086
fmi_sodankyla20,R,main,"Sodankyla, Finland",Dfc,patchtst,2,-0.25,2019-07-01 00:00:00,3383,840,0.0515952967107296,0.03862764686346054,0.9638524651527405,0.16326702455723419,-3.6198762688829578,-5.239203411337365,-2.3136744724359475,588,4.553045859000685,1.9832306639288158,0.19599291851979792,25857,20.172666799999206,0.19780030000038096,12086
fmi_sodankyla20,R,main,"Sodankyla, Finland",Dfc,patchtst,3,-0.25,2019-07-01 00:00:00,3383,840,0.051418766379356384,0.038970839232206345,0.9640994071960449,0.16270841585092136,-3.325662498375792,-5.093605469168688,-1.9386702273759937,588,4.553045859000685,1.9832306639288158,0.19603609827712767,25857,20.47007609999855,0.2009879000015644,12086
fmi_sodankyla20,R,main,"Sodankyla, Finland",Dfc,patchtst,4,-0.25,2019-07-01 00:00:00,3383,840,0.05470407381653786,0.04085497185587883,0.9593652486801147,0.1731043706029914,-3.1017026519871163,-4.936098119344078,-1.6929931096833828,588,4.553045859000685,1.9832306639288158,0.19599291851979792,25857,11.628744400000869,0.201640999999654,12086
fmi_sodankyla20,R,main,"Sodankyla, Finland",Dfc,informer,0,-0.25,2019-07-01 00:00:00,3383,840,0.04151318222284317,0.031074494123458862,0.9765992164611816,0.1313634027424131,-2.872792173992833,-3.9982507977385895,-2.163559683982852,588,4.553045859000685,1.9832306639288158,0.19603609827712767,81537,13.949384699999428,0.09396840000044904,12086
fmi_sodankyla20,R,main,"Sodankyla, Finland",Dfc,informer,1,-0.25,2019-07-01 00:00:00,3383,840,0.03675565496087074,0.026442255824804306,0.981655478477478,0.11630878788736114,-3.2277534018432714,-3.8044328025141683,-2.6457661350639428,588,4.553045859000685,1.9832306639288158,0.19594973876246816,81537,32.13284649999878,0.09505260000150884,12086
fmi_sodankyla20,R,main,"Sodankyla, Finland",Dfc,informer,2,-0.25,2019-07-01 00:00:00,3383,840,0.042983368039131165,0.032651387155056,0.9749124050140381,0.13601562647352836,-3.2535104356217674,-3.970914396947145,-2.507523709707799,588,4.553045859000685,1.9832306639288158,0.19603609827712767,81537,14.491272999999637,0.09473020000041288,12086
fmi_sodankyla20,R,main,"Sodankyla, Finland",Dfc,informer,3,-0.25,2019-07-01 00:00:00,3383,840,0.03749946877360344,0.02793077751994133,0.9809054732322693,0.11866249599200286,-3.3149344952636883,-3.975643546421825,-2.4660950351677586,588,4.553045859000685,1.9832306639288158,0.1959065590051384,81537,30.25001490000068,0.09168610000051558,12086
fmi_sodankyla20,R,main,"Sodankyla, Finland",Dfc,informer,4,-0.25,2019-07-01 00:00:00,3383,840,0.03762759640812874,0.027349064126610756,0.9807747602462769,0.11906794026669684,-3.1760465424958695,-3.845126514976638,-2.5293836152666174,588,4.553045859000685,1.9832306639288158,0.19603609827712767,81537,32.81487329999982,0.08881800000017392,12086
fmi_sodankyla20,R,main,"Sodankyla, Finland",Dfc,lstm,0,-0.5,2019-07-01 00:00:00,3384,840,0.04002858325839043,0.0299483984708786,0.9781107902526855,0.1270568731309377,-3.9187507592669686,-4.53995729391502,-2.9138024143329,588,4.553045859000685,1.9832306639288158,0.19616563754911698,13729,71.91414170000098,0.03527609999946435,12086
fmi_sodankyla20,R,main,"Sodankyla, Finland",Dfc,lstm,1,-0.5,2019-07-01 00:00:00,3384,840,0.04158703237771988,0.031140590086579323,0.9763731360435486,0.13200363007103394,-3.3037591482351303,-4.29575452030656,-2.5838971374744113,588,4.553045859000685,1.9832306639288158,0.19616563754911698,13729,78.71595410000009,0.044597199999770964,12086
fmi_sodankyla20,R,main,"Sodankyla, Finland",Dfc,lstm,2,-0.5,2019-07-01 00:00:00,3384,840,0.04299980401992798,0.032379236072301865,0.9747406244277954,0.13648798431730608,-3.14281666240942,-4.06940791179534,-2.148633802111683,588,4.553045859000685,1.9832306639288158,0.19620881730644674,13729,84.36964830000034,0.043377399999371846,12086
fmi_sodankyla20,R,main,"Sodankyla, Finland",Dfc,lstm,3,-0.5,2019-07-01 00:00:00,3384,840,0.04187020659446716,0.030793100595474243,0.9760502576828003,0.1329024685410083,-3.3895594493627215,-4.395009681737911,-2.2664880319195335,588,4.553045859000685,1.9832306639288158,0.19620881730644674,13729,77.89497779999874,0.040232400000604684,12086
fmi_sodankyla20,R,main,"Sodankyla, Finland",Dfc,lstm,4,-0.5,2019-07-01 00:00:00,3384,840,0.04255105182528496,0.031932830810546875,0.9752650856971741,0.1350635759065978,-3.5743147861481472,-4.311157524815554,-2.4494067262582577,588,4.553045859000685,1.9832306639288158,0.19620881730644674,13729,75.24266139999963,0.043356199999834644,12086
fmi_sodankyla20,R,main,"Sodankyla, Finland",Dfc,gru,0,-0.5,2019-07-01 00:00:00,3384,840,0.040619585663080215,0.029888244345784187,0.9774596095085144,0.12893280556322056,-3.5358975613795023,-4.2137482945756695,-2.6873798357305634,588,4.553045859000685,1.9832306639288158,0.19620881730644674,151809,56.72943950000081,0.060002199999871664,12086
fmi_sodankyla20,R,main,"Sodankyla, Finland",Dfc,gru,1,-0.5,2019-07-01 00:00:00,3384,840,0.038292281329631805,0.02809051051735878,0.9799685478210449,0.1215455840489529,-3.6521714850365585,-4.357255241414658,-2.7509916096480556,588,4.553045859000685,1.9832306639288158,0.19616563754911698,151809,77.7102990000003,0.05489780000061728,12086
fmi_sodankyla20,R,main,"Sodankyla, Finland",Dfc,gru,2,-0.5,2019-07-01 00:00:00,3384,840,0.040977898985147476,0.030480602756142616,0.9770601987838745,0.13007014709762227,-2.8860781769971977,-3.917398719130094,-2.2481923325949706,588,4.553045859000685,1.9832306639288158,0.19508614361587287,151809,70.73515169999882,0.05090320000090287,12086
fmi_sodankyla20,R,main,"Sodankyla, Finland",Dfc,gru,3,-0.5,2019-07-01 00:00:00,3384,840,0.039501819759607315,0.0290985107421875,0.9786831140518188,0.12538484485547116,-3.7504656608888354,-4.196910074097104,-2.667718947348441,588,4.553045859000685,1.9832306639288158,0.19620881730644674,151809,53.993684200000644,0.06779599999936181,12086
fmi_sodankyla20,R,main,"Sodankyla, Finland",Dfc,gru,4,-0.5,2019-07-01 00:00:00,3384,840,0.039277300238609314,0.029257846996188164,0.9789246916770935,0.12467218540133267,-3.3919072343487695,-4.281659382244015,-2.6627850018448216,588,4.553045859000685,1.9832306639288158,0.19620881730644674,151809,65.10686100000021,0.07042870000077528,12086
fmi_sodankyla20,R,main,"Sodankyla, Finland",Dfc,tcn,0,-0.5,2019-07-01 00:00:00,3384,840,0.03687264770269394,0.026664849370718002,0.9814262986183167,0.11703944880889418,-3.311565133196422,-3.8846482675394673,-2.605827945173711,588,4.553045859000685,1.9832306639288158,0.19620881730644674,198273,10.575212899999315,0.11649649999890244,12086
fmi_sodankyla20,R,main,"Sodankyla, Finland",Dfc,tcn,1,-0.5,2019-07-01 00:00:00,3384,840,0.03690933436155319,0.026532944291830063,0.9813892841339111,0.11715589790053924,-3.2928233748431457,-3.9148436908191067,-2.585816707563482,588,4.553045859000685,1.9832306639288158,0.19616563754911698,198273,9.604454300000725,0.10744859999977052,12086
fmi_sodankyla20,R,main,"Sodankyla, Finland",Dfc,tcn,2,-0.5,2019-07-01 00:00:00,3384,840,0.03799177706241608,0.02753797546029091,0.9802817106246948,0.12059173733625587,-3.1374469884408516,-4.373323582277255,-2.4163513336455056,588,4.553045859000685,1.9832306639288158,0.19620881730644674,198273,7.900397100000191,0.11520959999870684,12086
fmi_sodankyla20,R,main,"Sodankyla, Finland",Dfc,tcn,3,-0.5,2019-07-01 00:00:00,3384,840,0.03866026550531387,0.02802053466439247,0.9795817136764526,0.12271362235852831,-3.0866862143263285,-4.032903071714632,-2.374920575901743,588,4.553045859000685,1.9832306639288158,0.19620881730644674,198273,5.475162099999579,0.11917220000032103,12086
fmi_sodankyla20,R,main,"Sodankyla, Finland",Dfc,tcn,4,-0.5,2019-07-01 00:00:00,3384,840,0.04059242829680443,0.03043966367840767,0.9774897694587708,0.1288466039102867,-3.1571068350002864,-3.7791712793333376,-2.287343183715931,588,4.553045859000685,1.9832306639288158,0.19612245779178722,198273,4.315384800000174,0.11241350000091188,12086
fmi_sodankyla20,R,main,"Sodankyla, Finland",Dfc,patchtst,0,-0.5,2019-07-01 00:00:00,3384,840,0.050320010632276535,0.03795194998383522,0.9654083251953125,0.159723444759001,-3.24321907782138,-5.008057837186753,-1.9731556575455982,588,4.553045859000685,1.9832306639288158,0.19612245779178722,25857,26.11414640000112,0.2988549999990937,12086
fmi_sodankyla20,R,main,"Sodankyla, Finland",Dfc,patchtst,1,-0.5,2019-07-01 00:00:00,3384,840,0.053841762244701385,0.04062208533287048,0.960396945476532,0.1709020254479577,-3.7232518477064214,-5.349903014055337,-2.4265977727834565,588,4.553045859000685,1.9832306639288158,0.19620881730644674,25857,20.110397899999953,0.21978659999876982,12086
fmi_sodankyla20,R,main,"Sodankyla, Finland",Dfc,patchtst,2,-0.5,2019-07-01 00:00:00,3384,840,0.05343148484826088,0.04059524089097977,0.9609981775283813,0.16959974195789423,-4.027309825518932,-5.129478120110772,-2.640676618031541,588,4.553045859000685,1.9832306639288158,0.19616563754911698,25857,14.453058099999907,0.25120349999997416,12086
fmi_sodankyla20,R,main,"Sodankyla, Finland",Dfc,patchtst,3,-0.5,2019-07-01 00:00:00,3384,840,0.05557917058467865,0.04211939498782158,0.9577997922897339,0.17641682644913612,-3.994674648002776,-5.395461128308265,-2.4734721896068734,588,4.553045859000685,1.9832306639288158,0.19620881730644674,25857,10.667235900000378,0.28677820000120846,12086
fmi_sodankyla20,R,main,"Sodankyla, Finland",Dfc,patchtst,4,-0.5,2019-07-01 00:00:00,3384,840,0.0514959879219532,0.03855016827583313,0.9637725949287415,0.16345617734998003,-3.4927499460531917,-4.883848593811346,-1.690656179980688,588,4.553045859000685,1.9832306639288158,0.19620881730644674,25857,21.62119470000107,0.31791080000039074,12086
fmi_sodankyla20,R,main,"Sodankyla, Finland",Dfc,informer,0,-0.5,2019-07-01 00:00:00,3384,840,0.04162164032459259,0.03133917599916458,0.9763337969779968,0.13211348101146678,-3.277776770450891,-4.2032988456363825,-2.4744631737500855,588,4.553045859000685,1.9832306639288158,0.19620881730644674,81537,15.817455599999448,0.1060367000009137,12086
fmi_sodankyla20,R,main,"Sodankyla, Finland",Dfc,informer,1,-0.5,2019-07-01 00:00:00,3384,840,0.04174047335982323,0.031516626477241516,0.9761984944343567,0.13249067532243203,-3.328374195355821,-4.224473820335354,-2.674206802077761,588,4.553045859000685,1.9832306639288158,0.19616563754911698,81537,14.589289199999257,0.09589459999915562,12086
fmi_sodankyla20,R,main,"Sodankyla, Finland",Dfc,informer,2,-0.5,2019-07-01 00:00:00,3384,840,0.03945467993617058,0.029699508100748062,0.9787339568138123,0.12523521581346503,-3.47639096933825,-4.22848874326699,-2.86490129538689,588,4.553045859000685,1.9832306639288158,0.19616563754911698,81537,20.005871999999727,0.09891759999845817,12086
fmi_sodankyla20,R,main,"Sodankyla, Finland",Dfc,informer,3,-0.5,2019-07-01 00:00:00,3384,840,0.038609858602285385,0.029132138937711716,0.9796348810195923,0.12255362310395385,-3.027534705840465,-3.9105760742411233,-2.4486082388166297,588,4.553045859000685,1.9832306639288158,0.19594973876246816,81537,23.49109810000118,0.09456039999895438,12086
fmi_sodankyla20,R,main,"Sodankyla, Finland",Dfc,informer,4,-0.5,2019-07-01 00:00:00,3384,840,0.04363543912768364,0.033292256295681,0.9739882946014404,0.1385055878063517,-2.916204685919055,-4.035703557272852,-1.850435517803417,588,4.553045859000685,1.9832306639288158,0.19612245779178722,81537,11.485374099998808,0.10273109999980079,12086
fmi_sodankyla20,R,main,"Sodankyla, Finland",Dfc,lstm,0,-1.0,2019-07-01 00:00:00,3385,840,0.04093146696686745,0.030261585488915443,0.9768327474594116,0.13073047298499976,-3.7874868846632066,-4.707258849753722,-2.8302488649677304,588,4.553045859000685,1.9832306639288158,0.195431581674511,13729,70.38391369999954,0.03141040000082285,12086
fmi_sodankyla20,R,main,"Sodankyla, Finland",Dfc,lstm,1,-1.0,2019-07-01 00:00:00,3385,840,0.04174399748444557,0.031221982091665268,0.9759038686752319,0.13332560349824812,-3.923343589243059,-4.884868490144334,-2.719829461807062,588,4.553045859000685,1.9832306639288158,0.195431581674511,13729,84.15468939999846,0.04681640000126208,12086
fmi_sodankyla20,R,main,"Sodankyla, Finland",Dfc,lstm,2,-1.0,2019-07-01 00:00:00,3385,840,0.04253770411014557,0.031506169587373734,0.9749788045883179,0.13586061263127236,-3.472851254424558,-4.827471785737862,-2.559732681353699,588,4.553045859000685,1.9832306639288158,0.19547476143184075,13729,70.32788419999997,0.03418410000085714,12086
fmi_sodankyla20,R,main,"Sodankyla, Finland",Dfc,lstm,3,-1.0,2019-07-01 00:00:00,3385,840,0.04190574586391449,0.03120916709303856,0.975716769695282,0.13384220951604966,-3.98320363363676,-4.667424439053552,-2.86404679691913,588,4.553045859000685,1.9832306639288158,0.195431581674511,13729,69.91116390000025,0.039687799999228446,12086
fmi_sodankyla20,R,main,"Sodankyla, Finland",Dfc,lstm,4,-1.0,2019-07-01 00:00:00,3385,840,0.042382895946502686,0.03133280575275421,0.9751605987548828,0.13536617287734526,-4.136076964367885,-5.048571696456541,-2.741401555634386,588,4.553045859000685,1.9832306639288158,0.19547476143184075,13729,76.40252679999867,0.04288029999952414,12086
fmi_sodankyla20,R,main,"Sodankyla, Finland",Dfc,gru,0,-1.0,2019-07-01 00:00:00,3385,840,0.03868726268410683,0.028666310012340546,0.9793035984039307,0.12356273849852892,-4.211394733511048,-4.992447902068841,-3.0597333272750493,588,4.553045859000685,1.9832306639288158,0.19547476143184075,151809,82.87331679999988,0.04912979999971867,12086
fmi_sodankyla20,R,main,"Sodankyla, Finland",Dfc,gru,1,-1.0,2019-07-01 00:00:00,3385,840,0.03896186128258705,0.028531095013022423,0.9790087342262268,0.12443977534378531,-3.731055794385784,-4.699363214541022,-2.912081929240129,588,4.553045859000685,1.9832306639288158,0.195431581674511,151809,84.39013419999901,0.04913539999870409,12086
fmi_sodankyla20,R,main,"Sodankyla, Finland",Dfc,gru,2,-1.0,2019-07-01 00:00:00,3385,840,0.04123341664671898,0.03072286956012249,0.9764897227287292,0.1316948660886384,-3.88997990496309,-4.561966468608247,-3.098188412239705,588,4.553045859000685,1.9832306639288158,0.19547476143184075,151809,52.630799300000945,0.0630406000000221,12086
fmi_sodankyla20,R,main,"Sodankyla, Finland",Dfc,gru,3,-1.0,2019-07-01 00:00:00,3385,840,0.03789645805954933,0.02763836272060871,0.9801410436630249,0.12103699802871358,-3.89407920674536,-4.615490913770968,-3.2750472278754605,588,4.553045859000685,1.9832306639288158,0.19547476143184075,151809,71.53005479999956,0.05351340000015625,12086
fmi_sodankyla20,R,main,"Sodankyla, Finland",Dfc,gru,4,-1.0,2019-07-01 00:00:00,3385,840,0.03831484541296959,0.028383703902363777,0.9797000885009766,0.12237327988364556,-3.807069507142926,-4.551905860659788,-2.9668270786369466,588,4.553045859000685,1.9832306639288158,0.19461116628524547,151809,80.17538629999945,0.044287099999564816,12086
fmi_sodankyla20,R,main,"Sodankyla, Finland",Dfc,tcn,0,-1.0,2019-07-01 00:00:00,3385,840,0.042875003069639206,0.03257334604859352,0.9745804667472839,0.1369379073333568,-4.025818024965966,-4.591908077142004,-3.0540488435282676,588,4.553045859000685,1.9832306639288158,0.195431581674511,198273,5.738119599998754,0.07959430000119028,12086
fmi_sodankyla20,R,main,"Sodankyla, Finland",Dfc,tcn,1,-1.0,2019-07-01 00:00:00,3385,840,0.03931090980768204,0.02874244935810566,0.9786309003829956,0.12555459682861803,-3.73833462795121,-4.500705685306117,-3.038678370230443,588,4.553045859000685,1.9832306639288158,0.19547476143184075,198273,6.73622990000149,0.07415339999897697,12086
fmi_sodankyla20,R,main,"Sodankyla, Finland",Dfc,tcn,2,-1.0,2019-07-01 00:00:00,3385,840,0.0381704680621624,0.02731960453093052,0.9798527956008911,0.12191215496538589,-3.71647624947391,-4.257071155396897,-3.119648923458257,588,4.553045859000685,1.9832306639288158,0.19538840191718124,198273,8.729238200001419,0.07848679999915475,12086
fmi_sodankyla20,R,main,"Sodankyla, Finland",Dfc,tcn,3,-1.0,2019-07-01 00:00:00,3385,840,0.03768814727663994,0.026887549087405205,0.9803587794303894,0.12037167696412374,-3.485439979428077,-4.509170681744487,-2.8289611383059743,588,4.553045859000685,1.9832306639288158,0.195431581674511,198273,9.694511199999397,0.07791800000086369,12086
fmi_sodankyla20,R,main,"Sodankyla, Finland",Dfc,tcn,4,-1.0,2019-07-01 00:00:00,3385,840,0.038635145872831345,0.0281391479074955,0.9793592691421509,0.12339628330174769,-3.620156070266609,-4.58958717396772,-2.9665768728973196,588,4.553045859000685,1.9832306639288158,0.19534522215985145,198273,7.586680099999285,0.08101170000009006,12086
fmi_sodankyla20,R,main,"Sodankyla, Finland",Dfc,patchtst,0,-1.0,2019-07-01 00:00:00,3385,840,0.05202705040574074,0.03883024677634239,0.9625701904296875,0.1661685107221419,-4.218361143744865,-5.709520188677345,-2.547352310732409,588,4.553045859000685,1.9832306639288158,0.19547476143184075,25857,15.408629899999141,0.2620686999998725,12086
fmi_sodankyla20,R,main,"Sodankyla, Finland",Dfc,patchtst,1,-1.0,2019-07-01 00:00:00,3385,840,0.052617259323596954,0.039772454649209976,0.9617161154747009,0.1680535712076057,-3.8987091922886963,-5.760543395708417,-3.0786823098758553,588,4.553045859000685,1.9832306639288158,0.19538840191718124,25857,22.27029219999895,0.26979559999927005,12086
fmi_sodankyla20,R,main,"Sodankyla, Finland",Dfc,patchtst,2,-1.0,2019-07-01 00:00:00,3385,840,0.05291859805583954,0.04000766575336456,0.9612763524055481,0.16901601301372665,-4.4378875279325385,-5.903747712552709,-3.0442075695865505,588,4.553045859000685,1.9832306639288158,0.19547476143184075,25857,17.9777610000001,0.2721431999998458,12086
fmi_sodankyla20,R,main,"Sodankyla, Finland",Dfc,patchtst,3,-1.0,2019-07-01 00:00:00,3385,840,0.05378386750817299,0.04067273810505867,0.959999680519104,0.1717795857157407,-4.395873059272404,-6.051623280921237,-2.6037001897193788,588,4.553045859000685,1.9832306639288158,0.19547476143184075,25857,15.667786600000909,0.2722078999995574,12086
fmi_sodankyla20,R,main,"Sodankyla, Finland",Dfc,patchtst,4,-1.0,2019-07-01 00:00:00,3385,840,0.05025859922170639,0.03758121654391289,0.9650714993476868,0.16052027778861833,-3.924003816335528,-5.325925307531488,-2.321567795882232,588,4.553045859000685,1.9832306639288158,0.19547476143184075,25857,21.893540400000347,0.2208650000011403,12086
fmi_sodankyla20,R,main,"Sodankyla, Finland",Dfc,informer,0,-1.0,2019-07-01 00:00:00,3385,840,0.040095143020153046,0.029904954135417938,0.9777697920799255,0.12805934895196286,-3.794341658111511,-4.766121364914486,-2.904895888493927,588,4.553045859000685,1.9832306639288158,0.19547476143184075,81537,15.975568199999543,0.10065060000124504,12086
fmi_sodankyla20,R,main,"Sodankyla, Finland",Dfc,informer,1,-1.0,2019-07-01 00:00:00,3385,840,0.04053150862455368,0.030402524396777153,0.9772832989692688,0.1294530513057988,-3.8542213717051785,-4.7444660646892896,-2.9576001766727797,588,4.553045859000685,1.9832306639288158,0.195431581674511,81537,15.16858830000092,0.10572999999931199,12086
fmi_sodankyla20,R,main,"Sodankyla, Finland",Dfc,informer,2,-1.0,2019-07-01 00:00:00,3385,840,0.043379124253988266,0.03245338797569275,0.9739791750907898,0.1385480133411639,-3.587456947888569,-4.408640329791511,-2.8833300599286424,588,4.553045859000685,1.9832306639288158,0.19547476143184075,81537,13.535475900000165,0.16776090000166732,12086
fmi_sodankyla20,R,main,"Sodankyla, Finland",Dfc,informer,3,-1.0,2019-07-01 00:00:00,3385,840,0.04190245270729065,0.03201473876833916,0.9757205843925476,0.13383169154650323,-3.8333829562632427,-4.898452885680528,-2.7094629700512027,588,4.553045859000685,1.9832306639288158,0.19547476143184075,81537,11.648968999999852,0.18085509999946225,12086
fmi_sodankyla20,R,main,"Sodankyla, Finland",Dfc,informer,4,-1.0,2019-07-01 00:00:00,3385,840,0.04115813225507736,0.031060850247740746,0.976575493812561,0.1314544162622087,-3.8031764369078958,-4.803615793417371,-3.165883367407782,588,4.553045859000685,1.9832306639288158,0.19547476143184075,81537,16.636195500001122,0.16879820000031032,12086
fmi_sodankyla20,R,main,"Sodankyla, Finland",Dfc,lstm,0,-2.0,2019-07-01 00:00:00,3393,842,0.04088817164301872,0.030339837074279785,0.9763165712356567,0.13199294106147585,-4.726554835486274,-5.68274218872954,-3.90294957807491,588,4.553045859000685,1.9832306639288158,0.19499978410121335,13729,66.98129849999896,0.030845300001601572,12086
fmi_sodankyla20,R,main,"Sodankyla, Finland",Dfc,lstm,1,-2.0,2019-07-01 00:00:00,3393,842,0.041713882237672806,0.03152253106236458,0.9753503799438477,0.13465845447218913,-4.92950845745001,-5.812924054646162,-3.8670102135824553,588,4.553045859000685,1.9832306639288158,0.19499978410121335,13729,67.0706768,0.04236910000145144,12086
fmi_sodankyla20,R,main,"Sodankyla, Finland",Dfc,lstm,2,-2.0,2019-07-01 00:00:00,3393,842,0.04386476054787636,0.03327125310897827,0.9727427959442139,0.14160180123045824,-4.464568796862412,-5.436431679883991,-3.5632309380235143,588,4.553045859000685,1.9832306639288158,0.19499978410121335,13729,73.9419170000001,0.032117199998538126,12086
fmi_sodankyla20,R,main,"Sodankyla, Finland",Dfc,lstm,3,-2.0,2019-07-01 00:00:00,3393,842,0.04240357503294945,0.031528256833553314,0.9745284914970398,0.1368848827231823,-4.8940583864503076,-5.598522028881507,-4.0276523426846955,588,4.553045859000685,1.9832306639288158,0.19499978410121335,13729,74.66707589999896,0.03213870000035968,12086
fmi_sodankyla20,R,main,"Sodankyla, Finland",Dfc,lstm,4,-2.0,2019-07-01 00:00:00,3393,842,0.04158906266093254,0.031171686947345734,0.9754976630210876,0.1342555187972992,-5.002801246706539,-5.800297866197596,-4.154387714721319,588,4.553045859000685,1.9832306639288158,0.1950429638585431,13729,68.58921839999857,0.03457010000056471,12086
fmi_sodankyla20,R,main,"Sodankyla, Finland",Dfc,gru,0,-2.0,2019-07-01 00:00:00,3393,842,0.040807630866765976,0.030228177085518837,0.9764097929000854,0.13173294376871872,-4.7198267462696,-5.400319250959399,-3.9671873705763714,588,4.553045859000685,1.9832306639288158,0.19491342458655384,151809,70.85299180000038,0.056120999999620835,12086
fmi_sodankyla20,R,main,"Sodankyla, Finland",Dfc,gru,1,-2.0,2019-07-01 00:00:00,3393,842,0.03960961475968361,0.029134763404726982,0.9777745604515076,0.12786557423228162,-4.808156894196529,-5.567726910591819,-4.233852015622102,588,4.553045859000685,1.9832306639288158,0.1948270650718943,151809,87.83092949999991,0.04952369999955408,12086
fmi_sodankyla20,R,main,"Sodankyla, Finland",Dfc,gru,2,-2.0,2019-07-01 00:00:00,3393,842,0.04307090863585472,0.031595174223184586,0.9737204909324646,0.13903913226228237,-4.507975925313703,-5.154115555688193,-3.792336275203645,588,4.553045859000685,1.9832306639288158,0.1950429638585431,151809,60.611454500000036,0.05212549999851035,12086
fmi_sodankyla20,R,main,"Sodankyla, Finland",Dfc,gru,3,-2.0,2019-07-01 00:00:00,3393,842,0.04022704437375069,0.02945580706000328,0.9770762324333191,0.12985872646639676,-4.779747203173616,-5.238441978544741,-4.0499122651789845,588,4.553045859000685,1.9832306639288158,0.1950429638585431,151809,64.84630079999988,0.06427889999940817,12086
fmi_sodankyla20,R,main,"Sodankyla, Finland",Dfc,gru,4,-2.0,2019-07-01 00:00:00,3393,842,0.038837969303131104,0.028512578457593918,0.9786320924758911,0.1253745909191532,-4.973200789508447,-5.52395305170138,-4.1254539530108305,588,4.553045859000685,1.9832306639288158,0.1949566043438836,151809,73.10295959999894,0.05066460000125517,12086
fmi_sodankyla20,R,main,"Sodankyla, Finland",Dfc,tcn,0,-2.0,2019-07-01 00:00:00,3393,842,0.0393744632601738,0.02885332889854908,0.9780376553535461,0.12710647112817852,-4.751265671589407,-5.43523784402713,-4.017310546452368,588,4.553045859000685,1.9832306639288158,0.1950429638585431,198273,9.70990510000047,0.07786889999988489,12086
fmi_sodankyla20,R,main,"Sodankyla, Finland",Dfc,tcn,1,-2.0,2019-07-01 00:00:00,3393,842,0.03924509882926941,0.02881433628499508,0.9781817197799683,0.12668886400568619,-4.701271824537904,-5.40190236614696,-3.6949812394709816,588,4.553045859000685,1.9832306639288158,0.1950429638585431,198273,9.516633700000966,0.0650378999998793,12086
fmi_sodankyla20,R,main,"Sodankyla, Finland",Dfc,tcn,2,-2.0,2019-07-01 00:00:00,3393,842,0.0377759151160717,0.027298543602228165,0.9797847270965576,0.12194612615578537,-4.414932225545998,-5.273304623765502,-3.8000053945724477,588,4.553045859000685,1.9832306639288158,0.1950429638585431,198273,14.533607100000154,0.07316829999945185,12086
fmi_sodankyla20,R,main,"Sodankyla, Finland",Dfc,tcn,3,-2.0,2019-07-01 00:00:00,3393,842,0.04060621187090874,0.029909884557127953,0.9766420722007751,0.13108273407284485,-4.280564496441553,-5.248946243673014,-3.7054171115747576,588,4.553045859000685,1.9832306639288158,0.1950429638585431,198273,6.954140499999994,0.07269780000024184,12086
fmi_sodankyla20,R,main,"Sodankyla, Finland",Dfc,tcn,4,-2.0,2019-07-01 00:00:00,3393,842,0.038720421493053436,0.028528263792395592,0.9787611961364746,0.12499512956042708,-4.799050802871507,-5.311308183020271,-3.7138613173014683,588,4.553045859000685,1.9832306639288158,0.19474070555723477,198273,9.116233400000056,0.07387199999902805,12086
fmi_sodankyla20,R,main,"Sodankyla, Finland",Dfc,patchtst,0,-2.0,2019-07-01 00:00:00,3393,842,0.052810948342084885,0.03980669379234314,0.960490882396698,0.17048139136120152,-4.896369321287035,-6.39338029696882,-3.2970327577843173,588,4.553045859000685,1.9832306639288158,0.1950429638585431,25857,11.591008299999885,0.21113550000154646,12086
fmi_sodankyla20,R,main,"Sodankyla, Finland",Dfc,patchtst,1,-2.0,2019-07-01 00:00:00,3393,842,0.05393359810113907,0.04113154113292694,0.9587932825088501,0.1741054674087501,-4.832941154364169,-6.296769624962431,-3.7505075983194858,588,4.553045859000685,1.9832306639288158,0.19491342458655384,25857,19.449845999999525,0.2251799999994546,12086
fmi_sodankyla20,R,main,"Sodankyla, Finland",Dfc,patchtst,2,-2.0,2019-07-01 00:00:00,3393,842,0.052756842225790024,0.039551787078380585,0.9605717658996582,0.1703067289800727,-5.278228968067333,-6.474233266855746,-3.7756047414901492,588,4.553045859000685,1.9832306639288158,0.1950429638585431,25857,17.72600009999951,0.23007170000164479,12086
fmi_sodankyla20,R,main,"Sodankyla, Finland",Dfc,patchtst,3,-2.0,2019-07-01 00:00:00,3393,842,0.056832119822502136,0.04350254312157631,0.9542451500892639,0.18346231540071956,-5.818241002324198,-7.139516499775922,-3.5765002525805674,588,4.553045859000685,1.9832306639288158,0.19487024482922405,25857,9.23782719999872,0.22923529999934544,12086
fmi_sodankyla20,R,main,"Sodankyla, Finland",Dfc,patchtst,4,-2.0,2019-07-01 00:00:00,3393,842,0.054388802498579025,0.041183941066265106,0.9580947756767273,0.17557493314389688,-4.929877935458338,-6.181719126494722,-3.482568276789988,588,4.553045859000685,1.9832306639288158,0.1950429638585431,25857,12.415352099998927,0.27311069999996107,12086
fmi_sodankyla20,R,main,"Sodankyla, Finland",Dfc,informer,0,-2.0,2019-07-01 00:00:00,3393,842,0.03981722891330719,0.02969208173453808,0.9775409698486328,0.12853578279484631,-4.757668522127901,-5.5014935105878955,-4.0267115876716675,588,4.553045859000685,1.9832306639288158,0.19499978410121335,81537,24.722034200000053,0.12638870000046154,12086
fmi_sodankyla20,R,main,"Sodankyla, Finland",Dfc,informer,1,-2.0,2019-07-01 00:00:00,3393,842,0.04322108253836632,0.03285083547234535,0.9735369086265564,0.13952391537355094,-5.068557871996428,-6.129328390256994,-3.9738743174268976,588,4.553045859000685,1.9832306639288158,0.1950429638585431,81537,12.064960400000928,0.12748570000076143,12086
fmi_sodankyla20,R,main,"Sodankyla, Finland",Dfc,informer,2,-2.0,2019-07-01 00:00:00,3393,842,0.04172717034816742,0.03145481273531914,0.975334644317627,0.13470135041776105,-4.721419270731944,-5.527621084665391,-3.80790781277649,588,4.553045859000685,1.9832306639288158,0.1950429638585431,81537,17.024976999999126,0.12469480000072508,12086
fmi_sodankyla20,R,main,"Sodankyla, Finland",Dfc,informer,3,-2.0,2019-07-01 00:00:00,3393,842,0.04283123463392258,0.03301336243748665,0.9740121364593506,0.1382654298652372,-4.414924001859823,-5.302409225408322,-3.7318815935531546,588,4.553045859000685,1.9832306639288158,0.19478388531456453,81537,14.891321900000548,0.13794290000078036,12086
fmi_sodankyla20,R,main,"Sodankyla, Finland",Dfc,informer,4,-2.0,2019-07-01 00:00:00,3393,842,0.039499714970588684,0.029754478484392166,0.9778977036476135,0.12751080179316837,-4.535659853873495,-5.238625892010211,-3.9011320809662298,588,4.553045859000685,1.9832306639288158,0.19474070555723477,81537,29.586165400000027,0.12020019999908982,12086
ut_ID002,R,main,Utrecht,Cfb,lstm,2,-0.25,2015-01-01 00:00:00,3011,750,0.09672385454177856,0.06916993856430054,0.8293285965919495,0.38102511338544665,-2.270664336529414,-5.373375955363837,1.7996104238875414,1090,3.9835728952772076,2.202258726899384,0.2573373725528519,13729,72.40506540000024,0.04374909999933152,16004
ut_ID002,R,main,Utrecht,Cfb,lstm,3,-0.25,2015-01-01 00:00:00,3011,750,0.09894577413797379,0.0714820921421051,0.8213973045349121,0.3897779403905775,-2.7935678720967694,-6.165993429495369,0.2001198140729796,1090,3.9835728952772076,2.202258726899384,0.25792371087006094,13729,39.67163099999925,0.042572000000291155,16004
ut_ID002,R,main,Utrecht,Cfb,lstm,4,-0.25,2015-01-01 00:00:00,3011,750,0.09711728990077972,0.07010700553655624,0.8279373645782471,0.3825749766842517,-2.921107421456548,-6.247787356179929,1.0229133647598936,1091,3.9835728952772076,2.202258726899384,0.25792371087006094,13729,54.951875000000655,0.04059090000009746,16004
ut_ID002,R,main,Utrecht,Cfb,gru,0,-0.25,2015-01-01 00:00:00,3011,750,0.09561683237552643,0.0687013640999794,0.8332129716873169,0.37666421142992923,-2.3588329297041106,-5.3674776840919485,1.1808840630036836,1090,3.9835728952772076,2.202258726899384,0.2572722238509398,151809,58.78358560000015,0.06268090000048687,16004
ut_ID002,R,main,Utrecht,Cfb,gru,1,-0.25,2015-01-01 00:00:00,3011,750,0.09723439067602158,0.07012926042079926,0.8275221586227417,0.3830362727768798,-3.1772371309046807,-6.175813270578198,1.3388494915315663,1092,3.9835728952772076,2.202258726899384,0.2587054952930063,151809,44.29889539999931,0.05433710000033898,16004
ut_ID002,R,main,Utrecht,Cfb,gru,2,-0.25,2015-01-01 00:00:00,3011,750,0.09571580588817596,0.06874656677246094,0.8328675031661987,0.37705409864087736,-2.559507883771943,-5.458155914436236,1.5360529344673768,1090,3.9835728952772076,2.202258726899384,0.2558389524088733,151809,51.41116580000016,0.062392699999691104,16004
ut_ID002,R,main,Utrecht,Cfb,gru,3,-0.25,2015-01-01 00:00:00,3011,750,0.09687720239162445,0.06955037266016006,0.8287869691848755,0.38162919789129834,-2.1750379310666257,-5.910789117117161,1.5406321576055073,1092,3.9835728952772076,2.202258726899384,0.258542623538226,151809,44.77708619999976,0.06653560000086145,16004
ut_ID002,R,main,Utrecht,Cfb,gru,4,-0.25,2015-01-01 00:00:00,3011,750,0.09941884875297546,0.07133495062589645,0.8196853399276733,0.391641527296566,-3.134597376123042,-6.64996137741678,0.968529952147741,1089,3.9835728952772076,2.202258726899384,0.257402521254764,151809,19.74020120000023,0.08822609999879205,16004
ut_ID002,R,main,Utrecht,Cfb,tcn,0,-0.25,2015-01-01 00:00:00,3011,750,0.09841403365135193,0.07189969718456268,0.8233117461204529,0.387683250511162,-1.5128524127678467,-5.213899715307228,1.0166680122077887,1093,3.9835728952772076,2.202258726899384,0.25805400827388514,198273,3.0878482000007352,0.14175620000060007,16004
ut_ID002,R,main,Utrecht,Cfb,tcn,1,-0.25,2015-01-01 00:00:00,3011,750,0.09820280224084854,0.07073091715574265,0.8240694403648376,0.38685114479619737,-2.730362847338802,-5.635507770756787,0.9034022272769344,1092,3.9835728952772076,2.202258726899384,0.257956285221017,198273,1.6177400999986276,0.13607239999873855,16004
ut_ID002,R,main,Utrecht,Cfb,tcn,2,-0.25,2015-01-01 00:00:00,3011,750,0.09710482507944107,0.07040658593177795,0.8279814720153809,0.3825258739061791,-2.102215683483429,-5.366968618208013,0.8748655476403688,1089,3.9835728952772076,2.202258726899384,0.25476399882732337,198273,5.263635600000271,0.11280519999854732,16004
ut_ID002,R,main,Utrecht,Cfb,tcn,3,-0.25,2015-01-01 00:00:00,3011,750,0.09729859977960587,0.06921234726905823,0.8272942304611206,0.38328921225173307,-3.0492556013293814,-5.86749565785072,0.8412070057580047,1090,3.9835728952772076,2.202258726899384,0.2581843056777094,198273,2.5091706000002887,0.15480220000063127,16004
ut_ID002,R,main,Utrecht,Cfb,tcn,4,-0.25,2015-01-01 00:00:00,3011,750,0.09690561145544052,0.06861801445484161,0.8286865949630737,0.38174110996110755,-1.895858638187703,-4.94910165483774,1.2044341227151452,1092,3.9835728952772076,2.202258726899384,0.2580865826248412,198273,4.450375399999757,0.11278289999972912,16004
ut_ID002,R,main,Utrecht,Cfb,patchtst,0,-0.25,2015-01-01 00:00:00,3011,750,0.09788127988576889,0.0704822689294815,0.8252195119857788,0.38558456901320615,-1.8127698349350885,-5.878828067563801,1.2646863614148462,1091,3.9835728952772076,2.202258726899384,0.25720707514902763,25857,10.394424599999184,0.4024150000004738,16004
ut_ID002,R,main,Utrecht,Cfb,patchtst,1,-0.25,2015-01-01 00:00:00,3011,750,0.09990683943033218,0.07306380569934845,0.81791090965271,0.39356387317547814,-2.8096258007272574,-6.189620577084684,0.6683068703687289,1091,3.9835728952772076,2.202258726899384,0.2575653930095443,25857,10.487841000000117,0.3823422000004939,16004
ut_ID002,R,main,Utrecht,Cfb,patchtst,2,-0.25,2015-01-01 00:00:00,3011,750,0.09797200560569763,0.07051501423120499,0.8248953819274902,0.3859419656232419,-1.2506888221113301,-6.248587909255045,1.405444705319193,1093,3.9835728952772076,2.202258726899384,0.25776083911528064,25857,11.232950899999196,0.3629807000015717,16004
ut_ID002,R,main,Utrecht,Cfb,patchtst,3,-0.25,2015-01-01 00:00:00,3011,750,0.09878209233283997,0.0708717331290245,0.8219876885414124,0.38913314724564235,-2.341313924584565,-6.169188164987749,0.861671488379101,1090,3.9835728952772076,2.202258726899384,0.2576305417114564,25857,7.796719699999812,0.28630619999967166,16004
ut_ID002,R,main,Utrecht,Cfb,patchtst,4,-0.25,2015-01-01 00:00:00,3011,750,0.09825897216796875,0.07139775156974792,0.8238680958747864,0.3870724154739554,-2.235265736644843,-6.5969346571801,0.817308165126418,1093,3.9835728952772076,2.202258726899384,0.25769569041336854,25857,7.882674600001337,0.2791531999992003,16004
ut_ID002,R,main,Utrecht,Cfb,informer,0,-0.25,2015-01-01 00:00:00,3011,750,0.0975601077079773,0.06888585537672043,0.8263646364212036,0.38431937268662225,-1.9378422233193136,-5.227684717349826,0.5653652073230742,1090,3.9835728952772076,2.202258726899384,0.25639271637512623,81537,14.23174139999901,0.11111399999936111,16004
ut_ID002,R,main,Utrecht,Cfb,informer,1,-0.25,2015-01-01 00:00:00,3011,750,0.09779525548219681,0.06898710876703262,0.8255266547203064,0.38524569233919176,-2.8620305737307827,-5.843731681179243,0.614059134842404,1090,3.9835728952772076,2.202258726899384,0.25759796736050034,81537,12.53909929999827,0.12037790000067616,16004
ut_ID002,R,main,Utrecht,Cfb,informer,2,-0.25,2015-01-01 00:00:00,3011,750,0.09971471130847931,0.07175179570913315,0.8186105489730835,0.3928070212100521,-2.913614487765325,-5.5350471580840725,1.2957914155229748,1091,3.9835728952772076,2.202258726899384,0.25766311606241243,81537,8.733627699999488,0.11091309999937948,16004
ut_ID002,R,main,Utrecht,Cfb,informer,3,-0.25,2015-01-01 00:00:00,3011,750,0.09619872272014618,0.06843425333499908,0.8311767578125,0.37895645707695186,-2.2166863885808645,-5.236510924471073,1.2074663857142287,1092,3.9835728952772076,2.202258726899384,0.257402521254764,81537,20.152550599999813,0.12509870000030787,16004
ut_ID002,R,main,Utrecht,Cfb,informer,4,-0.25,2015-01-01 00:00:00,3011,750,0.09862428903579712,0.07242070883512497,0.8225560188293457,0.38851151135826795,-1.8039667757826783,-4.794764576719013,1.189810221362203,1089,3.9835728952772076,2.202258726899384,0.2564252907260823,81537,6.971223900000041,0.1251948999997694,16004
ut_ID002,R,main,Utrecht,Cfb,lstm,0,-0.5,2015-01-01 00:00:00,3012,750,0.09662966430187225,0.06806635111570358,0.8293105363845825,0.38107420652181706,-1.625320037893014,-5.082314143366807,1.4916990037136304,1091,3.9835728952772076,2.202258726899384,0.25789113651910484,13729,59.5983152000008,0.03228620000118099,16004
ut_ID002,R,main,Utrecht,Cfb,lstm,1,-0.5,2015-01-01 00:00:00,3012,750,0.09835175424814224,0.0712101012468338,0.8231724500656128,0.3878655377819974,-2.1381445243500616,-5.8825473556838315,0.6561510482214257,1090,3.9835728952772076,2.202258726899384,0.25730479820189583,13729,49.333805700000084,0.04477670000051148,16004
ut_ID002,R,main,Utrecht,Cfb,lstm,2,-0.5,2015-01-01 00:00:00,3012,750,0.09695471823215485,0.06973689049482346,0.8281602263450623,0.38235610757626204,-2.6673535900566163,-5.776360072455489,1.3991424950631497,1091,3.9835728952772076,2.202258726899384,0.25766311606241243,13729,63.31197830000019,0.04763769999954093,16004
ut_ID002,R,main,Utrecht,Cfb,lstm,3,-0.5,2015-01-01 00:00:00,3012,750,0.09872161597013474,0.0715111568570137,0.8218399286270142,0.3893241453767704,-3.8382960646263675,-6.166339017954615,0.4183119524620981,1090,3.9835728952772076,2.202258726899384,0.2575002443076322,13729,38.637113800001316,0.03337129999999888,16004
ut_ID002,R,main,Utrecht,Cfb,lstm,4,-0.5,2015-01-01 00:00:00,3012,750,0.09691677242517471,0.07000590860843658,0.8282946944236755,0.38220646234681566,-3.3589765036936523,-6.13896778996319,1.3006299309661289,1091,3.9835728952772076,2.202258726899384,0.25811915697579724,13729,53.59445500000038,0.03260790000058478,16004
ut_ID002,R,main,Utrecht,Cfb,gru,0,-0.5,2015-01-01 00:00:00,3012,750,0.09842099249362946,0.0704483613371849,0.8229233622550964,0.38813858964087145,-3.3641273552609645,-6.727639678178014,-0.2265193450650571,1091,3.9835728952772076,2.202258726899384,0.25867292094205024,151809,26.352449699999852,0.06541199999992386,16004
ut_ID002,R,main,Utrecht,Cfb,gru,1,-0.5,2015-01-01 00:00:00,3012,750,0.09689292311668396,0.07033948600292206,0.828379213809967,0.38211240886567327,-3.2139920014560337,-6.332169047404493,0.12258656034647153,1092,3.9835728952772076,2.202258726899384,0.2586077722401381,151809,35.74715720000131,0.059735700000601355,16004
ut_ID002,R,main,Utrecht,Cfb,gru,2,-0.5,2015-01-01 00:00:00,3012,750,0.09794775396585464,0.07106014341115952,0.8246221542358398,0.3862722994310249,-2.684491746256424,-5.863329348635932,-0.017281884202935416,1090,3.9835728952772076,2.202258726899384,0.25834717743248964,151809,29.686869899998783,0.07170119999864255,16004
ut_ID002,R,main,Utrecht,Cfb,gru,3,-0.5,2015-01-01 00:00:00,3012,750,0.09778091311454773,0.07029714435338974,0.8252190947532654,0.3856143364184599,-3.5224722288218544,-6.326035757795754,0.5254683680335327,1091,3.9835728952772076,2.202258726899384,0.2586077722401381,151809,28.714176899999075,0.07438820000061241,16004
ut_ID002,R,main,Utrecht,Cfb,gru,4,-0.5,2015-01-01 00:00:00,3012,750,0.09732825309038162,0.07063689082860947,0.8268336057662964,0.38382920075872745,-2.5390809293468486,-6.431395240916238,0.3806018405152045,1089,3.9835728952772076,2.202258726899384,0.25723964949998374,151809,31.39067309999882,0.07638659999975062,16004
ut_ID002,R,main,Utrecht,Cfb,tcn,0,-0.5,2015-01-01 00:00:00,3012,750,0.0966474860906601,0.06925930082798004,0.8292475342750549,0.3811444895355292,-1.8311448624339874,-5.427773169666916,1.0552393386393688,1089,3.9835728952772076,2.200889801505818,0.25655558812990653,198273,2.4195807999985846,0.10233960000005027,16004
ut_ID002,R,main,Utrecht,Cfb,tcn,1,-0.5,2015-01-01 00:00:00,3012,750,0.09765095263719559,0.06935718655586243,0.8256833553314209,0.3851018169334346,-2.049669984362057,-4.826635057544847,1.0952557573788095,1091,3.9835728952772076,2.202258726899384,0.25730479820189583,198273,3.6905399999996007,0.1167436000014277,16004
ut_ID002,R,main,Utrecht,Cfb,tcn,2,-0.5,2015-01-01 00:00:00,3012,750,0.09769938886165619,0.07083851844072342,0.8255103826522827,0.3852928327662701,-2.945286302800487,-5.515860305688852,0.4600879397660296,1091,3.9835728952772076,2.202258726899384,0.25697905469233523,198273,3.0644603000000643,0.1143248999997013,16004
ut_ID002,R,main,Utrecht,Cfb,tcn,3,-0.5,2015-01-01 00:00:00,3012,750,0.09904921054840088,0.07170421630144119,0.8206555843353271,0.3906160658742237,-3.2376092425257617,-5.45702837491285,0.9118134592027156,1090,3.9835728952772076,2.202258726899384,0.25851004918726994,198273,2.6672539000010147,0.12594050000006973,16004
ut_ID002,R,main,Utrecht,Cfb,tcn,4,-0.5,2015-01-01 00:00:00,3012,750,0.09779403358697891,0.07022912800312042,0.8251721858978271,0.38566607905522704,-1.672224166328152,-4.85712897806419,1.2278317096433344,1090,3.9835728952772076,2.202258726899384,0.25798885957197304,198273,3.3635580999998638,0.08820250000098895,16004
ut_ID002,R,main,Utrecht,Cfb,patchtst,0,-0.5,2015-01-01 00:00:00,3012,750,0.09680214524269104,0.0693836435675621,0.828700602054596,0.3817544121102099,-1.986735987338905,-6.161832387640903,0.29178926970401253,1093,3.9835728952772076,2.202258726899384,0.25851004918726994,25857,9.913590000000113,0.24847869999939576,16004
ut_ID002,R,main,Utrecht,Cfb,patchtst,1,-0.5,2015-01-01 00:00:00,3012,750,0.09853215515613556,0.07130001485347748,0.8225231170654297,0.3885769770006477,-3.1203776965831285,-6.791747510804097,-0.01424338272750057,1091,3.9835728952772076,2.202258726899384,0.25873806964396234,25857,10.524537600000258,0.31796179999946617,16004
ut_ID002,R,main,Utrecht,Cfb,patchtst,2,-0.5,2015-01-01 00:00:00,3012,750,0.09938950091600418,0.07146837562322617,0.8194211721420288,0.39195805420418767,-2.9079577715963367,-6.559404903385015,0.8699546994774654,1092,3.9835728952772076,2.202258726899384,0.25857519788918204,25857,9.8886906000007,0.3098104000000603,16004
ut_ID002,R,main,Utrecht,Cfb,patchtst,3,-0.5,2015-01-01 00:00:00,3012,750,0.09697239845991135,0.06940463930368423,0.8280975818634033,0.3824258323218887,-2.0333297703273057,-5.86171721478148,0.9241466275832666,1090,3.9835728952772076,2.20362765229295,0.2565230137789505,25857,18.832733900000676,0.2989011000008759,16004
ut_ID002,R,main,Utrecht,Cfb,patchtst,4,-0.5,2015-01-01 00:00:00,3012,750,0.09693494439125061,0.07062432169914246,0.8282303214073181,0.3822781263394761,-1.6159510877052026,-6.518746183009176,0.5187201355974946,1093,3.9835728952772076,2.202258726899384,0.25782598781719274,25857,10.011385300000256,0.36699380000027304,16004
ut_ID002,R,main,Utrecht,Cfb,informer,0,-0.5,2015-01-01 00:00:00,3012,750,0.09973186254501343,0.07283277809619904,0.8181749582290649,0.3933082108777185,-2.882101653846444,-5.823150451907333,-0.23597077973007274,1089,3.9835728952772076,2.202258726899384,0.25720707514902763,81537,5.813698200001454,0.14287580000018352,16004
ut_ID002,R,main,Utrecht,Cfb,informer,1,-0.5,2015-01-01 00:00:00,3012,750,0.09918099641799927,0.07281475514173508,0.8201780319213867,0.391135784079299,-2.267405541478494,-5.853025403187664,0.4859995250680038,1091,3.9835728952772076,2.202258726899384,0.25782598781719274,81537,9.107694899999842,0.16253510000024107,16004
ut_ID002,R,main,Utrecht,Cfb,informer,2,-0.5,2015-01-01 00:00:00,3012,750,0.09836085885763168,0.06993331015110016,0.8231396675109863,0.38790144323465464,-3.0863551455221128,-5.42116555026042,1.2136785158965264,1088,3.9835728952772076,2.202258726899384,0.25668588553373073,81537,11.526466100000107,0.15705630000047677,16004
ut_ID002,R,main,Utrecht,Cfb,informer,3,-0.5,2015-01-01 00:00:00,3012,750,0.09814553707838058,0.07064615935087204,0.8239131569862366,0.3870522880940692,-3.173755433313923,-6.4837375700404944,0.29185623939132166,1091,3.9835728952772076,2.202258726899384,0.25782598781719274,81537,8.263147200001185,0.15200499999991735,16004
ut_ID002,R,main,Utrecht,Cfb,informer,4,-0.5,2015-01-01 00:00:00,3012,750,0.10017608851194382,0.0728529542684555,0.8165515661239624,0.3950600855125671,-2.5479331180781215,-5.601683201944236,0.24797847892973346,1091,3.9835728952772076,2.202258726899384,0.2588357926968305,81537,5.381609600000957,0.13401019999946584,16004
ut_ID002,R,main,Utrecht,Cfb,lstm,0,-1.0,2015-01-01 00:00:00,3012,750,0.09642647206783295,0.0679306611418724,0.8293272256851196,0.3811141769266786,-2.1364921583570693,-5.575099663217908,1.0445590328150849,1091,3.9835728952772076,2.202258726899384,0.2577934134662367,13729,50.92776330000015,0.031940900000336114,16004
ut_ID002,R,main,Utrecht,Cfb,lstm,1,-1.0,2015-01-01 00:00:00,3012,750,0.09812826663255692,0.07104095816612244,0.8232498168945312,0.38784031779779554,-2.483770949268913,-6.297847646570887,0.3074738312467906,1090,3.9835728952772076,2.202258726899384,0.25743509560572003,13729,38.27295749999939,0.03483070000038424,16004
ut_ID002,R,main,Utrecht,Cfb,lstm,2,-1.0,2015-01-01 00:00:00,3012,750,0.09673918038606644,0.06958255171775818,0.8282184600830078,0.3823501194097536,-2.9848080675043356,-6.208614564215473,1.0488193854124415,1091,3.9835728952772076,2.202258726899384,0.2576305417114564,13729,49.83921069999997,0.03270630000042729,16004
ut_ID002,R,main,Utrecht,Cfb,lstm,3,-1.0,2015-01-01 00:00:00,3012,750,0.09850973635911942,0.07134906947612762,0.821872889995575,0.38934803157953635,-4.249290267263772,-6.535544438534426,-0.05359638432952091,1090,3.9835728952772076,2.202258726899384,0.2575002443076322,13729,37.15282230000048,0.03199320000021544,16004
ut_ID002,R,main,Utrecht,Cfb,lstm,4,-1.0,2015-01-01 00:00:00,3012,750,0.0966973677277565,0.06984474509954453,0.8283669352531433,0.3821848598444581,-3.909521257297512,-6.587857194107083,0.7477918465978509,1091,3.9835728952772076,2.202258726899384,0.25798885957197304,13729,53.05148879999979,0.03767049999987648,16004
ut_ID002,R,main,Utrecht,Cfb,gru,0,-1.0,2015-01-01 00:00:00,3012,750,0.098204605281353,0.07028461247682571,0.822974681854248,0.38814203723935253,-3.6101758428579593,-7.083130156933894,-0.593435879182965,1091,3.9835728952772076,2.202258726899384,0.25857519788918204,151809,24.309749199999715,0.05747779999910563,16004
ut_ID002,R,main,Utrecht,Cfb,gru,1,-1.0,2015-01-01 00:00:00,3012,750,0.09668516367673874,0.07017253339290619,0.828410267829895,0.38213662478245636,-3.5987023506837357,-6.708790414467744,0.1385902633249299,1092,3.9835728952772076,2.202258726899384,0.2586403465910942,151809,35.56355479999911,0.05747710000105144,16004
ut_ID002,R,main,Utrecht,Cfb,gru,2,-1.0,2015-01-01 00:00:00,3012,750,0.0977342426776886,0.07089650630950928,0.8246663808822632,0.3862829849199174,-2.893660492453133,-6.332103008679063,-0.49790368335334567,1090,3.9835728952772076,2.202258726899384,0.2582494543796215,151809,29.544872400001623,0.07187809999959427,16004
ut_ID002,R,main,Utrecht,Cfb,gru,3,-1.0,2015-01-01 00:00:00,3012,750,0.09757596999406815,0.0701432153582573,0.8252338171005249,0.385657430938169,-4.088961886002625,-6.77745173828467,0.21369719600894593,1091,3.9835728952772076,2.202258726899384,0.25844490048535784,151809,29.39156720000028,0.0485755000008794,16004
ut_ID002,R,main,Utrecht,Cfb,gru,4,-1.0,2015-01-01 00:00:00,3012,750,0.09711883217096329,0.07048379629850388,0.8268675208091736,0.3838506479930033,-3.171173698510244,-6.889683601331683,-0.15339803935908725,1089,3.9835728952772076,2.202258726899384,0.2571093520961595,151809,31.106168999998772,0.05642040000020643,16004
ut_ID002,R,main,Utrecht,Cfb,tcn,0,-1.0,2015-01-01 00:00:00,3012,750,0.09621509164571762,0.06900079548358917,0.8300747275352478,0.3802787209168784,-2.310085157462666,-5.631448785072345,0.4808988664693592,1090,3.9835728952772076,2.202258726899384,0.2564252907260823,198273,2.3549883000014233,0.08740730000135954,16004
ut_ID002,R,main,Utrecht,Cfb,tcn,1,-1.0,2015-01-01 00:00:00,3012,750,0.09716944396495819,0.06908731162548065,0.8266870379447937,0.3840506850968971,-2.6066267001754237,-5.415947947844973,0.687637477472558,1090,3.9835728952772076,2.202258726899384,0.2571093520961595,198273,3.58747989999938,0.08810090000042692,16004
ut_ID002,R,main,Utrecht,Cfb,tcn,2,-1.0,2015-01-01 00:00:00,3012,750,0.09717117249965668,0.0701201856136322,0.8266808390617371,0.38405751692497064,-2.8027598834908223,-5.666355163378188,0.27368696449642294,1091,3.9835728952772076,2.202258726899384,0.2568813316394671,198273,2.99660380000023,0.08546920000117098,16004
ut_ID002,R,main,Utrecht,Cfb,tcn,3,-1.0,2015-01-01 00:00:00,3012,750,0.09880423545837402,0.07152547687292099,0.8208062648773193,0.39051200428756105,-3.3804233969987667,-6.099272427159597,0.629645197551413,1090,3.9835728952772076,2.202258726899384,0.25857519788918204,198273,2.7962360000001354,0.08543680000002496,16004
ut_ID002,R,main,Utrecht,Cfb,tcn,4,-1.0,2015-01-01 00:00:00,3012,750,0.09804508835077286,0.07032982259988785,0.8235493302345276,0.38751156551929256,-2.2300770032147588,-6.021934114462257,0.9058471892443132,1092,3.9835728952772076,2.202258726899384,0.2582494543796215,198273,3.362903400000505,0.08694159999868134,16004
ut_ID002,R,main,Utrecht,Cfb,patchtst,0,-1.0,2015-01-01 00:00:00,3012,750,0.09660053253173828,0.06923680752515793,0.8287105560302734,0.3818021302346674,-2.4988270427439008,-6.5677294975586635,-0.11767117086325385,1093,3.9835728952772076,2.202258726899384,0.2584123261344018,25857,9.818512900001224,0.25225350000255276,16004
ut_ID002,R,main,Utrecht,Cfb,patchtst,1,-1.0,2015-01-01 00:00:00,3012,750,0.09817517548799515,0.07117479294538498,0.8230807781219482,0.388025719476894,-3.2557696831093734,-7.036750571585217,-0.3202663773481657,1091,3.9835728952772076,2.202258726899384,0.2584123261344018,25857,10.333279399997991,0.246055300001899,16004
ut_ID002,R,main,Utrecht,Cfb,patchtst,2,-1.0,2015-01-01 00:00:00,3012,750,0.09917807579040527,0.07130705565214157,0.8194476962089539,0.391989563793667,-3.411366094538665,-6.984008599085754,0.5104052233910673,1092,3.9835728952772076,2.202258726899384,0.2584123261344018,25857,8.893942299997434,0.24453649999850313,16004
ut_ID002,R,main,Utrecht,Cfb,patchtst,3,-1.0,2015-01-01 00:00:00,3012,750,0.09676230698823929,0.06921771913766861,0.8281363248825073,0.38244152455777164,-2.4057066895903034,-6.379266034620542,0.4805982010085863,1090,3.9835728952772076,2.20362765229295,0.25662073683181863,25857,16.27549270000236,0.24554390000048443,16004
ut_ID002,R,main,Utrecht,Cfb,patchtst,4,-1.0,2015-01-01 00:00:00,3012,750,0.09672876447439194,0.06973887979984283,0.8282554745674133,0.38230895175610374,-2.7073212147694323,-7.278480725858085,-0.22034599506554547,1092,3.9835728952772076,2.202258726899384,0.2575653930095443,25857,7.857301500000176,0.24611110000114422,16004
ut_ID002,R,main,Utrecht,Cfb,informer,0,-1.0,2015-01-01 00:00:00,3012,750,0.09976561367511749,0.07290507107973099,0.8173021674156189,0.3943117374928958,-3.078837838924204,-6.4767554124803395,-0.5961227445480111,1089,3.9835728952772076,2.202258726899384,0.25723964949998374,81537,5.742577100001654,0.0992400999966776,16004
ut_ID002,R,main,Utrecht,Cfb,informer,1,-1.0,2015-01-01 00:00:00,3012,750,0.09895544499158859,0.07259539514780045,0.8202574253082275,0.3911096420063194,-2.9252319616040756,-6.064172531424995,-0.037096090571146184,1091,3.9835728952772076,2.202258726899384,0.2573373725528519,81537,7.437027100000705,0.1233353999996325,16004
ut_ID002,R,main,Utrecht,Cfb,informer,2,-1.0,2015-01-01 00:00:00,3012,750,0.09967145323753357,0.0713350847363472,0.817646861076355,0.3939395795480981,-3.0574656226331864,-6.1211143839577025,0.5215014009387062,1091,3.9835728952772076,2.202258726899384,0.25746766995667614,81537,5.64402500000142,0.13650779999807128,16004
ut_ID002,R,main,Utrecht,Cfb,informer,3,-1.0,2015-01-01 00:00:00,3012,750,0.09774104505777359,0.07043564319610596,0.82464200258255,0.38630987051918947,-3.7099007240380732,-6.7538811008470265,-0.19875346210619926,1092,3.9835728952772076,2.202258726899384,0.25890094139874265,81537,8.12460330000249,0.1377143999998225,16004
ut_ID002,R,main,Utrecht,Cfb,informer,4,-1.0,2015-01-01 00:00:00,3012,750,0.09729676693677902,0.06894195824861526,0.8262325525283813,0.3845539140190879,-2.5993558112398563,-6.075336185869402,0.17200334574891674,1092,3.9835728952772076,2.202258726899384,0.2587054952930063,81537,10.395500200000242,0.1415809000027366,16004
ut_ID002,R,main,Utrecht,Cfb,lstm,0,-2.0,2015-01-01 00:00:00,3013,750,0.09729348868131638,0.06929615139961243,0.8248070478439331,0.38624989396142717,-4.5185543760427915,-7.324780573602176,-0.9434912632855341,1090,3.9835728952772076,2.202258726899384,0.2578585621681488,13729,34.26856680000128,0.04130559999975958,16004
ut_ID002,R,main,Utrecht,Cfb,lstm,1,-2.0,2015-01-01 00:00:00,3013,750,0.09867888689041138,0.07069790363311768,0.8197822570800781,0.3917498500079211,-4.513438192537431,-6.940482804077349,-1.4203805520135662,1091,3.9835728952772076,2.202258726899384,0.2577934134662367,13729,32.99380819999715,0.034802600002876716,16004
ut_ID002,R,main,Utrecht,Cfb,lstm,2,-2.0,2015-01-01 00:00:00,3013,750,0.09675944596529007,0.06961766630411148,0.8267250657081604,0.3841297732294871,-3.83330138742703,-7.168653190202638,-0.45058602763326105,1089,3.9835728952772076,2.202258726899384,0.2568813316394671,13729,46.29091040000276,0.03340610000304878,16004
ut_ID002,R,main,Utrecht,Cfb,lstm,3,-2.0,2015-01-01 00:00:00,3013,750,0.09700112789869308,0.06957253068685532,0.8258583545684814,0.38508923744867113,-3.767191616657587,-7.028820984277842,-0.7096339561090199,1089,3.9835728952772076,2.202258726899384,0.2564904394279944,13729,45.31536369999958,0.033080899997003144,16004
ut_ID002,R,main,Utrecht,Cfb,lstm,4,-2.0,2015-01-01 00:00:00,3013,750,0.0962502658367157,0.06915024667978287,0.8285439014434814,0.38210835562657525,-4.219532229659182,-7.18246153748856,-0.6580105608620528,1091,3.9835728952772076,2.202258726899384,0.25766311606241243,13729,51.76005820000137,0.03170030000183033,16004
ut_ID002,R,main,Utrecht,Cfb,gru,0,-2.0,2015-01-01 00:00:00,3013,750,0.09801766276359558,0.07050491124391556,0.8221893906593323,0.3891248259458907,-4.8219747966421735,-7.723829615255449,-0.7196608960380546,1089,3.9835728952772076,2.202258726899384,0.25730479820189583,151809,19.43397990000085,0.05311290000099689,16004
ut_ID002,R,main,Utrecht,Cfb,gru,1,-2.0,2015-01-01 00:00:00,3013,750,0.09726230055093765,0.07055199146270752,0.8249194025993347,0.3861260787687055,-4.204569996360267,-8.038715006612023,-1.3274353992992927,1089,3.9835728952772076,2.202258726899384,0.2572722238509398,151809,28.217949999998382,0.07253780000246479,16004
ut_ID002,R,main,Utrecht,Cfb,gru,2,-2.0,2015-01-01 00:00:00,3013,750,0.0948074534535408,0.06759705394506454,0.8336457014083862,0.3763804684106803,-4.114655173322653,-6.373459411313423,0.07477235693387208,1092,3.9835728952772076,2.202258726899384,0.2575653930095443,151809,50.29254829999991,0.05308119999972405,16004
ut_ID002,R,main,Utrecht,Cfb,gru,3,-2.0,2015-01-01 00:00:00,3013,750,0.09537961333990097,0.06796431541442871,0.8316317796707153,0.37865191224963507,-4.096426410043798,-6.8403234879478685,-0.7569365609758327,1091,3.9835728952772076,2.202258726899384,0.25743509560572003,151809,37.739549500001885,0.054367499997169944,16004
ut_ID002,R,main,Utrecht,Cfb,gru,4,-2.0,2015-01-01 00:00:00,3013,750,0.097261942923069,0.07008937001228333,0.824920654296875,0.38612465900538717,-4.329522465569206,-8.047302225308048,-1.7633555901159528,1089,3.9835728952772076,2.202258726899384,0.2573373725528519,151809,26.121135299999878,0.05145009999978356,16004
ut_ID002,R,main,Utrecht,Cfb,tcn,0,-2.0,2015-01-01 00:00:00,3013,750,0.09644629806280136,0.06926069408655167,0.8278447985649109,0.38288659297385164,-4.586838689347235,-7.105474423989106,-0.23029934465018007,1093,3.9835728952772076,2.202258726899384,0.257956285221017,198273,2.7161718999996083,0.08096300000033807,16004
ut_ID002,R,main,Utrecht,Cfb,tcn,1,-2.0,2015-01-01 00:00:00,3013,750,0.09713421761989594,0.0696207657456398,0.8253802061080933,0.38561759645191684,-3.5380536784888394,-6.821126260464195,-0.6879158731796828,1092,3.9835728952772076,2.202258726899384,0.25782598781719274,198273,3.496544300000096,0.08070930000030785,16004
ut_ID002,R,main,Utrecht,Cfb,tcn,2,-2.0,2015-01-01 00:00:00,3013,750,0.09623600542545319,0.06753078103065491,0.8285947442054749,0.38205174256425584,-3.5158916935879465,-6.886833318783515,-0.01963839439350487,1090,3.9835728952772076,2.202258726899384,0.25730479820189583,198273,3.8491614000013215,0.07964999999967404,16004
ut_ID002,R,main,Utrecht,Cfb,tcn,3,-2.0,2015-01-01 00:00:00,3013,750,0.09688778221607208,0.06836487352848053,0.8262650966644287,0.3846392612119597,-3.9847666284086367,-7.501451943113187,-0.34132250601222786,1090,3.9835728952772076,2.202258726899384,0.257956285221017,198273,2.8510256000008667,0.0805819999986852,16004
ut_ID002,R,main,Utrecht,Cfb,tcn,4,-2.0,2015-01-01 00:00:00,3013,750,0.09638739377260208,0.06782229244709015,0.8280550241470337,0.3826527461239574,-2.9301014060325867,-6.363341578901021,0.009476130414420858,1092,3.9835728952772076,2.202258726899384,0.2587054952930063,198273,3.272636199999397,0.08013410000057775,16004
ut_ID002,R,main,Utrecht,Cfb,patchtst,0,-2.0,2015-01-01 00:00:00,3013,750,0.09735102951526642,0.07008203864097595,0.8245997428894043,0.38647832796367015,-3.870714537524511,-7.232034497979689,-1.0252035570436635,1092,3.9835728952772076,2.202258726899384,0.25844490048535784,25857,9.096203699999023,0.23241829999824404,16004
ut_ID002,R,main,Utrecht,Cfb,patchtst,1,-2.0,2015-01-01 00:00:00,3013,750,0.09737098217010498,0.07016503810882568,0.8245278596878052,0.38655753892547345,-4.014628485898608,-7.47503992324654,-1.0157553655619322,1090,3.9835728952772076,2.202258726899384,0.2565230137789505,25857,12.176267700000608,0.2325894999994489,16004
ut_ID002,R,main,Utrecht,Cfb,patchtst,2,-2.0,2015-01-01 00:00:00,3013,750,0.09642301499843597,0.0691002905368805,0.8279279470443726,0.38279416046614617,-3.151318007798688,-7.583767841587955,-0.4148773983198073,1093,3.9835728952772076,2.202258726899384,0.25746766995667614,25857,11.21591570000237,0.23476550000123098,16004
ut_ID002,R,main,Utrecht,Cfb,patchtst,3,-2.0,2015-01-01 00:00:00,3013,750,0.09803090989589691,0.07065010815858841,0.8221412897109985,0.3891774163454748,-3.168373143619949,-6.881063512482704,-0.8179458884482164,1091,3.9835728952772076,2.202258726899384,0.2577282647643246,25857,9.498287899998104,0.2876852000008512,16004
ut_ID002,R,main,Utrecht,Cfb,patchtst,4,-2.0,2015-01-01 00:00:00,3013,750,0.09931429475545883,0.07249648123979568,0.817453920841217,0.39427238490540767,-5.297292326131656,-8.160436602718029,-0.7267787515492913,1092,3.9835728952772076,2.202258726899384,0.2577282647643246,25857,4.644856099999743,0.25319520000266493,16004
ut_ID002,R,main,Utrecht,Cfb,informer,0,-2.0,2015-01-01 00:00:00,3013,750,0.09655017405748367,0.06825053691864014,0.8274737596511841,0.3832989750610291,-3.246966579319204,-7.371291888921804,-0.40521387348673166,1089,3.9835728952772076,2.202258726899384,0.25776083911528064,81537,12.280982699998276,0.1428710999971372,16004
ut_ID002,R,main,Utrecht,Cfb,informer,1,-2.0,2015-01-01 00:00:00,3013,750,0.09754685312509537,0.07095644623041153,0.8238934278488159,0.38725573711567746,-4.088980880052036,-6.823966049174923,-0.22774061584427407,1090,3.9835728952772076,2.202258726899384,0.2566533111827747,81537,9.772325699999783,0.1446479999976873,16004
ut_ID002,R,main,Utrecht,Cfb,informer,2,-2.0,2015-01-01 00:00:00,3013,750,0.09815860539674759,0.07077618688344955,0.8216776847839355,0.3896843605853353,-3.9672182320868474,-6.861899738162574,-0.0912045119639604,1091,3.9835728952772076,2.202258726899384,0.25730479820189583,81537,7.848379999999452,0.15861660000155098,16004
ut_ID002,R,main,Utrecht,Cfb,informer,3,-2.0,2015-01-01 00:00:00,3013,750,0.09806564450263977,0.07100671529769897,0.8220152258872986,0.3893153108577701,-4.407152662156364,-7.448811607684073,-0.23293891123680072,1094,3.9835728952772076,2.200889801505818,0.25834717743248964,81537,8.563457500000368,0.11971850000190898,16004
ut_ID002,R,main,Utrecht,Cfb,informer,4,-2.0,2015-01-01 00:00:00,3013,750,0.09720955044031143,0.069465272128582,0.8251092433929443,0.38591666367924804,-3.0039411181143616,-6.464662526864301,-0.04066828636444808,1085,3.978097193702943,2.1967830253251197,0.2554480601974006,81537,9.253939599999285,0.11939480000000913,16004
ut_ID012,R,main,Utrecht,Cfb,lstm,0,0.0,2015-01-01 00:00:00,2929,759,0.10989696532487869,0.0772223025560379,0.7775894403457642,0.41150649198475625,-0.9039763660713032,-4.316334794267673,1.6678929429068123,1053,3.9863107460643397,2.206365503080082,0.24206664022213406,13729,55.8213453999997,0.03557870000076946,15666
ut_ID012,R,main,Utrecht,Cfb,lstm,1,0.0,2015-01-01 00:00:00,2929,759,0.10935547947883606,0.0772368311882019,0.7797757387161255,0.4094789115114858,-1.7208790549021469,-4.662039329117401,1.6851854081990414,1053,3.9863107460643397,2.206365503080082,0.24170302789898188,13729,47.25638099999924,0.038608599999861326,15666
ut_ID012,R,main,Utrecht,Cfb,lstm,2,0.0,2015-01-01 00:00:00,2929,759,0.10954082757234573,0.07660041749477386,0.779028594493866,0.4101729429028964,-1.8624088896312285,-4.544474520088388,1.0934898627923628,1054,3.9863107460643397,2.206365503080082,0.24272775353695625,13729,52.407716400000936,0.03536499999972875,15666
ut_ID012,R,main,Utrecht,Cfb,lstm,3,0.0,2015-01-01 00:00:00,2929,759,0.10883087664842606,0.0763668343424797,0.7818835973739624,0.4075145490762801,-1.929855925184979,-4.564244211049773,1.5103902865726493,1054,3.9863107460643397,2.206365503080082,0.24355414518048393,13729,56.83237310000186,0.03381479999734438,15666
ut_ID012,R,main,Utrecht,Cfb,lstm,4,0.0,2015-01-01 00:00:00,2929,759,0.10923988372087479,0.07734287530183792,0.780241072177887,0.4090460660302085,-1.5167139980945654,-4.524405115991604,1.7165076414012548,1054,3.9863107460643397,2.206365503080082,0.24312442152584954,13729,49.541179199997714,0.03268130000287783,15666
ut_ID012,R,main,Utrecht,Cfb,gru,0,0.0,2015-01-01 00:00:00,2929,759,0.10818979144096375,0.07675331085920334,0.7844457626342773,0.40511402123635065,-1.4092522824229972,-4.699919909194694,1.8872172061905834,1054,3.9863107460643397,2.206365503080082,0.24325664418881396,151809,40.83542989999842,0.05566900000121677,15666
ut_ID012,R,main,Utrecht,Cfb,gru,1,0.0,2015-01-01 00:00:00,2929,759,0.11027450114488602,0.07873159646987915,0.7760586738586426,0.4129201656055931,-0.7140593236001802,-4.726926273293798,2.5165858004124777,1054,3.9863107460643397,2.206365503080082,0.24319053285733175,151809,22.744940000000497,0.05176049999863608,15666
ut_ID012,R,main,Utrecht,Cfb,gru,2,0.0,2015-01-01 00:00:00,2929,759,0.10928168892860413,0.07742860168218613,0.7800728678703308,0.4092026046054871,-1.7294506211265357,-4.971469831304431,2.221164240825657,1053,3.9863107460643397,2.206365503080082,0.24276080920269735,151809,30.692493499998818,0.05659840000225813,15666
ut_ID012,R,main,Utrecht,Cfb,gru,3,0.0,2015-01-01 00:00:00,2929,759,0.10835286974906921,0.07707086950540543,0.7837954759597778,0.4057246639623705,-0.8841621259318977,-4.976032731322166,2.149019419898003,1054,3.9863107460643397,2.206365503080082,0.24335581118603727,151809,39.272156999999424,0.05532600000151433,15666
ut_ID012,R,main,Utrecht,Cfb,gru,4,0.0,2015-01-01 00:00:00,2929,759,0.10953065007925034,0.07898109406232834,0.7790696620941162,0.4101348335295529,-1.047557250335668,-5.012821064400523,1.995905338025194,1053,3.9863107460643397,2.206365503080082,0.24203358455639296,151809,26.60286830000041,0.05434129999775905,15666
ut_ID012,R,main,Utrecht,Cfb,tcn,0,0.0,2015-01-01 00:00:00,2929,759,0.10997507721185684,0.077339768409729,0.7772731781005859,0.411798980030242,-2.2406652644203495,-5.500214445443485,1.9285673300343475,1052,3.9863107460643397,2.206365503080082,0.24064524659526643,198273,4.122852600001352,0.08727920000092126,15666
ut_ID012,R,main,Utrecht,Cfb,tcn,1,0.0,2015-01-01 00:00:00,2929,759,0.11036491394042969,0.07796189934015274,0.7756912708282471,0.4132587141015841,-1.2782824214226938,-4.759850216758554,1.8281119067107165,1054,3.9863107460643397,2.206365503080082,0.24183525056194632,198273,2.7048531000000366,0.07401229999959469,15666
ut_ID012,R,main,Utrecht,Cfb,tcn,2,0.0,2015-01-01 00:00:00,2929,759,0.1124819964170456,0.08137810975313187,0.7670031785964966,0.42118607752439724,-1.4627359453772693,-5.131003611326124,2.3802329339128345,1055,3.9863107460643397,2.206365503080082,0.2434219225175195,198273,1.8245929000004253,0.08422839999911957,15666
ut_ID012,R,main,Utrecht,Cfb,tcn,3,0.0,2015-01-01 00:00:00,2929,759,0.11087215691804886,0.07821062207221985,0.7736247181892395,0.4151580729936782,-1.8853575635893183,-5.266501930181233,1.908726792494242,1054,3.9863107460643397,2.206365503080082,0.24226497421658072,198273,3.2281298999987484,0.08373969999956898,15666
ut_ID012,R,main,Utrecht,Cfb,tcn,4,0.0,2015-01-01 00:00:00,2929,759,0.11047318577766418,0.0777183547616005,0.775251030921936,0.41366413534128255,-1.3912635028516631,-5.424806428900597,1.5865168325100654,1053,3.9863107460643397,2.206365503080082,0.24147163823879414,198273,4.692517499999667,0.08431130000099074,15666
ut_ID012,R,main,Utrecht,Cfb,patchtst,0,0.0,2015-01-01 00:00:00,2929,759,0.10915199667215347,0.0782456248998642,0.7805945873260498,0.40871697513126254,-1.2028382951523309,-4.880493369594769,2.36460192317009,1051,3.9863107460643397,2.206365503080082,0.24173608356472298,25857,11.363353199998528,0.261954000001424,15666
ut_ID012,R,main,Utrecht,Cfb,patchtst,1,0.0,2015-01-01 00:00:00,2929,759,0.10960575938224792,0.07868411391973495,0.7787665724754333,0.4104160784729468,-1.074792723453545,-4.616266143165526,2.1744896139369043,1053,3.9863107460643397,2.206365503080082,0.24282692053417956,25857,16.752752500000497,0.2595953999989433,15666
ut_ID012,R,main,Utrecht,Cfb,patchtst,2,0.0,2015-01-01 00:00:00,2929,759,0.10907740145921707,0.07763688266277313,0.7808943390846252,0.40843765518549724,-1.2915927953091044,-5.274073667278876,1.326137293137708,1054,3.9863107460643397,2.206365503080082,0.24249636387676848,25857,12.245877499997732,0.26368729999740026,15666
ut_ID012,R,main,Utrecht,Cfb,patchtst,3,0.0,2015-01-01 00:00:00,2929,759,0.11143473535776138,0.07977237552404404,0.7713215947151184,0.417264634166755,-1.304854861179905,-4.50719379979153,1.6258797093703004,1054,3.9863107460643397,2.206365503080082,0.24358720084622504,25857,8.10851520000142,0.3176394000001892,15666
ut_ID012,R,main,Utrecht,Cfb,patchtst,4,0.0,2015-01-01 00:00:00,2929,759,0.10913068056106567,0.07724782824516296,0.780680239200592,0.4086371574759654,-0.902898058956425,-4.500422788189629,1.8582760818600663,1054,3.9863107460643397,2.206365503080082,0.2430252545286262,25857,12.867221000000427,0.3189359999996668,15666
ut_ID012,R,main,Utrecht,Cfb,informer,0,0.0,2015-01-01 00:00:00,2929,759,0.11007613688707352,0.07734747231006622,0.7768636345863342,0.412177395506107,-1.8879062825076787,-4.9084528147327555,1.7641330784996079,1052,3.9863107460643397,2.206365503080082,0.24120719291286527,81537,13.49972610000259,0.13559220000024652,15666
ut_ID012,R,main,Utrecht,Cfb,informer,1,0.0,2015-01-01 00:00:00,2929,759,0.11110517382621765,0.07976353913545609,0.772672176361084,0.41603059909274026,-1.0345591429831158,-4.362919850464864,2.1884010001999687,1054,3.9863107460643397,2.206365503080082,0.24295914319714398,81537,10.855094700000336,0.1247722000007343,15666
ut_ID012,R,main,Utrecht,Cfb,informer,2,0.0,2015-01-01 00:00:00,2929,759,0.11041852086782455,0.07788338512182236,0.7754733562469482,0.413459443926772,-0.9093048471565668,-5.370547188761696,2.275114554777702,1054,3.9863107460643397,2.206365503080082,0.24322358852307285,81537,19.865614199999982,0.16369750000012573,15666
ut_ID012,R,main,Utrecht,Cfb,informer,3,0.0,2015-01-01 00:00:00,2929,759,0.11065901070833206,0.07842352986335754,0.7744942903518677,0.41435995223773997,-1.0871407627235876,-5.193104424051187,1.6106506650024999,1053,3.9863107460643397,2.206365503080082,0.24166997223324077,81537,9.053721599997516,0.12380889999985811,15666
ut_ID012,R,main,Utrecht,Cfb,informer,4,0.0,2015-01-01 00:00:00,2929,759,0.11070150882005692,0.07977035641670227,0.7743210196495056,0.41451908537503973,-1.6395707091372724,-5.019897319621625,2.6473137239756706,1054,3.9863107460643397,2.206365503080082,0.2420996958878752,81537,7.71137390000149,0.17137929999807966,15666
ut_ID012,R,main,Utrecht,Cfb,lstm,0,-0.25,2015-01-01 00:00:00,2929,760,0.10979822278022766,0.0771954208612442,0.7772139310836792,0.4116504288107936,-1.2600007213779962,-4.5926653923595,1.382055599683607,1053,3.9863107460643397,2.206365503080082,0.24196747322491075,13729,57.66381189999811,0.03525749999971595,15666
ut_ID012,R,main,Utrecht,Cfb,lstm,1,-0.25,2015-01-01 00:00:00,2929,760,0.1092592403292656,0.07721726596355438,0.7793958187103271,0.4096297006838537,-1.9712857072333279,-4.867993381625219,1.410027567610883,1053,3.9863107460643397,2.206365503080082,0.24153774957027635,13729,44.561015600000246,0.031797899999219226,15666
ut_ID012,R,main,Utrecht,Cfb,lstm,2,-0.25,2015-01-01 00:00:00,2929,760,0.10943128168582916,0.07656610757112503,0.778700590133667,0.41027471019684314,-2.074167069968258,-4.3972700195687775,0.8686214498639385,1054,3.9863107460643397,2.206365503080082,0.2425294195425096,13729,52.13624880000134,0.036104800001339754,15666
ut_ID012,R,main,Utrecht,Cfb,lstm,3,-0.25,2015-01-01 00:00:00,2929,760,0.10872624069452286,0.0763411745429039,0.781542956829071,0.40763140305532997,-2.1620715889286353,-4.876617777883641,1.2611892041638262,1054,3.9863107460643397,2.206365503080082,0.24332275552029617,13729,56.74330999999802,0.03229090000240831,15666
ut_ID012,R,main,Utrecht,Cfb,lstm,4,-0.25,2015-01-01 00:00:00,2929,760,0.10914435982704163,0.07732556760311127,0.7798595428466797,0.4091989960075389,-1.796959863863412,-4.752271219362003,1.447122011965818,1054,3.9863107460643397,2.206365503080082,0.24285997619992067,13729,50.118015000000014,0.030208500000298955,15666
ut_ID012,R,main,Utrecht,Cfb,gru,0,-0.25,2015-01-01 00:00:00,2929,760,0.10808499157428741,0.0767223909497261,0.7841122150421143,0.40522726145234766,-1.661082447275822,-4.959293926044336,1.6359990381648704,1054,3.9863107460643397,2.206365503080082,0.24309136586010843,151809,42.06425060000038,0.06001309999919613,15666
ut_ID012,R,main,Utrecht,Cfb,gru,1,-0.25,2015-01-01 00:00:00,2929,760,0.11015824973583221,0.07868999242782593,0.7757505178451538,0.41300022525471886,-0.9571647076302636,-5.0032495399394845,2.2338713963271326,1054,3.9863107460643397,2.206365503080082,0.24295914319714398,151809,21.982289099996706,0.06840870000087307,15666
ut_ID012,R,main,Utrecht,Cfb,gru,2,-0.25,2015-01-01 00:00:00,2929,760,0.10915829241275787,0.07738057523965836,0.7798032760620117,0.4092512314148097,-2.0233517208899983,-5.242438435631258,1.9424335285699312,1053,3.9863107460643397,2.206365503080082,0.2425294195425096,151809,29.77506429999994,0.05658200000107172,15666
ut_ID012,R,main,Utrecht,Cfb,gru,3,-0.25,2015-01-01 00:00:00,2929,760,0.10825657844543457,0.07704892754554749,0.7834261655807495,0.40587056702959196,-1.235431180401303,-5.433758543044487,1.8855525902311026,1054,3.9863107460643397,2.206365503080082,0.24312442152584954,151809,38.27113069999905,0.05049720000170055,15666
ut_ID012,R,main,Utrecht,Cfb,gru,4,-0.25,2015-01-01 00:00:00,2929,760,0.1093992292881012,0.07892335206270218,0.7788301706314087,0.4101545408267474,-1.1467694688961583,-5.288515088901055,1.9692187921466386,1053,3.9863107460643397,2.206365503080082,0.24176913923046411,151809,26.29797840000174,0.04355779999968945,15666
ut_ID012,R,main,Utrecht,Cfb,tcn,0,-0.25,2015-01-01 00:00:00,2929,760,0.11022070795297623,0.07750813663005829,0.7754961848258972,0.4132343907195056,-2.62777599793651,-5.896585359799057,2.202578691169932,1052,3.9863107460643397,2.206365503080082,0.24034774560359645,198273,3.9508180000011635,0.08237189999999828,15666
ut_ID012,R,main,Utrecht,Cfb,tcn,1,-0.25,2015-01-01 00:00:00,2929,760,0.11014054715633392,0.0778033658862114,0.775822639465332,0.4129338555607748,-1.44302180289132,-4.989905260078298,2.167670762116647,1054,3.9863107460643397,2.206365503080082,0.2413394155758297,198273,2.6515747000012198,0.08333259999926668,15666
ut_ID012,R,main,Utrecht,Cfb,tcn,2,-0.25,2015-01-01 00:00:00,2929,760,0.11086778342723846,0.07944783568382263,0.7728524804115295,0.41566037622007385,-1.871510344421834,-5.119766794437814,2.02424492254929,1053,3.9863107460643397,2.206365503080082,0.24163691656749967,198273,4.316626499999984,0.08775949999835575,15666
ut_ID012,R,main,Utrecht,Cfb,tcn,3,-0.25,2015-01-01 00:00:00,2929,760,0.11038336157798767,0.07953310757875443,0.774833083152771,0.4138442041826762,-2.091028764401659,-5.844812256754295,1.3401870985873088,1056,3.9863107460643397,2.206365503080082,0.24282692053417956,198273,5.5763187000011385,0.08365459999913583,15666
ut_ID012,R,main,Utrecht,Cfb,tcn,4,-0.25,2015-01-01 00:00:00,2929,760,0.11063628643751144,0.07994648069143295,0.7738000750541687,0.4147924583915651,-1.8341455228136572,-4.7935639335947355,2.0042957792166805,1054,3.9863107460643397,2.206365503080082,0.24150469390453524,198273,3.3540265999981784,0.08394870000120136,15666
ut_ID012,R,main,Utrecht,Cfb,patchtst,0,-0.25,2015-01-01 00:00:00,2929,760,0.10913563519716263,0.07777457684278488,0.7798947095870972,0.40916628602790567,-1.89105730587531,-5.166257168870447,1.4958435271364756,1054,3.9863107460643397,2.206365503080082,0.24269469787121511,25857,12.251262599998881,0.22888030000103754,15666
ut_ID012,R,main,Utrecht,Cfb,patchtst,1,-0.25,2015-01-01 00:00:00,2929,760,0.10954383760690689,0.07865983247756958,0.7782450914382935,0.41069669966082184,-1.4331961314575015,-4.819789849120881,1.5316260314182206,1053,3.9863107460643397,2.206365503080082,0.2426285865397329,25857,16.034865100002207,0.24717859999873326,15666
ut_ID012,R,main,Utrecht,Cfb,patchtst,2,-0.25,2015-01-01 00:00:00,2929,760,0.10899989306926727,0.07756553590297699,0.7804418802261353,0.40865736790754903,-1.2563599747678154,-5.782128794775961,1.0495144106555439,1054,3.9863107460643397,2.206365503080082,0.24226497421658072,25857,11.940040900000895,0.23621400000047288,15666
ut_ID012,R,main,Utrecht,Cfb,patchtst,3,-0.25,2015-01-01 00:00:00,2929,760,0.11120443046092987,0.07963267713785172,0.7714709043502808,0.41692251773992645,-1.6610954847839032,-4.696439794753622,1.4322177688851292,1054,3.9863107460643397,2.206365503080082,0.24332275552029617,25857,7.900534000000334,0.24969140000030166,15666
ut_ID012,R,main,Utrecht,Cfb,patchtst,4,-0.25,2015-01-01 00:00:00,2929,760,0.10906349867582321,0.07719839364290237,0.7801855802536011,0.4088958351117581,-1.157962427701742,-4.811547192741705,1.584866097828778,1054,3.9863107460643397,2.206365503080082,0.24295914319714398,25857,12.38018120000197,0.24541239999962272,15666
ut_ID012,R,main,Utrecht,Cfb,informer,0,-0.25,2015-01-01 00:00:00,2929,760,0.11004279553890228,0.07704057544469833,0.7762203216552734,0.4125673697086929,-2.026114496703002,-5.613920072518276,0.8430614065068509,1053,3.9863107460643397,2.206365503080082,0.24173608356472298,81537,13.656070300003194,0.12049520000073244,15666
ut_ID012,R,main,Utrecht,Cfb,informer,1,-0.25,2015-01-01 00:00:00,2929,760,0.11103757470846176,0.07963616400957108,0.7721561789512634,0.416296949854456,-1.6468800260095895,-4.967375358323184,1.7057262877521184,1054,3.9863107460643397,2.206365503080082,0.2421988628850985,81537,10.70079270000133,0.12318810000215308,15666
ut_ID012,R,main,Utrecht,Cfb,informer,2,-0.25,2015-01-01 00:00:00,2929,760,0.11041267961263657,0.07899025082588196,0.7747134566307068,0.41395412200492787,-1.2270486157514693,-4.7145178332119295,2.225707444166669,1054,3.9863107460643397,2.206365503080082,0.2425955308739918,81537,13.971672399999079,0.134636099999625,15666
ut_ID012,R,main,Utrecht,Cfb,informer,3,-0.25,2015-01-01 00:00:00,2929,760,0.11039112508296967,0.07832096517086029,0.7748014330863953,0.41387331075720896,-1.3513849535411027,-5.761905758485214,1.1706994708408525,1053,3.9863107460643397,2.206365503080082,0.2409758032526775,81537,9.120412500000384,0.18347399999765912,15666
ut_ID012,R,main,Utrecht,Cfb,informer,4,-0.25,2015-01-01 00:00:00,2929,760,0.11082090437412262,0.08000992238521576,0.7730445265769958,0.41548461943796267,-1.3973418108352176,-4.896517229890156,2.744853067192396,1054,3.9863107460643397,2.206365503080082,0.2414055269073119,81537,7.367784199999733,0.18425000000206637,15666
ut_ID012,R,main,Utrecht,Cfb,lstm,0,-0.5,2015-01-01 00:00:00,2929,760,0.10967252403497696,0.07710260897874832,0.7772388458251953,0.41165084551199255,-1.36835111322829,-4.759710277367723,1.152618011983152,1053,3.9863107460643397,2.206365503080082,0.24200052889065185,13729,57.95336459999817,0.03347620000204188,15666
ut_ID012,R,main,Utrecht,Cfb,lstm,1,-0.5,2015-01-01 00:00:00,2929,760,0.10913116484880447,0.07712659239768982,0.7794325351715088,0.40961887835636734,-2.21683954657305,-4.79818371306657,1.1308680215204037,1053,3.9863107460643397,2.206365503080082,0.24163691656749967,13729,44.74667950000003,0.033637100001215,15666
ut_ID012,R,main,Utrecht,Cfb,lstm,2,-0.5,2015-01-01 00:00:00,2929,760,0.10930195450782776,0.07647006213665009,0.7787416577339172,0.4102599295965049,-2.2630888994033427,-4.6383811390252,0.6046865770629951,1054,3.9863107460643397,2.206365503080082,0.2425955308739918,13729,51.376207299999805,0.031430600000021514,15666
ut_ID012,R,main,Utrecht,Cfb,lstm,3,-0.5,2015-01-01 00:00:00,2929,760,0.10859599709510803,0.07624871283769608,0.7815905213356018,0.40761015046177057,-2.326772748774286,-4.985300657180764,1.1368719102313927,1054,3.9863107460643397,2.206365503080082,0.24332275552029617,13729,55.505657800000336,0.03220789999977569,15666
ut_ID012,R,main,Utrecht,Cfb,lstm,4,-0.5,2015-01-01 00:00:00,2929,760,0.1090155616402626,0.077236108481884,0.7798995971679688,0.40918496695550466,-1.750279718816472,-5.056385138963959,1.2099610825681586,1054,3.9863107460643397,2.206365503080082,0.2429921988628851,13729,48.87772949999999,0.033305000000837026,15666
ut_ID012,R,main,Utrecht,Cfb,gru,0,-0.5,2015-01-01 00:00:00,2929,760,0.1079598143696785,0.07663094997406006,0.784142017364502,0.4052222674516223,-1.5743442952402835,-5.185604025691524,1.5075649220052687,1054,3.9863107460643397,2.206365503080082,0.24309136586010843,151809,40.95691539999825,0.05611309999949299,15666
ut_ID012,R,main,Utrecht,Cfb,gru,1,-0.5,2015-01-01 00:00:00,2929,760,0.11003340035676956,0.07859840244054794,0.7757704257965088,0.4130053784207437,-1.2096566405232325,-4.637098070260619,2.2344008255451797,1054,3.9863107460643397,2.206365503080082,0.24309136586010843,151809,22.01417389999915,0.07359290000022156,15666
ut_ID012,R,main,Utrecht,Cfb,gru,2,-0.5,2015-01-01 00:00:00,2929,760,0.10903053730726242,0.07728637009859085,0.7798390984535217,0.4092411774424687,-2.048669929176361,-5.515179882036869,1.6648324726395325,1053,3.9863107460643397,2.206365503080082,0.2425624752082507,151809,29.595218899998144,0.05757589999848278,15666
ut_ID012,R,main,Utrecht,Cfb,gru,3,-0.5,2015-01-01 00:00:00,2929,760,0.10812697559595108,0.07695550471544266,0.7834730744361877,0.4058496995339731,-1.4298665133612332,-5.410233772213058,1.6653162144077605,1054,3.9863107460643397,2.206365503080082,0.24315747719159064,151809,38.26968240000133,0.047195600000122795,15666
ut_ID012,R,main,Utrecht,Cfb,gru,4,-0.5,2015-01-01 00:00:00,2929,760,0.10927063226699829,0.07882828265428543,0.7788684368133545,0.41014236298595924,-1.4168193349877845,-5.6213224299743345,1.7435977026758978,1053,3.9863107460643397,2.206365503080082,0.24183525056194632,151809,26.162919300000794,0.06590899999719113,15666
ut_ID012,R,main,Utrecht,Cfb,tcn,0,-0.5,2015-01-01 00:00:00,2929,760,0.11021023243665695,0.07893532514572144,0.7750491499900818,0.4136691096135817,-2.0472990056692453,-4.761036419621245,1.4768166590237386,1055,3.9863107460643397,2.206365503080082,0.24157080523601746,198273,4.360664699997869,0.10984230000030948,15666
ut_ID012,R,main,Utrecht,Cfb,tcn,1,-0.5,2015-01-01 00:00:00,2929,760,0.10999122262001038,0.07769139111042023,0.7759422659873962,0.4128470661985032,-1.4054884107746357,-5.131923659497972,2.040803159483473,1054,3.9863107460643397,2.206365503080082,0.24150469390453524,198273,2.723134099996969,0.10913910000090254,15666
ut_ID012,R,main,Utrecht,Cfb,tcn,2,-0.5,2015-01-01 00:00:00,2929,760,0.11215738207101822,0.08108728379011154,0.7670302391052246,0.4209776474663948,-2.0960998469992997,-5.9866320048235,1.906637910861031,1055,3.9863107460643397,2.206365503080082,0.24319053285733175,198273,1.845388500001718,0.10879669999849284,15666
ut_ID012,R,main,Utrecht,Cfb,tcn,3,-0.5,2015-01-01 00:00:00,2929,760,0.109837606549263,0.07852025330066681,0.7765676975250244,0.4122704752431677,-2.1147134762233826,-5.619454319325823,0.9073766219066453,1057,3.9863107460643397,2.206365503080082,0.24309136586010843,198273,5.501801200000045,0.1104840999978478,15666
ut_ID012,R,main,Utrecht,Cfb,tcn,4,-0.5,2015-01-01 00:00:00,2929,760,0.11013549566268921,0.08020903170108795,0.7753540873527527,0.41338858852167315,-1.7371117587678064,-4.982818878443906,1.817151656211724,1053,3.9863107460643397,2.206365503080082,0.24170302789898188,198273,3.317330400001083,0.10694230000081006,15666
ut_ID012,R,main,Utrecht,Cfb,patchtst,0,-0.5,2015-01-01 00:00:00,2929,760,0.1089545413851738,0.07810886204242706,0.7801459431648254,0.40895593019518856,-1.8807269062152798,-5.3219574052627925,1.6541641306023687,1051,3.9863107460643397,2.206365503080082,0.24176913923046411,25857,11.474195200000395,0.2289000999990094,15666
ut_ID012,R,main,Utrecht,Cfb,patchtst,1,-0.5,2015-01-01 00:00:00,2929,760,0.10932908207178116,0.07847042381763458,0.7786318063735962,0.41036175167761735,-1.3381133429204661,-4.78280499338064,1.5588398377486363,1053,3.9863107460643397,2.206365503080082,0.24269469787121511,25857,15.980099500000506,0.2126596000016434,15666
ut_ID012,R,main,Utrecht,Cfb,patchtst,2,-0.5,2015-01-01 00:00:00,2929,760,0.10887017846107483,0.07750300318002701,0.7804862260818481,0.40863927778529113,-1.5128199476263378,-5.089668706201089,1.1532821532808324,1054,3.9863107460643397,2.206365503080082,0.24239719687954514,25857,12.533221500001673,0.31017659999997704,15666
ut_ID012,R,main,Utrecht,Cfb,patchtst,3,-0.5,2015-01-01 00:00:00,2929,760,0.11097579449415207,0.07945866137742996,0.7719130516052246,0.4165426120795162,-1.8456070428842564,-4.591864863347088,1.173311054973052,1054,3.9863107460643397,2.206365503080082,0.24325664418881396,25857,8.166254799998569,0.276129599998967,15666
ut_ID012,R,main,Utrecht,Cfb,patchtst,4,-0.5,2015-01-01 00:00:00,2929,760,0.11067017167806625,0.08036045730113983,0.773167610168457,0.4153954706987875,-1.700054426264107,-5.004495841716472,1.7110507605399792,1054,3.9863107460643397,2.206365503080082,0.24243025254528627,25857,6.6523908999988635,0.21238150000135647,15666
ut_ID012,R,main,Utrecht,Cfb,informer,0,-0.5,2015-01-01 00:00:00,2929,760,0.11012586206197739,0.07740602642297745,0.7753934264183044,0.4133524292382679,-2.3541037988371816,-5.824911027714132,1.0314093905615773,1052,3.9863107460643397,2.206365503080082,0.2409427475869364,81537,13.537301699998352,0.13950630000181263,15666
ut_ID012,R,main,Utrecht,Cfb,informer,1,-0.5,2015-01-01 00:00:00,2929,760,0.1109042540192604,0.07957274466753006,0.7722070217132568,0.4162740881512432,-1.9761952793253545,-5.3527979629808815,1.7417435646170487,1054,3.9863107460643397,2.206365503080082,0.24223191855083961,81537,10.85893859999851,0.14392310000039288,15666
ut_ID012,R,main,Utrecht,Cfb,informer,2,-0.5,2015-01-01 00:00:00,2929,760,0.1102295070886612,0.07778916507959366,0.7749704122543335,0.41374145614580854,-2.3451823881307066,-5.493646578794537,1.7593878678666686,1053,3.9863107460643397,2.206365503080082,0.24130635991008859,81537,13.1873805000032,0.11280640000040876,15666
ut_ID012,R,main,Utrecht,Cfb,informer,3,-0.5,2015-01-01 00:00:00,2929,760,0.11043589562177658,0.0783303827047348,0.7741270065307617,0.4145161261455054,-1.480038015043854,-5.600960918196263,1.269396857459193,1053,3.9863107460643397,2.206365503080082,0.24130635991008859,81537,8.381997899999988,0.11457119999977294,15666
ut_ID012,R,main,Utrecht,Cfb,informer,4,-0.5,2015-01-01 00:00:00,2929,760,0.11047934740781784,0.07782646268606186,0.7739492058753967,0.4146792204539503,-1.2707553989751874,-5.962314193736146,1.818377153021511,1054,3.9863107460643397,2.206365503080082,0.24239719687954514,81537,8.616547500001616,0.11146780000126455,15666
ut_ID012,R,main,Utrecht,Cfb,lstm,0,-1.0,2015-01-01 00:00:00,2930,760,0.1110350713133812,0.08014348149299622,0.7706711888313293,0.4177234807132511,-1.3511329684121607,-4.512524894777492,1.1679174808269743,1053,3.9863107460643397,2.206365503080082,0.2425624752082507,13729,29.915187099999457,0.031606900000042515,15666
ut_ID012,R,main,Utrecht,Cfb,lstm,1,-1.0,2015-01-01 00:00:00,2930,760,0.10920333862304688,0.07651657611131668,0.7781751751899719,0.4108323449118146,-3.068336862405844,-5.610750411601626,0.5488607306728056,1055,3.9863107460643397,2.206365503080082,0.24319053285733175,13729,54.40583400000105,0.03226699999868288,15666
ut_ID012,R,main,Utrecht,Cfb,lstm,2,-1.0,2015-01-01 00:00:00,2930,760,0.1087387204170227,0.07654435932636261,0.780058741569519,0.40908441129113543,-2.7135265611875767,-5.0822550383044165,0.20291451968121876,1054,3.9863107460643397,2.206365503080082,0.2433888668517784,13729,56.18740959999923,0.03355139999985113,15666
ut_ID012,R,main,Utrecht,Cfb,lstm,3,-1.0,2015-01-01 00:00:00,2930,760,0.1089632585644722,0.07744020968675613,0.7791494727134705,0.4099291430988071,-2.604888045742861,-5.726419376898546,0.46983204891597463,1054,3.9863107460643397,2.206365503080082,0.24243025254528627,13729,49.40395550000176,0.03163309999945341,15666
ut_ID012,R,main,Utrecht,Cfb,lstm,4,-1.0,2015-01-01 00:00:00,2930,760,0.10938887298107147,0.0786185935139656,0.7774208188056946,0.41153034111165665,-2.127014165211637,-5.17499828552852,0.7326462175228329,1053,3.9863107460643397,2.206365503080082,0.24282692053417956,13729,39.47456599999714,0.033002700001816265,15666
ut_ID012,R,main,Utrecht,Cfb,gru,0,-1.0,2015-01-01 00:00:00,2930,760,0.10762674361467361,0.07705705612897873,0.7845340371131897,0.4049010589966278,-2.7258738658142327,-5.437077001621153,1.0534811636304209,1054,3.9863107460643397,2.206365503080082,0.24292608753140288,151809,40.67841169999883,0.05206209999960265,15666
ut_ID012,R,main,Utrecht,Cfb,gru,1,-1.0,2015-01-01 00:00:00,2930,760,0.10749278962612152,0.07630554586648941,0.7850700616836548,0.4043971125795946,-2.5305168137464973,-5.242906339848885,0.7887107460786282,1054,3.9863107460643397,2.206365503080082,0.24325664418881396,151809,48.69261059999917,0.05493419999766047,15666
ut_ID012,R,main,Utrecht,Cfb,gru,2,-1.0,2015-01-01 00:00:00,2930,760,0.10971631109714508,0.07912711054086685,0.7760863304138184,0.4127621914445881,-1.0245658588375688,-5.619754680373755,1.5146217589002429,1054,3.9863107460643397,2.206365503080082,0.2434219225175195,151809,23.234502499999508,0.05623429999832297,15666
ut_ID012,R,main,Utrecht,Cfb,gru,3,-1.0,2015-01-01 00:00:00,2930,760,0.10763631761074066,0.07646846026182175,0.7844957113265991,0.404937077192628,-2.3461908066520984,-5.208008857692424,1.2458968784929247,1054,3.9863107460643397,2.206365503080082,0.24289303186566177,151809,48.12125399999786,0.07468030000018189,15666
ut_ID012,R,main,Utrecht,Cfb,gru,4,-1.0,2015-01-01 00:00:00,2930,760,0.10924791544675827,0.07771719247102737,0.7779940962791443,0.4110000467535805,-2.459762549571167,-5.825422575790677,1.4096882602767424,1054,3.9863107460643397,2.206365503080082,0.24229802988232182,151809,30.620086699997046,0.0567510000000766,15666
ut_ID012,R,main,Utrecht,Cfb,tcn,0,-1.0,2015-01-01 00:00:00,2930,760,0.10963001847267151,0.07695888727903366,0.7764383554458618,0.41243755117526953,-2.080176091621011,-5.740305650834397,0.7131900979136518,1054,3.9863107460643397,2.206365503080082,0.24368636784344835,198273,4.538317200000165,0.07967920000010054,15666
ut_ID012,R,main,Utrecht,Cfb,tcn,1,-1.0,2015-01-01 00:00:00,2930,760,0.11072113364934921,0.08081498742103577,0.7719661593437195,0.4165424202411386,-1.8273320650197309,-5.035999860682448,2.225911917842237,1051,3.9863107460643397,2.207734428473648,0.24077746925823085,198273,2.068634999999631,0.08181609999883221,15666
ut_ID012,R,main,Utrecht,Cfb,tcn,2,-1.0,2015-01-01 00:00:00,2930,760,0.10987715423107147,0.07835901528596878,0.7754293084144592,0.4133672971373915,-2.2422126417396715,-5.218801510589721,0.5302062645678007,1053,3.9863107460643397,2.206365503080082,0.24057913526378422,198273,3.0033019999973476,0.07877340000050026,15666
ut_ID012,R,main,Utrecht,Cfb,tcn,3,-1.0,2015-01-01 00:00:00,2930,760,0.10966885089874268,0.07837758958339691,0.7762799859046936,0.4125836420994353,-1.999222085450203,-5.83557737332977,0.9499222131582163,1054,3.9863107460643397,2.206365503080082,0.24312442152584954,198273,2.5623446999998123,0.08421180000004824,15666
ut_ID012,R,main,Utrecht,Cfb,tcn,4,-1.0,2015-01-01 00:00:00,2930,760,0.10971292853355408,0.07807015627622604,0.7761001586914062,0.41274946594965883,-2.801083871746557,-5.9331917294852055,0.2266330846025344,1053,3.9863107460643397,2.206365503080082,0.24233108554806293,198273,5.182838100001391,0.0806047000005492,15666
ut_ID012,R,main,Utrecht,Cfb,patchtst,0,-1.0,2015-01-01 00:00:00,2930,760,0.10978680104017258,0.07840733230113983,0.775798499584198,0.41302738066821293,-2.108939780934138,-5.525778125276676,0.9149845851281582,1053,3.9863107460643397,2.206365503080082,0.24328969985455506,25857,7.551698999999644,0.2343959999998333,15666
ut_ID012,R,main,Utrecht,Cfb,patchtst,1,-1.0,2015-01-01 00:00:00,2930,760,0.1099727600812912,0.07845373451709747,0.7750383615493774,0.4137269745623523,-1.9240045086895696,-6.136584040077608,1.345771053108343,1054,3.9863107460643397,2.206365503080082,0.24315747719159064,25857,11.6035632000021,0.19669020000219462,15666
ut_ID012,R,main,Utrecht,Cfb,patchtst,2,-1.0,2015-01-01 00:00:00,2930,760,0.11018286645412445,0.07795840501785278,0.7741779088973999,0.4145174127936408,-2.5322098188348185,-6.276907210638383,1.0759889222912489,1054,3.9863107460643397,2.206365503080082,0.24312442152584954,25857,7.176544699999795,0.2973290999980236,15666
ut_ID012,R,main,Utrecht,Cfb,patchtst,3,-1.0,2015-01-01 00:00:00,2930,760,0.10950646549463272,0.07848750799894333,0.7769420146942139,0.41197273425365755,-2.272743343492878,-5.2408617805937086,0.5166368959485576,1054,3.9863107460643397,2.206365503080082,0.24319053285733175,25857,11.208812799999578,0.45855049999954645,15666
ut_ID012,R,main,Utrecht,Cfb,patchtst,4,-1.0,2015-01-01 00:00:00,2930,760,0.10865464061498642,0.07689426839351654,0.7803987264633179,0.40876809584999746,-1.850215565236557,-5.7400267980444175,0.9155411690786521,1055,3.9863107460643397,2.206365503080082,0.2433888668517784,25857,15.6867917999989,0.4536377000003995,15666
ut_ID012,R,main,Utrecht,Cfb,informer,0,-1.0,2015-01-01 00:00:00,2930,760,0.11152917891740799,0.07996995747089386,0.7686256170272827,0.41958235598355575,-1.7846608952998764,-5.226284904370426,1.584997221620621,1054,3.9863107460643397,2.206365503080082,0.24312442152584954,81537,8.185574199997063,0.19874429999981658,15666
ut_ID012,R,main,Utrecht,Cfb,informer,1,-1.0,2015-01-01 00:00:00,2930,760,0.11043549329042435,0.07830832898616791,0.7731412053108215,0.4154678166627294,-1.6429767898177747,-5.322569352139154,0.9648117421133917,1054,3.9863107460643397,2.206365503080082,0.24279386486843846,81537,10.503565600000002,0.16663420000259066,15666
ut_ID012,R,main,Utrecht,Cfb,informer,2,-1.0,2015-01-01 00:00:00,2930,760,0.1124359592795372,0.07978407293558121,0.764847993850708,0.42299374163522946,-2.7000941147272606,-5.348707463988456,0.9960758338279141,1054,3.9863107460643397,2.206365503080082,0.24180219489620522,81537,6.216476699999475,0.16387770000073942,15666
ut_ID012,R,main,Utrecht,Cfb,informer,3,-1.0,2015-01-01 00:00:00,2930,760,0.11141150444746017,0.08061820268630981,0.7691136002540588,0.4191396545145852,-1.8721800495727248,-4.317510063089409,0.8611788601781386,1052,3.9863107460643397,2.206365503080082,0.24180219489620522,81537,5.818351099998836,0.13042650000352296,15666
ut_ID012,R,main,Utrecht,Cfb,informer,4,-1.0,2015-01-01 00:00:00,2930,760,0.11096266657114029,0.07773954421281815,0.7709701657295227,0.41745108785042623,-2.102037102721338,-6.401841569416243,1.4822532018336474,1053,3.9863107460643397,2.206365503080082,0.24203358455639296,81537,9.04734770000141,0.14379589999953168,15666
ut_ID012,R,main,Utrecht,Cfb,lstm,0,-2.0,2015-01-01 00:00:00,2930,761,0.11051621288061142,0.0797964408993721,0.7705353498458862,0.4178181153014383,-3.056618651272235,-5.728572102481588,-0.06760119005865262,1053,3.9863107460643397,2.206365503080082,0.24276080920269735,13729,29.53374420000182,0.031597599998349324,15666
ut_ID012,R,main,Utrecht,Cfb,lstm,1,-2.0,2015-01-01 00:00:00,2930,761,0.1086590588092804,0.07614415884017944,0.7781825661659241,0.41079694986622595,-3.9388897538518153,-6.519748899685083,-0.35586916237986266,1055,3.9863107460643397,2.206365503080082,0.2433888668517784,13729,54.409418399998685,0.041076999998040264,15666
ut_ID012,R,main,Utrecht,Cfb,lstm,2,-2.0,2015-01-01 00:00:00,2930,761,0.10820693522691727,0.07619147002696991,0.7800246477127075,0.40908764931979513,-3.7117805856209385,-6.049467977304615,-0.578737036804827,1054,3.9863107460643397,2.206365503080082,0.2434219225175195,13729,55.68288410000241,0.03207089999705204,15666
ut_ID012,R,main,Utrecht,Cfb,lstm,3,-2.0,2015-01-01 00:00:00,2930,761,0.1084623634815216,0.07710812240839005,0.7789849042892456,0.4100533225830367,-3.6476072088246565,-6.523259295655476,-0.7875515371013941,1054,3.9863107460643397,2.206365503080082,0.2425624752082507,13729,49.417944000000716,0.03268290000050911,15666
ut_ID012,R,main,Utrecht,Cfb,lstm,4,-2.0,2015-01-01 00:00:00,2930,761,0.10774300992488861,0.07576239109039307,0.7819068431854248,0.4073337311363729,-3.392503896725585,-6.3284028954509735,-0.15130258894885396,1054,3.9863107460643397,2.206365503080082,0.24239719687954514,13729,55.2415261999995,0.03178670000124839,15666
ut_ID012,R,main,Utrecht,Cfb,gru,0,-2.0,2015-01-01 00:00:00,2930,761,0.10713294893503189,0.07672619074583054,0.7843695878982544,0.4050273316827812,-2.7765445514139064,-6.218180529410655,0.36944570622146067,1054,3.9863107460643397,2.206365503080082,0.24305831019436733,151809,39.86912309999752,0.05069329999969341,15666
ut_ID012,R,main,Utrecht,Cfb,gru,1,-2.0,2015-01-01 00:00:00,2930,761,0.10700599104166031,0.07598057389259338,0.7848803997039795,0.4045473540727227,-2.8927033183055633,-6.220994781044853,0.17303271485082697,1054,3.9863107460643397,2.206365503080082,0.24345497818326062,151809,48.28818930000125,0.05309019999913289,15666
ut_ID012,R,main,Utrecht,Cfb,gru,2,-2.0,2015-01-01 00:00:00,2930,761,0.10922688990831375,0.07879015803337097,0.7758581638336182,0.41294369479553295,-2.06572702034328,-6.249367341404099,0.38319046659318623,1054,3.9863107460643397,2.206365503080082,0.24358720084622504,151809,23.088477900000726,0.05441690000225208,15666
ut_ID012,R,main,Utrecht,Cfb,gru,3,-2.0,2015-01-01 00:00:00,2930,761,0.10715461522340775,0.07616113126277924,0.784282386302948,0.40510924335473253,-2.449123240733475,-6.224086239331994,0.3252515640850558,1054,3.9863107460643397,2.206365503080082,0.24309136586010843,151809,49.0214582999979,0.05473889999848325,15666
ut_ID012,R,main,Utrecht,Cfb,gru,4,-2.0,2015-01-01 00:00:00,2930,761,0.10876310616731644,0.07741246372461319,0.7777575254440308,0.41119031179841303,-3.786220295320796,-6.859908200220199,0.2251510809605728,1054,3.9863107460643397,2.206365503080082,0.24239719687954514,151809,32.41362020000088,0.04630959999849438,15666
ut_ID012,R,main,Utrecht,Cfb,tcn,0,-2.0,2015-01-01 00:00:00,2930,761,0.10929135978221893,0.0768805742263794,0.7755934596061707,0.41318742990467827,-2.8922361337319624,-6.668705474498749,-0.10271197941136619,1055,3.9863107460643397,2.206365503080082,0.2438516461721539,198273,4.773148799999035,0.08683690000179922,15666
ut_ID012,R,main,Utrecht,Cfb,tcn,1,-2.0,2015-01-01 00:00:00,2930,761,0.11013776808977127,0.08046285063028336,0.7721042037010193,0.41638736514150215,-3.116462835883538,-5.8568762373246805,1.6574872413313173,1052,3.9863107460643397,2.206365503080082,0.24117413724712417,198273,2.0111833000009938,0.08527049999975134,15666
ut_ID012,R,main,Utrecht,Cfb,tcn,2,-2.0,2015-01-01 00:00:00,2930,761,0.10901125520467758,0.07942090183496475,0.7767422795295715,0.41212846521863655,-2.5625625130329217,-5.827145157986196,0.4354648353442881,1056,3.9863107460643397,2.204996577686516,0.24362025651196614,198273,3.915897800001403,0.07910800000172458,15666
ut_ID012,R,main,Utrecht,Cfb,tcn,3,-2.0,2015-01-01 00:00:00,2930,761,0.10952705144882202,0.07829395681619644,0.7746245265007019,0.4140784869302998,-2.287353017849602,-6.729152982367981,0.3450954893219433,1054,3.9863107460643397,2.206365503080082,0.24345497818326062,198273,2.5318979999974545,0.08495709999988321,15666
ut_ID012,R,main,Utrecht,Cfb,tcn,4,-2.0,2015-01-01 00:00:00,2930,761,0.10917342454195023,0.07784230262041092,0.7760775089263916,0.412741563379466,-3.7574676945008156,-6.776603653950742,0.15616294945304812,1054,3.9863107460643397,2.206365503080082,0.24292608753140288,198273,3.7292396999982884,0.0859271000008448,15666
ut_ID012,R,main,Utrecht,Cfb,patchtst,0,-2.0,2015-01-01 00:00:00,2930,761,0.10928025096654892,0.07804419100284576,0.7756391167640686,0.41314543186379815,-3.3313604259466167,-6.138366051668099,-0.14827950376550722,1053,3.9863107460643397,2.206365503080082,0.24332275552029617,25857,7.553124599999137,0.21199589999741875,15666
ut_ID012,R,main,Utrecht,Cfb,patchtst,1,-2.0,2015-01-01 00:00:00,2930,761,0.11189308017492294,0.08148577064275742,0.7647821307182312,0.42302350628376323,-3.6503985088657274,-6.854110794965739,-0.01933200095417531,1055,3.9863107460643397,2.206365503080082,0.24322358852307285,25857,6.949492799998552,0.2834723000014492,15666
ut_ID012,R,main,Utrecht,Cfb,patchtst,2,-2.0,2015-01-01 00:00:00,2930,761,0.10964984446763992,0.07763155549764633,0.7741189002990723,0.4145427187959908,-3.365863443615401,-6.817253051966176,0.26509175034665766,1054,3.9863107460643397,2.206365503080082,0.24332275552029617,25857,7.404282300001796,0.22731779999958235,15666
ut_ID012,R,main,Utrecht,Cfb,patchtst,3,-2.0,2015-01-01 00:00:00,2930,761,0.10894445329904556,0.07807309925556183,0.7770158052444458,0.41187591361935344,-3.273177811508332,-6.28581848789832,-0.37837561919047413,1054,3.9863107460643397,2.206365503080082,0.24332275552029617,25857,10.916813299998466,0.410529900000256,15666
ut_ID012,R,main,Utrecht,Cfb,patchtst,4,-2.0,2015-01-01 00:00:00,2930,761,0.10815878957509995,0.07663563638925552,0.7802203297615051,0.4089056296416145,-2.630538943593974,-6.165655916219414,0.48987913721658116,1055,3.9863107460643397,2.206365503080082,0.24358720084622504,25857,14.982968200001778,0.2772000000004482,15666
ut_ID012,R,main,Utrecht,Cfb,informer,0,-2.0,2015-01-01 00:00:00,2930,761,0.11085481941699982,0.07979859411716461,0.7691270709037781,0.41909825276882856,-2.326107662605637,-6.113193827649919,0.7071929255904026,1055,3.9863107460643397,2.206365503080082,0.24335581118603727,81537,8.14726789999986,0.1751250000015716,15666
ut_ID012,R,main,Utrecht,Cfb,informer,1,-2.0,2015-01-01 00:00:00,2930,761,0.10968844592571259,0.07752062380313873,0.7739598751068115,0.4146886556503167,-3.72240049767648,-6.769279960073438,-1.031481811118895,1054,3.9863107460643397,2.206365503080082,0.24107497024990082,81537,16.051628099998197,0.21886159999849042,15666
ut_ID012,R,main,Utrecht,Cfb,informer,2,-2.0,2015-01-01 00:00:00,2930,761,0.10978414118289948,0.07672880589962006,0.7735652327537537,0.41505044159066834,-3.4265776221254707,-6.306698365087704,0.5088312134606293,1053,3.9863107460643397,2.206365503080082,0.24223191855083961,81537,11.100157999997464,0.13303219999943394,15666
ut_ID012,R,main,Utrecht,Cfb,informer,3,-2.0,2015-01-01 00:00:00,2930,761,0.11071649193763733,0.0801679864525795,0.7697029113769531,0.4185752912483857,-2.9418780164576996,-5.786494541492804,-0.1648821042446971,1054,3.9863107460643397,2.206365503080082,0.2420996958878752,81537,5.672295699998358,0.16468610000083572,15666
ut_ID012,R,main,Utrecht,Cfb,informer,4,-2.0,2015-01-01 00:00:00,2930,761,0.11017633229494095,0.07729712128639221,0.771944522857666,0.4165331611573274,-2.4818238955375937,-6.845842215807556,0.582928970683283,1052,3.9863107460643397,2.206365503080082,0.24200052889065185,81537,9.02145130000281,0.14274050000312855,15666
