system_id,tier,role,location,climate,model,seed,injection,ref_end,n_train,n_val,val_rmse,val_mae,val_r2,val_nrmse_mean,plr,ci_low,ci_high,days,span_years,t_center_years,points_kept_fraction,parameters,train_seconds,inference_seconds,inference_samples
pvdaq_1272,R,main,"New Orleans, LA",Cfa,xgboost,0,0.0,2014-02-01 00:00:00,6500,1531,0.13434268534183502,0.09201067686080933,0.7422029972076416,0.3575618694588447,-2.2344089916719767,-3.8029909498100256,-0.3740193145776394,1298,3.6440793976728267,1.8340177960301163,0.32714157456425497,462,3.0783583479997105,0.18080151200001637,17083
pvdaq_1272,R,main,"New Orleans, LA",Cfa,xgboost,1,0.0,2014-02-01 00:00:00,6500,1531,0.13419762253761292,0.09172520786523819,0.7427594065666199,0.35717577528978284,-2.0972483888331728,-3.8907157231039324,-0.49965848054325246,1299,3.6440793976728267,1.8326488706365502,0.3270177393888734,503,3.325880867000251,0.14899933600008808,17083
pvdaq_1272,R,main,"New Orleans, LA",Cfa,xgboost,2,0.0,2014-02-01 00:00:00,6500,1531,0.13414914906024933,0.09269408136606216,0.7429451942443848,0.357046759950085,-2.3040212007380267,-3.9394026696811357,-0.5517919917891634,1299,3.6440793976728267,1.8326488706365502,0.32732732732732733,399,2.015863565000018,0.11912872399989283,17083
pvdaq_1272,R,main,"New Orleans, LA",Cfa,xgboost,3,0.0,2014-02-01 00:00:00,6500,1531,0.13402357697486877,0.09235138446092606,0.7434262037277222,0.3567125416077445,-2.2445851880145806,-3.795613583975266,-0.42288270734984756,1299,3.6440793976728267,1.8326488706365502,0.32729636853348193,404,1.8749468690002686,0.12929001700013032,17083
pvdaq_1272,R,main,"New Orleans, LA",Cfa,xgboost,4,0.0,2014-02-01 00:00:00,6500,1531,0.13465625047683716,0.09350857883691788,0.7409981489181519,0.35839644363445533,-2.317384971717429,-3.816997818736645,-0.47566260412368333,1299,3.6440793976728267,1.8326488706365502,0.3273892449150181,364,3.386189937999916,0.37231025700020837,17083
pvdaq_1272,R,main,"New Orleans, LA",Cfa,random_forest,0,0.0,2014-02-01 00:00:00,6500,1531,0.13565441966056824,0.09251949191093445,0.7371441125869751,0.36105313639344655,-1.3036702895486973,-2.227777001972042,-0.10261600271868065,1299,3.6440793976728267,1.8326488706365502,0.32729636853348193,3083338,10.046255977000328,0.7606861959998241,17083
pvdaq_1272,R,main,"New Orleans, LA",Cfa,random_forest,1,0.0,2014-02-01 00:00:00,6500,1531,0.13600851595401764,0.09270776063203812,0.7357701063156128,0.3619955869059702,-1.2895035141213818,-2.3849806808494023,0.15029117993756724,1299,3.6440793976728267,1.8326488706365502,0.32732732732732733,3083886,11.760062464999919,0.903845605999777,17083
pvdaq_1272,R,main,"New Orleans, LA",Cfa,random_forest,2,0.0,2014-02-01 00:00:00,6500,1531,0.13618622720241547,0.09279575943946838,0.7350791692733765,0.3624685770508323,-1.5454981757941022,-2.3821246719610834,0.28036474904511444,1299,3.6440793976728267,1.8326488706365502,0.3274511625027089,3081484,9.106868523999765,1.3992237140000725,17083
pvdaq_1272,R,main,"New Orleans, LA",Cfa,random_forest,3,0.0,2014-02-01 00:00:00,6500,1531,0.13572515547275543,0.09257236868143082,0.7368699312210083,0.3612414043976106,-1.2440587416840732,-2.1263717444213404,0.1476650127868684,1299,3.6440793976728267,1.8326488706365502,0.32735828612117274,3086664,8.381499185999928,0.7632246889997987,17083
pvdaq_1272,R,main,"New Orleans, LA",Cfa,random_forest,4,0.0,2014-02-01 00:00:00,6500,1531,0.13574311137199402,0.09255237132310867,0.7368002533912659,0.3612891952012798,-1.4630439993820632,-2.3455601591457875,-0.005625448156587609,1299,3.6440793976728267,1.8326488706365502,0.3273892449150181,3076628,10.2708241739997,1.0129391340001348,17083
pvdaq_1272,R,main,"New Orleans, LA",Cfa,xgboost,0,-0.25,2014-02-01 00:00:00,6502,1531,0.13433077931404114,0.09412302076816559,0.7409182786941528,0.3584701569989431,-2.415819970097677,-4.327043617277104,-0.38110026852162804,1299,3.6440793976728267,1.8326488706365502,0.32782266802885357,336,2.6121236050003063,0.12156909199984511,17083
pvdaq_1272,R,main,"New Orleans, LA",Cfa,xgboost,1,-0.25,2014-02-01 00:00:00,6502,1531,0.13438044488430023,0.09175121039152145,0.7407265901565552,0.3586026927056451,-2.3583376081919627,-3.913288605332421,-0.6089409052550399,1299,3.6440793976728267,1.8326488706365502,0.32692486300733725,504,5.944127618000039,0.49411463599972194,17083
pvdaq_1272,R,main,"New Orleans, LA",Cfa,xgboost,2,-0.25,2014-02-01 00:00:00,6502,1531,0.13445976376533508,0.09258245676755905,0.7404204607009888,0.3588143601424212,-2.5337824829170463,-3.9932984574384878,-0.8325840519207484,1299,3.6440793976728267,1.8326488706365502,0.3270486981827188,402,3.326730755999961,0.15441557499980263,17083
pvdaq_1272,R,main,"New Orleans, LA",Cfa,xgboost,3,-0.25,2014-02-01 00:00:00,6502,1531,0.1337941586971283,0.09138409048318863,0.7429840564727783,0.357038151037421,-2.301284136004589,-3.9418431829387646,-0.5645947902562343,1299,3.6440793976728267,1.8326488706365502,0.32689390421349185,493,2.255037780999828,0.14743282500012356,17083
pvdaq_1272,R,main,"New Orleans, LA",Cfa,xgboost,4,-0.25,2014-02-01 00:00:00,6502,1531,0.13418513536453247,0.09162672609090805,0.741479754447937,0.35808149693374486,-2.4028853172248343,-4.2051540094998,-0.7299329207426375,1299,3.6440793976728267,1.8326488706365502,0.3270796569765642,477,3.035990304000279,0.1401578189997963,17083
pvdaq_1272,R,main,"New Orleans, LA",Cfa,random_forest,0,-0.25,2014-02-01 00:00:00,6502,1531,0.13514265418052673,0.09240835160017014,0.7377771139144897,0.3606366962860576,-1.5147225848356054,-2.5337987425836928,0.23649367547640132,1299,3.6440793976728267,1.8326488706365502,0.3273892449150181,3076794,7.507939104999878,0.7122513010003786,17083
pvdaq_1272,R,main,"New Orleans, LA",Cfa,random_forest,1,-0.25,2014-02-01 00:00:00,6502,1531,0.13537028431892395,0.09245454519987106,0.7368929982185364,0.36124414166726976,-1.5511649182509468,-2.6425071182433535,-0.4910426285537062,1299,3.6440793976728267,1.8326488706365502,0.32735828612117274,3076650,8.807372187000055,0.7469203420000667,17083
pvdaq_1272,R,main,"New Orleans, LA",Cfa,random_forest,2,-0.25,2014-02-01 00:00:00,6502,1531,0.13528330624103546,0.09219582378864288,0.7372310161590576,0.3610120351806152,-1.5515686462856726,-2.4358382872648354,0.014139300588982655,1299,3.6440793976728267,1.8326488706365502,0.32729636853348193,3083202,6.919448914999975,1.036299613999745,17083
pvdaq_1272,R,main,"New Orleans, LA",Cfa,random_forest,3,-0.25,2014-02-01 00:00:00,6502,1531,0.13578669726848602,0.09254562854766846,0.7352718114852905,0.3623553658868281,-1.510447341420229,-2.574546626819818,-0.39038834104812015,1299,3.6440793976728267,1.8326488706365502,0.3275130800903997,3076532,6.966269637000096,0.7336070609999297,17083
pvdaq_1272,R,main,"New Orleans, LA",Cfa,random_forest,4,-0.25,2014-02-01 00:00:00,6502,1531,0.1352105438709259,0.09217582643032074,0.737513542175293,0.36081786420677003,-1.5629883047328041,-2.4891732302994907,-0.28127287292900593,1299,3.6440793976728267,1.8326488706365502,0.3274511625027089,3079786,9.25559956799998,0.9691867749997982,17083
pvdaq_1272,R,main,"New Orleans, LA",Cfa,xgboost,0,-0.5,2014-02-01 00:00:00,6505,1531,0.13354647159576416,0.09188250452280045,0.7426127195358276,0.35731665405461005,-2.7033864287647202,-4.466624598160218,-1.0349031964270727,1299,3.6440793976728267,1.8326488706365502,0.3274202037088635,407,3.9341336659999797,0.21081317200014382,17083
pvdaq_1272,R,main,"New Orleans, LA",Cfa,xgboost,1,-0.5,2014-02-01 00:00:00,6505,1531,0.133201003074646,0.09090492129325867,0.7439426183700562,0.35639231921766445,-2.4007648448012953,-4.430086264586297,-1.036887578003809,1299,3.6440793976728267,1.8326488706365502,0.32717253335810037,539,5.555045191999852,0.5800353700001324,17083
pvdaq_1272,R,main,"New Orleans, LA",Cfa,xgboost,2,-0.5,2014-02-01 00:00:00,6505,1531,0.1341082602739334,0.09171589463949203,0.7404426336288452,0.3588197746415531,-2.5597134373269714,-4.088821604969095,-0.9355647592771077,1299,3.6440793976728267,1.8326488706365502,0.32714157456425497,463,3.474437283000043,0.14676523499974792,17083
pvdaq_1272,R,main,"New Orleans, LA",Cfa,xgboost,3,-0.5,2014-02-01 00:00:00,6505,1531,0.1333383470773697,0.09093312174081802,0.7434143424034119,0.3567597965378908,-2.3968099005890586,-4.099091844425507,-0.9835308980677082,1299,3.6440793976728267,1.8326488706365502,0.3272344509457912,540,4.3127474719999555,0.38701155900025697,17083
pvdaq_1272,R,main,"New Orleans, LA",Cfa,xgboost,4,-0.5,2014-02-01 00:00:00,6505,1531,0.13374017179012299,0.09188573807477951,0.7418655157089233,0.35783491788075983,-2.8160552730212896,-4.323174323032197,-1.0092036955383854,1299,3.6440793976728267,1.8326488706365502,0.3274202037088635,420,4.596438047999982,0.1287480890000552,17083
pvdaq_1272,R,main,"New Orleans, LA",Cfa,random_forest,0,-0.5,2014-02-01 00:00:00,6505,1531,0.13537561893463135,0.09225083142518997,0.7355136871337891,0.3622107167661677,-1.6315898935796769,-2.6504522203924408,-0.25997919351781196,1299,3.6440793976728267,1.8326488706365502,0.3275130800903997,3083234,9.550588791999871,1.1729809069997827,17083
pvdaq_1272,R,main,"New Orleans, LA",Cfa,random_forest,1,-0.5,2014-02-01 00:00:00,6505,1531,0.13525773584842682,0.0921151265501976,0.735974133014679,0.3618953090325981,-1.879011140506237,-2.875245655248293,-0.3443650269757237,1299,3.6440793976728267,1.8326488706365502,0.32760595647193586,3076750,8.396947986000214,0.9925203920001877,17083
pvdaq_1272,R,main,"New Orleans, LA",Cfa,random_forest,2,-0.5,2014-02-01 00:00:00,6505,1531,0.1350879818201065,0.09217490255832672,0.7366364002227783,0.36144111551713554,-1.847668245131684,-2.9687401921335903,-0.5067946647872024,1299,3.6440793976728267,1.8326488706365502,0.32754403888424505,3080242,10.885119920000307,0.7619949310001175,17083
pvdaq_1272,R,main,"New Orleans, LA",Cfa,random_forest,3,-0.5,2014-02-01 00:00:00,6505,1531,0.13519108295440674,0.09237199276685715,0.7362343072891235,0.3617169726917744,-1.7855653640595603,-2.9002624078135253,-0.3806307859663072,1299,3.6440793976728267,1.8326488706365502,0.327698832853472,3084984,8.868679221000093,0.7356379519997063,17083
pvdaq_1272,R,main,"New Orleans, LA",Cfa,random_forest,4,-0.5,2014-02-01 00:00:00,6505,1531,0.13499122858047485,0.0921819657087326,0.737013578414917,0.3611822427559085,-1.726520078443694,-2.8938203536164497,-0.544329314962666,1299,3.6440793976728267,1.8326488706365502,0.3277917092350082,3084514,6.764026571999693,0.7439622669999153,17083
pvdaq_1272,R,main,"New Orleans, LA",Cfa,xgboost,0,-1.0,2014-02-01 00:00:00,6507,1531,0.13311493396759033,0.09294671565294266,0.7416250705718994,0.3580496513169154,-2.9273802312052344,-4.613634864933795,-1.1718577478557535,1299,3.6440793976728267,1.8326488706365502,0.32800842079192594,348,2.2748503059997347,0.2744167060000109,17083
pvdaq_1272,R,main,"New Orleans, LA",Cfa,xgboost,1,-1.0,2014-02-01 00:00:00,6507,1531,0.13278990983963013,0.09052886813879013,0.7428852915763855,0.3571754084936867,-2.528949743376707,-4.339131128642837,-1.1269532770625923,1299,3.6440793976728267,1.8326488706365502,0.3274202037088635,642,3.158322945999771,0.2054644909999297,17083
pvdaq_1272,R,main,"New Orleans, LA",Cfa,xgboost,2,-1.0,2014-02-01 00:00:00,6507,1531,0.13304150104522705,0.09063148498535156,0.7419100999832153,0.357852133041064,-2.751649682396695,-4.462045969305006,-0.8973486383483054,1299,3.6440793976728267,1.8326488706365502,0.3274821212965543,550,2.488486687999739,0.18498185299995384,17083
pvdaq_1272,R,main,"New Orleans, LA",Cfa,xgboost,3,-1.0,2014-02-01 00:00:00,6507,1531,0.13305217027664185,0.09121592342853546,0.7418686747550964,0.35788083090744177,-2.7878341630305004,-4.482703142883793,-1.1295297302625906,1299,3.6440793976728267,1.8326488706365502,0.3277297916473174,460,2.1376135250002335,0.14392753199990693,17083
pvdaq_1272,R,main,"New Orleans, LA",Cfa,xgboost,4,-1.0,2014-02-01 00:00:00,6507,1531,0.13280485570430756,0.09119708836078644,0.7428274154663086,0.3572156095551069,-2.90029625114685,-4.749265890578524,-1.150602561998837,1299,3.6440793976728267,1.8326488706365502,0.32782266802885357,446,3.0067116509999323,0.26250474400012536,17083
pvdaq_1272,R,main,"New Orleans, LA",Cfa,random_forest,0,-1.0,2014-02-01 00:00:00,6507,1531,0.1349404901266098,0.09198331087827682,0.7344896793365479,0.36295999252893535,-2.035870000362594,-3.5354984178358695,-0.8827830555118821,1299,3.6440793976728267,1.8326488706365502,0.32797746199808053,3080004,7.597766161999971,0.9051841199998307,17083
pvdaq_1272,R,main,"New Orleans, LA",Cfa,random_forest,1,-1.0,2014-02-01 00:00:00,6507,1531,0.134774312376976,0.09190767258405685,0.7351433038711548,0.362513011235856,-1.9785513500896634,-3.4557613659866204,-0.8738942380942305,1299,3.6440793976728267,1.8326488706365502,0.3277607504411628,3079476,10.529499289999876,0.6920831580000595,17083
pvdaq_1272,R,main,"New Orleans, LA",Cfa,random_forest,2,-1.0,2014-02-01 00:00:00,6507,1531,0.13438470661640167,0.09157230705022812,0.7366724014282227,0.36146505814324004,-2.212286733300961,-3.1983747387134054,-0.7321955286846217,1299,3.6440793976728267,1.8326488706365502,0.32800842079192594,3080758,10.549412085000313,1.320604022000225,17083
pvdaq_1272,R,main,"New Orleans, LA",Cfa,random_forest,3,-1.0,2014-02-01 00:00:00,6507,1531,0.1343965381383896,0.0915723517537117,0.7366260290145874,0.3614968823134969,-2.178459539231603,-3.356161729811058,-0.4360486579132239,1299,3.6440793976728267,1.8326488706365502,0.32803937958577134,3085308,8.039993575999688,1.0718558530002156,17083
pvdaq_1272,R,main,"New Orleans, LA",Cfa,random_forest,4,-1.0,2014-02-01 00:00:00,6507,1531,0.13434351980686188,0.09164094179868698,0.7368338108062744,0.3613542747596253,-2.1628764734790473,-3.133297931930301,-0.7508506252292602,1299,3.6440793976728267,1.8326488706365502,0.327853626822699,3078884,10.637988423000024,0.9480067399999825,17083
pvdaq_1272,R,main,"New Orleans, LA",Cfa,xgboost,0,-2.0,2014-02-01 00:00:00,6513,1531,0.13213899731636047,0.091493621468544,0.7400964498519897,0.3592325546104337,-4.226317084830633,-5.576539966197913,-2.5587756401782347,1299,3.6440793976728267,1.8326488706365502,0.3279465032042352,373,2.824977909000154,0.7149940479998804,17083
pvdaq_1272,R,main,"New Orleans, LA",Cfa,xgboost,1,-2.0,2014-02-01 00:00:00,6513,1531,0.131727933883667,0.09123938530683517,0.7417109608650208,0.35811503919081933,-3.9179214297560883,-5.693048816509472,-2.417347953423865,1299,3.6440793976728267,1.8326488706365502,0.3282251323488437,381,3.8057861989996127,0.21040289399979883,17083
pvdaq_1272,R,main,"New Orleans, LA",Cfa,xgboost,2,-2.0,2014-02-01 00:00:00,6513,1531,0.13194940984249115,0.09112056344747543,0.7408416867256165,0.35871714285505946,-3.899732143912915,-5.578595421737564,-2.231430476863183,1299,3.6440793976728267,1.8326488706365502,0.327853626822699,408,3.1665594829996735,0.3269768750001276,17083
pvdaq_1272,R,main,"New Orleans, LA",Cfa,xgboost,3,-2.0,2014-02-01 00:00:00,6513,1531,0.1317272037267685,0.09171592444181442,0.74171382188797,0.3581130541891677,-3.8881986920379585,-5.602744282010052,-2.123511515341159,1299,3.6440793976728267,1.8326488706365502,0.3281632147611529,363,3.3488218050001706,0.4742547790001481,17083
pvdaq_1272,R,main,"New Orleans, LA",Cfa,xgboost,4,-2.0,2014-02-01 00:00:00,6513,1531,0.13191477954387665,0.0909881517291069,0.7409777641296387,0.3586229970624406,-4.050977828827107,-5.65464010039769,-2.2971192538505214,1299,3.6440793976728267,1.8326488706365502,0.32782266802885357,415,2.9114794649999567,0.25383650300000227,17083
pvdaq_1272,R,main,"New Orleans, LA",Cfa,random_forest,0,-2.0,2014-02-01 00:00:00,6513,1531,0.13303673267364502,0.09075772017240524,0.7365529537200928,0.36167313439619775,-2.7473275495765948,-4.4019266059182165,-1.1837196856370191,1299,3.6440793976728267,1.8326488706365502,0.32810129717346215,3087686,7.358515606999845,0.7455045639999298,17083
pvdaq_1272,R,main,"New Orleans, LA",Cfa,random_forest,1,-2.0,2014-02-01 00:00:00,6513,1531,0.13333527743816376,0.09085068851709366,0.7353692054748535,0.3624847570102764,-2.7771882524222358,-4.192113843490464,-1.5022494223380867,1299,3.6440793976728267,1.8326488706365502,0.32803937958577134,3081148,8.522279988000264,0.8811326740001277,17083
pvdaq_1272,R,main,"New Orleans, LA",Cfa,random_forest,2,-2.0,2014-02-01 00:00:00,6513,1531,0.13342052698135376,0.09084338694810867,0.7350307703018188,0.3627165160806604,-2.783951809934637,-4.2002734478353005,-1.3176669704240473,1299,3.6440793976728267,1.8326488706365502,0.3279155444103898,3089016,6.562135106999904,0.8079127979999612,17083
pvdaq_1272,R,main,"New Orleans, LA",Cfa,random_forest,3,-2.0,2014-02-01 00:00:00,6513,1531,0.1328873485326767,0.09062168002128601,0.7371442317962646,0.36126701926237503,-2.8001613167039086,-4.219346834196125,-1.4130026920309957,1299,3.6440793976728267,1.8326488706365502,0.3281632147611529,3087642,9.610110424999675,0.8113802299999406,17083
pvdaq_1272,R,main,"New Orleans, LA",Cfa,random_forest,4,-2.0,2014-02-01 00:00:00,6513,1531,0.13332854211330414,0.09092001616954803,0.7353959083557129,0.3624664463827963,-2.670164027090771,-4.07129828475743,-1.5020761477911093,1299,3.6440793976728267,1.8326488706365502,0.32803937958577134,3087318,6.801189735000207,0.7416288990002613,17083
pvdaq_1255,R,main,"New Orleans, LA",Cfa,xgboost,0,0.0,2014-03-01 00:00:00,6496,1507,0.11748360097408295,0.07932370901107788,0.757095456123352,0.3682685993791527,-1.8997568002677045,-3.764491646792595,0.3333145782135865,1267,3.5482546201232035,1.7778918548939084,0.32789260189298824,441,3.1803507189997617,0.14947656699996514,16533
pvdaq_1255,R,main,"New Orleans, LA",Cfa,xgboost,1,0.0,2014-03-01 00:00:00,6496,1507,0.11758338660001755,0.07960346341133118,0.7566826343536377,0.3685813912275164,-1.8642623820540916,-3.871952917962296,0.22929502397461546,1268,3.5482546201232035,1.7778918548939084,0.3278604082158264,403,3.673933107999801,0.1279540669997914,16533
pvdaq_1255,R,main,"New Orleans, LA",Cfa,xgboost,2,0.0,2014-03-01 00:00:00,6496,1507,0.11776602268218994,0.07926933467388153,0.7559261918067932,0.36915388929209786,-1.9571228860539525,-4.003219940306824,0.3193031546673405,1268,3.5482546201232035,1.7778918548939084,0.3280535702787972,436,2.7223735810002836,0.13621006499988653,16533
pvdaq_1255,R,main,"New Orleans, LA",Cfa,xgboost,3,0.0,2014-03-01 00:00:00,6496,1507,0.11804339289665222,0.08104684203863144,0.7547751069068909,0.3700233445994139,-2.037320917679625,-3.808348273604323,0.013637992333004334,1268,3.5482546201232035,1.7778918548939084,0.3280535702787972,347,4.975050268999894,0.34783657800016954,16533
pvdaq_1255,R,main,"New Orleans, LA",Cfa,xgboost,4,0.0,2014-03-01 00:00:00,6496,1507,0.11764104664325714,0.07968688756227493,0.756443977355957,0.36876213460946866,-2.0615386592715446,-3.8129564441824138,-0.13715412846785346,1268,3.5482546201232035,1.7778918548939084,0.32798918292447365,419,3.5989433030003966,0.20088051399989126,16533
pvdaq_1255,R,main,"New Orleans, LA",Cfa,random_forest,0,0.0,2014-03-01 00:00:00,6496,1507,0.11752341687679291,0.07841557264328003,0.7569307684898376,0.36839340783414076,-0.9334792297094774,-2.152613066348236,0.6886379279760158,1268,3.5482546201232035,1.7778918548939084,0.32798918292447365,3096012,10.67076934500028,1.2889025730000867,16533
pvdaq_1255,R,main,"New Orleans, LA",Cfa,random_forest,1,0.0,2014-03-01 00:00:00,6496,1507,0.11756059527397156,0.07838096469640732,0.7567769885063171,0.36850994866318093,-0.9066301750542849,-2.4736947628399553,0.5532097955547322,1268,3.5482546201232035,1.7778918548939084,0.32808576395595906,3099452,8.52546071300003,1.3813802380000197,16533
pvdaq_1255,R,main,"New Orleans, LA",Cfa,random_forest,2,0.0,2014-03-01 00:00:00,6496,1507,0.11755479127168655,0.07841622084379196,0.7568010091781616,0.36849175521512034,-1.071603428839213,-2.0087159657853446,0.6131886848162349,1268,3.5482546201232035,1.7778918548939084,0.3281823449874445,3094254,7.834285032000025,0.7844871709999097,16533
pvdaq_1255,R,main,"New Orleans, LA",Cfa,random_forest,3,0.0,2014-03-01 00:00:00,6496,1507,0.11740180104970932,0.07846323400735855,0.7574335932731628,0.3680121862003888,-0.9577319630014569,-2.0206103303058165,0.32651447561891644,1268,3.5482546201232035,1.7778918548939084,0.32802137660163544,3092552,12.096872904000065,0.7577108939999562,16533
pvdaq_1255,R,main,"New Orleans, LA",Cfa,random_forest,4,0.0,2014-03-01 00:00:00,6496,1507,0.11723711341619492,0.07825305312871933,0.7581136226654053,0.3674959500310293,-0.9216491494050905,-2.2926676631550844,0.5191904230687591,1268,3.5482546201232035,1.7778918548939084,0.32815015131028263,3097636,9.056131696000193,0.7234697389999383,16533
pvdaq_1255,R,main,"New Orleans, LA",Cfa,xgboost,0,-0.25,2014-03-01 00:00:00,6497,1507,0.11756932735443115,0.0800822526216507,0.7556673288345337,0.36939036486382604,-1.9382298292796973,-3.8306521585502114,0.3279442960952428,1268,3.5482546201232035,1.7778918548939084,0.3280535702787972,376,2.161971004999941,0.13188532499998473,16533
pvdaq_1255,R,main,"New Orleans, LA",Cfa,xgboost,1,-0.25,2014-03-01 00:00:00,6497,1507,0.11738572269678116,0.07927373051643372,0.7564298510551453,0.36881349849054507,-2.17603426700802,-4.113801155548485,-0.1958125997440996,1268,3.5482546201232035,1.7778918548939084,0.3279569892473118,427,2.070305275999999,0.12119972800019241,16533
pvdaq_1255,R,main,"New Orleans, LA",Cfa,xgboost,2,-0.25,2014-03-01 00:00:00,6497,1507,0.1176988035440445,0.0800570473074913,0.7551288604736328,0.3697971653278473,-1.9627723571886913,-3.8678226207177757,-0.24018908755865098,1268,3.5482546201232035,1.7778918548939084,0.3278604082158264,372,1.7342265329998554,0.1324959610001315,16533
pvdaq_1255,R,main,"New Orleans, LA",Cfa,xgboost,3,-0.25,2014-03-01 00:00:00,6497,1507,0.11767932772636414,0.07951739430427551,0.7552098631858826,0.36973597437302214,-2.2484828294055292,-3.97934686378425,-0.2677843932793855,1268,3.5482546201232035,1.7778918548939084,0.3277316335071792,418,2.112497876999896,0.1459349290003047,16533
pvdaq_1255,R,main,"New Orleans, LA",Cfa,xgboost,4,-0.25,2014-03-01 00:00:00,6497,1507,0.11772090941667557,0.08021429926156998,0.7550368309020996,0.36986661963655665,-2.097203349168458,-3.9675841058265715,0.172597509048976,1268,3.5482546201232035,1.7778918548939084,0.3277316335071792,385,1.911638469999616,0.10536872800003039,16533
pvdaq_1255,R,main,"New Orleans, LA",Cfa,random_forest,0,-0.25,2014-03-01 00:00:00,6497,1507,0.11700471490621567,0.0781031996011734,0.7580084204673767,0.36761641239725934,-1.1234763681557902,-2.403716284562256,0.36715319259952306,1268,3.5482546201232035,1.7778918548939084,0.32811795763312085,3098276,5.788283442000193,0.5668093240001326,16533
pvdaq_1255,R,main,"New Orleans, LA",Cfa,random_forest,1,-0.25,2014-03-01 00:00:00,6497,1507,0.11717329919338226,0.0781627669930458,0.7573106288909912,0.3681460863585558,-0.9338549213597613,-2.237231496671704,0.5605418075676272,1268,3.5482546201232035,1.7778918548939084,0.32789260189298824,3098190,8.17818695699998,0.5641130069998326,16533
pvdaq_1255,R,main,"New Orleans, LA",Cfa,random_forest,2,-0.25,2014-03-01 00:00:00,6497,1507,0.11716575920581818,0.07830198854207993,0.7573418021202087,0.36812239651682543,-1.205703495250987,-2.4930263955675103,0.37273361241028646,1268,3.5482546201232035,1.7778918548939084,0.32798918292447365,3098872,6.028750282000146,0.5776017329999377,16533
pvdaq_1255,R,main,"New Orleans, LA",Cfa,random_forest,3,-0.25,2014-03-01 00:00:00,6497,1507,0.11713801324367523,0.07822179049253464,0.7574567198753357,0.3680352216446874,-0.9574322495874199,-2.449511973688511,0.046302943471553545,1268,3.5482546201232035,1.7778918548939084,0.32808576395595906,3101048,9.822442620999936,0.9162665759999982,16533
pvdaq_1255,R,main,"New Orleans, LA",Cfa,random_forest,4,-0.25,2014-03-01 00:00:00,6497,1507,0.11745905876159668,0.07829289138317108,0.7561253905296326,0.3690439126329873,-0.9893942895962571,-2.4584464350450808,0.4442659264825899,1268,3.5482546201232035,1.7778918548939084,0.32798918292447365,3099158,7.429938729000241,0.6230568810001387,16533
pvdaq_1255,R,main,"New Orleans, LA",Cfa,xgboost,0,-0.5,2014-03-01 00:00:00,6497,1507,0.11728403717279434,0.07971076667308807,0.7557787895202637,0.3693489709301638,-2.495408690830836,-4.181904171935829,-0.19674945307761593,1268,3.5482546201232035,1.7778918548939084,0.32808576395595906,389,5.160488712999722,0.13525739900023837,16533
pvdaq_1255,R,main,"New Orleans, LA",Cfa,xgboost,1,-0.5,2014-03-01 00:00:00,6497,1507,0.11710172891616821,0.07979357987642288,0.7565374970436096,0.3687748487512203,-2.517501381188547,-3.9904564464137815,-0.37691662236034595,1268,3.5482546201232035,1.7778918548939084,0.32821453866460626,378,2.2614062819998253,0.11514916300029654,16533
pvdaq_1255,R,main,"New Orleans, LA",Cfa,xgboost,2,-0.5,2014-03-01 00:00:00,6497,1507,0.11751536279916763,0.07923004031181335,0.7548145055770874,0.37007745780792084,-2.2091361851362734,-4.040372451174934,-0.36040654015769835,1268,3.5482546201232035,1.7778918548939084,0.3279569892473118,427,2.314843496999856,0.13464206699973147,16533
pvdaq_1255,R,main,"New Orleans, LA",Cfa,xgboost,3,-0.5,2014-03-01 00:00:00,6497,1507,0.11726746708154678,0.08023019880056381,0.7558478116989136,0.3692967886699174,-2.537235287221601,-4.195928344870592,-0.4891080257224171,1268,3.5482546201232035,1.7778918548939084,0.32798918292447365,358,5.726372489999903,0.19331324599988875,16533
pvdaq_1255,R,main,"New Orleans, LA",Cfa,xgboost,4,-0.5,2014-03-01 00:00:00,6497,1507,0.1173553317785263,0.0797949731349945,0.7554817795753479,0.3695734907360533,-2.5173902268607162,-4.072715927429382,-0.4181235814279871,1268,3.5482546201232035,1.7778918548939084,0.3279569892473118,398,2.1439625689999957,0.11781910799982143,16533
pvdaq_1255,R,main,"New Orleans, LA",Cfa,random_forest,0,-0.5,2014-03-01 00:00:00,6497,1507,0.11699413508176804,0.07817114144563675,0.7569846510887146,0.3684360160083161,-1.3687205811442782,-2.505285933129503,-0.0314344465182137,1268,3.5482546201232035,1.7778918548939084,0.32808576395595906,3101496,8.640835547999814,1.1287298479996934,16533
pvdaq_1255,R,main,"New Orleans, LA",Cfa,random_forest,1,-0.5,2014-03-01 00:00:00,6497,1507,0.11696351319551468,0.07810785621404648,0.7571118474006653,0.36833958206514483,-1.2325093975037726,-2.881414505525287,0.15863035722190055,1268,3.5482546201232035,1.7778918548939084,0.3282789260189299,3095894,7.005487115000051,0.8385044429996924,16533
pvdaq_1255,R,main,"New Orleans, LA",Cfa,random_forest,2,-0.5,2014-03-01 00:00:00,6497,1507,0.11702614277601242,0.07829809933900833,0.7568516731262207,0.36853681411533895,-1.063744519848553,-2.6306916163606697,0.34917504353459416,1268,3.5482546201232035,1.7778918548939084,0.32811795763312085,3100302,10.136130395000237,0.5499820550003278,16533
pvdaq_1255,R,main,"New Orleans, LA",Cfa,random_forest,3,-0.5,2014-03-01 00:00:00,6497,1507,0.11723407357931137,0.07821907103061676,0.7559868693351746,0.369191626399043,-0.9328401494697769,-2.6638522199620205,0.11085611494853209,1268,3.5482546201232035,1.7778918548939084,0.3282467323417681,3100874,6.426203134999923,0.7256392740000592,16533
pvdaq_1255,R,main,"New Orleans, LA",Cfa,random_forest,4,-0.5,2014-03-01 00:00:00,6497,1507,0.11701828241348267,0.07801661640405655,0.7568843364715576,0.368512060390267,-1.1896743800672016,-2.2877148247791745,0.10010245972825423,1268,3.5482546201232035,1.7778918548939084,0.32802137660163544,3096912,6.219356064000294,0.5491519580000386,16533
pvdaq_1255,R,main,"New Orleans, LA",Cfa,xgboost,0,-1.0,2014-03-01 00:00:00,6498,1507,0.11710718274116516,0.08065716922283173,0.7543621063232422,0.3705112997759657,-2.5079057494862997,-4.382043886465604,-0.25287286778685747,1268,3.5482546201232035,1.7778918548939084,0.32850428175906254,345,1.7271285890001309,0.12541061599995373,16533
pvdaq_1255,R,main,"New Orleans, LA",Cfa,xgboost,1,-1.0,2014-03-01 00:00:00,6498,1507,0.1166696697473526,0.08036598563194275,0.7561941146850586,0.36912706779111254,-2.4743332284057287,-4.268486881716194,-0.47447921919080427,1268,3.5482546201232035,1.7778918548939084,0.3282467323417681,346,1.717173871000341,0.14986226199971497,16533
pvdaq_1255,R,main,"New Orleans, LA",Cfa,xgboost,2,-1.0,2014-03-01 00:00:00,6498,1507,0.11703207343816757,0.07953248918056488,0.7546770572662354,0.3702736640919069,-2.8019539839575947,-4.667057396092444,-0.542892381800808,1268,3.5482546201232035,1.7778918548939084,0.32831111969609167,408,2.0122787929999504,0.14349217200015119,16533
pvdaq_1255,R,main,"New Orleans, LA",Cfa,xgboost,3,-1.0,2014-03-01 00:00:00,6498,1507,0.1171090304851532,0.08034050464630127,0.7543543577194214,0.37051714578823103,-2.4639711512685567,-4.55027356037977,-0.7205139653148355,1268,3.5482546201232035,1.7778918548939084,0.32831111969609167,354,1.9480394940001133,0.11524106100023346,16533
pvdaq_1255,R,main,"New Orleans, LA",Cfa,xgboost,4,-1.0,2014-03-01 00:00:00,6498,1507,0.11704125255346298,0.07919486612081528,0.7546386122703552,0.3703027055721926,-2.7998597628803386,-4.50355733265398,-0.4505453696156847,1268,3.5482546201232035,1.7778918548939084,0.32831111969609167,431,2.170216311999866,0.1369793569997455,16533
pvdaq_1255,R,main,"New Orleans, LA",Cfa,random_forest,0,-1.0,2014-03-01 00:00:00,6498,1507,0.11643681675195694,0.07788380235433578,0.7571662664413452,0.36839035238253287,-1.7117070060110262,-2.9239340375276646,-0.38760386326714413,1268,3.5482546201232035,1.7778918548939084,0.3285686691133861,3101648,6.622283214000163,0.7059374710001975,16533
pvdaq_1255,R,main,"New Orleans, LA",Cfa,random_forest,1,-1.0,2014-03-01 00:00:00,6498,1507,0.11662709712982178,0.07785011827945709,0.7563719749450684,0.3689923737827094,-1.3250869644117702,-3.398775167014195,-0.2372812940474145,1268,3.5482546201232035,1.7778918548939084,0.32853647543622433,3099960,6.803666896000323,0.780321393000122,16533
pvdaq_1255,R,main,"New Orleans, LA",Cfa,random_forest,2,-1.0,2014-03-01 00:00:00,6498,1507,0.11615128070116043,0.0775889903306961,0.7583558559417725,0.3674869549065015,-1.265087070231108,-2.9331110198042687,-0.2682344113425256,1268,3.5482546201232035,1.7778918548939084,0.3284720880819007,3102594,9.565582254000219,0.666825278000033,16533
pvdaq_1255,R,main,"New Orleans, LA",Cfa,random_forest,3,-1.0,2014-03-01 00:00:00,6498,1507,0.11664026975631714,0.07790093868970871,0.7563169002532959,0.36903405019272983,-1.8182929255284308,-3.2443959244278675,-0.31311981820969503,1268,3.5482546201232035,1.7778918548939084,0.3285686691133861,3103760,7.341488479999953,0.9019533929999852,16533
pvdaq_1255,R,main,"New Orleans, LA",Cfa,random_forest,4,-1.0,2014-03-01 00:00:00,6498,1507,0.11640943586826324,0.07776670902967453,0.7572804689407349,0.3683037229669078,-1.5196565026384001,-2.915244066481587,-0.1406092429893313,1268,3.5482546201232035,1.7778918548939084,0.3284720880819007,3099762,9.03302533599981,0.6130285560002449,16533
pvdaq_1255,R,main,"New Orleans, LA",Cfa,xgboost,0,-2.0,2014-03-01 00:00:00,6500,1510,0.11626220494508743,0.07921593636274338,0.7533455491065979,0.37119091861542636,-3.544963383881111,-5.425831007127274,-1.2213446147553653,1268,3.5482546201232035,1.7778918548939084,0.32831111969609167,385,2.476476279000053,0.11750537699981578,16533
pvdaq_1255,R,main,"New Orleans, LA",Cfa,xgboost,1,-2.0,2014-03-01 00:00:00,6500,1510,0.11631274223327637,0.07912320643663406,0.7531311511993408,0.37135226926619064,-3.477742078274609,-5.316367304853475,-1.5361976336048466,1268,3.5482546201232035,1.7778918548939084,0.32808576395595906,402,2.7527401530001043,0.1322913979997793,16533
pvdaq_1255,R,main,"New Orleans, LA",Cfa,xgboost,2,-2.0,2014-03-01 00:00:00,6500,1510,0.11659731715917587,0.08056531846523285,0.7519216537475586,0.3722608330441566,-3.4397129738255208,-4.843213767802778,-0.878475465517714,1268,3.5482546201232035,1.7778918548939084,0.32808576395595906,337,1.9895499990002463,0.12722470800008523,16533
pvdaq_1255,R,main,"New Orleans, LA",Cfa,xgboost,3,-2.0,2014-03-01 00:00:00,6500,1510,0.1164608895778656,0.07916233688592911,0.7525018453598022,0.3718252600283604,-3.822893904853392,-5.334206852975953,-1.6817161078194698,1268,3.5482546201232035,1.7778918548939084,0.32802137660163544,401,3.945000390000132,0.289756602000125,16533
pvdaq_1255,R,main,"New Orleans, LA",Cfa,xgboost,4,-2.0,2014-03-01 00:00:00,6500,1510,0.1166018396615982,0.07963578402996063,0.7519024014472961,0.37227527206008076,-3.785009361888858,-5.444686617116911,-1.4322802623835396,1268,3.5482546201232035,1.7778918548939084,0.32811795763312085,368,2.324704266000026,0.12845592599978772,16533
pvdaq_1255,R,main,"New Orleans, LA",Cfa,random_forest,0,-2.0,2014-03-01 00:00:00,6500,1510,0.11625775694847107,0.07781019806861877,0.7533644437789917,0.37117671747455855,-2.346701761554076,-3.9158977509020696,-1.0943172154836145,1268,3.5482546201232035,1.7778918548939084,0.3284720880819007,3105400,6.338003172999834,0.7264785970000958,16533
pvdaq_1255,R,main,"New Orleans, LA",Cfa,random_forest,1,-2.0,2014-03-01 00:00:00,6500,1510,0.11638248711824417,0.07779375463724136,0.7528349757194519,0.371574944106498,-2.156140999882444,-4.047104018884662,-0.9217305851489832,1268,3.5482546201232035,1.7778918548939084,0.3284077007275771,3106074,10.512951815000179,0.8019536970000445,16533
pvdaq_1255,R,main,"New Orleans, LA",Cfa,random_forest,2,-2.0,2014-03-01 00:00:00,6500,1510,0.11624295264482498,0.07776214182376862,0.753427267074585,0.3711294517008495,-2.2769332442477586,-3.649511344817302,-1.1150563969229532,1268,3.5482546201232035,1.7778918548939084,0.3283433133732535,3104116,6.67229267599987,0.7760027879999143,16533
pvdaq_1255,R,main,"New Orleans, LA",Cfa,random_forest,3,-2.0,2014-03-01 00:00:00,6500,1510,0.11609648913145065,0.07762174308300018,0.754048228263855,0.37066183691495463,-2.117124593020997,-4.111703820527951,-1.0624637072951304,1268,3.5482546201232035,1.7778918548939084,0.3284077007275771,3102990,5.920163934999891,0.5207893439996951,16533
pvdaq_1255,R,main,"New Orleans, LA",Cfa,random_forest,4,-2.0,2014-03-01 00:00:00,6500,1510,0.11637753993272781,0.07792920619249344,0.7528559565544128,0.37155914920275224,-2.421390233886406,-4.048405745305528,-1.1777265872152443,1268,3.5482546201232035,1.7778918548939084,0.32831111969609167,3103988,6.540913089000242,0.7256946950001293,16533
pvdaq_1246,R,main,"New Orleans, LA",Cfa,xgboost,0,0.0,2014-03-01 00:00:00,6361,1485,0.10741331428289413,0.07239159196615219,0.7789198160171509,0.35114083492031606,-2.1694948988835616,-3.7223910301401375,-0.3827615833097098,1261,3.5345653661875427,1.7710472279260778,0.33709755702960686,379,1.7744920459999776,0.11332932100003745,16447
pvdaq_1246,R,main,"New Orleans, LA",Cfa,xgboost,1,0.0,2014-03-01 00:00:00,6361,1485,0.10708418488502502,0.0715068057179451,0.7802726030349731,0.35006489035668215,-2.1233598815012744,-3.850655004210557,-0.3767101587518584,1261,3.5345653661875427,1.7710472279260778,0.33709755702960686,456,2.035375993999878,0.1771402730000773,16447
pvdaq_1246,R,main,"New Orleans, LA",Cfa,xgboost,2,0.0,2014-03-01 00:00:00,6361,1485,0.10724988579750061,0.07224658876657486,0.7795920372009277,0.3506065769915484,-2.2412484669320554,-3.771088266206119,-0.022703346502417343,1261,3.5345653661875427,1.7710472279260778,0.33716227147710726,387,1.8791751570001907,0.12084583300020313,16447
pvdaq_1246,R,main,"New Orleans, LA",Cfa,xgboost,3,0.0,2014-03-01 00:00:00,6361,1485,0.10736026614904404,0.07338041812181473,0.7791381478309631,0.3509674172566358,-2.234877423039716,-3.9522369126876344,-0.494310830244471,1261,3.5345653661875427,1.7710472279260778,0.33706519980585664,345,1.7193514089999553,0.1019247889998951,16447
pvdaq_1246,R,main,"New Orleans, LA",Cfa,xgboost,4,0.0,2014-03-01 00:00:00,6361,1485,0.10714616626501083,0.07250268757343292,0.780018150806427,0.3502675113600748,-2.3217664003996052,-3.998152182300818,-0.6511798610120301,1261,3.5345653661875427,1.7710472279260778,0.33722698592460765,368,2.0045728770001006,0.10694394399979501,16447
pvdaq_1246,R,main,"New Orleans, LA",Cfa,random_forest,0,0.0,2014-03-01 00:00:00,6361,1485,0.1080901101231575,0.07119432091712952,0.7761250734329224,0.35335332280421816,-1.2389543006842807,-2.3835549957611057,0.1852638205435797,1261,3.5345653661875427,1.7710472279260778,0.336159197540851,3072914,6.8734694770000715,0.5302442049996898,16447
pvdaq_1246,R,main,"New Orleans, LA",Cfa,random_forest,1,0.0,2014-03-01 00:00:00,6361,1485,0.10785315185785294,0.07090996950864792,0.7771055698394775,0.35257869143122866,-1.1453280414044809,-2.5762285839850962,0.2933934645842795,1261,3.5345653661875427,1.7710472279260778,0.3362239119883514,3069650,8.279353150000134,0.7602432359999511,16447
pvdaq_1246,R,main,"New Orleans, LA",Cfa,random_forest,2,0.0,2014-03-01 00:00:00,6361,1485,0.10834243893623352,0.07130644470453262,0.7750785946846008,0.3541782014581308,-1.0883832808990856,-2.4373967865074286,0.3457794263983516,1261,3.5345653661875427,1.7710472279260778,0.336159197540851,3071954,7.02505370300014,0.713995696999973,16447
pvdaq_1246,R,main,"New Orleans, LA",Cfa,random_forest,3,0.0,2014-03-01 00:00:00,6361,1485,0.10770846903324127,0.07089951634407043,0.7777031660079956,0.3521057142386716,-1.3705299749088962,-2.271533005894477,0.16827516373734142,1261,3.5345653661875427,1.7710472279260778,0.336159197540851,3071642,9.372447825000108,1.0885217990003184,16447
pvdaq_1246,R,main,"New Orleans, LA",Cfa,random_forest,4,0.0,2014-03-01 00:00:00,6361,1485,0.10777889937162399,0.07095355540513992,0.7774123549461365,0.3523359554149032,-1.1580119996774663,-2.2930330307864843,0.05876451224498534,1261,3.5345653661875427,1.7710472279260778,0.3362562692121016,3077908,6.192461430000094,0.784740843000236,16447
pvdaq_1246,R,main,"New Orleans, LA",Cfa,xgboost,0,-0.25,2014-03-01 00:00:00,6361,1485,0.10706157982349396,0.0725359246134758,0.7794100046157837,0.35079081449811605,-2.41348643264494,-4.269315551823616,-0.4596023948214567,1261,3.5345653661875427,1.7710472279260778,0.3371946287008575,361,3.521742434999851,0.2416101730000264,16447
pvdaq_1246,R,main,"New Orleans, LA",Cfa,xgboost,1,-0.25,2014-03-01 00:00:00,6361,1485,0.10706719756126404,0.07262492179870605,0.7793868780136108,0.35080922120210134,-2.5006170884528944,-4.189606882909979,-0.5374505232773163,1261,3.5345653661875427,1.7710472279260778,0.3372917003721081,364,2.0542148529998485,0.1266260079996755,16447
pvdaq_1246,R,main,"New Orleans, LA",Cfa,xgboost,2,-0.25,2014-03-01 00:00:00,6361,1485,0.10708174854516983,0.07212327420711517,0.7793269157409668,0.3508568979831135,-2.600997577358266,-4.035374683058479,-0.18034286950545653,1261,3.5345653661875427,1.7710472279260778,0.3371946287008575,391,2.362775312999929,0.1342981590000818,16447
pvdaq_1246,R,main,"New Orleans, LA",Cfa,xgboost,3,-0.25,2014-03-01 00:00:00,6361,1485,0.10714390873908997,0.07268936932086945,0.7790706157684326,0.3510605679185894,-2.355385750252931,-3.777225177514465,-0.7446362970984222,1260,3.5345653661875427,1.7724161533196439,0.3371946287008575,364,2.8576443110000582,0.2512785650001206,16447
pvdaq_1246,R,main,"New Orleans, LA",Cfa,xgboost,4,-0.25,2014-03-01 00:00:00,6361,1485,0.10675932466983795,0.07230670750141144,0.7806538343429565,0.3498004654699022,-2.617159599325969,-4.2575226966981905,-0.7544516489847553,1261,3.5345653661875427,1.7710472279260778,0.33725934314835787,367,2.1401180660000136,0.11513007899975491,16447
pvdaq_1246,R,main,"New Orleans, LA",Cfa,random_forest,0,-0.25,2014-03-01 00:00:00,6361,1485,0.10747013241052628,0.07083729654550552,0.7777232527732849,0.35212945058966877,-1.4233286427926428,-2.5288006056372048,-0.018940153699675832,1261,3.5345653661875427,1.7710472279260778,0.3362562692121016,3071866,9.080316446000325,0.8940567239997108,16447
pvdaq_1246,R,main,"New Orleans, LA",Cfa,random_forest,1,-0.25,2014-03-01 00:00:00,6361,1485,0.10741738975048065,0.0707755833864212,0.7779413461685181,0.35195663751604606,-1.255269705390589,-2.545005201686845,-0.009122199882805049,1261,3.5345653661875427,1.7710472279260778,0.3363533408833522,3070242,6.313196851000157,0.5146963600000163,16447
pvdaq_1246,R,main,"New Orleans, LA",Cfa,random_forest,2,-0.25,2014-03-01 00:00:00,6361,1485,0.10770218819379807,0.0709981918334961,0.7767623066902161,0.3528897890542899,-1.646746346911332,-2.830394336587294,-0.12974193760124653,1261,3.5345653661875427,1.7710472279260778,0.3363533408833522,3074692,6.957895584999733,0.5406973310000467,16447
pvdaq_1246,R,main,"New Orleans, LA",Cfa,random_forest,3,-0.25,2014-03-01 00:00:00,6361,1485,0.10763446241617203,0.07092646509408951,0.7770429849624634,0.35266788329934845,-1.3007276033283888,-2.6657723895639363,-0.2601246867031115,1261,3.5345653661875427,1.7710472279260778,0.3363533408833522,3073920,5.453777382000226,0.5473681519997626,16447
pvdaq_1246,R,main,"New Orleans, LA",Cfa,random_forest,4,-0.25,2014-03-01 00:00:00,6361,1485,0.10780143737792969,0.07093875110149384,0.7763506770133972,0.3532149822953873,-1.4205135974081795,-2.6269398044347914,0.0962959075165859,1261,3.5345653661875427,1.7710472279260778,0.3362886264358518,3078234,7.600519888000235,0.5672295790000135,16447
pvdaq_1246,R,main,"New Orleans, LA",Cfa,xgboost,0,-0.5,2014-03-01 00:00:00,6364,1485,0.10662060976028442,0.07218077033758163,0.7802720665931702,0.3501461375173466,-2.5325559748707427,-4.238170313424883,-0.9304911251690751,1261,3.5345653661875427,1.7710472279260778,0.3376476298333603,383,1.8556454360000316,0.11032469600013428,16447
pvdaq_1246,R,main,"New Orleans, LA",Cfa,xgboost,1,-0.5,2014-03-01 00:00:00,6364,1485,0.10661333054304123,0.07148293405771255,0.7803020477294922,0.350122232291072,-2.756538624701438,-4.603275201617052,-0.9028869135134454,1260,3.5345653661875427,1.7724161533196439,0.33738877204335865,406,1.8814232669997182,0.13436591400022735,16447
pvdaq_1246,R,main,"New Orleans, LA",Cfa,xgboost,2,-0.5,2014-03-01 00:00:00,6364,1485,0.10653846710920334,0.07287287712097168,0.7806105017662048,0.3498763779270934,-2.6053110306856753,-4.358669580035368,-0.8245691016533385,1261,3.5345653661875427,1.7710472279260778,0.3377123442808607,345,1.9361915949998547,0.11635209799987933,16447
pvdaq_1246,R,main,"New Orleans, LA",Cfa,xgboost,3,-0.5,2014-03-01 00:00:00,6364,1485,0.10664727538824081,0.0726599246263504,0.7801621556282043,0.3502337084537199,-2.7377913187311975,-4.445947116203763,-0.8339020882739523,1261,3.5345653661875427,1.7710472279260778,0.3376476298333603,352,1.8121903820001535,0.11467602800030363,16447
pvdaq_1246,R,main,"New Orleans, LA",Cfa,xgboost,4,-0.5,2014-03-01 00:00:00,6364,1485,0.1064370796084404,0.07213027030229568,0.7810278534889221,0.3495434175185524,-2.8724998860890305,-4.344005555283137,-1.0252680858027219,1261,3.5345653661875427,1.7710472279260778,0.3376152726096101,364,1.9075834260002011,0.12709687599999597,16447
pvdaq_1246,R,main,"New Orleans, LA",Cfa,random_forest,0,-0.5,2014-03-01 00:00:00,6364,1485,0.10754954069852829,0.07079188525676727,0.7764266133308411,0.3531967820482468,-1.5710219053841512,-2.7174146295256607,-0.1517917365043031,1261,3.5345653661875427,1.7710472279260778,0.33674162756835463,3077486,6.452311287000157,0.8347506640002393,16447
pvdaq_1246,R,main,"New Orleans, LA",Cfa,random_forest,1,-0.5,2014-03-01 00:00:00,6364,1485,0.10727930814027786,0.07076340168714523,0.7775487303733826,0.35230932804929144,-1.4544117988170457,-2.9088825749545744,-0.38557020464684566,1261,3.5345653661875427,1.7710472279260778,0.3367092703446044,3072216,9.187254751000182,0.5605577810001705,16447
pvdaq_1246,R,main,"New Orleans, LA",Cfa,random_forest,2,-0.5,2014-03-01 00:00:00,6364,1485,0.1073104664683342,0.07077622413635254,0.7774195075035095,0.3524116531836623,-1.6974909440519936,-2.8902582592017834,-0.29891789064411256,1261,3.5345653661875427,1.7710472279260778,0.33687105646335547,3075010,8.002169256999878,1.1411963249997825,16447
pvdaq_1246,R,main,"New Orleans, LA",Cfa,random_forest,3,-0.5,2014-03-01 00:00:00,6364,1485,0.10738823562860489,0.07063902914524078,0.7770967483520508,0.3526670500637587,-1.8183385441097544,-3.0011860811012814,-0.4199549047102291,1261,3.5345653661875427,1.7710472279260778,0.3367092703446044,3073068,7.648829889999888,0.6359453979998761,16447
pvdaq_1246,R,main,"New Orleans, LA",Cfa,random_forest,4,-0.5,2014-03-01 00:00:00,6364,1485,0.1073184609413147,0.07073754817247391,0.7773863077163696,0.35243790733698127,-1.6093652160446448,-2.853350706722879,-0.2711546812601884,1261,3.5345653661875427,1.7710472279260778,0.33687105646335547,3075050,9.424069173000134,0.9068870380001499,16447
pvdaq_1246,R,main,"New Orleans, LA",Cfa,xgboost,0,-1.0,2014-03-01 00:00:00,6364,1485,0.1062377393245697,0.07213009148836136,0.7799466252326965,0.3504943550180687,-2.9944842351541934,-4.726652333827241,-1.391189299780582,1261,3.5345653661875427,1.7710472279260778,0.3379064876233619,367,1.8593486969998594,0.1685056349997467,16447
pvdaq_1246,R,main,"New Orleans, LA",Cfa,xgboost,1,-1.0,2014-03-01 00:00:00,6364,1485,0.10611361265182495,0.07125476002693176,0.7804605960845947,0.3500848423686015,-3.1460000867209015,-4.99916282267966,-1.3745585204594235,1260,3.5345653661875427,1.7724161533196439,0.3376476298333603,405,2.5979884680000396,0.24934467200000654,16447
pvdaq_1246,R,main,"New Orleans, LA",Cfa,xgboost,2,-1.0,2014-03-01 00:00:00,6364,1485,0.10613148659467697,0.07190076261758804,0.7803866267204285,0.35014381120690113,-3.4728566755725,-4.999429834655356,-1.1410710562046456,1261,3.5345653661875427,1.7710472279260778,0.3379064876233619,373,2.2821232550004424,0.3921826269997837,16447
pvdaq_1246,R,main,"New Orleans, LA",Cfa,xgboost,3,-1.0,2014-03-01 00:00:00,6364,1485,0.10618963837623596,0.07210598886013031,0.7801458835601807,0.3503356627212524,-3.182665651661787,-4.772421311640085,-1.140103886164956,1261,3.5345653661875427,1.7710472279260778,0.3378417731758615,362,2.617039148999993,0.11989942499985773,16447
pvdaq_1246,R,main,"New Orleans, LA",Cfa,xgboost,4,-1.0,2014-03-01 00:00:00,6364,1485,0.10584669560194016,0.07174807786941528,0.7815636396408081,0.3492042426886998,-3.3454949904519693,-4.879138567269226,-1.4269047614859587,1261,3.5345653661875427,1.7710472279260778,0.3377770587283611,366,3.971256137000182,0.25753791500028456,16447
pvdaq_1246,R,main,"New Orleans, LA",Cfa,random_forest,0,-1.0,2014-03-01 00:00:00,6364,1485,0.10701774805784225,0.07042168825864792,0.7767034769058228,0.35306772169186046,-1.7024802336690015,-3.10900950506775,-0.44320696697238704,1261,3.5345653661875427,1.7710472279260778,0.33687105646335547,3077714,6.5864416000003985,0.6546120180000798,16447
pvdaq_1246,R,main,"New Orleans, LA",Cfa,random_forest,1,-1.0,2014-03-01 00:00:00,6364,1485,0.10704822838306427,0.07072450965642929,0.7765762805938721,0.35316828089047814,-1.7664441536013098,-3.176595306113983,-0.5076549220517368,1261,3.5345653661875427,1.7710472279260778,0.3371946287008575,3071698,6.3626558509999995,0.5202051549999851,16447
pvdaq_1246,R,main,"New Orleans, LA",Cfa,random_forest,2,-1.0,2014-03-01 00:00:00,6364,1485,0.10724503546953201,0.07069960981607437,0.7757539749145508,0.35381757720714535,-1.8107329429093433,-3.173637980005294,-0.5425704300660916,1261,3.5345653661875427,1.7710472279260778,0.336806342015855,3072566,5.404505110000173,0.5158285140000771,16447
pvdaq_1246,R,main,"New Orleans, LA",Cfa,random_forest,3,-1.0,2014-03-01 00:00:00,6364,1485,0.10708856582641602,0.07059074193239212,0.7764078378677368,0.35330136021125935,-2.128623458257717,-3.344106045591788,-0.5537498732582358,1261,3.5345653661875427,1.7710472279260778,0.336968128134606,3072314,7.158031936000043,0.49022714199963957,16447
pvdaq_1246,R,main,"New Orleans, LA",Cfa,random_forest,4,-1.0,2014-03-01 00:00:00,6364,1485,0.10690907388925552,0.07040846347808838,0.7771567702293396,0.35270918918855143,-1.6052422282787915,-3.3752582100587625,-0.6696796375834202,1261,3.5345653661875427,1.7710472279260778,0.33690341368710564,3074822,5.610133974000291,0.5844983340002727,16447
pvdaq_1246,R,main,"New Orleans, LA",Cfa,xgboost,0,-2.0,2014-03-01 00:00:00,6369,1485,0.10534271597862244,0.07216023653745651,0.7798562049865723,0.3507700096933457,-3.6719857055010907,-5.5647963773342415,-1.968082077398875,1260,3.5345653661875427,1.7724161533196439,0.33829477430836435,334,2.0039402349998454,0.0940258279997579,16447
pvdaq_1246,R,main,"New Orleans, LA",Cfa,xgboost,1,-2.0,2014-03-01 00:00:00,6369,1485,0.10551745444536209,0.07130744308233261,0.7791252732276917,0.351351853564587,-3.9359571989973197,-5.495342698122341,-2.1315115134886486,1261,3.5345653661875427,1.7710472279260778,0.3381006309658631,384,2.0179737480002586,0.11383042300030866,16447
pvdaq_1246,R,main,"New Orleans, LA",Cfa,xgboost,2,-2.0,2014-03-01 00:00:00,6369,1485,0.10528754442930222,0.0710982009768486,0.7800867557525635,0.35058629955534454,-4.146741658003888,-5.45300608230137,-1.8890927635919597,1260,3.5345653661875427,1.7724161533196439,0.33797120207086234,388,2.256140193000192,0.1715362639997693,16447
pvdaq_1246,R,main,"New Orleans, LA",Cfa,xgboost,3,-2.0,2014-03-01 00:00:00,6369,1485,0.10499028116464615,0.07107524573802948,0.7813267707824707,0.3495964728050447,-4.010266981314126,-5.437312754725254,-1.8530236367133246,1261,3.5345653661875427,1.7710472279260778,0.33797120207086234,388,1.9850978519998534,0.12345181599994248,16447
pvdaq_1246,R,main,"New Orleans, LA",Cfa,xgboost,4,-2.0,2014-03-01 00:00:00,6369,1485,0.10507526993751526,0.07152610272169113,0.7809725999832153,0.34987946828704053,-4.226511687992751,-5.485676484049651,-1.955201783766053,1260,3.5345653661875427,1.7724161533196439,0.3380035592946125,356,1.8527181380000002,0.10656304700023611,16447
pvdaq_1246,R,main,"New Orleans, LA",Cfa,random_forest,0,-2.0,2014-03-01 00:00:00,6369,1485,0.10613364726305008,0.07008139044046402,0.7765380144119263,0.35340365143808444,-2.6300383615319056,-4.176278986462856,-1.305734708076367,1261,3.5345653661875427,1.7710472279260778,0.3371299142533571,3081154,9.024775656000202,0.7648500169998442,16447
pvdaq_1246,R,main,"New Orleans, LA",Cfa,random_forest,1,-2.0,2014-03-01 00:00:00,6369,1485,0.10594665259122849,0.07000478357076645,0.7773247361183167,0.35278099687447156,-2.703048894476301,-3.837285115286204,-1.2264057638325276,1261,3.5345653661875427,1.7710472279260778,0.3371299142533571,3072970,6.231121832000099,0.47973673599972244,16447
pvdaq_1246,R,main,"New Orleans, LA",Cfa,random_forest,2,-2.0,2014-03-01 00:00:00,6369,1485,0.10600927472114563,0.06989989429712296,0.777061402797699,0.3529895159440056,-2.639136670007325,-3.9759490261597086,-1.2574107451126477,1261,3.5345653661875427,1.7710472279260778,0.33709755702960686,3078660,9.015551254000002,0.8776481629997761,16447
pvdaq_1246,R,main,"New Orleans, LA",Cfa,random_forest,3,-2.0,2014-03-01 00:00:00,6369,1485,0.10582482814788818,0.06975027918815613,0.7778365612030029,0.352375346034977,-2.610701809674687,-3.9442187861134292,-1.1569140182724702,1261,3.5345653661875427,1.7710472279260778,0.33732405759585826,3071388,6.820603728000151,0.5990770509997674,16447
pvdaq_1246,R,main,"New Orleans, LA",Cfa,random_forest,4,-2.0,2014-03-01 00:00:00,6369,1485,0.106284961104393,0.0702047199010849,0.7759003639221191,0.35390749602858623,-2.697617049259793,-3.9668200487801286,-1.1270086667234724,1261,3.5345653661875427,1.7710472279260778,0.3370328425821065,3076152,9.05874583900004,0.8998194680002598,16447
pvdaq_1217,R,main,"Port Chester, NY",Dfa,xgboost,0,0.0,2013-06-01 00:00:00,6037,1432,0.09859763830900192,0.06509921699762344,0.8290629386901855,0.3077912149304039,-0.8133264976627919,-2.4879619495028926,0.5799903443144393,1126,3.7481177275838466,1.8121149897330597,0.28448910365131685,379,4.138676818000022,0.29678639600024326,16464
pvdaq_1217,R,main,"Port Chester, NY",Dfa,xgboost,1,0.0,2013-06-01 00:00:00,6037,1432,0.09854259341955185,0.06530611962080002,0.8292537331581116,0.3076193818754736,-0.383218864351742,-2.4063250541688164,0.9745267162730922,1126,3.7481177275838466,1.8121149897330597,0.28448910365131685,356,2.2133674290003,0.1852262439997503,16464
pvdaq_1217,R,main,"Port Chester, NY",Dfa,xgboost,2,0.0,2013-06-01 00:00:00,6037,1432,0.09843908995389938,0.06494922935962677,0.8296122550964355,0.30729627619070216,-0.700889484454227,-2.7244093091481822,0.7460846313209358,1126,3.7481177275838466,1.8121149897330597,0.2844571026272841,374,1.763283526000123,0.11888452499988489,16464
pvdaq_1217,R,main,"Port Chester, NY",Dfa,xgboost,3,0.0,2013-06-01 00:00:00,6037,1432,0.09817985445261002,0.06527359783649445,0.8305084705352783,0.3064870234412104,-0.6023343898421629,-2.594990595680302,0.9656599406159881,1126,3.7481177275838466,1.8121149897330597,0.2844251016032513,347,2.9015917159999844,0.15970660299990413,16464
pvdaq_1217,R,main,"Port Chester, NY",Dfa,xgboost,4,0.0,2013-06-01 00:00:00,6037,1432,0.0981336459517479,0.06487003713846207,0.8306679725646973,0.3063427748479947,-0.5833351362800743,-2.521208833318254,0.810206444257565,1126,3.7481177275838466,1.8121149897330597,0.28448910365131685,367,3.5042958320000253,0.10606771600032516,16464
pvdaq_1217,R,main,"Port Chester, NY",Dfa,random_forest,0,0.0,2013-06-01 00:00:00,6037,1432,0.09861672669649124,0.06289080530405045,0.8289967775344849,0.3078508029497232,-0.3435512022505019,-1.3897207164037528,0.5898315933333897,1126,3.7481177275838466,1.8121149897330597,0.2844251016032513,2853824,5.9695154049995836,0.4998844859997007,16464
pvdaq_1217,R,main,"Port Chester, NY",Dfa,random_forest,1,0.0,2013-06-01 00:00:00,6037,1432,0.09816903620958328,0.06284099817276001,0.8305458426475525,0.3064532522452496,-0.2131231412523471,-1.4597694011533238,0.5067847753309485,1126,3.7481177275838466,1.8121149897330597,0.28429709750712023,2857206,6.0428323699998145,0.7006065789996683,16464
pvdaq_1217,R,main,"Port Chester, NY",Dfa,random_forest,2,0.0,2013-06-01 00:00:00,6037,1432,0.09794995188713074,0.06265104562044144,0.8313013315200806,0.30576933901024345,-0.5136136059814601,-1.5437727636323562,0.28802385068930253,1126,3.7481177275838466,1.8121149897330597,0.2844571026272841,2863714,6.096247448000213,0.5249920680003015,16464
pvdaq_1217,R,main,"Port Chester, NY",Dfa,random_forest,3,0.0,2013-06-01 00:00:00,6037,1432,0.09839373081922531,0.06304279714822769,0.8297692537307739,0.30715467905502053,-0.356447753075928,-1.3952507509963463,0.5319559164497889,1126,3.7481177275838466,1.8121149897330597,0.28452110467534963,2859542,6.321619570999701,0.7608636670001943,16464
pvdaq_1217,R,main,"Port Chester, NY",Dfa,random_forest,4,0.0,2013-06-01 00:00:00,6037,1432,0.0987296923995018,0.06314478814601898,0.8286047577857971,0.30820344680176076,-0.32418478816805113,-1.2847258182227206,0.6108520112216288,1126,3.7481177275838466,1.8121149897330597,0.28455310569938236,2857308,6.42239833099984,0.5320147090001228,16464
pvdaq_1217,R,main,"Port Chester, NY",Dfa,xgboost,0,-0.25,2013-06-01 00:00:00,6038,1432,0.0982583537697792,0.06482116132974625,0.8292639255523682,0.30758915551979715,-0.9759642075051644,-2.494669286139961,0.592565951763846,1126,3.7481177275838466,1.8121149897330597,0.2846491087714807,375,1.953581745000065,0.10610722100000203,16464
pvdaq_1217,R,main,"Port Chester, NY",Dfa,xgboost,1,-0.25,2013-06-01 00:00:00,6038,1432,0.09792477637529373,0.06465497612953186,0.8304212093353271,0.3065449207536552,-0.5941227354104961,-2.3652316010340786,0.9174370422371791,1126,3.7481177275838466,1.8121149897330597,0.2846171077474479,371,2.029426600000079,0.5293876529999579,16464
pvdaq_1217,R,main,"Port Chester, NY",Dfa,xgboost,2,-0.25,2013-06-01 00:00:00,6038,1432,0.09821490198373795,0.06438424438238144,0.8294148445129395,0.3074531335159524,-0.7408080742489109,-2.4069374260268117,0.8277915997652263,1126,3.7481177275838466,1.8121149897330597,0.28458510672341514,399,5.0379521199997725,0.2634724199997436,16464
pvdaq_1217,R,main,"Port Chester, NY",Dfa,xgboost,3,-0.25,2013-06-01 00:00:00,6038,1432,0.09826136380434036,0.06460647284984589,0.8292534351348877,0.3075985781688975,-0.6723114760191856,-2.280399788131593,0.5487389119309238,1126,3.7481177275838466,1.8121149897330597,0.2846811097955135,378,1.9464269629997943,0.16084870699978637,16464
pvdaq_1217,R,main,"Port Chester, NY",Dfa,xgboost,4,-0.25,2013-06-01 00:00:00,6038,1432,0.09835731983184814,0.06505510956048965,0.8289198279380798,0.3078989600940548,-0.7915724896720857,-2.5698206656920415,0.8356666979636803,1126,3.7481177275838466,1.8121149897330597,0.2846811097955135,365,2.5576703070000804,0.1966952789998686,16464
pvdaq_1217,R,main,"Port Chester, NY",Dfa,random_forest,0,-0.25,2013-06-01 00:00:00,6038,1432,0.09831610321998596,0.06284346431493759,0.8290631771087646,0.3077699351068687,-0.5383951896690276,-1.697530792982773,0.3271624124826511,1126,3.7481177275838466,1.8121149897330597,0.28455310569938236,2854512,8.959078222000244,0.8489098889999696,16464
pvdaq_1217,R,main,"Port Chester, NY",Dfa,random_forest,1,-0.25,2013-06-01 00:00:00,6038,1432,0.09800813347101212,0.06274189800024033,0.8301323652267456,0.3068058628282464,-0.5245937638389166,-1.5135874845488395,0.7040316362036709,1126,3.7481177275838466,1.8121149897330597,0.28455310569938236,2858510,8.161155527999654,0.6452904900002068,16464
pvdaq_1217,R,main,"Port Chester, NY",Dfa,random_forest,2,-0.25,2013-06-01 00:00:00,6038,1432,0.09780867397785187,0.06244271621108055,0.8308230638504028,0.3061814723850143,-0.6181507455981006,-1.7662569598463138,0.2627354119405742,1126,3.7481177275838466,1.8121149897330597,0.2846171077474479,2866688,10.667768009000156,0.7847091859998727,16464
pvdaq_1217,R,main,"Port Chester, NY",Dfa,random_forest,3,-0.25,2013-06-01 00:00:00,6038,1432,0.09862768650054932,0.06304865330457687,0.8279779553413391,0.3087453192290892,-0.4006192892283268,-1.1638350603204972,0.5615814493433136,1126,3.7481177275838466,1.8121149897330597,0.2846171077474479,2868640,8.166181053999935,0.9931930610000563,16464
pvdaq_1217,R,main,"Port Chester, NY",Dfa,random_forest,4,-0.25,2013-06-01 00:00:00,6038,1432,0.09808461368083954,0.06279054284095764,0.8298671841621399,0.30704527741491766,-0.44224496723792583,-1.41937669929868,0.45218982960762166,1126,3.7481177275838466,1.8121149897330597,0.28458510672341514,2859432,6.108784890000152,0.49454093099984675,16464
pvdaq_1217,R,main,"Port Chester, NY",Dfa,xgboost,0,-0.5,2013-06-01 00:00:00,6039,1433,0.09824731945991516,0.06568824499845505,0.8282524347305298,0.3085194732367698,-0.9381544251428897,-2.661675825889742,0.26367973402287337,1126,3.7481177275838466,1.8121149897330597,0.28452110467534963,338,1.9286979690000408,0.11843690800014883,16464
pvdaq_1217,R,main,"Port Chester, NY",Dfa,xgboost,1,-0.5,2013-06-01 00:00:00,6039,1433,0.09809848666191101,0.06449715793132782,0.8287724256515503,0.30805210357525625,-1.154176704690878,-2.6851153713370213,0.4713855062169148,1126,3.7481177275838466,1.8121149897330597,0.2843931005792185,381,2.095833952999783,0.10564832499994736,16464
pvdaq_1217,R,main,"Port Chester, NY",Dfa,xgboost,2,-0.5,2013-06-01 00:00:00,6039,1433,0.09828048199415207,0.06520366668701172,0.8281364440917969,0.3086236113206403,-1.1430600747328934,-2.923358972622825,0.45989505360981564,1126,3.7481177275838466,1.8121149897330597,0.2844251016032513,354,1.600418098999853,0.10527155599993421,16464
pvdaq_1217,R,main,"Port Chester, NY",Dfa,xgboost,3,-0.5,2013-06-01 00:00:00,6039,1433,0.09811731427907944,0.06461814045906067,0.8287066221237183,0.30811122667971386,-1.0012255469666442,-2.3377370054478264,0.1727646385875069,1126,3.7481177275838466,1.8121149897330597,0.2843931005792185,377,1.6961141219999263,0.1055250489998798,16464
pvdaq_1217,R,main,"Port Chester, NY",Dfa,xgboost,4,-0.5,2013-06-01 00:00:00,6039,1433,0.09817764163017273,0.06503435969352722,0.828495979309082,0.30830066861750294,-1.093700707366696,-2.625631578605303,0.5286668793922367,1126,3.7481177275838466,1.8121149897330597,0.2846171077474479,360,1.7213314499999797,0.09989300799998091,16464
pvdaq_1217,R,main,"Port Chester, NY",Dfa,random_forest,0,-0.5,2013-06-01 00:00:00,6039,1433,0.0977744534611702,0.06251347810029984,0.8299016952514648,0.3070345638301178,-0.7290379171791161,-1.6788511779687194,0.3196460755892902,1126,3.7481177275838466,1.8121149897330597,0.28448910365131685,2859262,5.7053821670001525,0.649932058000104,16464
pvdaq_1217,R,main,"Port Chester, NY",Dfa,random_forest,1,-0.5,2013-06-01 00:00:00,6039,1433,0.0981590747833252,0.06299524009227753,0.8285608291625977,0.3082423643926085,-0.5535313193631763,-1.6044342226895394,0.3360884814889874,1126,3.7481177275838466,1.8121149897330597,0.2844571026272841,2862894,7.397721164000359,0.5308902629999466,16464
pvdaq_1217,R,main,"Port Chester, NY",Dfa,random_forest,2,-0.5,2013-06-01 00:00:00,6039,1433,0.09791184216737747,0.06257550418376923,0.8294233083724976,0.30746599637708966,-0.8118157323044883,-1.8922146325232037,0.2576281474406729,1126,3.7481177275838466,1.8121149897330597,0.2843931005792185,2862722,8.897155183999985,1.204081540000061,16464
pvdaq_1217,R,main,"Port Chester, NY",Dfa,random_forest,3,-0.5,2013-06-01 00:00:00,6039,1433,0.09833481907844543,0.06268082559108734,0.8279463648796082,0.3087942424250365,-0.6172481697881649,-1.7238151686217118,0.09282615260026546,1126,3.7481177275838466,1.8121149897330597,0.2844571026272841,2865042,8.666396154999802,0.7907283350000398,16464
pvdaq_1217,R,main,"Port Chester, NY",Dfa,random_forest,4,-0.5,2013-06-01 00:00:00,6039,1433,0.09796100109815598,0.062498945742845535,0.8292520046234131,0.3076203668730181,-0.7569482911393144,-1.9391645068558576,0.42101127196521715,1126,3.7481177275838466,1.8121149897330597,0.2844571026272841,2863678,7.657074150999961,1.115156468999885,16464
pvdaq_1217,R,main,"Port Chester, NY",Dfa,xgboost,0,-1.0,2013-06-01 00:00:00,6042,1433,0.09750290960073471,0.06524472683668137,0.8288968801498413,0.30790789890633163,-1.31538391730327,-3.0252673083634773,0.1256860494747304,1126,3.7481177275838466,1.8121149897330597,0.28477711286761176,339,2.1350123050001457,0.13107436300015252,16464
pvdaq_1217,R,main,"Port Chester, NY",Dfa,xgboost,1,-1.0,2013-06-01 00:00:00,6042,1433,0.09767156094312668,0.06441786140203476,0.8283044695854187,0.3084404889664261,-1.3429850167538282,-2.861857082328049,-0.0064278979081455745,1126,3.7481177275838466,1.8121149897330597,0.284745111843579,373,2.5445719669996834,0.1178251649998856,16464
pvdaq_1217,R,main,"Port Chester, NY",Dfa,xgboost,2,-1.0,2013-06-01 00:00:00,6042,1433,0.09747806191444397,0.06475533545017242,0.8289840817451477,0.3078294315158733,-1.507895750295105,-3.1304879196356827,0.10104309363729858,1126,3.7481177275838466,1.8121149897330597,0.28477711286761176,352,3.36565807199986,0.35813957099981053,16464
pvdaq_1217,R,main,"Port Chester, NY",Dfa,xgboost,3,-1.0,2013-06-01 00:00:00,6042,1433,0.09754941612482071,0.06431417912244797,0.8287336230278015,0.3080547635094024,-1.5572147045054385,-3.2528559334929597,-0.09272610355252858,1126,3.7481177275838466,1.8121149897330597,0.284745111843579,373,4.2814299879996724,0.1417706930001259,16464
pvdaq_1217,R,main,"Port Chester, NY",Dfa,xgboost,4,-1.0,2013-06-01 00:00:00,6042,1433,0.09751643240451813,0.06499997526407242,0.8288494348526001,0.3079506030483652,-1.4215545837509502,-3.0230867313809417,0.023937901146771634,1126,3.7481177275838466,1.8121149897330597,0.28477711286761176,345,2.0673536270001023,0.2207832829999461,16464
pvdaq_1217,R,main,"Port Chester, NY",Dfa,random_forest,0,-1.0,2013-06-01 00:00:00,6042,1433,0.09754414111375809,0.06231103837490082,0.8287521600723267,0.30803810536474135,-1.2629837849553534,-2.2037290729796766,-0.023591548001850426,1126,3.7481177275838466,1.8121149897330597,0.2846491087714807,2864960,8.69106555899998,0.5992953380000472,16464
pvdaq_1217,R,main,"Port Chester, NY",Dfa,random_forest,1,-1.0,2013-06-01 00:00:00,6042,1433,0.09709586203098297,0.062261343002319336,0.8303225040435791,0.3066224689384423,-1.1541084041474137,-2.354293051334433,-0.13487438804766771,1126,3.7481177275838466,1.8121149897330597,0.2846171077474479,2863318,5.908845619999738,0.5533600700000534,16464
pvdaq_1217,R,main,"Port Chester, NY",Dfa,random_forest,2,-1.0,2013-06-01 00:00:00,6042,1433,0.09730786085128784,0.06237974017858505,0.8295807838439941,0.3072919475375733,-1.1682491056654976,-2.2417962901763566,0.03983903957338608,1126,3.7481177275838466,1.8121149897330597,0.2846811097955135,2861538,7.325369223000052,0.7371783019998475,16464
pvdaq_1217,R,main,"Port Chester, NY",Dfa,random_forest,3,-1.0,2013-06-01 00:00:00,6042,1433,0.09768585115671158,0.06239995360374451,0.828254222869873,0.3084856165391095,-1.1831737018315969,-2.174179821356793,-0.1389175919617707,1126,3.7481177275838466,1.8121149897330597,0.2847131108195462,2869066,5.3825507660003495,0.48373888100013573,16464
pvdaq_1217,R,main,"Port Chester, NY",Dfa,random_forest,4,-1.0,2013-06-01 00:00:00,6042,1433,0.09713047742843628,0.06222299858927727,0.8302015066146851,0.30673178213066704,-1.0839878906368616,-2.3614334928611287,0.18420414528308449,1126,3.7481177275838466,1.8121149897330597,0.2847131108195462,2866350,7.0978080909999335,0.6423803159996169,16464
pvdaq_1217,R,main,"Port Chester, NY",Dfa,xgboost,0,-2.0,2013-06-01 00:00:00,6044,1434,0.09691793471574783,0.06420869380235672,0.8269168138504028,0.3094890607158961,-2.231389214125601,-4.079273822935847,-0.9261027890338336,1126,3.7481177275838466,1.8121149897330597,0.28503312105987394,359,1.668520060999981,0.10919456100009484,16464
pvdaq_1217,R,main,"Port Chester, NY",Dfa,xgboost,1,-2.0,2013-06-01 00:00:00,6044,1434,0.09709344059228897,0.0648760125041008,0.8262893557548523,0.31004950547815957,-2.4054064764330367,-3.9009572594343,-0.7946235130903645,1126,3.7481177275838466,1.8121149897330597,0.28500112003584116,344,1.6070325239998056,0.09746034499994494,16464
pvdaq_1217,R,main,"Port Chester, NY",Dfa,xgboost,2,-2.0,2013-06-01 00:00:00,6044,1434,0.0967520996928215,0.06448222696781158,0.8275085687637329,0.3089594979922392,-2.274861916114168,-3.9050882814200216,-1.0175266671767338,1126,3.7481177275838466,1.8121149897330597,0.28503312105987394,351,2.9952009510002426,0.2971954869999536,16464
pvdaq_1217,R,main,"Port Chester, NY",Dfa,xgboost,3,-2.0,2013-06-01 00:00:00,6044,1434,0.09670711308717728,0.06393269449472427,0.8276689648628235,0.3088158417910783,-2.196017303808186,-3.7213292373213362,-0.6149959222831125,1126,3.7481177275838466,1.8121149897330597,0.28509712310793944,373,4.488484455000162,0.16092182900001717,16464
pvdaq_1217,R,main,"Port Chester, NY",Dfa,xgboost,4,-2.0,2013-06-01 00:00:00,6044,1434,0.09713807702064514,0.06444047391414642,0.8261296153068542,0.31019204345450196,-2.0012380177052393,-3.5191527968581493,-0.7384358745938346,1126,3.7481177275838466,1.8121149897330597,0.2851291241319722,363,1.8644436859999587,0.1928465989999495,16464
pvdaq_1217,R,main,"Port Chester, NY",Dfa,random_forest,0,-2.0,2013-06-01 00:00:00,6044,1434,0.09697546809911728,0.062088754028081894,0.8267111778259277,0.30967278267438647,-2.151473797589132,-2.976585880619888,-0.5556160694482726,1126,3.7481177275838466,1.8121149897330597,0.2849051169637428,2866574,8.03818785500016,0.7090496250002616,16464
pvdaq_1217,R,main,"Port Chester, NY",Dfa,random_forest,1,-2.0,2013-06-01 00:00:00,6044,1434,0.09663477540016174,0.06192728504538536,0.8279266953468323,0.3085848450939813,-2.0473839043999686,-2.9153134131405665,-0.6432198172358072,1126,3.7481177275838466,1.8121149897330597,0.2849371179877756,2871410,7.9341939939999975,0.7891933159999098,16464
pvdaq_1217,R,main,"Port Chester, NY",Dfa,random_forest,2,-2.0,2013-06-01 00:00:00,6044,1434,0.09687874466180801,0.06212156265974045,0.8270567059516907,0.3093639147042852,-1.929531762911585,-2.754436712549191,-0.6305499579361218,1126,3.7481177275838466,1.8121149897330597,0.2848731159397101,2865362,7.437717139999677,0.781314249999923,16464
pvdaq_1217,R,main,"Port Chester, NY",Dfa,random_forest,3,-2.0,2013-06-01 00:00:00,6044,1434,0.09669481217861176,0.061861179769039154,0.8277127742767334,0.30877656117032365,-1.77559553943345,-2.789002645626093,-0.46350037768441155,1126,3.7481177275838466,1.8121149897330597,0.2849051169637428,2871856,7.588390619000165,0.6704130939997412,16464
pvdaq_1217,R,main,"Port Chester, NY",Dfa,random_forest,4,-2.0,2013-06-01 00:00:00,6044,1434,0.09660997241735458,0.061897192150354385,0.8280149698257446,0.30850564146800175,-1.6765850770172337,-2.9804090876644374,-0.44059903731910044,1126,3.7481177275838466,1.8121149897330597,0.2848731159397101,2874234,8.989443489000223,0.7779645299997355,16464
pvdaq_1221,R,main,"Port Chester, NY",Dfa,xgboost,0,0.0,2013-06-01 00:00:00,5982,1361,0.09889624267816544,0.06377658993005753,0.8292368650436401,0.3096193446355095,-1.1179030199441296,-3.349157167882274,0.6143377509379402,1116,3.6632443531827517,1.7587268993839835,0.2815450094403021,333,1.674740509000003,0.16404334100025153,16464
pvdaq_1221,R,main,"Port Chester, NY",Dfa,xgboost,1,0.0,2013-06-01 00:00:00,5982,1361,0.09885665029287338,0.06348837167024612,0.8293735384941101,0.30949539080213107,-1.3475010004636134,-3.0946641096100347,0.5482515859034587,1117,3.6632443531827517,1.7573579739904175,0.2814810073922365,341,1.9334732850002183,0.1324749030000021,16464
pvdaq_1221,R,main,"Port Chester, NY",Dfa,xgboost,2,0.0,2013-06-01 00:00:00,5982,1361,0.09918168187141418,0.0634937584400177,0.8282496929168701,0.31051298319602155,-0.9881539095136116,-3.1113798882098114,0.9904679272414942,1116,3.6632443531827517,1.7587268993839835,0.2815450094403021,341,2.198404742999628,0.13522661900060484,16464
pvdaq_1221,R,main,"Port Chester, NY",Dfa,xgboost,3,0.0,2013-06-01 00:00:00,5982,1361,0.09867703169584274,0.06334147602319717,0.8299930691719055,0.30893305000139953,-1.4502817126802792,-2.9479919341731895,0.6250919165879276,1116,3.6632443531827517,1.7587268993839835,0.2814810073922365,344,1.75510074200065,0.13760601300054986,16464
pvdaq_1221,R,main,"Port Chester, NY",Dfa,xgboost,4,0.0,2013-06-01 00:00:00,5982,1361,0.0989546924829483,0.06381337344646454,0.8290349245071411,0.30980233632215864,-1.1503814993395975,-2.966112954555411,0.6783434397173104,1116,3.6632443531827517,1.7587268993839835,0.2815450094403021,334,2.0351572449999367,0.09862095800053794,16464
pvdaq_1221,R,main,"Port Chester, NY",Dfa,random_forest,0,0.0,2013-06-01 00:00:00,5982,1361,0.09921380877494812,0.06083916500210762,0.8281384110450745,0.3106135644774532,-0.11305446768827263,-1.3977946812148978,0.7433002272793025,1116,3.6632443531827517,1.7587268993839835,0.28138500432013824,2886634,6.017225200000212,0.7609469620001619,16464
pvdaq_1221,R,main,"Port Chester, NY",Dfa,random_forest,1,0.0,2013-06-01 00:00:00,5982,1361,0.09961771219968796,0.06114696338772774,0.8267362713813782,0.3118780848502944,-0.42175021552726244,-1.4781302921506516,0.7794243049340692,1116,3.6632443531827517,1.7587268993839835,0.2814490063682038,2883696,6.109597028999815,0.5292786500003785,16464
pvdaq_1221,R,main,"Port Chester, NY",Dfa,random_forest,2,0.0,2013-06-01 00:00:00,5982,1361,0.09957795590162277,0.061218395829200745,0.8268744945526123,0.3117536178471127,-0.6641746894448703,-1.4990583382375324,0.6679053652077237,1116,3.6632443531827517,1.7587268993839835,0.28138500432013824,2882392,8.438507450000543,1.2495204059996468,16464
pvdaq_1221,R,main,"Port Chester, NY",Dfa,random_forest,3,0.0,2013-06-01 00:00:00,5982,1361,0.09951271116733551,0.061151228845119476,0.8271013498306274,0.31154935293952996,-0.3132325192205797,-1.402633687709396,0.6879852897022736,1116,3.6632443531827517,1.7587268993839835,0.28128900124803996,2884736,6.425979668999389,1.2696447150001404,16464
pvdaq_1221,R,main,"Port Chester, NY",Dfa,random_forest,4,0.0,2013-06-01 00:00:00,5982,1361,0.09931018948554993,0.0612279437482357,0.8278043866157532,0.31091530832174813,-0.5205798568819817,-1.695695126494226,0.7295656995699007,1116,3.6632443531827517,1.7587268993839835,0.2813210022720727,2885592,8.859291989000667,0.5477566909994493,16464
pvdaq_1221,R,main,"Port Chester, NY",Dfa,xgboost,0,-0.25,2013-06-01 00:00:00,5983,1361,0.09867341816425323,0.06315533071756363,0.8290115594863892,0.3098163211969061,-1.429578291628008,-3.228163534581685,0.537680784581563,1117,3.6632443531827517,1.7573579739904175,0.2814810073922365,342,2.311836421999942,0.19871544300076494,16464
pvdaq_1221,R,main,"Port Chester, NY",Dfa,xgboost,1,-0.25,2013-06-01 00:00:00,5983,1361,0.09867703169584274,0.06315405666828156,0.8289990425109863,0.30982766701915915,-1.4779387868586327,-3.2469979826416,0.44843559374006864,1116,3.6632443531827517,1.7587268993839835,0.2814810073922365,347,4.693825873999231,0.40757995000058145,16464
pvdaq_1221,R,main,"Port Chester, NY",Dfa,xgboost,2,-0.25,2013-06-01 00:00:00,5983,1361,0.09893353283405304,0.06409421563148499,0.8281089067459106,0.31063303325154046,-1.2212338483938212,-3.246397170961729,0.5603134832045216,1116,3.6632443531827517,1.7587268993839835,0.2815450094403021,321,1.6548647820000042,0.09082217600007425,16464
pvdaq_1221,R,main,"Port Chester, NY",Dfa,xgboost,3,-0.25,2013-06-01 00:00:00,5983,1361,0.09884297847747803,0.06400730460882187,0.8284234404563904,0.3103487092852244,-1.3767571568335413,-3.205362409278889,0.5849852955359046,1117,3.6632443531827517,1.7573579739904175,0.2814490063682038,324,2.34347810700001,0.09789558299962664,16464
pvdaq_1221,R,main,"Port Chester, NY",Dfa,xgboost,4,-0.25,2013-06-01 00:00:00,5983,1361,0.09880877286195755,0.06352093070745468,0.828542172908783,0.31024130996571175,-1.4918838624526085,-3.132987628014194,0.343762544728074,1116,3.6632443531827517,1.7587268993839835,0.2815130084162693,340,2.3385746899994047,0.09938928000065061,16464
pvdaq_1221,R,main,"Port Chester, NY",Dfa,random_forest,0,-0.25,2013-06-01 00:00:00,5983,1361,0.09907146543264389,0.06096680462360382,0.8276292681694031,0.3110661161533349,-0.29780583355300094,-1.6485033239139855,0.43976159038496276,1116,3.6632443531827517,1.7587268993839835,0.28128900124803996,2885918,8.571494994999739,0.8421258509997642,16464
pvdaq_1221,R,main,"Port Chester, NY",Dfa,random_forest,1,-0.25,2013-06-01 00:00:00,5983,1361,0.09888052940368652,0.060741618275642395,0.8282930254936218,0.31046661226286415,-0.5677113197978363,-1.62269723406519,0.5360040448245641,1116,3.6632443531827517,1.7587268993839835,0.28135300329610546,2886750,5.775665933999335,0.7957537989996126,16464
pvdaq_1221,R,main,"Port Chester, NY",Dfa,random_forest,2,-0.25,2013-06-01 00:00:00,5983,1361,0.09929991513490677,0.06105336546897888,0.8268334269523621,0.3117834060542056,-0.736228586501958,-1.9999970864022776,0.43444730192330544,1116,3.6632443531827517,1.7587268993839835,0.2813210022720727,2891020,6.405288930999632,0.5119068000003608,16464
pvdaq_1221,R,main,"Port Chester, NY",Dfa,random_forest,3,-0.25,2013-06-01 00:00:00,5983,1361,0.09941283613443375,0.06118815764784813,0.826439380645752,0.3121379571512507,-0.6691572875442042,-1.9136318797229879,0.374830190252965,1116,3.6632443531827517,1.7587268993839835,0.2812249991999744,2885394,5.245022856000105,0.6352902860007816,16464
pvdaq_1221,R,main,"Port Chester, NY",Dfa,random_forest,4,-0.25,2013-06-01 00:00:00,5983,1361,0.09929122775793076,0.06092522665858269,0.826863706111908,0.31175612929390245,-0.20590345999701443,-1.6204563274540056,0.4664235344850888,1116,3.6632443531827517,1.7587268993839835,0.28135300329610546,2884730,7.0583844429993405,0.5497918600003686,16464
pvdaq_1221,R,main,"Port Chester, NY",Dfa,xgboost,0,-0.5,2013-06-01 00:00:00,5984,1361,0.09838821738958359,0.06338278949260712,0.8290036916732788,0.30981808130104493,-1.4920379603330258,-3.3604305050862093,0.36747489041397685,1117,3.6632443531827517,1.7573579739904175,0.2817050145604659,332,1.6579085590001341,0.11917543900017336,16464
pvdaq_1221,R,main,"Port Chester, NY",Dfa,xgboost,1,-0.5,2013-06-01 00:00:00,5984,1361,0.09853572398424149,0.06338254362344742,0.8284906148910522,0.3102825699496725,-1.8139025952235759,-3.4027358061258717,0.5173585685688306,1116,3.6632443531827517,1.7587268993839835,0.28160901148836764,339,1.6906492839998464,0.1195154070001081,16464
pvdaq_1221,R,main,"Port Chester, NY",Dfa,xgboost,2,-0.5,2013-06-01 00:00:00,5984,1361,0.09864570945501328,0.06297141313552856,0.828107476234436,0.3106289070256923,-1.8282965283217196,-3.5488767548341293,0.14884605268633555,1116,3.6632443531827517,1.7587268993839835,0.2814810073922365,348,1.9122896060007406,0.11911735200010298,16464
pvdaq_1221,R,main,"Port Chester, NY",Dfa,xgboost,3,-0.5,2013-06-01 00:00:00,5984,1361,0.09859868884086609,0.06292155385017395,0.8282713294029236,0.31048084217765265,-1.8266086046473284,-3.5307484094786012,0.2908829057069018,1117,3.6632443531827517,1.7573579739904175,0.2815130084162693,349,1.7363096290000612,0.11323400500077696,16464
pvdaq_1221,R,main,"Port Chester, NY",Dfa,xgboost,4,-0.5,2013-06-01 00:00:00,5984,1361,0.09847572445869446,0.06388211250305176,0.8286993503570557,0.31009363535590556,-1.7231158178366457,-3.3525443338618715,0.26707962818764974,1116,3.6632443531827517,1.7587268993839835,0.28167301353643315,325,3.7422216859995387,0.10874291300024197,16464
pvdaq_1221,R,main,"Port Chester, NY",Dfa,random_forest,0,-0.5,2013-06-01 00:00:00,5984,1361,0.0986795574426651,0.06059876084327698,0.8279895186424255,0.31073549213179974,-0.6956094815822511,-1.9237893134034743,0.44049023046482383,1116,3.6632443531827517,1.7587268993839835,0.2813210022720727,2884734,6.051351660999899,0.5368254609993528,16464
pvdaq_1221,R,main,"Port Chester, NY",Dfa,random_forest,1,-0.5,2013-06-01 00:00:00,5984,1361,0.09910181164741516,0.060743242502212524,0.8265143036842346,0.31206514309009437,-0.685380510344167,-1.8688516990782658,0.2295480560419852,1116,3.6632443531827517,1.7587268993839835,0.28138500432013824,2887788,10.009711822999634,0.7373228119995474,16464
pvdaq_1221,R,main,"Port Chester, NY",Dfa,random_forest,2,-0.5,2013-06-01 00:00:00,5984,1361,0.09882938116788864,0.06067545339465141,0.8274667859077454,0.3112072772734934,-0.6490474482427901,-2.1421306191988334,0.2498143020340253,1116,3.6632443531827517,1.7587268993839835,0.28138500432013824,2882502,7.546117208000396,1.2041813260002527,16464
pvdaq_1221,R,main,"Port Chester, NY",Dfa,random_forest,3,-0.5,2013-06-01 00:00:00,5984,1361,0.09927865117788315,0.06089494004845619,0.8258945941925049,0.31262199924097706,-0.6476593960889507,-1.979168612320631,0.33957642205840743,1116,3.6632443531827517,1.7587268993839835,0.281417005344171,2881368,7.042645607999475,0.7820519260003493,16464
pvdaq_1221,R,main,"Port Chester, NY",Dfa,random_forest,4,-0.5,2013-06-01 00:00:00,5984,1361,0.09869786351919174,0.06069890409708023,0.8279256820678711,0.3107931367731614,-1.0806503241149616,-2.0729576561415057,0.2983363243822516,1116,3.6632443531827517,1.7587268993839835,0.2814810073922365,2887902,8.785749132000092,0.5173648380005034,16464
pvdaq_1221,R,main,"Port Chester, NY",Dfa,xgboost,0,-1.0,2013-06-01 00:00:00,5989,1361,0.098019078373909,0.0631403848528862,0.828289270401001,0.31045903928937274,-2.092787325891438,-3.9766702344044917,-0.1046269029807756,1116,3.6632443531827517,1.7587268993839835,0.28192902172869533,336,2.3781345070001407,0.10324742600005266,16464
pvdaq_1221,R,main,"Port Chester, NY",Dfa,xgboost,1,-1.0,2013-06-01 00:00:00,5989,1361,0.09814567118883133,0.06272778660058975,0.8278454542160034,0.3108600008608721,-2.06168461419286,-3.6822267133182125,0.1308595072225971,1116,3.6632443531827517,1.7587268993839835,0.28189702070466255,346,2.061090759999388,0.15639767399989069,16464
pvdaq_1221,R,main,"Port Chester, NY",Dfa,xgboost,2,-1.0,2013-06-01 00:00:00,5989,1361,0.09797322005033493,0.06328393518924713,0.8284499645233154,0.31031379071821275,-1.7711524034243864,-3.872172827448124,0.20737018072691238,1116,3.6632443531827517,1.7587268993839835,0.2819610227527281,332,1.9490520159997686,0.10169558899997355,16464
pvdaq_1221,R,main,"Port Chester, NY",Dfa,xgboost,3,-1.0,2013-06-01 00:00:00,5989,1361,0.09809526056051254,0.0634479820728302,0.828022301197052,0.3107003336257026,-1.8592788510020535,-3.8678625537326594,0.27067122634616836,1116,3.6632443531827517,1.7587268993839835,0.28199302377676083,331,1.7078759739997622,0.12896476999958395,16464
pvdaq_1221,R,main,"Port Chester, NY",Dfa,xgboost,4,-1.0,2013-06-01 00:00:00,5989,1361,0.09786428511142731,0.06306973099708557,0.8288311958312988,0.3099687575161121,-2.1055774153560494,-3.9985964633465434,0.047293973689860325,1116,3.6632443531827517,1.7587268993839835,0.28180101763256427,329,1.653149237999969,0.09961487500004296,16464
pvdaq_1221,R,main,"Port Chester, NY",Dfa,random_forest,0,-1.0,2013-06-01 00:00:00,5989,1361,0.09818985313177109,0.0603940412402153,0.8276904225349426,0.3109999397767094,-0.9922559246399583,-2.134106118491578,0.15496241762244461,1116,3.6632443531827517,1.7587268993839835,0.281833018656597,2885400,4.241755265000393,0.38125783000032243,16464
pvdaq_1221,R,main,"Port Chester, NY",Dfa,random_forest,1,-1.0,2013-06-01 00:00:00,5989,1361,0.09869072586297989,0.06054600700736046,0.8259280323982239,0.31258637039324866,-1.0054568172681364,-2.2244342306695732,-0.007476334930255265,1116,3.6632443531827517,1.7587268993839835,0.2817690166085315,2887036,4.733562358999734,0.52560381100011,16464
pvdaq_1221,R,main,"Port Chester, NY",Dfa,random_forest,2,-1.0,2013-06-01 00:00:00,5989,1361,0.09853626787662506,0.06048782542347908,0.8264724612236023,0.3120971505510525,-1.0659720280718876,-2.3876297906096466,0.01164539964736258,1116,3.6632443531827517,1.7587268993839835,0.28189702070466255,2888542,4.697637092999685,0.39263427700007014,16464
pvdaq_1221,R,main,"Port Chester, NY",Dfa,random_forest,3,-1.0,2013-06-01 00:00:00,5989,1361,0.09854383766651154,0.06038136035203934,0.8264458179473877,0.31212112659464286,-0.9348981142542012,-2.0337371678353833,-0.09231057750391791,1116,3.6632443531827517,1.7587268993839835,0.2817370155844987,2890244,3.7266462139996293,0.37877838100030203,16464
pvdaq_1221,R,main,"Port Chester, NY",Dfa,random_forest,4,-1.0,2013-06-01 00:00:00,5989,1361,0.09861864149570465,0.06044946610927582,0.8261822462081909,0.31235805521437415,-0.864804422458501,-2.1004199168252247,0.08760067891790171,1116,3.6632443531827517,1.7587268993839835,0.281833018656597,2886006,5.033375119000084,0.5803477930003282,16464
pvdaq_1221,R,main,"Port Chester, NY",Dfa,xgboost,0,-2.0,2013-06-01 00:00:00,5993,1361,0.09712564945220947,0.06292753666639328,0.8274072408676147,0.3112664654336208,-2.737249726134083,-4.670046332017597,-0.5352409930956687,1116,3.6632443531827517,1.7587268993839835,0.2824730391372524,323,1.654697314999794,0.15246654100064916,16464
pvdaq_1221,R,main,"Port Chester, NY",Dfa,xgboost,1,-2.0,2013-06-01 00:00:00,5993,1361,0.09762133657932281,0.0632912814617157,0.8256410956382751,0.3128550342708715,-2.960429377697632,-4.6618796960033295,-0.808989110066465,1116,3.6632443531827517,1.7587268993839835,0.28240903708918685,321,1.7001657640003032,0.11042262000046321,16464
pvdaq_1221,R,main,"Port Chester, NY",Dfa,xgboost,2,-2.0,2013-06-01 00:00:00,5993,1361,0.09711351245641708,0.06209344044327736,0.8274503946304321,0.31122756901642734,-2.888053202093806,-4.414682898143393,-0.7074936707997743,1116,3.6632443531827517,1.7587268993839835,0.28240903708918685,345,1.778352760999951,0.11789711199980957,16464
pvdaq_1221,R,main,"Port Chester, NY",Dfa,xgboost,3,-2.0,2013-06-01 00:00:00,5993,1361,0.09744565933942795,0.06247081607580185,0.8262680768966675,0.3122920271370441,-2.825257765819937,-4.682920105495456,-0.972052564483028,1116,3.6632443531827517,1.7587268993839835,0.28240903708918685,345,1.816259313000046,0.09683192000011331,16464
pvdaq_1221,R,main,"Port Chester, NY",Dfa,xgboost,4,-2.0,2013-06-01 00:00:00,5993,1361,0.09724690765142441,0.062401026487350464,0.8269760608673096,0.31165507144333454,-2.793454878700352,-4.422780376556511,-0.6939844012609275,1116,3.6632443531827517,1.7587268993839835,0.28240903708918685,339,1.959372223000173,0.09392125300018961,16464
pvdaq_1221,R,main,"Port Chester, NY",Dfa,random_forest,0,-2.0,2013-06-01 00:00:00,5993,1361,0.09751228988170624,0.06003765016794205,0.826030433177948,0.31250556345316516,-1.8338708379666064,-2.866911577652108,-0.5361401079628991,1116,3.6632443531827517,1.7587268993839835,0.28215302889692473,2893400,4.870036170999811,0.3747174999998606,16464
pvdaq_1221,R,main,"Port Chester, NY",Dfa,random_forest,1,-2.0,2013-06-01 00:00:00,5993,1361,0.09771879017353058,0.05990421772003174,0.8252927660942078,0.31316735172752624,-1.66259203324463,-2.8798341257649716,-0.5696620619131247,1116,3.6632443531827517,1.7587268993839835,0.2823450350411213,2893276,3.7705852550006966,0.3620459390003816,16464
pvdaq_1221,R,main,"Port Chester, NY",Dfa,random_forest,2,-2.0,2013-06-01 00:00:00,5993,1361,0.09778253734111786,0.059951961040496826,0.8250647783279419,0.31337164745834717,-1.814956426057035,-2.873088964878534,-0.6648464990348099,1116,3.6632443531827517,1.7587268993839835,0.282249031969023,2887624,4.470352389000254,0.48470679500042024,16464
pvdaq_1221,R,main,"Port Chester, NY",Dfa,random_forest,3,-2.0,2013-06-01 00:00:00,5993,1361,0.09766212105751038,0.05990901216864586,0.8254953622817993,0.31298573960403114,-1.8870211781244643,-2.8562494873365374,-0.5118642340088353,1116,3.6632443531827517,1.7587268993839835,0.28215302889692473,2890036,4.985591881999426,0.4091529699999228,16464
pvdaq_1221,R,main,"Port Chester, NY",Dfa,random_forest,4,-2.0,2013-06-01 00:00:00,5993,1361,0.09771043062210083,0.05986195430159569,0.825322687625885,0.31314056119340034,-1.937723790322298,-2.9428735681639724,-0.6494808926735507,1116,3.6632443531827517,1.7587268993839835,0.2822810329930558,2894708,4.051902394000535,0.3783995979993051,16464
pvdaq_1225,R,main,"Port Chester, NY",Dfa,xgboost,0,0.0,2013-05-01 00:00:00,5930,1339,0.0941474586725235,0.06298840790987015,0.8501854538917542,0.29230195628273525,-2.056870976467029,-3.6279674687172747,-0.6419260438735396,1147,3.7481177275838466,1.8121149897330597,0.28996127876092037,386,1.8346511609997833,0.12491444900024362,16464
pvdaq_1225,R,main,"Port Chester, NY",Dfa,xgboost,1,0.0,2013-05-01 00:00:00,5930,1339,0.09391835331916809,0.06310518085956573,0.8509137034416199,0.29159064719457845,-2.235698184618873,-3.675275520245617,-0.3678889772328775,1147,3.7481177275838466,1.8121149897330597,0.2901212838810842,384,1.809245044999443,0.12783540600048582,16464
pvdaq_1225,R,main,"Port Chester, NY",Dfa,xgboost,2,0.0,2013-05-01 00:00:00,5930,1339,0.09406939893960953,0.06302793323993683,0.8504337668418884,0.29205960228869887,-2.2460232666422053,-3.8341682269633206,-0.6925229039308819,1147,3.7481177275838466,1.8121149897330597,0.2900252808089859,378,1.7388441760003843,0.13690950199998042,16464
pvdaq_1225,R,main,"Port Chester, NY",Dfa,xgboost,3,0.0,2013-05-01 00:00:00,5930,1339,0.09381081163883209,0.06285551935434341,0.851254940032959,0.2912567598651978,-2.0436306256205294,-3.752591340568856,-0.9041083365479763,1147,3.7481177275838466,1.8121149897330597,0.2900252808089859,393,1.9275525130005917,0.13284596400080773,16464
pvdaq_1225,R,main,"Port Chester, NY",Dfa,xgboost,4,0.0,2013-05-01 00:00:00,5930,1339,0.09388997405767441,0.06267108768224716,0.8510037660598755,0.29150253739565846,-2.3777047531251316,-3.6923594188036146,-0.5144493522639804,1147,3.7481177275838466,1.8121149897330597,0.2899292777368876,402,1.9424945369992201,0.11975909200009482,16464
pvdaq_1225,R,main,"Port Chester, NY",Dfa,random_forest,0,0.0,2013-05-01 00:00:00,5930,1339,0.09398654848337173,0.06110170856118202,0.8506971001625061,0.29180237441681905,-1.3648966774813198,-2.4258651704153293,0.11120320125953262,1147,3.7481177275838466,1.8121149897330597,0.28976927261672375,2831840,5.401721849000751,0.6103274510005576,16464
pvdaq_1225,R,main,"Port Chester, NY",Dfa,random_forest,1,0.0,2013-05-01 00:00:00,5930,1339,0.0938228890299797,0.06083904951810837,0.8512166142463684,0.291294256841845,-1.1364297189073835,-2.6652195146646527,-0.00647333398151595,1147,3.7481177275838466,1.8121149897330597,0.28973727159269097,2830028,4.218083045999265,0.40828789100032736,16464
pvdaq_1225,R,main,"Port Chester, NY",Dfa,random_forest,2,0.0,2013-05-01 00:00:00,5930,1339,0.09443287551403046,0.06130529195070267,0.8492757081985474,0.29318809704855997,-1.1156551518534341,-2.5186876639371802,0.22838394419588648,1147,3.7481177275838466,1.8121149897330597,0.28976927261672375,2829002,3.7279404999999315,0.362395430000106,16464
pvdaq_1225,R,main,"Port Chester, NY",Dfa,random_forest,3,0.0,2013-05-01 00:00:00,5930,1339,0.09375572949647903,0.06096331775188446,0.8514295816421509,0.2910857449680029,-1.1211029286364746,-2.2160599679727575,0.0523366711130957,1147,3.7481177275838466,1.8121149897330597,0.28980127364075653,2828292,5.1079230420000385,0.4347420499998407,16464
pvdaq_1225,R,main,"Port Chester, NY",Dfa,random_forest,4,0.0,2013-05-01 00:00:00,5930,1339,0.09389334917068481,0.06083868443965912,0.8509930372238159,0.29151301619295716,-1.3628488347204628,-2.5359033469515957,0.23718435832013085,1147,3.7481177275838466,1.8121149897330597,0.28983327466478925,2831098,3.7066558850001456,0.37451375000000553,16464
pvdaq_1225,R,main,"Port Chester, NY",Dfa,xgboost,0,-0.25,2013-05-01 00:00:00,5930,1339,0.09403277188539505,0.06294918060302734,0.8497633337974548,0.292708563518229,-2.40667399306645,-4.099700141339113,-0.6354355611685116,1147,3.7481177275838466,1.8121149897330597,0.2902172869531825,379,1.6653170089994092,0.12067904699961218,16464
pvdaq_1225,R,main,"Port Chester, NY",Dfa,xgboost,1,-0.25,2013-05-01 00:00:00,5930,1339,0.09352819621562958,0.06267241388559341,0.8513712882995605,0.2911379023910285,-2.3619186515879673,-3.9727659316376913,-0.8619360408415377,1147,3.7481177275838466,1.8121149897330597,0.2902172869531825,389,1.7504229790001773,0.10950087000037456,16464
pvdaq_1225,R,main,"Port Chester, NY",Dfa,xgboost,2,-0.25,2013-05-01 00:00:00,5930,1339,0.09393425285816193,0.06296831369400024,0.8500779867172241,0.2924018899791806,-2.4884840900223915,-4.060924267177112,-1.0474653591199812,1147,3.7481177275838466,1.8121149897330597,0.2902492879772153,378,1.819046986000103,0.1285138149996783,16464
pvdaq_1225,R,main,"Port Chester, NY",Dfa,xgboost,3,-0.25,2013-05-01 00:00:00,5930,1339,0.09372745454311371,0.06278518587350845,0.8507373332977295,0.2917581608141026,-2.4724134954747345,-3.928363106696897,-1.154477298625367,1147,3.7481177275838466,1.8121149897330597,0.2902172869531825,393,1.835769239000001,0.12031931999990775,16464
pvdaq_1225,R,main,"Port Chester, NY",Dfa,xgboost,4,-0.25,2013-05-01 00:00:00,5930,1339,0.09381622076034546,0.06283912062644958,0.8504544496536255,0.2920344754586025,-2.606860451607081,-4.006898032488371,-0.9538009710365447,1147,3.7481177275838466,1.8121149897330597,0.29015328490511694,394,1.803526736999629,0.14071151799998916,16464
pvdaq_1225,R,main,"Port Chester, NY",Dfa,random_forest,0,-0.25,2013-05-01 00:00:00,5930,1339,0.09373369067907333,0.06076972931623459,0.8507174849510193,0.2917775728803647,-1.5314745510291106,-2.620313715924172,-0.36483485609607696,1147,3.7481177275838466,1.8121149897330597,0.29008928285705143,2834724,3.855879130000176,0.360724561999632,16464
pvdaq_1225,R,main,"Port Chester, NY",Dfa,random_forest,1,-0.25,2013-05-01 00:00:00,5930,1339,0.09355080127716064,0.06070029363036156,0.8512994647026062,0.29120826823217444,-1.409416596010647,-2.4912076936059346,-0.37175835456396233,1147,3.7481177275838466,1.8121149897330597,0.28996127876092037,2832332,5.488530348000495,0.5720784570003161,16464
pvdaq_1225,R,main,"Port Chester, NY",Dfa,random_forest,2,-0.25,2013-05-01 00:00:00,5930,1339,0.09414855390787125,0.061048317700624466,0.8493931293487549,0.2930689739240984,-1.2505969213545853,-2.6463119261613155,-0.09744100643127585,1147,3.7481177275838466,1.8121149897330597,0.2900252808089859,2833800,3.9282580250001047,0.3990233629992872,16464
pvdaq_1225,R,main,"Port Chester, NY",Dfa,random_forest,3,-0.25,2013-05-01 00:00:00,5930,1339,0.09363505244255066,0.06091461330652237,0.851031482219696,0.2914705282623914,-1.1422974708542672,-2.499740280529683,-0.12615941527336139,1147,3.7481177275838466,1.8121149897330597,0.29005728183301865,2833908,4.207719100999384,0.4468595410007765,16464
pvdaq_1225,R,main,"Port Chester, NY",Dfa,random_forest,4,-0.25,2013-05-01 00:00:00,5930,1339,0.09346559643745422,0.06081908196210861,0.851570188999176,0.2909430395705578,-1.3484670645317998,-2.629085135415731,0.012519308309893853,1147,3.7481177275838466,1.8121149897330597,0.2898972767128548,2834294,5.7267633849996855,0.5040682680000828,16464
pvdaq_1225,R,main,"Port Chester, NY",Dfa,xgboost,0,-0.5,2013-05-01 00:00:00,5932,1339,0.09333253651857376,0.06259211152791977,0.851212739944458,0.2912898101405813,-2.9957817945934995,-4.2985203017180895,-1.2091120514803988,1147,3.7481177275838466,1.8121149897330597,0.2902172869531825,376,1.7578625739997733,0.10667809499955183,16464
pvdaq_1225,R,main,"Port Chester, NY",Dfa,xgboost,1,-0.5,2013-05-01 00:00:00,5932,1339,0.09377924352884293,0.06323273479938507,0.8497850894927979,0.29268397775954313,-2.641667081403287,-4.2612594596668885,-1.162785441339582,1147,3.7481177275838466,1.8121149897330597,0.29028128900124806,365,1.856246373000431,0.1322328069991272,16464
pvdaq_1225,R,main,"Port Chester, NY",Dfa,xgboost,2,-0.5,2013-05-01 00:00:00,5932,1339,0.09344499558210373,0.06251345574855804,0.8508539199829102,0.29164079362914974,-2.792696624896429,-4.416692018622537,-1.3873716449763906,1147,3.7481177275838466,1.8121149897330597,0.29015328490511694,389,1.8660403570002018,0.13058954900043318,16464
pvdaq_1225,R,main,"Port Chester, NY",Dfa,xgboost,3,-0.5,2013-05-01 00:00:00,5932,1339,0.09344490617513657,0.06305935233831406,0.850854218006134,0.291640514590998,-2.868815407002534,-4.266598754999551,-1.1707560426149843,1147,3.7481177275838466,1.8121149897330597,0.29034529104931356,369,1.9132618319999892,0.10570321199975297,16464
pvdaq_1225,R,main,"Port Chester, NY",Dfa,xgboost,4,-0.5,2013-05-01 00:00:00,5932,1339,0.09347231686115265,0.06257736682891846,0.8507667183876038,0.2917260630376949,-2.834198455944814,-4.281289643135703,-1.3872073674460972,1147,3.7481177275838466,1.8121149897330597,0.29008928285705143,397,1.865169890999823,0.10908364700026141,16464
pvdaq_1225,R,main,"Port Chester, NY",Dfa,random_forest,0,-0.5,2013-05-01 00:00:00,5932,1339,0.09349685162305832,0.06046915799379349,0.8506883382797241,0.2918026357571765,-1.4560700722610398,-2.7029348745369353,-0.30283862880733875,1147,3.7481177275838466,1.8121149897330597,0.2900252808089859,2835226,3.9196157940004923,0.39954715200019564,16464
pvdaq_1225,R,main,"Port Chester, NY",Dfa,random_forest,1,-0.5,2013-05-01 00:00:00,5932,1339,0.09374488145112991,0.06074109673500061,0.8498951196670532,0.2925767340965461,-1.6435853434717695,-2.632917471178026,-0.30827278151347925,1147,3.7481177275838466,1.8121149897330597,0.28996127876092037,2835986,3.6660381159999815,0.38319227900046826,16464
pvdaq_1225,R,main,"Port Chester, NY",Dfa,random_forest,2,-0.5,2013-05-01 00:00:00,5932,1339,0.09353446215391159,0.0605582520365715,0.8505682349205017,0.29192001780635457,-1.571790431263294,-2.6755420141437947,0.010018637727116086,1147,3.7481177275838466,1.8121149897330597,0.2898972767128548,2834642,5.821835426999314,0.6040095730004396,16464
pvdaq_1225,R,main,"Port Chester, NY",Dfa,random_forest,3,-0.5,2013-05-01 00:00:00,5932,1339,0.09336430579423904,0.06064596772193909,0.8511114120483398,0.291388961697177,-1.6781062599261265,-2.879177231999075,-0.49695273968765546,1147,3.7481177275838466,1.8121149897330597,0.28996127876092037,2830304,5.7689090320000105,0.5649405639996985,16464
pvdaq_1225,R,main,"Port Chester, NY",Dfa,random_forest,4,-0.5,2013-05-01 00:00:00,5932,1339,0.09348612278699875,0.06064009293913841,0.8507226705551147,0.29176915117896407,-1.5492584423602906,-2.84622174528135,-0.21296821489449336,1147,3.7481177275838466,1.8121149897330597,0.2899932797849531,2835086,7.403425304999473,0.7685437119998824,16464
pvdaq_1225,R,main,"Port Chester, NY",Dfa,xgboost,0,-1.0,2013-05-01 00:00:00,5933,1339,0.09342821687459946,0.06252288073301315,0.8493309617042542,0.29312395031724475,-3.1968127466922014,-4.430423302268172,-1.629220051523017,1147,3.7481177275838466,1.8121149897330597,0.2906333002656085,397,1.7688630829998147,0.11216531599984592,16464
pvdaq_1225,R,main,"Port Chester, NY",Dfa,xgboost,1,-1.0,2013-05-01 00:00:00,5933,1339,0.09292732179164886,0.06239213049411774,0.8509421944618225,0.29155242995304864,-2.9274048129606767,-4.7799519687305665,-1.3803263698513812,1147,3.7481177275838466,1.8121149897330597,0.29056929821754296,384,1.8232101129997318,0.1225368970008276,16464
pvdaq_1225,R,main,"Port Chester, NY",Dfa,xgboost,2,-1.0,2013-05-01 00:00:00,5933,1339,0.09306611865758896,0.06201682239770889,0.8504965901374817,0.2919878946017063,-3.210512385290154,-4.677264791006099,-1.5997520682193622,1147,3.7481177275838466,1.8121149897330597,0.29060129924157574,407,1.8509437140000955,0.11610602800010383,16464
pvdaq_1225,R,main,"Port Chester, NY",Dfa,xgboost,3,-1.0,2013-05-01 00:00:00,5933,1339,0.09306105971336365,0.062391068786382675,0.8505128622055054,0.2919720225475736,-3.294522315914783,-4.552751533309252,-1.520524281571675,1147,3.7481177275838466,1.8121149897330597,0.2906333002656085,388,1.8090295089996289,0.12320084200018755,16464
pvdaq_1225,R,main,"Port Chester, NY",Dfa,xgboost,4,-1.0,2013-05-01 00:00:00,5933,1339,0.09322724491357803,0.0621383860707283,0.8499784469604492,0.2924934160194889,-3.134660673921698,-4.498388882788418,-1.6364783190342402,1147,3.7481177275838466,1.8121149897330597,0.29060129924157574,413,1.8006110320002335,0.11248441499992623,16464
pvdaq_1225,R,main,"Port Chester, NY",Dfa,random_forest,0,-1.0,2013-05-01 00:00:00,5933,1339,0.09310072660446167,0.060296911746263504,0.8503853678703308,0.2920964744123787,-2.1799679027924457,-3.2127370408658873,-0.9299041430093191,1147,3.7481177275838466,1.8121149897330597,0.2905372971935102,2837568,6.977450972000042,0.5546174729997801,16464
pvdaq_1225,R,main,"Port Chester, NY",Dfa,random_forest,1,-1.0,2013-05-01 00:00:00,5933,1339,0.09314527362585068,0.06043636426329613,0.8502421379089355,0.29223623731614834,-1.9546531682981574,-2.97474894313402,-0.46804299619961354,1147,3.7481177275838466,1.8121149897330597,0.29037729207334634,2835580,6.284196833999886,0.5930446399997891,16464
pvdaq_1225,R,main,"Port Chester, NY",Dfa,random_forest,2,-1.0,2013-05-01 00:00:00,5933,1339,0.09331604093313217,0.06041529029607773,0.8496925234794617,0.2927720068017479,-1.8546806856845288,-3.2602562489500686,-0.5419573112604104,1147,3.7481177275838466,1.8121149897330597,0.2904412941214119,2834408,5.986022239999329,0.5936340130001554,16464
pvdaq_1225,R,main,"Port Chester, NY",Dfa,random_forest,3,-1.0,2013-05-01 00:00:00,5933,1339,0.09309463948011398,0.06034407764673233,0.8504049181938171,0.292077376521029,-1.8422927049339233,-3.0690882013502985,-0.6345844425537189,1147,3.7481177275838466,1.8121149897330597,0.2904732951454447,2834168,5.353359009000087,0.5253039030003492,16464
pvdaq_1225,R,main,"Port Chester, NY",Dfa,random_forest,4,-1.0,2013-05-01 00:00:00,5933,1339,0.09335941821336746,0.06042945012450218,0.8495527505874634,0.29290809973129245,-1.9157061886241333,-3.2503602541981653,-0.609269209664952,1147,3.7481177275838466,1.8121149897330597,0.29034529104931356,2832976,6.579702290000569,0.6406802269993932,16464
pvdaq_1225,R,main,"Port Chester, NY",Dfa,xgboost,0,-2.0,2013-05-01 00:00:00,5936,1339,0.0925402045249939,0.06186193972826004,0.8490335941314697,0.2934282746245391,-3.8225071104873276,-5.389283507437327,-2.1760256158337543,1147,3.7481177275838466,1.8121149897330597,0.2909213094819034,387,1.8277675010003804,0.13779443400017044,16464
pvdaq_1225,R,main,"Port Chester, NY",Dfa,xgboost,1,-2.0,2013-05-01 00:00:00,5936,1339,0.09252350777387619,0.06255006045103073,0.8490880727767944,0.29337533224238793,-4.028581066317916,-5.396373900047524,-2.349134075649828,1147,3.7481177275838466,1.8121149897330597,0.29085730743383786,362,1.9507046449998597,0.10863917699953163,16464
pvdaq_1225,R,main,"Port Chester, NY",Dfa,xgboost,2,-2.0,2013-05-01 00:00:00,5936,1339,0.09241282194852829,0.062101926654577255,0.8494489192962646,0.2930243674814612,-3.8263521472629107,-5.346163759541122,-2.35001973438666,1147,3.7481177275838466,1.8121149897330597,0.29088930845787064,369,1.787457964999703,0.14080774000012752,16464
pvdaq_1225,R,main,"Port Chester, NY",Dfa,xgboost,3,-2.0,2013-05-01 00:00:00,5936,1339,0.09232993423938751,0.06239037215709686,0.8497188687324524,0.292761545526338,-3.7510498781515023,-5.28010138442977,-1.9696761102540483,1147,3.7481177275838466,1.8121149897330597,0.2909533105059362,362,1.8306069469999784,0.13544069999989006,16464
pvdaq_1225,R,main,"Port Chester, NY",Dfa,xgboost,4,-2.0,2013-05-01 00:00:00,5936,1339,0.09287168085575104,0.06257099658250809,0.8479501605033875,0.29447932620057776,-3.764648195011455,-5.13575276160794,-2.1332284544978597,1147,3.7481177275838466,1.8121149897330597,0.2907613043617396,369,1.8103791809999166,0.12176408200048172,16464
pvdaq_1225,R,main,"Port Chester, NY",Dfa,random_forest,0,-2.0,2013-05-01 00:00:00,5936,1339,0.09238719195127487,0.05996967852115631,0.8495324850082397,0.29294309938927027,-2.6572767059954927,-3.749913654487236,-1.4282682720349271,1147,3.7481177275838466,1.8121149897330597,0.2907613043617396,2835106,7.904999301999851,0.5005745199996454,16464
pvdaq_1225,R,main,"Port Chester, NY",Dfa,random_forest,1,-2.0,2013-05-01 00:00:00,5936,1339,0.09239233285188675,0.06003578379750252,0.8495156764984131,0.2929594002565993,-2.5837401303758,-3.5377731862668105,-1.1959794173245886,1147,3.7481177275838466,1.8121149897330597,0.29060129924157574,2842418,6.095751820999794,0.542401081999742,16464
pvdaq_1225,R,main,"Port Chester, NY",Dfa,random_forest,2,-2.0,2013-05-01 00:00:00,5936,1339,0.09277475625276566,0.06022058427333832,0.8482673764228821,0.29417199579031283,-2.513707066374907,-3.9545684247083703,-1.2441699313612387,1147,3.7481177275838466,1.8121149897330597,0.29082530640980514,2843640,7.050368602999697,0.5732109680002395,16464
pvdaq_1225,R,main,"Port Chester, NY",Dfa,random_forest,3,-2.0,2013-05-01 00:00:00,5936,1339,0.09260004758834839,0.06007968634366989,0.8488383293151855,0.29361802617002664,-2.737113740566546,-3.580952270031439,-1.3011925104871862,1147,3.7481177275838466,1.8121149897330597,0.290697302313674,2835362,7.094971302999511,0.5433125059998929,16464
pvdaq_1225,R,main,"Port Chester, NY",Dfa,random_forest,4,-2.0,2013-05-01 00:00:00,5936,1339,0.09247156232595444,0.05975490063428879,0.8492574691772461,0.2932106226090289,-2.7474068295330945,-3.758413296937412,-1.3805952029046586,1147,3.7481177275838466,1.8121149897330597,0.29066530128964124,2840272,5.66883242699987,0.6158754699999918,16464
