system_id,tier,role,location,climate,model,seed,injection,ref_end,n_train,n_val,val_rmse,val_mae,val_r2,val_nrmse_mean,plr,ci_low,ci_high,days,span_years,t_center_years,points_kept_fraction,parameters,train_seconds,inference_seconds,inference_samples
pvdaq_1246,R,main,"New Orleans, LA",Cfa,lstm,0,0.0,2014-03-01 00:00:00,6361,1485,0.1017751470208168,0.0672139972448349,0.8015198707580566,0.33270931390224134,-2.4597506580983755,-4.0127863857281,0.10064280988912877,1260,3.5345653661875427,1.7724161533196439,0.3362562692121016,13729,154.5468267,0.07477119999998649,16447
pvdaq_1246,R,main,"New Orleans, LA",Cfa,lstm,1,0.0,2014-03-01 00:00:00,6361,1485,0.10178077965974808,0.06721600890159607,0.8014978766441345,0.33272772735080064,-2.399418661015024,-3.7530012310622585,-0.09173431977020363,1260,3.5345653661875427,1.7724161533196439,0.33596505419834977,13729,160.97528049999994,0.055433100000072955,16447
pvdaq_1246,R,main,"New Orleans, LA",Cfa,lstm,2,0.0,2014-03-01 00:00:00,6361,1485,0.102093406021595,0.06860610097646713,0.8002765774726868,0.33374972245866885,-1.8285502867227577,-3.7871856211853796,-0.23007254108355357,1260,3.5345653661875427,1.7724161533196439,0.335673839184598,13729,172.54368009999996,0.042652000000089174,16447
pvdaq_1246,R,main,"New Orleans, LA",Cfa,lstm,3,0.0,2014-03-01 00:00:00,6361,1485,0.1052870973944664,0.0723855122923851,0.7875856161117554,0.3441900990789671,-1.9387541527543128,-3.88725892228795,-0.09039616770656345,1260,3.5345653661875427,1.7724161533196439,0.336159197540851,13729,83.0378038,0.05778220000001966,16447
pvdaq_1246,R,main,"New Orleans, LA",Cfa,lstm,4,0.0,2014-03-01 00:00:00,6361,1485,0.1026078388094902,0.06981512159109116,0.7982587814331055,0.33543143538092507,-1.982188060021428,-3.9004517321630128,0.12342575064571149,1260,3.5345653661875427,1.7724161533196439,0.3347031224720919,13729,126.85833869999999,0.060956600000054095,16447
pvdaq_1246,R,main,"New Orleans, LA",Cfa,gru,0,0.0,2014-03-01 00:00:00,6361,1485,0.10055787116289139,0.06745149195194244,0.8062392473220825,0.328729963074703,-1.8880201698377785,-3.553591819452495,0.12019636662128352,1260,3.5345653661875427,1.7724161533196439,0.33389419187833685,151809,130.9037032000001,0.12364899999988666,16447
pvdaq_1246,R,main,"New Orleans, LA",Cfa,gru,1,0.0,2014-03-01 00:00:00,6361,1485,0.10121199488639832,0.06829258054494858,0.8037102818489075,0.33086833439251256,-1.2258115001432646,-3.564359445214338,0.4191317519324809,1260,3.5345653661875427,1.7724161533196439,0.33651512700210323,151809,160.9253552,0.13007919999995465,16447
pvdaq_1246,R,main,"New Orleans, LA",Cfa,gru,2,0.0,2014-03-01 00:00:00,6361,1485,0.10071437805891037,0.06746106594800949,0.8056356906890869,0.3292415938953865,-2.0072339290464702,-3.7274204473113137,-0.2926791179872333,1260,3.5345653661875427,1.7724161533196439,0.3359326969745996,151809,118.12106510000012,0.08798279999996339,16447
pvdaq_1246,R,main,"New Orleans, LA",Cfa,gru,3,0.0,2014-03-01 00:00:00,6361,1485,0.10066363215446472,0.06815370172262192,0.8058314919471741,0.3290757023634587,-1.6892620587471485,-3.621549424596404,-0.24908919254336137,1260,3.5345653661875427,1.7724161533196439,0.3348972658145931,151809,164.7152020000001,0.0930587000000287,16447
pvdaq_1246,R,main,"New Orleans, LA",Cfa,gru,4,0.0,2014-03-01 00:00:00,6361,1485,0.10156261920928955,0.0687001422047615,0.8023478984832764,0.33201454720891577,-1.7079193162003348,-3.4842254091464118,-0.21421364247307118,1260,3.5345653661875427,1.7724161533196439,0.3352855524995955,151809,127.11983680000003,0.08638369999994211,16447
pvdaq_1246,R,main,"New Orleans, LA",Cfa,tcn,0,0.0,2014-03-01 00:00:00,6361,1485,0.10267966240644455,0.06945285201072693,0.7979762554168701,0.3356662312064696,-1.562954691287477,-3.539792400615088,0.514548811261695,1260,3.5345653661875427,1.7724161533196439,0.3351884808283449,198273,9.65632759999994,0.19954340000003867,16447
pvdaq_1246,R,main,"New Orleans, LA",Cfa,tcn,1,0.0,2014-03-01 00:00:00,6361,1485,0.10338598489761353,0.06840628385543823,0.7951872944831848,0.33797524355682745,-2.181872396519957,-3.6181034396252167,0.013565845564778023,1260,3.5345653661875427,1.7724161533196439,0.33677398479210485,198273,7.673247100000026,0.1190420999998878,16447
pvdaq_1246,R,main,"New Orleans, LA",Cfa,tcn,2,0.0,2014-03-01 00:00:00,6361,1485,0.1015641987323761,0.06951101124286652,0.8023417592048645,0.3320197107685647,-1.971595801301651,-4.051790960099044,-0.053251981973545526,1260,3.5345653661875427,1.7724161533196439,0.3336676913120854,198273,15.313556999999946,0.1277622000000065,16447
pvdaq_1246,R,main,"New Orleans, LA",Cfa,tcn,3,0.0,2014-03-01 00:00:00,6361,1485,0.1023826077580452,0.06969288736581802,0.7991434931755066,0.33469514100268727,-1.9618926155881677,-3.971415200099304,-0.05794823444126296,1260,3.5345653661875427,1.7724161533196439,0.33683869923960524,198273,7.081221599999935,0.13846379999995406,16447
pvdaq_1246,R,main,"New Orleans, LA",Cfa,tcn,4,0.0,2014-03-01 00:00:00,6361,1485,0.10217645019292831,0.06968919932842255,0.7999515533447266,0.3340211990428514,-2.2364685106972426,-4.145305169530028,0.32434173725574555,1260,3.5345653661875427,1.7724161533196439,0.3362562692121016,198273,13.83684130000006,0.13551259999985632,16447
pvdaq_1246,R,main,"New Orleans, LA",Cfa,patchtst,0,0.0,2014-03-01 00:00:00,6361,1485,0.10409973561763763,0.07351769506931305,0.7923495769500732,0.3403085392513832,-1.1336150886538832,-3.1497892691019547,1.1690642268973983,1259,3.5345653661875427,1.7710472279260778,0.3352208380520951,25857,15.575548900000058,0.2985774000001129,16447
pvdaq_1246,R,main,"New Orleans, LA",Cfa,patchtst,1,0.0,2014-03-01 00:00:00,6361,1485,0.10341285914182663,0.07079357653856277,0.7950807809829712,0.3380630971400992,-2.531110754652933,-3.8653834899870674,-0.2005166553291471,1260,3.5345653661875427,1.7696783025325118,0.33700048535835625,25857,37.300588299999845,0.298386500000106,16447
pvdaq_1246,R,main,"New Orleans, LA",Cfa,patchtst,2,0.0,2014-03-01 00:00:00,6361,1485,0.1041264608502388,0.07260660827159882,0.7922429442405701,0.34039590570638617,-1.6391020778976584,-3.641702832469562,0.9603365726463918,1260,3.5345653661875427,1.7696783025325118,0.3365474842258534,25857,25.68033619999983,0.30140480000000025,16447
pvdaq_1246,R,main,"New Orleans, LA",Cfa,patchtst,3,0.0,2014-03-01 00:00:00,6361,1485,0.1036364808678627,0.07250833511352539,0.7941936254501343,0.33879413053303425,-1.6469285164754155,-3.6005937096418417,0.7057231372623707,1260,3.5345653661875427,1.7696783025325118,0.336644555897104,25857,19.155405599999995,0.29994379999993726,16447
pvdaq_1246,R,main,"New Orleans, LA",Cfa,patchtst,4,0.0,2014-03-01 00:00:00,6361,1485,0.10279908031225204,0.07256045192480087,0.7975060939788818,0.3360566158010576,-2.064939289982237,-3.8507509144945162,0.24149058137241664,1259,3.5345653661875427,1.7710472279260778,0.33538262417084613,25857,33.71521920000009,0.304484999999886,16447
pvdaq_1246,R,main,"New Orleans, LA",Cfa,informer,0,0.0,2014-03-01 00:00:00,6361,1485,0.10243106633424759,0.07007205486297607,0.7989532947540283,0.33485355511568954,-2.4858297720555034,-4.712535391074074,-0.3344657206642343,1260,3.5345653661875427,1.7724161533196439,0.3342501213395891,81537,36.78332769999997,0.15179990000001453,16447
pvdaq_1246,R,main,"New Orleans, LA",Cfa,informer,1,0.0,2014-03-01 00:00:00,6361,1485,0.10058345645666122,0.06744486838579178,0.806140661239624,0.32881360299844986,-2.5148943148170897,-4.486727948816982,0.03405663409047355,1260,3.5345653661875427,1.7724161533196439,0.3349619802620935,81537,51.66382539999972,0.20761240000001635,16447
pvdaq_1246,R,main,"New Orleans, LA",Cfa,informer,2,0.0,2014-03-01 00:00:00,6361,1485,0.10348345339298248,0.0703817829489708,0.794800877571106,0.3382938741574264,-2.319854457949705,-4.188648160989522,-0.17858378797300964,1260,3.5345653661875427,1.7724161533196439,0.33716227147710726,81537,27.532940000000053,0.2129641999999876,16447
pvdaq_1246,R,main,"New Orleans, LA",Cfa,informer,3,0.0,2014-03-01 00:00:00,6361,1485,0.10170262306928635,0.06794501841068268,0.8018026351928711,0.3324722285738336,-2.7342899895157533,-4.381438854798104,-0.7183055517495888,1260,3.5345653661875427,1.7724161533196439,0.3342501213395891,81537,44.26355169999988,0.12843860000020868,16447
pvdaq_1246,R,main,"New Orleans, LA",Cfa,informer,4,0.0,2014-03-01 00:00:00,6361,1485,0.10452748090028763,0.07107563316822052,0.7906395792961121,0.3417068653032856,-2.237941697553331,-4.17796727991116,-0.35099124644341617,1260,3.5345653661875427,1.7724161533196439,0.33661219867335385,81537,17.171475199999804,0.14709679999987202,16447
pvdaq_1246,R,main,"New Orleans, LA",Cfa,lstm,0,-0.25,2014-03-01 00:00:00,6361,1485,0.10156010836362839,0.06709570437669754,0.8014979958534241,0.33276506093156083,-2.7881269692596797,-4.211503451818771,-0.09254465646156285,1260,3.5345653661875427,1.7724161533196439,0.3364180553308526,13729,121.11398310000004,0.0467623999998068,16447
pvdaq_1246,R,main,"New Orleans, LA",Cfa,lstm,1,-0.25,2014-03-01 00:00:00,6361,1485,0.10156029462814331,0.06709069013595581,0.8014972805976868,0.3327656712334171,-2.4593827221755737,-3.9803381980491936,-0.29278850253487976,1260,3.5345653661875427,1.7724161533196439,0.3361268403171008,13729,121.36778069999991,0.05106949999981225,16447
pvdaq_1246,R,main,"New Orleans, LA",Cfa,lstm,2,-0.25,2014-03-01 00:00:00,6361,1485,0.10187328606843948,0.06848747283220291,0.8002719283103943,0.3337911980606267,-2.068333531116701,-3.9635271797338945,-0.42274070539632946,1260,3.5345653661875427,1.7724161533196439,0.33580326807959876,13729,120.65278690000014,0.07097849999991013,16447
pvdaq_1246,R,main,"New Orleans, LA",Cfa,lstm,3,-0.25,2014-03-01 00:00:00,6361,1485,0.10506638139486313,0.07225079834461212,0.7875552177429199,0.34425348072237083,-2.1998181898931435,-4.150793655210588,-0.42275946225930894,1260,3.5345653661875427,1.7724161533196439,0.3362886264358518,13729,66.94703980000031,0.053448499999831256,16447
pvdaq_1246,R,main,"New Orleans, LA",Cfa,lstm,4,-0.25,2014-03-01 00:00:00,6361,1485,0.10238861292600632,0.06969288736581802,0.7982461452484131,0.33547968358827024,-2.205876440142873,-4.106602098088069,-0.046505164376386965,1260,3.5345653661875427,1.7724161533196439,0.3348001941433425,13729,91.32584870000028,0.05462130000023535,16447
pvdaq_1246,R,main,"New Orleans, LA",Cfa,gru,0,-0.25,2014-03-01 00:00:00,6361,1485,0.10034006834030151,0.06731627881526947,0.80623859167099,0.328767559360888,-2.1176625411149343,-3.7879692922965447,-0.12889790017552305,1260,3.5345653661875427,1.7724161533196439,0.33402362077333764,151809,107.4826908,0.10186000000021522,16447
pvdaq_1246,R,main,"New Orleans, LA",Cfa,gru,1,-0.25,2014-03-01 00:00:00,6361,1485,0.10099213570356369,0.0681525468826294,0.8037120699882507,0.3309040796872598,-1.4801339750780185,-3.836871672674469,0.21674730240932027,1260,3.5345653661875427,1.7724161533196439,0.3365798414496036,151809,168.40053639999996,0.10659510000004957,16447
pvdaq_1246,R,main,"New Orleans, LA",Cfa,gru,2,-0.25,2014-03-01 00:00:00,6361,1485,0.10049822926521301,0.06734085828065872,0.8056272864341736,0.32928577887308785,-2.0951089433865864,-3.9019552902831323,-0.44148522682760927,1260,3.5345653661875427,1.7724161533196439,0.3361268403171008,151809,150.76255429999992,0.1011198000001059,16447
pvdaq_1246,R,main,"New Orleans, LA",Cfa,gru,3,-0.25,2014-03-01 00:00:00,6361,1485,0.10044458508491516,0.06802795827388763,0.8058347105979919,0.3291100119384808,-1.9645335079762871,-3.80114320876162,-0.4583532097738152,1260,3.5345653661875427,1.7724161533196439,0.3348972658145931,151809,173.40924470000027,0.07619629999999233,16447
pvdaq_1246,R,main,"New Orleans, LA",Cfa,gru,4,-0.25,2014-03-01 00:00:00,6361,1485,0.10134155303239822,0.06856174767017365,0.8023514747619629,0.3320489571454825,-1.8856258519298175,-3.673773240825458,-0.3685001093173157,1260,3.5345653661875427,1.7724161533196439,0.33547969584209675,151809,126.03637819999994,0.12235800000007657,16447
pvdaq_1246,R,main,"New Orleans, LA",Cfa,tcn,0,-0.25,2014-03-01 00:00:00,6361,1485,0.10275863111019135,0.06954161077737808,0.796785295009613,0.33669206043179684,-2.2843645306263873,-4.155393203345413,-0.03446845504174734,1260,3.5345653661875427,1.7724161533196439,0.33596505419834977,198273,7.521526300000005,0.17063809999990553,16447
pvdaq_1246,R,main,"New Orleans, LA",Cfa,tcn,1,-0.25,2014-03-01 00:00:00,6361,1485,0.10299450159072876,0.07061561197042465,0.7958512902259827,0.33746489787843453,-2.0699914256298024,-4.495848366371891,0.059218744692879355,1260,3.5345653661875427,1.7724161533196439,0.3357709108558486,198273,6.920928800000183,0.167785399999957,16447
pvdaq_1246,R,main,"New Orleans, LA",Cfa,tcn,2,-0.25,2014-03-01 00:00:00,6361,1485,0.10142358392477036,0.06937973201274872,0.8020313382148743,0.3323177340829858,-2.5378834224020763,-4.088962279436615,-0.4349954181688376,1260,3.5345653661875427,1.7724161533196439,0.3371946287008575,198273,9.400715000000218,0.13471110000000408,16447
pvdaq_1246,R,main,"New Orleans, LA",Cfa,tcn,3,-0.25,2014-03-01 00:00:00,6361,1485,0.10192381590604782,0.06859318166971207,0.8000737428665161,0.33395676074819686,-2.426508155129581,-3.942383305523578,0.025781828027482412,1261,3.5345653661875427,1.7710472279260778,0.33722698592460765,198273,6.962256400000115,0.10281700000041383,16447
pvdaq_1246,R,main,"New Orleans, LA",Cfa,tcn,4,-0.25,2014-03-01 00:00:00,6361,1485,0.10133545100688934,0.06944867968559265,0.8023752570152283,0.33202896365667095,-1.9411106536667122,-4.0198565484732995,0.19684307834203496,1260,3.5345653661875427,1.7724161533196439,0.3359974114221,198273,13.888326900000266,0.15705230000003212,16447
pvdaq_1246,R,main,"New Orleans, LA",Cfa,patchtst,0,-0.25,2014-03-01 00:00:00,6361,1485,0.1038869097828865,0.07337447255849838,0.7922982573509216,0.3403889028959946,-1.3570989017176904,-3.465785224212714,0.9575794425910389,1259,3.5345653661875427,1.7710472279260778,0.3351884808283449,25857,17.713160499999958,0.37777600000026723,16447
pvdaq_1246,R,main,"New Orleans, LA",Cfa,patchtst,1,-0.25,2014-03-01 00:00:00,6361,1485,0.10314344614744186,0.07063616812229156,0.7952604293823242,0.3379529196547859,-2.8835168382351393,-4.24628513438041,-0.37448709107836264,1260,3.5345653661875427,1.7696783025325118,0.33693577091085586,25857,40.339241799999854,0.3352101999998922,16447
pvdaq_1246,R,main,"New Orleans, LA",Cfa,patchtst,2,-0.25,2014-03-01 00:00:00,6361,1485,0.1039159968495369,0.07245896756649017,0.7921819090843201,0.34048420763387044,-1.932409762767684,-3.863223496183865,0.6432534289225189,1260,3.5345653661875427,1.7696783025325118,0.33667691312085424,25857,27.42884499999991,0.3466224999997394,16447
pvdaq_1246,R,main,"New Orleans, LA",Cfa,patchtst,3,-0.25,2014-03-01 00:00:00,6361,1485,0.10343930125236511,0.07245808839797974,0.7940841913223267,0.33892229871121826,-1.933481462612463,-3.8759837100238226,0.3457982541236082,1260,3.5345653661875427,1.7696783025325118,0.33677398479210485,25857,19.86886220000042,0.291462600000159,16447
pvdaq_1246,R,main,"New Orleans, LA",Cfa,patchtst,4,-0.25,2014-03-01 00:00:00,6361,1485,0.10380624234676361,0.07302384078502655,0.7926206588745117,0.3401245933680792,-1.8681768335587323,-3.573864002738103,0.7250631139715913,1259,3.5345653661875427,1.7710472279260778,0.3347354796958421,25857,22.68346930000007,0.3879485000002205,16447
pvdaq_1246,R,main,"New Orleans, LA",Cfa,informer,0,-0.25,2014-03-01 00:00:00,6361,1485,0.10244254022836685,0.07112542539834976,0.798033595085144,0.33565637818169886,-2.3471712904890305,-4.491488151705797,-0.053724834234791796,1260,3.5345653661875427,1.7724161533196439,0.33386183465458663,81537,37.8042575000004,0.19088150000015958,16447
pvdaq_1246,R,main,"New Orleans, LA",Cfa,informer,1,-0.25,2014-03-01 00:00:00,6361,1485,0.10347103327512741,0.07165142893791199,0.7939578294754028,0.3390262697354532,-2.161591158900089,-4.262282543851825,0.5247521125520753,1260,3.5345653661875427,1.7724161533196439,0.33395890632583725,81537,19.532437599999867,0.22526109999989785,16447
pvdaq_1246,R,main,"New Orleans, LA",Cfa,informer,2,-0.25,2014-03-01 00:00:00,6361,1485,0.10337937623262405,0.07038979232311249,0.7943227291107178,0.33872595239801756,-2.587151517739772,-4.383584418685005,-0.5077109060104112,1260,3.5345653661875427,1.7724161533196439,0.3370328425821065,81537,20.521235199999865,0.22731620000013208,16447
pvdaq_1246,R,main,"New Orleans, LA",Cfa,informer,3,-0.25,2014-03-01 00:00:00,6361,1485,0.10079196840524673,0.06824801117181778,0.8044893741607666,0.33024822490043293,-2.6564580466405308,-4.609962563566572,-0.7246795524949001,1260,3.5345653661875427,1.7724161533196439,0.3365798414496036,81537,48.34502580000026,0.1657585999996627,16447
pvdaq_1246,R,main,"New Orleans, LA",Cfa,informer,4,-0.25,2014-03-01 00:00:00,6361,1485,0.10192157328128815,0.07070295512676239,0.8000825643539429,0.3339494127138473,-2.532422410995372,-4.6226463699366835,-0.05039792848894331,1260,3.5345653661875427,1.7724161533196439,0.3335059051933344,81537,50.58517040000015,0.16077409999979864,16447
pvdaq_1246,R,main,"New Orleans, LA",Cfa,lstm,0,-0.5,2014-03-01 00:00:00,6364,1485,0.10191549360752106,0.0683697760105133,0.7992371320724487,0.33469435712362533,-2.1891892733162557,-4.04667947857591,-0.19425736673267524,1260,3.5345653661875427,1.7724161533196439,0.3360297686458502,13729,172.71049459999995,0.08577210000021296,16447
pvdaq_1246,R,main,"New Orleans, LA",Cfa,lstm,1,-0.5,2014-03-01 00:00:00,6364,1485,0.10203756392002106,0.06832413375377655,0.798755943775177,0.33509524067253305,-3.0150704210936112,-4.649260174584835,0.0007107342687939777,1260,3.5345653661875427,1.7724161533196439,0.336644555897104,13729,160.215107,0.0956808999999339,16447
pvdaq_1246,R,main,"New Orleans, LA",Cfa,lstm,2,-0.5,2014-03-01 00:00:00,6364,1485,0.10246685147285461,0.06919347494840622,0.7970590591430664,0.33650503732298265,-2.5891988240955177,-4.309952866863165,-0.5021293156967865,1260,3.5345653661875427,1.7724161533196439,0.3343795502345899,13729,236.86392109999952,0.11678609999944456,16447
pvdaq_1246,R,main,"New Orleans, LA",Cfa,lstm,3,-0.5,2014-03-01 00:00:00,6364,1485,0.10155592858791351,0.06758388131856918,0.8006512522697449,0.3335135319240228,-2.4201543766995903,-4.314991090297848,-0.5051443249080689,1260,3.5345653661875427,1.7724161533196439,0.3352855524995955,13729,196.3929688999997,0.09341560000029858,16447
pvdaq_1246,R,main,"New Orleans, LA",Cfa,lstm,4,-0.5,2014-03-01 00:00:00,6364,1485,0.10186335444450378,0.06848044693470001,0.7994425296783447,0.3345231301292859,-2.501273594269493,-4.184843808462668,-0.4807817504693057,1260,3.5345653661875427,1.7724161533196439,0.33651512700210323,13729,266.8021312999999,0.1035717000004297,16447
pvdaq_1246,R,main,"New Orleans, LA",Cfa,gru,0,-0.5,2014-03-01 00:00:00,6364,1485,0.10034913569688797,0.06841345876455307,0.8053607940673828,0.32955037817236055,-1.735831253652531,-4.0717089180066335,-0.31772005064518716,1260,3.5345653661875427,1.7724161533196439,0.33667691312085424,151809,215.6595656999998,0.1898475000007238,16447
pvdaq_1246,R,main,"New Orleans, LA",Cfa,gru,1,-0.5,2014-03-01 00:00:00,6364,1485,0.10121600329875946,0.06821735203266144,0.8019835352897644,0.3323972043461806,-2.2293855704868415,-4.14949164923053,-0.6423543828752654,1260,3.5345653661875427,1.7724161533196439,0.33706519980585664,151809,214.6292724999994,0.19107470000017202,16447
pvdaq_1246,R,main,"New Orleans, LA",Cfa,gru,2,-0.5,2014-03-01 00:00:00,6364,1485,0.10157843679189682,0.06857581436634064,0.800562858581543,0.33358744972195065,-2.287539289388152,-4.200844966764549,0.09396836218572013,1260,3.5345653661875427,1.7724161533196439,0.335673839184598,151809,146.43519639999977,0.11678879999999481,16447
pvdaq_1246,R,main,"New Orleans, LA",Cfa,gru,3,-0.5,2014-03-01 00:00:00,6364,1485,0.1013450101017952,0.06834067404270172,0.8014784455299377,0.3328208675938208,-2.3968725900086474,-4.476130479358391,-0.3500343139341666,1260,3.5345653661875427,1.7724161533196439,0.3362886264358518,151809,70.67567860000054,0.09968000000117172,16447
pvdaq_1246,R,main,"New Orleans, LA",Cfa,gru,4,-0.5,2014-03-01 00:00:00,6364,1485,0.10201167315244675,0.06839298456907272,0.7988580465316772,0.3350102144071245,-2.864707386113224,-4.54794705568759,-0.7667041394046836,1260,3.5345653661875427,1.7724161533196439,0.335673839184598,151809,73.50804729999982,0.0969355999986874,16447
pvdaq_1246,R,main,"New Orleans, LA",Cfa,tcn,0,-0.5,2014-03-01 00:00:00,6364,1485,0.1012546494603157,0.07031957805156708,0.8018323183059692,0.3325241198105473,-1.9056975421580524,-4.329699285598587,0.05886174001548672,1260,3.5345653661875427,1.7724161533196439,0.33389419187833685,198273,10.254888100000244,0.15589340000042284,16447
pvdaq_1246,R,main,"New Orleans, LA",Cfa,tcn,1,-0.5,2014-03-01 00:00:00,6364,1485,0.10066357254981995,0.0677742287516594,0.8041391372680664,0.33058300075625663,-2.2324140971917483,-4.366507538607289,-0.4540179654646481,1261,3.5345653661875427,1.7710472279260778,0.33554441028959714,198273,8.512257899999895,0.09951030000047467,16447
pvdaq_1246,R,main,"New Orleans, LA",Cfa,tcn,2,-0.5,2014-03-01 00:00:00,6364,1485,0.10119090974330902,0.06869466602802277,0.8020817041397095,0.33231479615570686,-2.240853364755785,-4.443426262731052,-0.3856286954561472,1260,3.5345653661875427,1.7724161533196439,0.33722698592460765,198273,6.217523299999812,0.1001218000001245,16447
pvdaq_1246,R,main,"New Orleans, LA",Cfa,tcn,3,-0.5,2014-03-01 00:00:00,6364,1485,0.10069064050912857,0.06784192472696304,0.8040338158607483,0.33067189296409244,-2.379278868763274,-4.454369293264437,-0.2333105960276638,1260,3.5345653661875427,1.7724161533196439,0.3373564148196085,198273,9.311787099999492,0.10150730000168551,16447
pvdaq_1246,R,main,"New Orleans, LA",Cfa,tcn,4,-0.5,2014-03-01 00:00:00,6364,1485,0.10111210495233536,0.06995005160570145,0.8023898601531982,0.33205599822499415,-2.41359508689683,-4.362141380585394,-0.3311558120255298,1260,3.5345653661875427,1.7724161533196439,0.3362239119883514,198273,6.55043730000034,0.09927059999972698,16447
pvdaq_1246,R,main,"New Orleans, LA",Cfa,patchtst,0,-0.5,2014-03-01 00:00:00,6364,1485,0.10353969037532806,0.07151477783918381,0.7927871942520142,0.34002828108161437,-2.134680143513834,-3.6074551294059565,0.39895201168294037,1259,3.5345653661875427,1.7710472279260778,0.33580326807959876,25857,14.47868070000004,0.29142140000112704,16447
pvdaq_1246,R,main,"New Orleans, LA",Cfa,patchtst,1,-0.5,2014-03-01 00:00:00,6364,1485,0.10507752001285553,0.07303434610366821,0.7865861654281616,0.34507857209899434,-2.2917425955275905,-4.069081015543463,-0.23295025112278767,1261,3.5345653661875427,1.7710472279260778,0.3383271315321145,25857,15.374397499999759,0.2909149000006437,16447
pvdaq_1246,R,main,"New Orleans, LA",Cfa,patchtst,2,-0.5,2014-03-01 00:00:00,6364,1485,0.10276144742965698,0.07112672179937363,0.7958904504776001,0.3374725016493872,-2.1925902520269602,-4.254463784018814,0.18247559267955404,1259,3.5345653661875427,1.7710472279260778,0.33725934314835787,25857,27.762151599999925,0.2886919000011403,16447
pvdaq_1246,R,main,"New Orleans, LA",Cfa,patchtst,3,-0.5,2014-03-01 00:00:00,6364,1485,0.1033935695886612,0.07166770845651627,0.7933716177940369,0.3395484148608393,-2.6491856422312052,-3.962725572238157,-0.4424609955569314,1260,3.5345653661875427,1.7696783025325118,0.33738877204335865,25857,20.58034939999925,0.287488800000574,16447
pvdaq_1246,R,main,"New Orleans, LA",Cfa,patchtst,4,-0.5,2014-03-01 00:00:00,6364,1485,0.10204204171895981,0.06993827223777771,0.7987382411956787,0.33510994593455046,-2.2884973076739756,-4.357139612379135,-0.033752497450145746,1259,3.5345653661875427,1.7710472279260778,0.3371299142533571,25857,28.684760100000858,0.2852199000008113,16447
pvdaq_1246,R,main,"New Orleans, LA",Cfa,informer,0,-0.5,2014-03-01 00:00:00,6364,1485,0.10247136652469635,0.07049939036369324,0.7970411777496338,0.33651986492495034,-2.452701638467042,-4.686912441302171,-0.3244172465534212,1260,3.5345653661875427,1.7724161533196439,0.3350266947095939,81537,14.39206109999941,0.13718089999929362,16447
pvdaq_1246,R,main,"New Orleans, LA",Cfa,informer,1,-0.5,2014-03-01 00:00:00,6364,1485,0.10248870402574539,0.06990395486354828,0.7969725131988525,0.3365768019377865,-2.731553892967603,-4.797307086380531,-0.785819678076527,1260,3.5345653661875427,1.7724161533196439,0.33645041255460284,81537,13.51507589999892,0.1351900999998179,16447
pvdaq_1246,R,main,"New Orleans, LA",Cfa,informer,2,-0.5,2014-03-01 00:00:00,6364,1485,0.10220270603895187,0.06863200664520264,0.7981039881706238,0.3356375736718946,-2.6772598829073404,-4.684552554133453,-0.8947524631794324,1260,3.5345653661875427,1.7724161533196439,0.3357709108558486,81537,17.27629689999958,0.1387832000000344,16447
pvdaq_1246,R,main,"New Orleans, LA",Cfa,informer,3,-0.5,2014-03-01 00:00:00,6364,1485,0.10280913859605789,0.07048498839139938,0.7957009673118591,0.33762912125366934,-2.6555799562824776,-4.822031497535978,-0.26973475852365425,1260,3.5345653661875427,1.7724161533196439,0.33541498139459636,81537,12.835770599998796,0.16613490000054298,16447
pvdaq_1246,R,main,"New Orleans, LA",Cfa,informer,4,-0.5,2014-03-01 00:00:00,6364,1485,0.1047634556889534,0.07320597022771835,0.7878600358963013,0.3440471729146006,-2.7889366648994107,-4.627709106489886,-0.9340692271131878,1259,3.5345653661875427,1.7710472279260778,0.335835625303349,81537,6.22616139999991,0.17529560000002675,16447
pvdaq_1246,R,main,"New Orleans, LA",Cfa,lstm,0,-1.0,2014-03-01 00:00:00,6364,1485,0.10149095207452774,0.06814762204885483,0.7991716265678406,0.3348339866198993,-2.677837986957299,-4.458106683806862,-0.6594406686514509,1260,3.5345653661875427,1.7724161533196439,0.3362239119883514,13729,107.88083750000078,0.04423619999943185,16447
pvdaq_1246,R,main,"New Orleans, LA",Cfa,lstm,1,-1.0,2014-03-01 00:00:00,6364,1485,0.10160215944051743,0.06810081750154495,0.7987313270568848,0.3352008765242179,-3.3332587094089714,-4.887989356797645,-0.5348226578772222,1260,3.5345653661875427,1.7724161533196439,0.336806342015855,13729,82.68527679999897,0.04455919999963953,16447
pvdaq_1246,R,main,"New Orleans, LA",Cfa,lstm,2,-1.0,2014-03-01 00:00:00,6364,1485,0.1020333394408226,0.06892197579145432,0.797019362449646,0.3366234044984055,-3.0575125811426185,-4.645944912478084,-0.7089075237589004,1260,3.5345653661875427,1.7724161533196439,0.3346707652483417,13729,94.26145270000052,0.04962329999943904,16447
pvdaq_1246,R,main,"New Orleans, LA",Cfa,lstm,3,-1.0,2014-03-01 00:00:00,6364,1485,0.10113164037466049,0.06734556704759598,0.8005911111831665,0.3336485630284704,-2.85382241452265,-4.6990101902308234,-1.038263159743802,1260,3.5345653661875427,1.7724161533196439,0.33547969584209675,13729,103.12697470000057,0.028120000000853906,16447
pvdaq_1246,R,main,"New Orleans, LA",Cfa,lstm,4,-1.0,2014-03-01 00:00:00,6364,1485,0.10143400728702545,0.06824716925621033,0.7993969917297363,0.3346461171613232,-2.874592462472525,-4.629101656880152,-0.9051301150662661,1260,3.5345653661875427,1.7724161533196439,0.336644555897104,13729,81.33764840000003,0.038236699998378754,16447
pvdaq_1246,R,main,"New Orleans, LA",Cfa,gru,0,-1.0,2014-03-01 00:00:00,6364,1485,0.09992566704750061,0.06814716756343842,0.8053185939788818,0.3296698747943342,-2.1296277128911245,-4.629288217983318,-0.687528869755033,1260,3.5345653661875427,1.7724161533196439,0.33687105646335547,151809,91.77908639999987,0.08373449999999139,16447
pvdaq_1246,R,main,"New Orleans, LA",Cfa,gru,1,-1.0,2014-03-01 00:00:00,6364,1485,0.1007765680551529,0.06792933493852615,0.801988959312439,0.3324771257934369,-2.682341575120989,-4.523208627964426,-0.8793527528930978,1260,3.5345653661875427,1.7724161533196439,0.33732405759585826,151809,88.42256549999911,0.0715675999999803,16447
pvdaq_1246,R,main,"New Orleans, LA",Cfa,gru,2,-1.0,2014-03-01 00:00:00,6364,1485,0.10116349905729294,0.06835389137268066,0.80046546459198,0.3337536696364609,-2.6230156492596413,-4.633453006761041,-0.42217251834775205,1260,3.5345653661875427,1.7724161533196439,0.33580326807959876,151809,71.92355729999872,0.07898200000090583,16447
pvdaq_1246,R,main,"New Orleans, LA",Cfa,gru,3,-1.0,2014-03-01 00:00:00,6364,1485,0.1009175032377243,0.06808742135763168,0.8014346957206726,0.3329420922566615,-2.8087505247191946,-4.7926287161655985,-0.8335480693301311,1260,3.5345653661875427,1.7724161533196439,0.33651512700210323,151809,92.70239829999991,0.09984369999983755,16447
pvdaq_1246,R,main,"New Orleans, LA",Cfa,gru,4,-1.0,2014-03-01 00:00:00,6364,1485,0.10157626122236252,0.06816662102937698,0.7988339066505432,0.335115434389191,-3.3981413997596857,-4.979143993687989,-1.3644109007270264,1260,3.5345653661875427,1.7724161533196439,0.33586798252709915,151809,78.74330870000085,0.1149316999999428,16447
pvdaq_1246,R,main,"New Orleans, LA",Cfa,tcn,0,-1.0,2014-03-01 00:00:00,6364,1485,0.10093118995428085,0.06786640733480453,0.8013808727264404,0.3329872468027042,-2.7217456761071404,-4.647533342289115,-0.744848448424118,1260,3.5345653661875427,1.7724161533196439,0.3365474842258534,198273,8.237715799999933,0.15035590000115917,16447
pvdaq_1246,R,main,"New Orleans, LA",Cfa,tcn,1,-1.0,2014-03-01 00:00:00,6364,1485,0.099948450922966,0.06863172352313995,0.8052297830581665,0.3297450422422376,-3.1387990143683098,-4.807021322466221,-1.1967427824139953,1261,3.5345653661875427,1.7710472279260778,0.33408833522083803,198273,8.148521399998572,0.1510909000007814,16447
pvdaq_1246,R,main,"New Orleans, LA",Cfa,tcn,2,-1.0,2014-03-01 00:00:00,6364,1485,0.10095157474279404,0.06627769023180008,0.8013006448745728,0.3330544993002397,-2.7834786501901965,-4.245962874461851,-0.9844967328720977,1261,3.5345653661875427,1.7710472279260778,0.33780941595211134,198273,7.463668299998972,0.15146049999930256,16447
pvdaq_1246,R,main,"New Orleans, LA",Cfa,tcn,3,-1.0,2014-03-01 00:00:00,6364,1485,0.10024487227201462,0.06702253222465515,0.8040728569030762,0.33072298106330916,-2.7017798555568406,-5.083540194838887,-0.41886265297356173,1260,3.5345653661875427,1.7724161533196439,0.3360297686458502,198273,9.266783699998996,0.11025589999917429,16447
pvdaq_1246,R,main,"New Orleans, LA",Cfa,tcn,4,-1.0,2014-03-01 00:00:00,6364,1485,0.10080955922603607,0.06961999833583832,0.8018592596054077,0.3325859686512905,-3.128890535309392,-4.7930388649027655,-0.8481518661502485,1260,3.5345653661875427,1.7724161533196439,0.33661219867335385,198273,6.853434300001027,0.15384850000009465,16447
pvdaq_1246,R,main,"New Orleans, LA",Cfa,patchtst,0,-1.0,2014-03-01 00:00:00,6364,1485,0.1031285747885704,0.07129691541194916,0.79263836145401,0.34023675140546905,-2.678079524077037,-4.161349291083694,0.14667134738932663,1259,3.5345653661875427,1.7710472279260778,0.3361268403171008,25857,21.998341000000437,0.39988369999991846,16447
pvdaq_1246,R,main,"New Orleans, LA",Cfa,patchtst,1,-1.0,2014-03-01 00:00:00,6364,1485,0.1045820340514183,0.07275658845901489,0.7867522239685059,0.34503193313764563,-2.6305023086076518,-4.393268368955939,-0.7163065484484754,1261,3.5345653661875427,1.7710472279260778,0.33845656042711536,25857,21.83816719999959,0.3924993999989965,16447
pvdaq_1246,R,main,"New Orleans, LA",Cfa,patchtst,2,-1.0,2014-03-01 00:00:00,6364,1485,0.10241773724555969,0.07108531147241592,0.795487105846405,0.33789159094042,-2.7926549998170236,-4.5332132841712,0.01630608346503172,1259,3.5345653661875427,1.7710472279260778,0.3371946287008575,25857,36.483795199999804,0.35340460000043095,16447
pvdaq_1246,R,main,"New Orleans, LA",Cfa,patchtst,3,-1.0,2014-03-01 00:00:00,6364,1485,0.10295846313238144,0.07127465307712555,0.7933219075202942,0.33967552734708756,-3.1145249254789453,-4.749951651400474,-1.0907321396633363,1260,3.5345653661875427,1.7696783025325118,0.3376152726096101,25857,29.10524720000103,0.4444827000006626,16447
pvdaq_1246,R,main,"New Orleans, LA",Cfa,patchtst,4,-1.0,2014-03-01 00:00:00,6364,1485,0.10161929577589035,0.06960839778184891,0.7986633777618408,0.3352574118839883,-2.758878751059779,-4.792651028339434,-0.7099261380479449,1259,3.5345653661875427,1.7710472279260778,0.3371299142533571,25857,42.45075569999972,0.37751120000029914,16447
pvdaq_1246,R,main,"New Orleans, LA",Cfa,informer,0,-1.0,2014-03-01 00:00:00,6364,1485,0.10189034789800644,0.0700010284781456,0.7975878715515137,0.33615165379200845,-2.5947272446076197,-5.166384975408511,-0.8064166441834305,1260,3.5345653661875427,1.7724161533196439,0.33525319527584535,81537,20.38410329999897,0.16113620000032824,16447
pvdaq_1246,R,main,"New Orleans, LA",Cfa,informer,1,-1.0,2014-03-01 00:00:00,6364,1485,0.1020871177315712,0.06963488459587097,0.7968053817749023,0.3368008272057197,-3.127201568101312,-4.915396408557737,-1.02540735055659,1260,3.5345653661875427,1.7724161533196439,0.33661219867335385,81537,20.60717250000016,0.15889969999989262,16447
pvdaq_1246,R,main,"New Orleans, LA",Cfa,informer,2,-1.0,2014-03-01 00:00:00,6364,1485,0.10123109817504883,0.0687837228178978,0.8001987338066101,0.3339766893404595,-2.9074099082510907,-5.185109947530043,-1.0422723447776394,1260,3.5345653661875427,1.7724161533196439,0.33298818961333115,81537,31.09836920000089,0.16064139999980398,16447
pvdaq_1246,R,main,"New Orleans, LA",Cfa,informer,3,-1.0,2014-03-01 00:00:00,6364,1485,0.10233766585588455,0.06977225840091705,0.7958067655563354,0.33762742332674506,-3.4374443585353798,-5.044867587568646,-0.8304287184067949,1260,3.5345653661875427,1.7724161533196439,0.336806342015855,81537,19.374678700000004,0.16837029999987863,16447
pvdaq_1246,R,main,"New Orleans, LA",Cfa,informer,4,-1.0,2014-03-01 00:00:00,6364,1485,0.10206514596939087,0.06904322654008865,0.7968928217887878,0.3367283390422576,-3.6253537565803073,-5.0550662536041795,-0.7531788813739337,1260,3.5345653661875427,1.7724161533196439,0.3372917003721081,81537,19.900851899999907,0.16355850000036298,16447
pvdaq_1246,R,main,"New Orleans, LA",Cfa,lstm,0,-2.0,2014-03-01 00:00:00,6369,1485,0.10041502118110657,0.06600397080183029,0.7999701499938965,0.33436177932038613,-3.7700453773280573,-5.607794630263934,-1.7764986915155545,1260,3.5345653661875427,1.7724161533196439,0.33570619640834815,13729,138.43225469999925,0.0483185000011872,16447
pvdaq_1246,R,main,"New Orleans, LA",Cfa,lstm,1,-2.0,2014-03-01 00:00:00,6369,1485,0.0994783416390419,0.06746620684862137,0.8036845326423645,0.33124282525700066,-4.255322729573525,-5.661700620032151,-2.1190860070971986,1260,3.5345653661875427,1.7724161533196439,0.3361915547646012,13729,158.05708400000003,0.057313799999974435,16447
pvdaq_1246,R,main,"New Orleans, LA",Cfa,lstm,2,-2.0,2014-03-01 00:00:00,6369,1485,0.100457102060318,0.06721732765436172,0.7998024225234985,0.334501900165684,-3.4389521026513767,-5.325747203302933,-1.656361736327111,1260,3.5345653661875427,1.7724161533196439,0.33557676751334736,13729,154.46734209999886,0.08532670000022335,16447
pvdaq_1246,R,main,"New Orleans, LA",Cfa,lstm,3,-2.0,2014-03-01 00:00:00,6369,1485,0.1009095311164856,0.06782365590333939,0.7979951500892639,0.33600839772408814,-3.7251110532808274,-5.387419817438055,-1.820957953958846,1260,3.5345653661875427,1.7724161533196439,0.3357709108558486,13729,139.0296543000004,0.07229390000065905,16447
pvdaq_1246,R,main,"New Orleans, LA",Cfa,lstm,4,-2.0,2014-03-01 00:00:00,6369,1485,0.09942424297332764,0.0673195943236351,0.8038979768753052,0.33106268760514024,-3.2862944476623133,-5.560225566133092,-1.8077208246180476,1260,3.5345653661875427,1.7724161533196439,0.3362562692121016,13729,168.78611209999872,0.061436500000127126,16447
pvdaq_1246,R,main,"New Orleans, LA",Cfa,gru,0,-2.0,2014-03-01 00:00:00,6369,1485,0.09879036247730255,0.06629294157028198,0.8063905239105225,0.32895199332818365,-3.7163688746772117,-5.249762887194665,-2.2870761482806587,1260,3.5345653661875427,1.7724161533196439,0.3378417731758615,151809,174.9217910999996,0.12088819999917177,16447
pvdaq_1246,R,main,"New Orleans, LA",Cfa,gru,1,-2.0,2014-03-01 00:00:00,6369,1485,0.10064954310655594,0.06815458089113235,0.7990347146987915,0.3351426900582474,-3.4801632980675845,-5.3604062062760915,-1.7025236759852458,1260,3.5345653661875427,1.7724161533196439,0.33651512700210323,151809,107.18287280000004,0.10771980000026815,16447
pvdaq_1246,R,main,"New Orleans, LA",Cfa,gru,2,-2.0,2014-03-01 00:00:00,6369,1485,0.0988975539803505,0.06594151258468628,0.8059701919555664,0.3293089194261476,-3.5966642031596106,-5.638075988518363,-0.8681703083294301,1260,3.5345653661875427,1.7724161533196439,0.3372917003721081,151809,171.24012440000115,0.10891110000011395,16447
pvdaq_1246,R,main,"New Orleans, LA",Cfa,gru,3,-2.0,2014-03-01 00:00:00,6369,1485,0.10076793283224106,0.06769733875989914,0.7985616326332092,0.3355369039803053,-4.157825986561592,-5.680059410337657,-1.4307696827708938,1259,3.5318275154004106,1.7710472279260778,0.33551205306584697,151809,107.91904539999814,0.0958355999973719,16447
pvdaq_1246,R,main,"New Orleans, LA",Cfa,gru,4,-2.0,2014-03-01 00:00:00,6369,1485,0.09924978762865067,0.06698165833950043,0.8045855760574341,0.33048178647329723,-2.5215335254264337,-5.249724980960558,-1.0564148958942199,1260,3.5345653661875427,1.7724161533196439,0.33674162756835463,151809,172.4343227999998,0.11066309999660007,16447
pvdaq_1246,R,main,"New Orleans, LA",Cfa,tcn,0,-2.0,2014-03-01 00:00:00,6369,1485,0.09980586916208267,0.06773359328508377,0.8023896217346191,0.33233342588718723,-3.6075409026684877,-5.722345040148791,-1.2842004222045122,1260,3.5345653661875427,1.7724161533196439,0.33674162756835463,198273,24.22941499999797,0.13609809999979916,16447
pvdaq_1246,R,main,"New Orleans, LA",Cfa,tcn,1,-2.0,2014-03-01 00:00:00,6369,1485,0.09977907687425613,0.06728063523769379,0.8024957776069641,0.3322442129693949,-3.872983566332705,-5.643666693070465,-1.7166858458839807,1260,3.5345653661875427,1.7724161533196439,0.33554441028959714,198273,15.154392099997494,0.13797080000222195,16447
pvdaq_1246,R,main,"New Orleans, LA",Cfa,tcn,2,-2.0,2014-03-01 00:00:00,6369,1485,0.09949686378240585,0.06694888323545456,0.8036113977432251,0.3313045002607915,-3.6321213172099243,-5.364347974406436,-1.6516515837701085,1260,3.5345653661875427,1.7724161533196439,0.3359974114221,198273,13.872087499999907,0.16830409999965923,16447
pvdaq_1246,R,main,"New Orleans, LA",Cfa,tcn,3,-2.0,2014-03-01 00:00:00,6369,1485,0.09940370917320251,0.06799044460058212,0.8039789795875549,0.33099431418983555,-3.633765444804027,-5.821944447079252,-1.996848655372907,1261,3.5345653661875427,1.7710472279260778,0.3370328425821065,198273,14.362343599997985,0.18011289999776636,16447
pvdaq_1246,R,main,"New Orleans, LA",Cfa,tcn,4,-2.0,2014-03-01 00:00:00,6369,1485,0.10385824739933014,0.07258044928312302,0.7860169410705566,0.3458270285568664,-3.863987508969924,-5.356824406261051,-1.4068499800122036,1260,3.5345653661875427,1.7724161533196439,0.3371946287008575,198273,4.934997300002578,0.17893560000084108,16447
pvdaq_1246,R,main,"New Orleans, LA",Cfa,patchtst,0,-2.0,2014-03-01 00:00:00,6369,1485,0.10213115066289902,0.07255364954471588,0.7930745482444763,0.34007614456501806,-3.018741755118859,-4.932122337555689,-0.5301775769978034,1259,3.5345653661875427,1.7710472279260778,0.33667691312085424,25857,25.52766519999932,0.5053905000022496,16447
pvdaq_1246,R,main,"New Orleans, LA",Cfa,patchtst,1,-2.0,2014-03-01 00:00:00,6369,1485,0.10347406566143036,0.07370133697986603,0.7875970602035522,0.34454778081130366,-3.6046200184517874,-5.7157616182076705,-1.3715384353168103,1259,3.5345653661875427,1.7710472279260778,0.3379064876233619,25857,24.210042499998963,0.44173699999737437,16447
pvdaq_1246,R,main,"New Orleans, LA",Cfa,patchtst,2,-2.0,2014-03-01 00:00:00,6369,1485,0.10172737389802933,0.07113178819417953,0.7947074770927429,0.33873164932952377,-3.376385403049109,-5.381091469459742,-0.8419262936607552,1259,3.5345653661875427,1.7710472279260778,0.33722698592460765,25857,31.861347199999727,0.36827789999733795,16447
pvdaq_1246,R,main,"New Orleans, LA",Cfa,patchtst,3,-2.0,2014-03-01 00:00:00,6369,1485,0.10396646708250046,0.07392425835132599,0.7855707406997681,0.3461873782873819,-2.8326492584712537,-4.9979664380015,-0.6109373189543299,1259,3.5345653661875427,1.7710472279260778,0.33687105646335547,25857,14.158371199999237,0.37137950000033015,16447
pvdaq_1246,R,main,"New Orleans, LA",Cfa,patchtst,4,-2.0,2014-03-01 00:00:00,6369,1485,0.10184296220541,0.07104197144508362,0.7942406535148621,0.33911653509332523,-3.299661423864453,-5.521828796342243,-1.1130583541344108,1260,3.5345653661875427,1.7696783025325118,0.3380035592946125,25857,19.861387699998886,0.35446830000000773,16447
pvdaq_1246,R,main,"New Orleans, LA",Cfa,informer,0,-2.0,2014-03-01 00:00:00,6369,1485,0.10026173293590546,0.06835372000932693,0.8005803823471069,0.3338513603630281,-4.614671297153466,-5.7799042231019,-2.290266655279889,1260,3.5345653661875427,1.7724161533196439,0.33421776411583887,81537,49.97505280000041,0.14698249999855761,16447
pvdaq_1246,R,main,"New Orleans, LA",Cfa,informer,1,-2.0,2014-03-01 00:00:00,6369,1485,0.10265085101127625,0.07071472704410553,0.7909632921218872,0.34180664196623284,-4.517509768326693,-5.845809278404701,-1.412344048316394,1260,3.5345653661875427,1.7724161533196439,0.33674162756835463,81537,26.9179933000014,0.16926999999850523,16447
pvdaq_1246,R,main,"New Orleans, LA",Cfa,informer,2,-2.0,2014-03-01 00:00:00,6369,1485,0.10320112109184265,0.07104181498289108,0.7887161374092102,0.34363893041352717,-4.06338067365396,-5.478775699619831,-1.225357195657717,1260,3.5345653661875427,1.7724161533196439,0.3374211292671089,81537,23.260133399999177,0.1677915000000212,16447
pvdaq_1246,R,main,"New Orleans, LA",Cfa,informer,3,-2.0,2014-03-01 00:00:00,6369,1485,0.1032823845744133,0.07069950550794601,0.7883832454681396,0.34390952142975656,-3.6169171263172566,-5.417877983215957,-0.4717969648736775,1260,3.5345653661875427,1.7724161533196439,0.3376476298333603,81537,25.53542699999889,0.16499689999909606,16447
pvdaq_1246,R,main,"New Orleans, LA",Cfa,informer,4,-2.0,2014-03-01 00:00:00,6369,1485,0.10181748867034912,0.06870140880346298,0.7943435907363892,0.33903171335641424,-4.0336151305206345,-5.931732986797944,-1.7921632755171413,1260,3.5345653661875427,1.7724161533196439,0.3371299142533571,81537,32.602989799997886,0.1767705999991449,16447
pvdaq_1217,R,main,"Port Chester, NY",Dfa,lstm,0,0.0,2013-06-01 00:00:00,6037,1432,0.09444963932037354,0.06283639371395111,0.8431430459022522,0.2948424499281548,-1.36769396224925,-3.1476933045602062,0.3762600459460641,1126,3.7481177275838466,1.8121149897330597,0.28375308009856315,13729,97.89036289999785,0.0890715999994427,16464
pvdaq_1217,R,main,"Port Chester, NY",Dfa,lstm,1,0.0,2013-06-01 00:00:00,6037,1432,0.09496365487575531,0.064017154276371,0.8414310812950134,0.29644704690428375,-1.4750773773230752,-3.4913759236214146,0.9421523428794482,1126,3.7481177275838466,1.8121149897330597,0.28394508624275977,13729,106.4498119000018,0.08424019999802113,16464
pvdaq_1217,R,main,"Port Chester, NY",Dfa,lstm,2,0.0,2013-06-01 00:00:00,6037,1432,0.09430807828903198,0.0631745457649231,0.8436129093170166,0.2944005403391354,-1.6850803358619992,-4.185751928721637,0.1310870509898233,1126,3.7481177275838466,1.8121149897330597,0.2833690678101699,13729,138.78950949999853,0.08764510000037262,16464
pvdaq_1217,R,main,"Port Chester, NY",Dfa,lstm,3,0.0,2013-06-01 00:00:00,6037,1432,0.09588350355625153,0.06368602812290192,0.8383443355560303,0.29931852889693317,-1.3297723462822986,-3.453919071191225,0.7014713327729405,1126,3.7481177275838466,1.8121149897330597,0.2844571026272841,13729,36.02407980000001,30.1921557,16464
pvdaq_1217,R,main,"Port Chester, NY",Dfa,lstm,4,0.0,2013-06-01 00:00:00,6037,1432,0.09558052569627762,0.06471772491931915,0.8393642902374268,0.2983727260844345,-1.196838231252606,-3.1777122827019055,0.7955198981973388,1126,3.7481177275838466,1.8121149897330597,0.2836250760024321,13729,53.0593882,0.0628102999999669,16464
pvdaq_1217,R,main,"Port Chester, NY",Dfa,gru,0,0.0,2013-06-01 00:00:00,6037,1432,0.09369971603155136,0.061049118638038635,0.8456240296363831,0.2925014222511247,-1.3912591210250576,-3.9322883584806068,0.39833470456702713,1126,3.7481177275838466,1.8121149897330597,0.2841370923869564,151809,76.57945189999998,0.24300629999999046,16464
pvdaq_1217,R,main,"Port Chester, NY",Dfa,gru,1,0.0,2013-06-01 00:00:00,6037,1432,0.09414097666740417,0.06396087259054184,0.8441665768623352,0.29387890095689706,-2.00344575817437,-3.9100583941343183,0.41195279158176,1126,3.7481177275838466,1.8121149897330597,0.283497071906301,151809,62.075531499999954,0.09762380000000803,16464
pvdaq_1217,R,main,"Port Chester, NY",Dfa,gru,2,0.0,2013-06-01 00:00:00,6037,1432,0.09365243464708328,0.06334275752305984,0.8457797765731812,0.2923538244483922,-2.12940160947851,-4.148410190179708,0.048038751219592696,1126,3.7481177275838466,1.8121149897330597,0.28352907293033375,151809,82.09248929999995,0.05673689999991893,16464
pvdaq_1217,R,main,"Port Chester, NY",Dfa,gru,3,0.0,2013-06-01 00:00:00,6037,1432,0.09379542618989944,0.0623602457344532,0.8453084826469421,0.2928001996501006,-1.5902053545273578,-3.7429863442243416,0.5478517615803424,1126,3.7481177275838466,1.8121149897330597,0.28407309033889083,151809,54.195750899999894,0.058164199999964694,16464
pvdaq_1217,R,main,"Port Chester, NY",Dfa,gru,4,0.0,2013-06-01 00:00:00,6037,1432,0.09382981806993484,0.06268975138664246,0.8451949954032898,0.2929075604218329,-1.5295289894208919,-3.5160411936233427,0.49244890835773436,1126,3.7481177275838466,1.8121149897330597,0.28394508624275977,151809,58.97458059999997,0.06486349999988761,16464
pvdaq_1217,R,main,"Port Chester, NY",Dfa,tcn,0,0.0,2013-06-01 00:00:00,6037,1432,0.09441711753606796,0.06240271031856537,0.8432510495185852,0.29474092701467747,-2.734140786073199,-4.456456754413177,-0.8166588447644507,1126,3.7481177275838466,1.8121149897330597,0.28477711286761176,198273,7.042270999999914,0.16523029999996197,16464
pvdaq_1217,R,main,"Port Chester, NY",Dfa,tcn,1,0.0,2013-06-01 00:00:00,6037,1432,0.09321065992116928,0.06299809366464615,0.8472312688827515,0.29097474091305964,-2.3493154513864134,-4.022352978636297,0.09569379190965677,1126,3.7481177275838466,1.8121149897330597,0.2838810841946942,198273,8.316233399999987,0.10831839999991644,16464
pvdaq_1217,R,main,"Port Chester, NY",Dfa,tcn,2,0.0,2013-06-01 00:00:00,6037,1432,0.09390852600336075,0.06210777908563614,0.8449351787567139,0.29315326215332776,-2.2845024819140414,-4.975601535242036,-0.3321243002488483,1126,3.7481177275838466,1.8121149897330597,0.28407309033889083,198273,9.251282199999991,0.10565339999993739,16464
pvdaq_1217,R,main,"Port Chester, NY",Dfa,tcn,3,0.0,2013-06-01 00:00:00,6037,1432,0.09433361142873764,0.06304051727056503,0.8435282111167908,0.2944802468739548,-2.7720466089262485,-4.6430485224621565,-0.8854296244017901,1126,3.7481177275838466,1.8121149897330597,0.2842010944350219,198273,10.466548200000034,0.10709569999994528,16464
pvdaq_1217,R,main,"Port Chester, NY",Dfa,tcn,4,0.0,2013-06-01 00:00:00,6037,1432,0.09554285556077957,0.0640438124537468,0.8394908905029297,0.2982551316169565,-1.256851417302185,-3.090943627186354,0.6744039918697431,1126,3.7481177275838466,1.8121149897330597,0.28416909341098917,198273,3.471978100000001,0.09728159999997388,16464
pvdaq_1217,R,main,"Port Chester, NY",Dfa,patchtst,0,0.0,2013-06-01 00:00:00,6037,1432,0.09605821222066879,0.06518547981977463,0.8377546668052673,0.29986391510498145,-1.727200537264928,-3.7958550246652782,0.07390069903869638,1126,3.7481177275838466,1.8121149897330597,0.2833690678101699,25857,14.268787799999927,0.20794440000008763,16464
pvdaq_1217,R,main,"Port Chester, NY",Dfa,patchtst,1,0.0,2013-06-01 00:00:00,6037,1432,0.09714993089437485,0.06737595796585083,0.8340458273887634,0.3032719218554993,-1.7243857268473577,-3.259820579237316,-0.04652927746436886,1126,3.7481177275838466,1.8121149897330597,0.283913085218727,25857,12.217536600000017,0.20416599999998652,16464
pvdaq_1217,R,main,"Port Chester, NY",Dfa,patchtst,2,0.0,2013-06-01 00:00:00,6037,1432,0.09613857418298721,0.06638374924659729,0.8374831080436707,0.30011478020114796,-1.3251936410980214,-3.4621527653294404,-0.01985030725402126,1126,3.7481177275838466,1.8121149897330597,0.28324106371403884,25857,18.359874099999956,0.18951770000001034,16464
pvdaq_1217,R,main,"Port Chester, NY",Dfa,patchtst,3,0.0,2013-06-01 00:00:00,6037,1432,0.09615819901227951,0.06631352752447128,0.8374167680740356,0.3001760428252257,-1.6463897025657204,-3.5898775446142173,0.19475227407783624,1126,3.7481177275838466,1.8121149897330597,0.28292105347371116,25857,9.924249000000032,0.26535919999992075,16464
pvdaq_1217,R,main,"Port Chester, NY",Dfa,patchtst,4,0.0,2013-06-01 00:00:00,6037,1432,0.09628334641456604,0.06570028513669968,0.8369932770729065,0.30056671416031827,-1.432485341422951,-3.123815701122379,0.7032315076234363,1126,3.7481177275838466,1.8121149897330597,0.28295305449774394,25857,12.409506899999997,0.25951689999999417,16464
pvdaq_1217,R,main,"Port Chester, NY",Dfa,informer,0,0.0,2013-06-01 00:00:00,6037,1432,0.09578444063663483,0.06566697359085083,0.8386781811714172,0.2990092852182173,-1.8823842190218043,-3.69788849529864,0.32159836572500655,1126,3.7481177275838466,1.8121149897330597,0.28352907293033375,81537,12.203463400000032,0.12059690000000955,16464
pvdaq_1217,R,main,"Port Chester, NY",Dfa,informer,1,0.0,2013-06-01 00:00:00,6037,1432,0.09478285908699036,0.06300520151853561,0.8420342803001404,0.2958826585839077,-1.8641690911487818,-3.7878878895674206,0.019081046475699186,1126,3.7481177275838466,1.8121149897330597,0.2835610739543665,81537,20.64295190000007,0.11608420000004571,16464
pvdaq_1217,R,main,"Port Chester, NY",Dfa,informer,2,0.0,2013-06-01 00:00:00,6037,1432,0.09565926343202591,0.06510914862155914,0.8390995264053345,0.298618520849527,-1.824291428047664,-3.7903610830366246,0.0479800647416484,1126,3.7481177275838466,1.8121149897330597,0.2835610739543665,81537,13.363480200000026,0.12889400000005935,16464
pvdaq_1217,R,main,"Port Chester, NY",Dfa,informer,3,0.0,2013-06-01 00:00:00,6037,1432,0.09646941721439362,0.06610173732042313,0.8363626003265381,0.3011475694274852,-1.9939565307215266,-3.6277985480524255,0.034498005465133375,1126,3.7481177275838466,1.8121149897330597,0.28343306985823546,81537,8.380688299999974,0.11454190000006292,16464
pvdaq_1217,R,main,"Port Chester, NY",Dfa,informer,4,0.0,2013-06-01 00:00:00,6037,1432,0.09657137840986252,0.066011942923069,0.8360165357589722,0.3014658606235763,-1.6378071498384772,-3.39431013307967,0.37393466678035114,1126,3.7481177275838466,1.8121149897330597,0.28314506064194056,81537,10.467428100000006,0.13086060000000543,16464
pvdaq_1217,R,main,"Port Chester, NY",Dfa,lstm,0,-0.25,2013-06-01 00:00:00,6038,1432,0.09416396170854568,0.06293629109859467,0.8431965112686157,0.2947720204044201,-1.9724754392658796,-3.5215713242894675,0.26007894020896316,1126,3.7481177275838466,1.8121149897330597,0.28378508112259593,13729,64.21876850000001,0.05537219999996523,16464
pvdaq_1217,R,main,"Port Chester, NY",Dfa,lstm,1,-0.25,2013-06-01 00:00:00,6038,1432,0.09439601749181747,0.06189209222793579,0.8424226641654968,0.29549845067392466,-1.7284639557510029,-3.722009090938183,0.7428149593041944,1126,3.7481177275838466,1.8121149897330597,0.28400908829082533,13729,67.78605689999995,0.0505947000000333,16464
pvdaq_1217,R,main,"Port Chester, NY",Dfa,lstm,2,-0.25,2013-06-01 00:00:00,6038,1432,0.09425991028547287,0.06281174719333649,0.8428767919540405,0.29507237900618855,-1.9670408703034603,-4.406605385818374,0.10253445055101729,1126,3.7481177275838466,1.8121149897330597,0.2836890780504976,13729,96.83098880000011,0.05117370000016308,16464
pvdaq_1217,R,main,"Port Chester, NY",Dfa,lstm,3,-0.25,2013-06-01 00:00:00,6038,1432,0.0952969640493393,0.0643591582775116,0.8394004106521606,0.2983187848253181,-1.4759694072624479,-3.3768558003304694,0.5522640043832183,1126,3.7481177275838466,1.8121149897330597,0.28352907293033375,13729,58.36713370000007,0.05277669999986756,16464
pvdaq_1217,R,main,"Port Chester, NY",Dfa,lstm,4,-0.25,2013-06-01 00:00:00,6038,1432,0.09430203586816788,0.06232908368110657,0.8427363038063049,0.29520424944681584,-1.9057309511534561,-4.094772011291559,0.40775901657035263,1126,3.7481177275838466,1.8121149897330597,0.2841370923869564,13729,81.4796217999999,0.06425620000004528,16464
pvdaq_1217,R,main,"Port Chester, NY",Dfa,gru,0,-0.25,2013-06-01 00:00:00,6038,1432,0.09427394717931747,0.06268983334302902,0.8428299427032471,0.2951163202708051,-2.127666583650001,-4.066498974709876,0.26127139060119836,1126,3.7481177275838466,1.8121149897330597,0.28455310569938236,151809,50.36145399999987,0.06530649999990601,16464
pvdaq_1217,R,main,"Port Chester, NY",Dfa,gru,1,-0.25,2013-06-01 00:00:00,6038,1432,0.09435077756643295,0.06346733868122101,0.8425737023353577,0.2953568310567529,-1.684040126232503,-3.9409088273248294,-0.2273540706868804,1126,3.7481177275838466,1.8121149897330597,0.2846491087714807,151809,64.80141700000013,0.0709121000002142,16464
pvdaq_1217,R,main,"Port Chester, NY",Dfa,gru,2,-0.25,2013-06-01 00:00:00,6038,1432,0.095148466527462,0.06397779285907745,0.8399004936218262,0.297853926361904,-1.7131194215346641,-3.120073698003756,0.478064121960986,1126,3.7481177275838466,1.8121149897330597,0.2843610995551858,151809,36.41297940000004,0.072457600000007,16464
pvdaq_1217,R,main,"Port Chester, NY",Dfa,gru,3,-0.25,2013-06-01 00:00:00,6038,1432,0.09399069845676422,0.06139799952507019,0.8437730073928833,0.2942296349964278,-1.617674160600807,-3.9855551994043337,-0.11838374822679132,1126,3.7481177275838466,1.8121149897330597,0.28455310569938236,151809,54.66403229999992,0.07226670000000013,16464
pvdaq_1217,R,main,"Port Chester, NY",Dfa,gru,4,-0.25,2013-06-01 00:00:00,6038,1432,0.09390699118375778,0.06282296031713486,0.8440511226654053,0.29396759672256007,-1.7547192743961175,-4.064940284377139,0.39762616068221845,1126,3.7481177275838466,1.8121149897330597,0.2838490831706615,151809,62.93637899999999,0.07131890000005114,16464
pvdaq_1217,R,main,"Port Chester, NY",Dfa,tcn,0,-0.25,2013-06-01 00:00:00,6038,1432,0.09412434697151184,0.06397386640310287,0.8433283567428589,0.29464800994583934,-2.752154088454173,-4.72111845841204,-0.5309687812465214,1126,3.7481177275838466,1.8121149897330597,0.28480911389164454,198273,9.836402899999939,0.09901759999979731,16464
pvdaq_1217,R,main,"Port Chester, NY",Dfa,tcn,1,-0.25,2013-06-01 00:00:00,6038,1432,0.09526831656694412,0.0643373653292656,0.839496910572052,0.2982291063951426,-2.364539391864817,-4.333676554894317,-0.5600002034679807,1126,3.7481177275838466,1.8121149897330597,0.28375308009856315,198273,7.139108999999962,0.10386999999991531,16464
pvdaq_1217,R,main,"Port Chester, NY",Dfa,tcn,2,-0.25,2013-06-01 00:00:00,6038,1432,0.09431814402341843,0.06286855787038803,0.8426825404167175,0.2952546746135361,-2.916693405823789,-5.078456448292212,-1.0544922010468396,1126,3.7481177275838466,1.8121149897330597,0.28400908829082533,198273,8.44598649999989,0.10317759999998088,16464
pvdaq_1217,R,main,"Port Chester, NY",Dfa,tcn,3,-0.25,2013-06-01 00:00:00,6038,1432,0.09556622803211212,0.06238250061869621,0.8384915590286255,0.29916169209880084,-2.0954047574885504,-4.244094779707064,-0.350776832943156,1126,3.7481177275838466,1.8121149897330597,0.28416909341098917,198273,6.280563099999881,0.10439960000007886,16464
pvdaq_1217,R,main,"Port Chester, NY",Dfa,tcn,4,-0.25,2013-06-01 00:00:00,6038,1432,0.0940745547413826,0.06190131604671478,0.8434941172599792,0.29449213973807276,-2.2654648160845503,-4.799998733478006,-0.028644460689064566,1126,3.7481177275838466,1.8121149897330597,0.28404108931485805,198273,8.463706399999865,0.12391989999991893,16464
pvdaq_1217,R,main,"Port Chester, NY",Dfa,patchtst,0,-0.25,2013-06-01 00:00:00,6038,1432,0.09594475477933884,0.06598862260580063,0.8372095823287964,0.30034663686994895,-1.8668470561863604,-3.6301295404687295,-0.1738610897469504,1126,3.7481177275838466,1.8121149897330597,0.2836890780504976,25857,10.420945599999868,0.3527226999999584,16464
pvdaq_1217,R,main,"Port Chester, NY",Dfa,patchtst,1,-0.25,2013-06-01 00:00:00,6038,1432,0.09602732956409454,0.06410311162471771,0.8369292616844177,0.30060512998870964,-1.7179666783800562,-3.637039004956085,0.022093889443386416,1126,3.7481177275838466,1.8121149897330597,0.2843931005792185,25857,26.071607500000027,0.27648980000003576,16464
pvdaq_1217,R,main,"Port Chester, NY",Dfa,patchtst,2,-0.25,2013-06-01 00:00:00,6038,1432,0.09574306756258011,0.06407291442155838,0.8378932476043701,0.29971527273344706,-1.5926101773232837,-4.026824108469662,-0.2827060411829896,1126,3.7481177275838466,1.8121149897330597,0.2835610739543665,25857,26.12513009999998,0.2637517000000571,16464
pvdaq_1217,R,main,"Port Chester, NY",Dfa,patchtst,3,-0.25,2013-06-01 00:00:00,6038,1432,0.09632902592420578,0.0659283697605133,0.8359029293060303,0.3015495639739099,-1.3829834268467505,-3.477914480566188,0.4828969965123888,1126,3.7481177275838466,1.8121149897330597,0.2838810841946942,25857,9.978436699999975,0.25033749999988686,16464
pvdaq_1217,R,main,"Port Chester, NY",Dfa,patchtst,4,-0.25,2013-06-01 00:00:00,6038,1432,0.095282182097435,0.06349285691976547,0.8394501805305481,0.2982725112218153,-1.601503263623305,-3.7140168754194396,0.37657059825091377,1126,3.7481177275838466,1.8121149897330597,0.2843931005792185,25857,13.583159299999807,0.24417360000006738,16464
pvdaq_1217,R,main,"Port Chester, NY",Dfa,informer,0,-0.25,2013-06-01 00:00:00,6038,1432,0.09588789939880371,0.06658675521612167,0.8374024629592896,0.3001686560895409,-2.0625588557106167,-3.8084574122668746,-0.5535867010367457,1126,3.7481177275838466,1.8121149897330597,0.2835610739543665,81537,19.736295200000086,0.14235229999985677,16464
pvdaq_1217,R,main,"Port Chester, NY",Dfa,informer,1,-0.25,2013-06-01 00:00:00,6038,1432,0.09563729912042618,0.06516208499670029,0.8382512331008911,0.29938417390515815,-2.429767396640292,-4.378717568430113,-0.325705200395221,1126,3.7481177275838466,1.8121149897330597,0.284329098531153,81537,20.636485699999866,0.13427120000005743,16464
pvdaq_1217,R,main,"Port Chester, NY",Dfa,informer,2,-0.25,2013-06-01 00:00:00,6038,1432,0.09532798826694489,0.06301464140415192,0.8392958045005798,0.2984159034165406,-2.0873158054300456,-4.117102322816358,-0.211963977625107,1126,3.7481177275838466,1.8121149897330597,0.28448910365131685,81537,22.199848799999927,0.16511949999994613,16464
pvdaq_1217,R,main,"Port Chester, NY",Dfa,informer,3,-0.25,2013-06-01 00:00:00,6038,1432,0.09572042524814606,0.06332558393478394,0.8379698991775513,0.2996443929546946,-1.921750898565322,-3.6633350557370936,0.21555129041669455,1126,3.7481177275838466,1.8121149897330597,0.28448910365131685,81537,25.3552944999999,0.2286472999999205,16464
pvdaq_1217,R,main,"Port Chester, NY",Dfa,informer,4,-0.25,2013-06-01 00:00:00,6038,1432,0.09674325585365295,0.06564634293317795,0.8344886302947998,0.30284627442448603,-1.5697349657526183,-3.8860667588775275,0.3580607688395784,1126,3.7481177275838466,1.8121149897330597,0.2843610995551858,81537,11.839062300000023,0.17302359999985129,16464
pvdaq_1217,R,main,"Port Chester, NY",Dfa,lstm,0,-0.5,2013-06-01 00:00:00,6039,1433,0.0943005383014679,0.06340271979570389,0.8417741060256958,0.296125660859204,-1.584541381664173,-3.59665659233724,0.027488246062756794,1126,3.7481177275838466,1.8121149897330597,0.28346507088226824,13729,50.79934599999979,0.046932800000149655,16464
pvdaq_1217,R,main,"Port Chester, NY",Dfa,lstm,1,-0.5,2013-06-01 00:00:00,6039,1433,0.09408704191446304,0.06192858889698982,0.8424897193908691,0.29545523246259453,-1.9230028183461407,-3.9035805707145377,0.4322023942386233,1126,3.7481177275838466,1.8121149897330597,0.2834010688342027,13729,72.61665330000005,0.05557010000006812,16464
pvdaq_1217,R,main,"Port Chester, NY",Dfa,lstm,2,-0.5,2013-06-01 00:00:00,6039,1433,0.09433925896883011,0.06362425535917282,0.8416441679000854,0.2962472527760485,-1.836733008045477,-3.948311560841389,-0.17428746025135983,1126,3.7481177275838466,1.8121149897330597,0.2834010688342027,13729,68.67945930000019,0.05082320000019536,16464
pvdaq_1217,R,main,"Port Chester, NY",Dfa,lstm,3,-0.5,2013-06-01 00:00:00,6039,1433,0.09407613426446915,0.0624680332839489,0.8425263166427612,0.295420979900297,-2.2074249961557295,-3.9893915267840363,-0.5458703778815965,1126,3.7481177275838466,1.8121149897330597,0.28343306985823546,13729,73.89814939999997,0.05196269999987635,16464
pvdaq_1217,R,main,"Port Chester, NY",Dfa,lstm,4,-0.5,2013-06-01 00:00:00,6039,1433,0.0941765159368515,0.06248282268643379,0.8421900272369385,0.295736201738982,-1.4674885168853624,-4.579880646625279,0.21312412364979938,1126,3.7481177275838466,1.8121149897330597,0.283913085218727,13729,81.25563499999998,0.04941919999987476,16464
pvdaq_1217,R,main,"Port Chester, NY",Dfa,gru,0,-0.5,2013-06-01 00:00:00,6039,1433,0.0932978168129921,0.062060847878456116,0.8451211452484131,0.2929768817665188,-1.8794889349750508,-4.2682799990533375,-0.0477256536641714,1126,3.7481177275838466,1.8121149897330597,0.2844251016032513,151809,58.19453439999984,0.07972429999972519,16464
pvdaq_1217,R,main,"Port Chester, NY",Dfa,gru,1,-0.5,2013-06-01 00:00:00,6039,1433,0.0932113453745842,0.06309441477060318,0.8454080820083618,0.2927053413033867,-2.4818022174706353,-4.478237977367017,-0.2503584044277751,1126,3.7481177275838466,1.8121149897330597,0.2832730647380716,151809,84.28513320000002,0.07242069999983869,16464
pvdaq_1217,R,main,"Port Chester, NY",Dfa,gru,2,-0.5,2013-06-01 00:00:00,6039,1433,0.0928816944360733,0.06202932074666023,0.8464996218681335,0.29167016055280265,-2.4951813199660777,-4.405842063587196,-0.5738407891252906,1126,3.7481177275838466,1.8121149897330597,0.2833370667861372,151809,69.17508539999972,0.08240999999998166,16464
pvdaq_1217,R,main,"Port Chester, NY",Dfa,gru,3,-0.5,2013-06-01 00:00:00,6039,1433,0.09389657527208328,0.064393050968647,0.8431268334388733,0.2948571228296884,-2.1625503062786544,-3.9908258613189918,0.31338016083819475,1126,3.7481177275838466,1.8121149897330597,0.2834010688342027,151809,51.42546820000007,0.10284990000036487,16464
pvdaq_1217,R,main,"Port Chester, NY",Dfa,gru,4,-0.5,2013-06-01 00:00:00,6039,1433,0.09352260828018188,0.06304889917373657,0.8443739414215088,0.29368277934649106,-2.538323411608878,-4.754824752829245,-0.414013914874678,1126,3.7481177275838466,1.8121149897330597,0.2835930749783993,151809,57.642154799999844,0.06810240000004342,16464
pvdaq_1217,R,main,"Port Chester, NY",Dfa,tcn,0,-0.5,2013-06-01 00:00:00,6039,1433,0.09429743140935898,0.06322957575321198,0.8417845368385315,0.29611590449412334,-2.479507660281499,-4.160202229406695,-0.7758537564677201,1126,3.7481177275838466,1.8121149897330597,0.28477711286761176,198273,6.136709499999597,0.09747640000023239,16464
pvdaq_1217,R,main,"Port Chester, NY",Dfa,tcn,1,-0.5,2013-06-01 00:00:00,6039,1433,0.09443201124668121,0.06370380520820618,0.8413326144218445,0.29653851653837243,-2.3115825056778845,-3.8637525600066076,-0.5882394615184757,1126,3.7481177275838466,1.8121149897330597,0.2842330954590547,198273,3.898149099999955,0.09454290000030596,16464
pvdaq_1217,R,main,"Port Chester, NY",Dfa,tcn,2,-0.5,2013-06-01 00:00:00,6039,1433,0.09427947551012039,0.06267884373664856,0.8418447971343994,0.2960595187870625,-2.582522080897649,-4.856640866336404,-0.811140323342785,1126,3.7481177275838466,1.8121149897330597,0.2838810841946942,198273,7.681303999999727,0.08612700000003315,16464
pvdaq_1217,R,main,"Port Chester, NY",Dfa,tcn,3,-0.5,2013-06-01 00:00:00,6039,1433,0.09400998800992966,0.06420806050300598,0.8427476286888123,0.2952132652499707,-2.8253585633288836,-4.793131135860751,-1.1589396389795725,1126,3.7481177275838466,1.8121149897330597,0.28346507088226824,198273,9.624814700000115,0.09364860000005137,16464
pvdaq_1217,R,main,"Port Chester, NY",Dfa,tcn,4,-0.5,2013-06-01 00:00:00,6039,1433,0.09463633596897125,0.06540519744157791,0.8406452536582947,0.29718014377091884,-2.028573468013173,-3.859734209997745,-0.21042806181665874,1126,3.7481177275838466,1.8121149897330597,0.2835930749783993,198273,3.2398416999999426,0.08096870000008494,16464
pvdaq_1217,R,main,"Port Chester, NY",Dfa,patchtst,0,-0.5,2013-06-01 00:00:00,6039,1433,0.09573893994092941,0.06422819197177887,0.8369103670120239,0.30064257713283965,-2.166496833224175,-3.826958835721317,-0.19962115614567955,1126,3.7481177275838466,1.8121149897330597,0.2835930749783993,25857,16.799852400000418,0.26069589999997334,16464
pvdaq_1217,R,main,"Port Chester, NY",Dfa,patchtst,1,-0.5,2013-06-01 00:00:00,6039,1433,0.09691628813743591,0.06559668481349945,0.8328745365142822,0.3043397247741109,-1.856155949958571,-3.641720593568587,-0.10949740408573708,1126,3.7481177275838466,1.8121149897330597,0.284745111843579,25857,11.790157299999919,0.2535381000002417,16464
pvdaq_1217,R,main,"Port Chester, NY",Dfa,patchtst,2,-0.5,2013-06-01 00:00:00,6039,1433,0.09618886560201645,0.0635053962469101,0.8353738784790039,0.3020554485344957,-1.154773507395901,-4.0050959696834365,0.3702494607067397,1126,3.7481177275838466,1.8121149897330597,0.28452110467534963,25857,15.719388699999854,0.25298220000013316,16464
pvdaq_1217,R,main,"Port Chester, NY",Dfa,patchtst,3,-0.5,2013-06-01 00:00:00,6039,1433,0.09587104618549347,0.06482502818107605,0.8364599943161011,0.30105742151951853,-2.0696783475277627,-3.546452605084924,0.1758996012767522,1126,3.7481177275838466,1.8121149897330597,0.28416909341098917,25857,9.60459929999979,0.25344559999984995,16464
pvdaq_1217,R,main,"Port Chester, NY",Dfa,patchtst,4,-0.5,2013-06-01 00:00:00,6039,1433,0.09502692520618439,0.06285978108644485,0.8393271565437317,0.29840668497712564,-1.5898995927552284,-3.840863495530278,0.018305759642789354,1126,3.7481177275838466,1.8121149897330597,0.2843610995551858,25857,15.834225400000378,0.25143419999994876,16464
pvdaq_1217,R,main,"Port Chester, NY",Dfa,informer,0,-0.5,2013-06-01 00:00:00,6039,1433,0.09473930299282074,0.0627276673913002,0.8402982950210571,0.2975034842155583,-2.57016199678091,-4.580504633248827,-0.6427487843772117,1126,3.7481177275838466,1.8121149897330597,0.2846491087714807,81537,25.52471710000009,0.1288829000000078,16464
pvdaq_1217,R,main,"Port Chester, NY",Dfa,informer,1,-0.5,2013-06-01 00:00:00,6039,1433,0.09626733511686325,0.06636694818735123,0.8351051807403564,0.3023018610933193,-1.98410732014358,-3.7439650048732065,0.045170379421444196,1126,3.7481177275838466,1.8121149897330597,0.28365707702646487,81537,9.019577500000196,0.1298893000002863,16464
pvdaq_1217,R,main,"Port Chester, NY",Dfa,informer,2,-0.5,2013-06-01 00:00:00,6039,1433,0.09709412604570389,0.06558031588792801,0.8322606086730957,0.30489817723960283,-1.5689070028285395,-3.417210687178939,-0.002372453943000341,1126,3.7481177275838466,1.8121149897330597,0.2841050913629236,81537,10.408409600000141,0.12481560000014724,16464
pvdaq_1217,R,main,"Port Chester, NY",Dfa,informer,3,-0.5,2013-06-01 00:00:00,6039,1433,0.09460944682359695,0.06265309453010559,0.8407357931137085,0.29709570558968124,-2.0974409072204603,-4.102660526195512,-0.3603940689374517,1126,3.7481177275838466,1.8121149897330597,0.2836250760024321,81537,21.447130100000322,0.12611800000013318,16464
pvdaq_1217,R,main,"Port Chester, NY",Dfa,informer,4,-0.5,2013-06-01 00:00:00,6039,1433,0.09479524940252304,0.06382941454648972,0.840109646320343,0.29767916897668695,-2.6581261681780433,-4.591986744428622,-0.6037997774980658,1126,3.7481177275838466,1.8121149897330597,0.283913085218727,81537,23.857022900000175,0.129668799999763,16464
pvdaq_1217,R,main,"Port Chester, NY",Dfa,lstm,0,-1.0,2013-06-01 00:00:00,6042,1433,0.09368422627449036,0.06280140578746796,0.8420368432998657,0.2958487432935674,-2.4735641492294826,-4.187402738904474,-0.6190209788641376,1126,3.7481177275838466,1.8121149897330597,0.28372107907453037,13729,65.91159870000001,0.05176050000000032,16464
pvdaq_1217,R,main,"Port Chester, NY",Dfa,lstm,1,-1.0,2013-06-01 00:00:00,6042,1433,0.09384279698133469,0.06256067752838135,0.8415016531944275,0.29634949935687327,-2.290308503964961,-4.531251575683115,-0.10383750106843781,1126,3.7481177275838466,1.8121149897330597,0.2838170821466287,13729,65.88578899999993,0.049555299999610725,16464
pvdaq_1217,R,main,"Port Chester, NY",Dfa,lstm,2,-1.0,2013-06-01 00:00:00,6042,1433,0.09395864605903625,0.06349355727434158,0.841110110282898,0.29671534327118715,-2.1501267970662985,-4.740303930429435,-0.26487165432644844,1126,3.7481177275838466,1.8121149897330597,0.28407309033889083,13729,66.09800399999995,0.048095899999680114,16464
pvdaq_1217,R,main,"Port Chester, NY",Dfa,lstm,3,-1.0,2013-06-01 00:00:00,6042,1433,0.09377569705247879,0.06280399113893509,0.8417282700538635,0.2961376021099564,-2.4017683821582203,-4.091169533172467,-0.44495342605388455,1126,3.7481177275838466,1.8121149897330597,0.28429709750712023,13729,88.1360122000001,0.05876750000015818,16464
pvdaq_1217,R,main,"Port Chester, NY",Dfa,lstm,4,-1.0,2013-06-01 00:00:00,6042,1433,0.09326931089162827,0.06228714808821678,0.8434329628944397,0.294538467279404,-2.2528037950351854,-4.867740086489025,-0.5312227741077757,1126,3.7481177275838466,1.8121149897330597,0.28397708726679255,13729,94.53538310000022,0.056015600000137056,16464
pvdaq_1217,R,main,"Port Chester, NY",Dfa,gru,0,-1.0,2013-06-01 00:00:00,6042,1433,0.0931268259882927,0.0632137805223465,0.8439109325408936,0.29408850914593315,-2.4713569907906408,-4.774749143473378,-0.5761034822390321,1126,3.7481177275838466,1.8121149897330597,0.2838170821466287,151809,57.563186100000166,0.07860289999962333,16464
pvdaq_1217,R,main,"Port Chester, NY",Dfa,gru,1,-1.0,2013-06-01 00:00:00,6042,1433,0.09302760660648346,0.0612054206430912,0.8442434072494507,0.2937751807385167,-2.902570746227384,-4.7960283472296545,-0.8665340398061483,1126,3.7481177275838466,1.8121149897330597,0.28477711286761176,151809,66.3460283999998,0.06246659999987969,16464
pvdaq_1217,R,main,"Port Chester, NY",Dfa,gru,2,-1.0,2013-06-01 00:00:00,6042,1433,0.09259957820177078,0.06197012588381767,0.8456733822822571,0.2924234946472299,-3.1295277174211513,-5.1251071157705,-0.8805604800184489,1126,3.7481177275838466,1.8121149897330597,0.284329098531153,151809,84.65123600000015,0.07539540000016132,16464
pvdaq_1217,R,main,"Port Chester, NY",Dfa,gru,3,-1.0,2013-06-01 00:00:00,6042,1433,0.09231831133365631,0.061928246170282364,0.8466094732284546,0.2915352720213849,-2.5764494695495355,-4.98136989260487,-0.9337322144538085,1126,3.7481177275838466,1.8121149897330597,0.28416909341098917,151809,84.7294122000003,0.06372000000010303,16464
pvdaq_1217,R,main,"Port Chester, NY",Dfa,gru,4,-1.0,2013-06-01 00:00:00,6042,1433,0.09350433200597763,0.061359189450740814,0.8426429033279419,0.2952806487980302,-2.617331235992946,-4.740873201559825,-0.6514568526747144,1126,3.7481177275838466,1.8121149897330597,0.2848411149156773,151809,54.53918070000009,0.07324560000006386,16464
pvdaq_1217,R,main,"Port Chester, NY",Dfa,tcn,0,-1.0,2013-06-01 00:00:00,6042,1433,0.09515530616044998,0.0652432069182396,0.8370370864868164,0.3004943186785894,-2.814867981245084,-4.335355268537002,-1.1949926409383194,1126,3.7481177275838466,1.8121149897330597,0.2843931005792185,198273,3.6247792999997728,0.09320290000005116,16464
pvdaq_1217,R,main,"Port Chester, NY",Dfa,tcn,1,-1.0,2013-06-01 00:00:00,6042,1433,0.09468884021043777,0.06302334368228912,0.8386309146881104,0.29902124929873447,-2.4977191615168883,-4.241201177572415,-0.7075389030087198,1126,3.7481177275838466,1.8121149897330597,0.28480911389164454,198273,3.971054500000264,0.09358790000032968,16464
pvdaq_1217,R,main,"Port Chester, NY",Dfa,tcn,2,-1.0,2013-06-01 00:00:00,6042,1433,0.09391486644744873,0.06481245905160904,0.84125816822052,0.2965770900818818,-2.7232790055275014,-4.7929575778110305,-0.8660139002068634,1126,3.7481177275838466,1.8121149897330597,0.28375308009856315,198273,5.3692793000000165,0.07552429999986998,16464
pvdaq_1217,R,main,"Port Chester, NY",Dfa,tcn,3,-1.0,2013-06-01 00:00:00,6042,1433,0.09301622956991196,0.061014946550130844,0.8442814946174622,0.29373925279092156,-3.484656317527758,-5.579179178592468,-1.5241091722318245,1126,3.7481177275838466,1.8121149897330597,0.2843931005792185,198273,11.29981379999981,0.11409240000011778,16464
pvdaq_1217,R,main,"Port Chester, NY",Dfa,tcn,4,-1.0,2013-06-01 00:00:00,6042,1433,0.09689687937498093,0.0659487247467041,0.831017255783081,0.30599409454654697,-2.69148077970477,-4.33772991495327,-1.315440751927932,1126,3.7481177275838466,1.8121149897330597,0.2852251272040705,198273,3.2786583000001883,0.11350519999996322,16464
pvdaq_1217,R,main,"Port Chester, NY",Dfa,patchtst,0,-1.0,2013-06-01 00:00:00,6042,1433,0.0946384072303772,0.06370595097541809,0.8388027548789978,0.29886198520097956,-2.8389261544204736,-4.537285997186946,-1.1093124586113048,1126,3.7481177275838466,1.8121149897330597,0.2841370923869564,25857,20.923532899999827,0.20966679999992266,16464
pvdaq_1217,R,main,"Port Chester, NY",Dfa,patchtst,1,-1.0,2013-06-01 00:00:00,6042,1433,0.09538155794143677,0.06546354293823242,0.8362611532211304,0.3012088072081392,-2.560291207734,-4.400702709090926,-1.0642931781134735,1126,3.7481177275838466,1.8121149897330597,0.28429709750712023,25857,21.395254600000044,0.32918000000017855,16464
pvdaq_1217,R,main,"Port Chester, NY",Dfa,patchtst,2,-1.0,2013-06-01 00:00:00,6042,1433,0.09577178210020065,0.0630696564912796,0.8349186778068542,0.30244110992935536,-1.7389314700792315,-4.010172079144891,-0.17559142778833525,1126,3.7481177275838466,1.8121149897330597,0.2846811097955135,25857,16.603778000000148,0.32232569999996485,16464
pvdaq_1217,R,main,"Port Chester, NY",Dfa,patchtst,3,-1.0,2013-06-01 00:00:00,6042,1433,0.09565184265375137,0.06535929441452026,0.835331916809082,0.3020623488943933,-2.714017929081306,-4.389267005390534,-0.4398485718726697,1126,3.7481177275838466,1.8121149897330597,0.283497071906301,25857,13.023759100000007,0.32729490000019723,16464
pvdaq_1217,R,main,"Port Chester, NY",Dfa,patchtst,4,-1.0,2013-06-01 00:00:00,6042,1433,0.09511871635913849,0.06449723243713379,0.8371623754501343,0.3003787704463432,-2.4504310887275116,-4.044424464619356,-0.8125701735423929,1126,3.7481177275838466,1.8121149897330597,0.28404108931485805,25857,10.795079200000146,0.3296307999999044,16464
pvdaq_1217,R,main,"Port Chester, NY",Dfa,informer,0,-1.0,2013-06-01 00:00:00,6042,1433,0.09508766233921051,0.06501804292201996,0.8372687101364136,0.30028070385461,-2.8661045341724423,-4.93049575938449,-1.263750752405235,1126,3.7481177275838466,1.8121149897330597,0.2834010688342027,81537,23.98317420000012,0.15968449999991208,16464
pvdaq_1217,R,main,"Port Chester, NY",Dfa,informer,1,-1.0,2013-06-01 00:00:00,6042,1433,0.09597913175821304,0.06337922811508179,0.8342031240463257,0.3030959067738698,-2.565404459388665,-4.764592071915629,-0.40367872382148784,1126,3.7481177275838466,1.8121149897330597,0.2843931005792185,81537,18.89631099999997,0.12546519999978045,16464
pvdaq_1217,R,main,"Port Chester, NY",Dfa,informer,2,-1.0,2013-06-01 00:00:00,6042,1433,0.09500405937433243,0.0653068795800209,0.8375546932220459,0.3000166910844951,-2.3808757141692225,-4.653041166089111,-0.7643213875656888,1126,3.7481177275838466,1.8121149897330597,0.2836250760024321,81537,19.631657899999936,0.12593839999999545,16464
pvdaq_1217,R,main,"Port Chester, NY",Dfa,informer,3,-1.0,2013-06-01 00:00:00,6042,1433,0.0952446460723877,0.0643729493021965,0.83673095703125,0.30077644835744577,-2.8198258233218754,-4.634984035505285,-0.714321321697804,1126,3.7481177275838466,1.8121149897330597,0.2842010944350219,81537,22.284183700000085,0.1394679999998516,16464
pvdaq_1217,R,main,"Port Chester, NY",Dfa,informer,4,-1.0,2013-06-01 00:00:00,6042,1433,0.09478355944156647,0.06481973826885223,0.8383079171180725,0.29932036652059263,-2.662053664921808,-4.938667262596281,-0.7675002662200405,1126,3.7481177275838466,1.8121149897330597,0.2838170821466287,81537,18.97345919999998,0.14272410000012314,16464
pvdaq_1217,R,main,"Port Chester, NY",Dfa,lstm,0,-2.0,2013-06-01 00:00:00,6044,1434,0.09385710954666138,0.06325327605009079,0.8376766443252563,0.2997148954968944,-3.2999663515771993,-4.677361013882381,-1.3107236431057823,1126,3.7481177275838466,1.8121149897330597,0.28352907293033375,13729,46.85926249999966,0.05153589999963515,16464
pvdaq_1217,R,main,"Port Chester, NY",Dfa,lstm,1,-2.0,2013-06-01 00:00:00,6044,1434,0.09292322397232056,0.06192608177661896,0.8408908247947693,0.29673270886583836,-3.1663850921664127,-4.917529474163149,-0.9316256102880338,1126,3.7481177275838466,1.8121149897330597,0.28404108931485805,13729,64.97732319999977,0.05185849999998027,16464
pvdaq_1217,R,main,"Port Chester, NY",Dfa,lstm,2,-2.0,2013-06-01 00:00:00,6044,1434,0.09308598190546036,0.06124793738126755,0.8403329849243164,0.2972524454863022,-3.61825593794388,-5.704630712340765,-1.3400429491335908,1126,3.7481177275838466,1.8121149897330597,0.2838170821466287,13729,106.94298459999982,0.050175599999874976,16464
pvdaq_1217,R,main,"Port Chester, NY",Dfa,lstm,3,-2.0,2013-06-01 00:00:00,6044,1434,0.0932944118976593,0.06173960492014885,0.839617133140564,0.2979180271735293,-2.9771686716673345,-4.769174168138191,-1.2026525166566215,1126,3.7481177275838466,1.8121149897330597,0.2844251016032513,13729,71.03502650000019,0.05012729999998555,16464
pvdaq_1217,R,main,"Port Chester, NY",Dfa,lstm,4,-2.0,2013-06-01 00:00:00,6044,1434,0.09336896985769272,0.063485287129879,0.8393607139587402,0.29815611389181634,-2.9007508877695765,-5.003598975724888,-1.1753538785635453,1126,3.7481177275838466,1.8121149897330597,0.28416909341098917,13729,71.1243743,0.06023960000038642,16464
pvdaq_1217,R,main,"Port Chester, NY",Dfa,gru,0,-2.0,2013-06-01 00:00:00,6044,1434,0.09205486625432968,0.06240669637918472,0.8438506126403809,0.29395977302796056,-3.1760104993753964,-5.310700460872598,-1.5176555564861527,1126,3.7481177275838466,1.8121149897330597,0.2838490831706615,151809,63.79607229999965,0.06113400000003821,16464
pvdaq_1217,R,main,"Port Chester, NY",Dfa,gru,1,-2.0,2013-06-01 00:00:00,6044,1434,0.09270255267620087,0.061430640518665314,0.8416455984115601,0.2960280368939959,-3.7602399113712326,-6.096071769277844,-1.8310784076902085,1126,3.7481177275838466,1.8121149897330597,0.28480911389164454,151809,68.87555640000028,0.06853240000009464,16464
pvdaq_1217,R,main,"Port Chester, NY",Dfa,gru,2,-2.0,2013-06-01 00:00:00,6044,1434,0.0924929678440094,0.061007991433143616,0.8423608541488647,0.29535876744406925,-3.047019187452449,-4.793861389284149,-1.2906003857549253,1126,3.7481177275838466,1.8121149897330597,0.28506512208390666,151809,61.056897299999946,0.06910000000016225,16464
pvdaq_1217,R,main,"Port Chester, NY",Dfa,gru,3,-2.0,2013-06-01 00:00:00,6044,1434,0.09308068454265594,0.06288713961839676,0.8403511047363281,0.29723552936191905,-3.227024165101078,-5.072830337723888,-1.409645447675989,1126,3.7481177275838466,1.8121149897330597,0.284329098531153,151809,49.937111400000504,0.07154940000054921,16464
pvdaq_1217,R,main,"Port Chester, NY",Dfa,gru,4,-2.0,2013-06-01 00:00:00,6044,1434,0.09219899028539658,0.06121204048395157,0.8433613181114197,0.2944200058128657,-3.177077799770167,-5.358294183262724,-1.873895847705087,1126,3.7481177275838466,1.8121149897330597,0.2843610995551858,151809,67.53819759999988,0.09883139999965351,16464
pvdaq_1217,R,main,"Port Chester, NY",Dfa,tcn,0,-2.0,2013-06-01 00:00:00,6044,1434,0.09227558225393295,0.060774847865104675,0.8431009650230408,0.2946645877519075,-4.022499504795971,-6.214236654468664,-2.4323108047986866,1126,3.7481177275838466,1.8121149897330597,0.285161125156005,198273,10.926672999999937,0.1445715999998356,16464
pvdaq_1217,R,main,"Port Chester, NY",Dfa,tcn,1,-2.0,2013-06-01 00:00:00,6044,1434,0.09485074132680893,0.06487371772527695,0.8342215418815613,0.3028878703156135,-3.1719028653396264,-5.214326118933998,-1.480181684042094,1126,3.7481177275838466,1.8121149897330597,0.2844571026272841,198273,3.4636811000000307,0.14099460000034014,16464
pvdaq_1217,R,main,"Port Chester, NY",Dfa,tcn,2,-2.0,2013-06-01 00:00:00,6044,1434,0.09363577514886856,0.06266690045595169,0.8384413123130798,0.2990081060355019,-3.6359113143248023,-5.363164985162156,-1.6676060288332129,1126,3.7481177275838466,1.8121149897330597,0.2851291241319722,198273,7.176252199999908,0.14146880000043893,16464
pvdaq_1217,R,main,"Port Chester, NY",Dfa,tcn,3,-2.0,2013-06-01 00:00:00,6044,1434,0.09317423403263092,0.062412675470113754,0.8400300741195679,0.29753426193260085,-3.6231138578667554,-5.504093159791602,-2.0054933336302168,1126,3.7481177275838466,1.8121149897330597,0.2848411149156773,198273,6.338459500000681,0.12088060000041878,16464
pvdaq_1217,R,main,"Port Chester, NY",Dfa,tcn,4,-2.0,2013-06-01 00:00:00,6044,1434,0.09337747097015381,0.06445342302322388,0.8393314480781555,0.2981832605836886,-4.116093494084893,-5.826986470368807,-1.8515070715563575,1126,3.7481177275838466,1.8121149897330597,0.2841050913629236,198273,8.070977299999868,0.12282020000020566,16464
pvdaq_1217,R,main,"Port Chester, NY",Dfa,patchtst,0,-2.0,2013-06-01 00:00:00,6044,1434,0.09522660821676254,0.06592816114425659,0.8329050540924072,0.304088130010242,-3.3537864208516788,-4.82603536813564,-1.4757511838320965,1126,3.7481177275838466,1.8121149897330597,0.283497071906301,25857,8.315363099999558,0.34544649999952526,16464
pvdaq_1217,R,main,"Port Chester, NY",Dfa,patchtst,1,-2.0,2013-06-01 00:00:00,6044,1434,0.09433259814977646,0.06461182236671448,0.8360277414321899,0.3012332782563992,-3.2213423402998043,-5.11621321982153,-1.5098123682480757,1126,3.7481177275838466,1.8121149897330597,0.28452110467534963,25857,23.02069179999944,0.2500989000000118,16464
pvdaq_1217,R,main,"Port Chester, NY",Dfa,patchtst,2,-2.0,2013-06-01 00:00:00,6044,1434,0.09521371126174927,0.06371254473924637,0.8329503536224365,0.304046946028094,-2.547008712133092,-4.632669117284569,-0.9770676971869285,1126,3.7481177275838466,1.8121149897330597,0.28397708726679255,25857,15.312503600000127,0.24877739999919868,16464
pvdaq_1217,R,main,"Port Chester, NY",Dfa,patchtst,3,-2.0,2013-06-01 00:00:00,6044,1434,0.09450910985469818,0.06518539786338806,0.8354135751724243,0.3017969349410139,-3.622639405988204,-5.270766768926338,-2.0320340252588887,1126,3.7481177275838466,1.8121149897330597,0.28352907293033375,25857,17.866834099999323,0.24776459999975486,16464
pvdaq_1217,R,main,"Port Chester, NY",Dfa,patchtst,4,-2.0,2013-06-01 00:00:00,6044,1434,0.09384838491678238,0.06346826255321503,0.8377068042755127,0.2996870350444996,-2.930773168223988,-4.944806098456544,-1.3539830444900036,1126,3.7481177275838466,1.8121149897330597,0.2846811097955135,25857,14.553258200000528,0.24986209999951825,16464
pvdaq_1217,R,main,"Port Chester, NY",Dfa,informer,0,-2.0,2013-06-01 00:00:00,6044,1434,0.09423299878835678,0.0632464811205864,0.8363738656044006,0.30091522656757513,-3.483673683592148,-4.939373991022121,-1.1021509894964483,1126,3.7481177275838466,1.8121149897330597,0.2846491087714807,81537,17.064498799999456,0.12902089999988675,16464
pvdaq_1217,R,main,"Port Chester, NY",Dfa,informer,1,-2.0,2013-06-01 00:00:00,6044,1434,0.09383513778448105,0.06260887533426285,0.837752640247345,0.29964473283753307,-3.4626097176221005,-5.3890627176536485,-1.220405201424055,1126,3.7481177275838466,1.8121149897330597,0.2849051169637428,81537,20.993359399999463,0.11942009999984293,16464
pvdaq_1217,R,main,"Port Chester, NY",Dfa,informer,2,-2.0,2013-06-01 00:00:00,6044,1434,0.09497129917144775,0.06469070911407471,0.8337998390197754,0.3032728489494302,-3.074712448764425,-4.835513720466922,-1.0507236439974343,1126,3.7481177275838466,1.8121149897330597,0.2836890780504976,81537,13.396392700000433,0.12010480000026291,16464
pvdaq_1217,R,main,"Port Chester, NY",Dfa,informer,3,-2.0,2013-06-01 00:00:00,6044,1434,0.09451813995838165,0.06405751407146454,0.8353821039199829,0.3018257708661227,-3.480664287511868,-5.162174594178617,-1.7157284557039576,1126,3.7481177275838466,1.8121149897330597,0.28416909341098917,81537,10.392299699999967,0.1220352999998795,16464
pvdaq_1217,R,main,"Port Chester, NY",Dfa,informer,4,-2.0,2013-06-01 00:00:00,6044,1434,0.09254713356494904,0.06034614145755768,0.8421761393547058,0.29553173541068734,-3.973680404847224,-6.192304265294067,-2.515046772447338,1126,3.7481177275838466,1.8121149897330597,0.2849371179877756,81537,47.64939309999954,0.1245796999992308,16464
pvdaq_1221,R,main,"Port Chester, NY",Dfa,lstm,0,0.0,2013-06-01 00:00:00,5982,1361,0.09477007389068604,0.05961815267801285,0.8431888222694397,0.29670134450488445,-1.190170860230555,-3.670593623792351,0.25019018072767363,1116,3.6632443531827517,1.7587268993839835,0.2806169797433518,13729,79.45350400000007,0.05883220000032452,16464
pvdaq_1221,R,main,"Port Chester, NY",Dfa,lstm,1,0.0,2013-06-01 00:00:00,5982,1361,0.09520681202411652,0.061791401356458664,0.8417401909828186,0.2980686621196712,-1.3706411133534484,-3.2071058982815037,0.9419586462780375,1116,3.6632443531827517,1.7587268993839835,0.28000896028672917,13729,72.73829380000006,0.04688669999995909,16464
pvdaq_1221,R,main,"Port Chester, NY",Dfa,lstm,2,0.0,2013-06-01 00:00:00,5982,1361,0.09581567347049713,0.06169572472572327,0.8397095203399658,0.2999748546796421,-1.118004385016591,-2.9634095211472866,0.5378000144510953,1115,3.6632443531827517,1.7573579739904175,0.2799769592626964,13729,48.72250889999941,0.04914749999988999,16464
pvdaq_1221,R,main,"Port Chester, NY",Dfa,lstm,3,0.0,2013-06-01 00:00:00,5982,1361,0.09652473777532578,0.06299199163913727,0.8373283743858337,0.30219475727068307,-1.4118878261943024,-3.1623019122750793,0.7511368366927494,1115,3.6632443531827517,1.7573579739904175,0.2803929725751224,13729,48.518770499999846,0.057835099999465456,16464
pvdaq_1221,R,main,"Port Chester, NY",Dfa,lstm,4,0.0,2013-06-01 00:00:00,5982,1361,0.09480994194746017,0.06004396826028824,0.843056857585907,0.2968261613965683,-1.5715439559820243,-3.243088921203671,0.48359475720780587,1117,3.6632443531827517,1.7573579739904175,0.28000896028672917,13729,90.4085685,0.05128499999955238,16464
pvdaq_1221,R,main,"Port Chester, NY",Dfa,gru,0,0.0,2013-06-01 00:00:00,5982,1361,0.09407985955476761,0.06161734461784363,0.8454646468162537,0.29454045644121407,-1.7370031084946154,-3.6829087538460366,-0.10766702408514905,1116,3.6632443531827517,1.7587268993839835,0.2798489551665653,151809,77.21605790000012,0.10729480000009062,16464
pvdaq_1221,R,main,"Port Chester, NY",Dfa,gru,1,0.0,2013-06-01 00:00:00,5982,1361,0.09532450139522552,0.06074553728103638,0.8413487076759338,0.2984371180383851,-2.1318221047661234,-3.957290459445893,-0.6047898820286531,1115,3.6632443531827517,1.7573579739904175,0.2808089858875484,151809,60.0803719000005,0.0802825999999186,16464
pvdaq_1221,R,main,"Port Chester, NY",Dfa,gru,2,0.0,2013-06-01 00:00:00,5982,1361,0.09455867856740952,0.061992496252059937,0.8438876271247864,0.29603951874002815,-1.7617632559456462,-3.5952724816481743,-0.09476500097345203,1114,3.6632443531827517,1.7587268993839835,0.28084098691158116,151809,66.5670854,0.06190920000062761,16464
pvdaq_1221,R,main,"Port Chester, NY",Dfa,gru,3,0.0,2013-06-01 00:00:00,5982,1361,0.09471955895423889,0.060333654284477234,0.8433559536933899,0.29654319490189124,-1.8398791568243733,-3.4099662446261725,-0.17829580829061822,1114,3.6632443531827517,1.7587268993839835,0.28064898076738454,151809,68.56617300000016,0.06914979999964999,16464
pvdaq_1221,R,main,"Port Chester, NY",Dfa,gru,4,0.0,2013-06-01 00:00:00,5982,1361,0.09438279271125793,0.06159011647105217,0.8444678783416748,0.29548886421527004,-2.3710999599029003,-3.981571761010616,0.21045478100265613,1115,3.6632443531827517,1.7573579739904175,0.28004096131076195,151809,80.16882470000019,0.06937059999927442,16464
pvdaq_1221,R,main,"Port Chester, NY",Dfa,tcn,0,0.0,2013-06-01 00:00:00,5982,1361,0.0962042585015297,0.06308212131261826,0.8384068012237549,0.3011914170017821,-2.165213161004792,-3.888648155200669,-0.2621082983949974,1114,3.6632443531827517,1.7559890485968515,0.28109699510384334,198273,7.188512899999296,0.08885219999956462,16464
pvdaq_1221,R,main,"Port Chester, NY",Dfa,tcn,1,0.0,2013-06-01 00:00:00,5982,1361,0.09461528062820435,0.06086593493819237,0.843700647354126,0.29621672560344103,-2.3756355889255842,-4.504987659678424,-0.951257134988992,1114,3.6632443531827517,1.7559890485968515,0.2807449838394829,198273,13.816359699999339,0.07836990000032529,16464
pvdaq_1221,R,main,"Port Chester, NY",Dfa,tcn,2,0.0,2013-06-01 00:00:00,5982,1361,0.0946674719452858,0.06417663395404816,0.8435282111167908,0.2963801235339672,-2.428125073101574,-4.383411824344153,-0.7629743375827834,1116,3.6632443531827517,1.7559890485968515,0.2799449582386636,198273,6.958527400000094,0.08848519999992277,16464
pvdaq_1221,R,main,"Port Chester, NY",Dfa,tcn,3,0.0,2013-06-01 00:00:00,5982,1361,0.0957367792725563,0.0643925815820694,0.8399733901023865,0.29972785672299096,-2.18617607372557,-3.906731612389189,-0.32669696895566425,1114,3.6632443531827517,1.7587268993839835,0.28026496847899135,198273,6.127577100000053,0.08665999999993801,16464
pvdaq_1221,R,main,"Port Chester, NY",Dfa,tcn,4,0.0,2013-06-01 00:00:00,5982,1361,0.09579020738601685,0.060268450528383255,0.8397947549819946,0.2998951267529414,-2.6060462777834026,-4.242835491956953,-0.5985046174260652,1115,3.6632443531827517,1.7573579739904175,0.281000992031745,198273,7.7589126999992,0.08730009999999311,16464
pvdaq_1221,R,main,"Port Chester, NY",Dfa,patchtst,0,0.0,2013-06-01 00:00:00,5982,1361,0.09723633527755737,0.06443075835704803,0.8349210619926453,0.3044225906677739,-1.920514956069355,-3.86400823793811,0.3149135354937105,1116,3.6632443531827517,1.7587268993839835,0.2796569490223687,25857,11.787016199999925,0.26739959999940766,16464
pvdaq_1221,R,main,"Port Chester, NY",Dfa,patchtst,1,0.0,2013-06-01 00:00:00,5982,1361,0.09743401408195496,0.0647900328040123,0.8342491388320923,0.30504147345046045,-1.4599151557516548,-3.6178104531437407,0.38469546772912366,1116,3.6632443531827517,1.7587268993839835,0.2805209766712535,25857,17.178123599999708,0.32709499999964464,16464
pvdaq_1221,R,main,"Port Chester, NY",Dfa,patchtst,2,0.0,2013-06-01 00:00:00,5982,1361,0.09800373017787933,0.06332936882972717,0.8323051333427429,0.3068251117310617,-1.2842067056849769,-3.3222888873348233,0.3590141726834195,1116,3.6632443531827517,1.7587268993839835,0.2807449838394829,25857,12.48280160000013,0.32313190000058967,16464
pvdaq_1221,R,main,"Port Chester, NY",Dfa,patchtst,3,0.0,2013-06-01 00:00:00,5982,1361,0.0975288450717926,0.06430446356534958,0.8339263796806335,0.3053383655075249,-1.794477126068545,-3.2349713285071573,0.4395146489685975,1116,3.6632443531827517,1.7587268993839835,0.2804889756472207,25857,11.253928399999495,0.32061419999990903,16464
pvdaq_1221,R,main,"Port Chester, NY",Dfa,patchtst,4,0.0,2013-06-01 00:00:00,5982,1361,0.09670160710811615,0.06223795562982559,0.8367316722869873,0.30274849081426053,-2.214073467826255,-3.5696938245555754,0.21561144473563051,1116,3.6632443531827517,1.7587268993839835,0.2809369899836795,25857,17.007487900000342,0.2473947999997108,16464
pvdaq_1221,R,main,"Port Chester, NY",Dfa,informer,0,0.0,2013-06-01 00:00:00,5982,1361,0.09731466323137283,0.0643320083618164,0.8346549868583679,0.3046678158560139,-1.5962528502987188,-3.935394591065311,0.06110441692953647,1116,3.6632443531827517,1.7587268993839835,0.2807129828154501,81537,11.671126499999446,0.12214399999993475,16464
pvdaq_1221,R,main,"Port Chester, NY",Dfa,informer,1,0.0,2013-06-01 00:00:00,5982,1361,0.09603322297334671,0.06118179112672806,0.8389808535575867,0.30065594763801934,-2.0009912453377607,-3.8834785830183574,0.22164324926890466,1114,3.6632443531827517,1.7587268993839835,0.28116099715190884,81537,18.065910799999983,0.11974190000000817,16464
pvdaq_1221,R,main,"Port Chester, NY",Dfa,informer,2,0.0,2013-06-01 00:00:00,5982,1361,0.09637700766324997,0.06423180550336838,0.8378259539604187,0.3017322513225785,-1.989387558731892,-3.7814003610653986,-0.10645299173988576,1115,3.6632443531827517,1.7573579739904175,0.2806169797433518,81537,27.656671199999437,0.12022950000027777,16464
pvdaq_1221,R,main,"Port Chester, NY",Dfa,informer,3,0.0,2013-06-01 00:00:00,5982,1361,0.09774366021156311,0.062433820217847824,0.8331940174102783,0.3060108978605484,-1.8100530749597485,-4.02172787538313,0.7489875987442218,1115,3.6632443531827517,1.7573579739904175,0.2809369899836795,81537,12.670892099999946,0.11931830000048649,16464
pvdaq_1221,R,main,"Port Chester, NY",Dfa,informer,4,0.0,2013-06-01 00:00:00,5982,1361,0.09668853878974915,0.0637764111161232,0.8367757797241211,0.3027075771854036,-1.5183145507716915,-3.7249085700260567,0.7137270069238331,1116,3.6632443531827517,1.7587268993839835,0.2804569746231879,81537,14.126706600000034,0.11873259999993024,16464
pvdaq_1221,R,main,"Port Chester, NY",Dfa,lstm,0,-0.25,2013-06-01 00:00:00,5983,1361,0.09508325159549713,0.06061850115656853,0.8412278294563293,0.298543860796633,-1.7395347540407973,-3.8463607401512387,-0.32697954636471244,1116,3.6632443531827517,1.7587268993839835,0.2809689910077122,13729,78.33027850000053,0.045932600000014645,16464
pvdaq_1221,R,main,"Port Chester, NY",Dfa,lstm,1,-0.25,2013-06-01 00:00:00,5983,1361,0.09517721086740494,0.06221335753798485,0.8409138917922974,0.2988388755686596,-1.3005870714164982,-3.1072401455405423,0.5626882741870787,1116,3.6632443531827517,1.7587268993839835,0.28013696438286023,13729,56.96375280000029,0.05351929999960703,16464
pvdaq_1221,R,main,"Port Chester, NY",Dfa,lstm,2,-0.25,2013-06-01 00:00:00,5983,1361,0.0949157252907753,0.06276079267263412,0.841786801815033,0.2980178591196035,-1.6141233130214343,-3.5290341008176576,0.28884032702871654,1116,3.6632443531827517,1.7587268993839835,0.28026496847899135,13729,67.71166360000007,0.051148900000043795,16464
pvdaq_1221,R,main,"Port Chester, NY",Dfa,lstm,3,-0.25,2013-06-01 00:00:00,5983,1361,0.09448332339525223,0.060656286776065826,0.8432250618934631,0.2966601969747032,-1.3199406024676361,-2.929985443641872,0.2775897031451005,1116,3.6632443531827517,1.7587268993839835,0.2804569746231879,13729,102.50145100000009,0.049253000000135216,16464
pvdaq_1221,R,main,"Port Chester, NY",Dfa,lstm,4,-0.25,2013-06-01 00:00:00,5983,1361,0.09593644738197327,0.06345541030168533,0.8383656740188599,0.3012227380945363,-1.4646904051059317,-3.1915755651356514,0.39674217849776844,1116,3.6632443531827517,1.7587268993839835,0.28013696438286023,13729,44.98688630000015,0.050223799999912444,16464
pvdaq_1221,R,main,"Port Chester, NY",Dfa,gru,0,-0.25,2013-06-01 00:00:00,5983,1361,0.09453115612268448,0.06059541925787926,0.8430662751197815,0.2968103829105061,-1.987699354958139,-3.5071146095172088,-0.1616285328574143,1116,3.6632443531827517,1.7587268993839835,0.281000992031745,151809,67.60606000000007,0.06992689999970025,16464
pvdaq_1221,R,main,"Port Chester, NY",Dfa,gru,1,-0.25,2013-06-01 00:00:00,5983,1361,0.0949786975979805,0.06131833419203758,0.8415768146514893,0.29821558054162944,-2.389223159771087,-3.836317558797461,-0.7438859492201244,1115,3.6632443531827517,1.7573579739904175,0.2804249735991552,151809,60.38976469999943,0.09014980000029027,16464
pvdaq_1221,R,main,"Port Chester, NY",Dfa,gru,2,-0.25,2013-06-01 00:00:00,5983,1361,0.0943581834435463,0.060591842979192734,0.8436400890350342,0.29626728062302926,-2.2245238970269385,-3.8683138460479993,-0.30053478593249855,1114,3.6632443531827517,1.7587268993839835,0.2804889756472207,151809,57.050715299999865,0.07416439999997237,16464
pvdaq_1221,R,main,"Port Chester, NY",Dfa,gru,3,-0.25,2013-06-01 00:00:00,5983,1361,0.09422124177217484,0.06103913113474846,0.8440935611724854,0.2958373090498115,-2.3003151735573715,-3.8965717353415044,-0.3343398522749131,1114,3.6632443531827517,1.7559890485968515,0.28000896028672917,151809,72.43944330000068,0.09077500000057626,16464
pvdaq_1221,R,main,"Port Chester, NY",Dfa,gru,4,-0.25,2013-06-01 00:00:00,5983,1361,0.0947982668876648,0.06342434883117676,0.8421781659126282,0.29764906141276026,-1.957047694328494,-3.550325276746269,-0.012157614509419427,1116,3.6632443531827517,1.7587268993839835,0.28000896028672917,151809,65.94366919999993,0.10374769999998534,16464
pvdaq_1221,R,main,"Port Chester, NY",Dfa,tcn,0,-0.25,2013-06-01 00:00:00,5983,1361,0.0957624614238739,0.06243931129574776,0.8389514088630676,0.300676454298139,-2.774188460625515,-4.278934588908638,-0.5887565651050752,1114,3.6632443531827517,1.7587268993839835,0.28157701046433486,198273,9.249529200000325,0.11821719999989,16464
pvdaq_1221,R,main,"Port Chester, NY",Dfa,tcn,1,-0.25,2013-06-01 00:00:00,5983,1361,0.09523875266313553,0.06276700645685196,0.8407080769538879,0.29903210544868025,-1.7390598013022174,-3.6875950327613247,-0.33133205937217214,1114,3.6632443531827517,1.7559890485968515,0.2805209766712535,198273,5.887888700000076,0.11983739999959653,16464
pvdaq_1221,R,main,"Port Chester, NY",Dfa,tcn,2,-0.25,2013-06-01 00:00:00,5983,1361,0.09540445357561111,0.060752078890800476,0.8401533365249634,0.2995523757309634,-1.8099222355740128,-3.870362622689194,-0.10545121615359587,1115,3.6632443531827517,1.7573579739904175,0.28109699510384334,198273,4.212873100000252,0.09373340000001917,16464
pvdaq_1221,R,main,"Port Chester, NY",Dfa,tcn,3,-0.25,2013-06-01 00:00:00,5983,1361,0.09520094096660614,0.06038295105099678,0.8408345580101013,0.2989133837003625,-1.4162488360564471,-3.5388926420978164,0.19033440317103112,1115,3.6632443531827517,1.7573579739904175,0.2808089858875484,198273,5.115919500000018,0.09080199999971228,16464
pvdaq_1221,R,main,"Port Chester, NY",Dfa,tcn,4,-0.25,2013-06-01 00:00:00,5983,1361,0.09612876176834106,0.06358075141906738,0.8377169966697693,0.30182656977287675,-2.1869823639270893,-3.6832912249151972,-0.41409875074942537,1117,3.6632443531827517,1.7573579739904175,0.2804569746231879,198273,4.510695899999519,0.09192329999950744,16464
pvdaq_1221,R,main,"Port Chester, NY",Dfa,patchtst,0,-0.25,2013-06-01 00:00:00,5983,1361,0.09761505573987961,0.06513063609600067,0.8326599597930908,0.3064932585229583,-2.3788262710204178,-4.2738670365715326,0.06779050923910734,1115,3.6632443531827517,1.7573579739904175,0.27952894492623764,25857,11.871811100000741,0.2616614999997182,16464
pvdaq_1221,R,main,"Port Chester, NY",Dfa,patchtst,1,-0.25,2013-06-01 00:00:00,5983,1361,0.09816575795412064,0.06641024351119995,0.8307664394378662,0.30822236183431956,-1.779468419046097,-3.8554976274728654,-0.12540244794492228,1116,3.6632443531827517,1.7587268993839835,0.2809369899836795,25857,10.902947100000347,0.271234199999526,16464
pvdaq_1221,R,main,"Port Chester, NY",Dfa,patchtst,2,-0.25,2013-06-01 00:00:00,5983,1361,0.0974426120519638,0.06241721287369728,0.8332506418228149,0.30595181717028547,-1.8103472004903143,-3.398345700817007,0.139634091194496,1115,3.6632443531827517,1.7573579739904175,0.28058497871931903,25857,16.230634499999724,0.3334389999999985,16464
pvdaq_1221,R,main,"Port Chester, NY",Dfa,patchtst,3,-0.25,2013-06-01 00:00:00,5983,1361,0.09719140827655792,0.06321249157190323,0.8341093063354492,0.3051630836793926,-1.9279935400125348,-3.522372009332327,-0.1487969672743894,1116,3.6632443531827517,1.7587268993839835,0.28077698486351566,25857,13.744956500000626,0.3297065999995539,16464
pvdaq_1221,R,main,"Port Chester, NY",Dfa,patchtst,4,-0.25,2013-06-01 00:00:00,5983,1361,0.09701584279537201,0.0631786435842514,0.8347080945968628,0.3046118404720311,-2.147207936879612,-4.195790510912822,-0.1330066231921001,1116,3.6632443531827517,1.7587268993839835,0.2807449838394829,25857,10.279898499999945,0.24582860000009532,16464
pvdaq_1221,R,main,"Port Chester, NY",Dfa,informer,0,-0.25,2013-06-01 00:00:00,5983,1361,0.09663291275501251,0.06096985936164856,0.8360103368759155,0.3034095108214815,-2.67661458651593,-4.193542477340783,0.07289067584507203,1116,3.6632443531827517,1.7587268993839835,0.2812570002240072,81537,21.827240800000254,0.12346309999975347,16464
pvdaq_1221,R,main,"Port Chester, NY",Dfa,informer,1,-0.25,2013-06-01 00:00:00,5983,1361,0.09534309059381485,0.062044478952884674,0.8403588533401489,0.29935970729369343,-2.8763354271515054,-4.467397373452056,-1.041662728043425,1116,3.6632443531827517,1.7559890485968515,0.28064898076738454,81537,41.83835859999999,0.11925719999999274,16464
pvdaq_1221,R,main,"Port Chester, NY",Dfa,informer,2,-0.25,2013-06-01 00:00:00,5983,1361,0.09672819823026657,0.0647934228181839,0.8356867432594299,0.30370868962724223,-1.7728457043326762,-4.133699335337447,0.06408429027796592,1114,3.6632443531827517,1.7587268993839835,0.28013696438286023,81537,19.143731000000116,0.1187489000003552,16464
pvdaq_1221,R,main,"Port Chester, NY",Dfa,informer,3,-0.25,2013-06-01 00:00:00,5983,1361,0.09641122072935104,0.06345237791538239,0.8367618918418884,0.30271343877789636,-1.7075584266669979,-4.10457837122883,-0.027877556294280598,1116,3.6632443531827517,1.7587268993839835,0.28032897052705685,81537,12.62391800000023,0.12107189999915136,16464
pvdaq_1221,R,main,"Port Chester, NY",Dfa,informer,4,-0.25,2013-06-01 00:00:00,5983,1361,0.09647352248430252,0.06341203302145004,0.8365508913993835,0.3029090547896073,-2.039026123215133,-3.736512666465859,0.16315985435924651,1116,3.6632443531827517,1.7587268993839835,0.2799769592626964,81537,18.911784000000807,0.1186331999997492,16464
pvdaq_1221,R,main,"Port Chester, NY",Dfa,lstm,0,-0.5,2013-06-01 00:00:00,5984,1361,0.09552885591983795,0.06216274946928024,0.8387982845306396,0.3008141384732677,-1.5207959192023446,-3.7745346109265387,0.12785042522477363,1115,3.6632443531827517,1.7573579739904175,0.2806809817914173,13729,45.9592776999998,0.04871149999962654,16464
pvdaq_1221,R,main,"Port Chester, NY",Dfa,lstm,1,-0.5,2013-06-01 00:00:00,5984,1361,0.09450013190507889,0.06084326282143593,0.8422514796257019,0.29757475362722513,-1.7977197490236905,-4.19447284660921,0.14790069474090659,1116,3.6632443531827517,1.7587268993839835,0.2804569746231879,13729,75.55505790000007,0.04709279999951832,16464
pvdaq_1221,R,main,"Port Chester, NY",Dfa,lstm,2,-0.5,2013-06-01 00:00:00,5984,1361,0.09448874741792679,0.06132682040333748,0.8422894477844238,0.2975389046194919,-1.9622910751281681,-3.854220485321713,-0.13468752148401153,1116,3.6632443531827517,1.7587268993839835,0.28064898076738454,13729,70.0955828999995,0.047431699999833654,16464
pvdaq_1221,R,main,"Port Chester, NY",Dfa,lstm,3,-0.5,2013-06-01 00:00:00,5984,1361,0.09510471671819687,0.06283154338598251,0.8402265310287476,0.2994785517826717,-1.822020003434891,-3.6649534622359865,0.05294090827771938,1116,3.6632443531827517,1.7587268993839835,0.28036097155108963,13729,62.878203099999155,0.054904200000237324,16464
pvdaq_1221,R,main,"Port Chester, NY",Dfa,lstm,4,-0.5,2013-06-01 00:00:00,5984,1361,0.09429237246513367,0.060222987085580826,0.842944324016571,0.2969205326974858,-1.794054608559482,-3.703546977858831,0.16463616713700066,1116,3.6632443531827517,1.7587268993839835,0.28064898076738454,13729,68.1887271000005,0.05903440000020055,16464
pvdaq_1221,R,main,"Port Chester, NY",Dfa,gru,0,-0.5,2013-06-01 00:00:00,5984,1361,0.09489881992340088,0.06023735553026199,0.8409175872802734,0.2988301962010563,-2.376748432931153,-4.160117696631977,-0.5453394091113561,1114,3.6632443531827517,1.7587268993839835,0.2811289961278761,151809,58.928108499999325,0.07162960000005114,16464
pvdaq_1221,R,main,"Port Chester, NY",Dfa,gru,1,-0.5,2013-06-01 00:00:00,5984,1361,0.09505676478147507,0.061876874417066574,0.8403876423835754,0.2993275542605701,-2.423665800942943,-3.8606837117341364,-0.56686995245121,1116,3.6632443531827517,1.7587268993839835,0.2806809817914173,151809,53.096622000000025,0.06979189999947266,16464
pvdaq_1221,R,main,"Port Chester, NY",Dfa,gru,2,-0.5,2013-06-01 00:00:00,5984,1361,0.09524715691804886,0.06241187825798988,0.8397476077079773,0.2999270866844022,-2.268579688870742,-3.754166504102252,-0.3925479360493152,1115,3.6632443531827517,1.7573579739904175,0.2811289961278761,151809,46.3487697999999,0.07447929999943881,16464
pvdaq_1221,R,main,"Port Chester, NY",Dfa,gru,3,-0.5,2013-06-01 00:00:00,5984,1361,0.0944538414478302,0.05991540849208832,0.8424059748649597,0.2974289879956501,-2.777027496643447,-4.538865534273473,-0.878534662449515,1115,3.6632443531827517,1.7573579739904175,0.2812249991999744,151809,66.04627079999955,0.07229630000074394,16464
pvdaq_1221,R,main,"Port Chester, NY",Dfa,gru,4,-0.5,2013-06-01 00:00:00,5984,1361,0.09438911080360413,0.05970834940671921,0.842621922492981,0.29722515541764843,-2.2558960191416677,-3.556635856922146,-0.4158730138756783,1115,3.6632443531827517,1.7573579739904175,0.28087298793561394,151809,60.95696190000035,0.07705309999983001,16464
pvdaq_1221,R,main,"Port Chester, NY",Dfa,tcn,0,-0.5,2013-06-01 00:00:00,5984,1361,0.09489487111568451,0.05998590961098671,0.8409308195114136,0.2988177616630336,-3.0456884867950085,-4.556911962094345,-1.324546859628444,1115,3.6632443531827517,1.7573579739904175,0.28116099715190884,198273,9.21237579999979,0.09260330000051908,16464
pvdaq_1221,R,main,"Port Chester, NY",Dfa,tcn,1,-0.5,2013-06-01 00:00:00,5984,1361,0.09422747790813446,0.060836225748062134,0.8431603908538818,0.2967161839688493,-2.808651199222214,-4.328885538898919,-0.9067347973372072,1115,3.6632443531827517,1.7573579739904175,0.28135300329610546,198273,8.20071420000022,0.09372249999978521,16464
pvdaq_1221,R,main,"Port Chester, NY",Dfa,tcn,2,-0.5,2013-06-01 00:00:00,5984,1361,0.09426330775022507,0.05971946567296982,0.8430411219596863,0.29682900980536053,-2.689464910482686,-4.659891226550206,-0.984105564995418,1116,3.6632443531827517,1.7559890485968515,0.28087298793561394,198273,7.053040200000396,0.09552400000029593,16464
pvdaq_1221,R,main,"Port Chester, NY",Dfa,tcn,3,-0.5,2013-06-01 00:00:00,5984,1361,0.0946183055639267,0.06227254867553711,0.8418567180633545,0.29794687477359755,-2.871455218654162,-4.42040168088872,-0.8324500317218124,1115,3.6632443531827517,1.7573579739904175,0.28004096131076195,198273,10.228049499999543,0.11507650000021385,16464
pvdaq_1221,R,main,"Port Chester, NY",Dfa,tcn,4,-0.5,2013-06-01 00:00:00,5984,1361,0.09523898363113403,0.05963063985109329,0.8397750854492188,0.29990134953683456,-2.947489437559991,-4.6785984685384365,-0.9495717728769048,1115,3.6632443531827517,1.7573579739904175,0.2814810073922365,198273,5.9742553999994925,0.11390169999958744,16464
pvdaq_1221,R,main,"Port Chester, NY",Dfa,patchtst,0,-0.5,2013-06-01 00:00:00,5984,1361,0.09692160785198212,0.06320737302303314,0.8340635299682617,0.305199823495252,-2.012284925055442,-3.8338149312532543,0.012131733249720611,1116,3.6632443531827517,1.7587268993839835,0.28023296745495857,25857,10.785469700000249,0.3488882999999987,16464
pvdaq_1221,R,main,"Port Chester, NY",Dfa,patchtst,1,-0.5,2013-06-01 00:00:00,5984,1361,0.09698843955993652,0.06246739625930786,0.8338346481323242,0.30541027218593736,-2.1501878469124485,-3.7494142491181215,-0.5866186571685916,1116,3.6632443531827517,1.7587268993839835,0.2812570002240072,25857,28.755648000000292,0.33306850000008126,16464
pvdaq_1221,R,main,"Port Chester, NY",Dfa,patchtst,2,-0.5,2013-06-01 00:00:00,5984,1361,0.09830105304718018,0.06366779655218124,0.8293065428733826,0.30954360647023915,-1.8277519561245459,-3.7216340403263493,-0.08706989621247718,1117,3.6632443531827517,1.7573579739904175,0.28064898076738454,25857,12.285004800000024,0.3300341000003755,16464
pvdaq_1221,R,main,"Port Chester, NY",Dfa,patchtst,3,-0.5,2013-06-01 00:00:00,5984,1361,0.09734571725130081,0.06411819159984589,0.832608163356781,0.30653531634027803,-1.6296318205467453,-3.462467017844806,-0.14078210269263813,1116,3.6632443531827517,1.7587268993839835,0.2806169797433518,25857,9.802974499999436,0.23164829999950598,16464
pvdaq_1221,R,main,"Port Chester, NY",Dfa,patchtst,4,-0.5,2013-06-01 00:00:00,5984,1361,0.09612266719341278,0.06244437023997307,0.8367879986763,0.30268401145516566,-2.379357520795783,-4.269958956940649,-0.28353237027374006,1116,3.6632443531827517,1.7587268993839835,0.2804249735991552,25857,17.265780200000336,0.25066940000033355,16464
pvdaq_1221,R,main,"Port Chester, NY",Dfa,informer,0,-0.5,2013-06-01 00:00:00,5984,1361,0.09669621288776398,0.06387266516685486,0.8348344564437866,0.3044900694494756,-1.8992890135060447,-4.197479770792145,-0.1980268842154742,1115,3.6632443531827517,1.7600958247775496,0.281000992031745,81537,13.29041099999995,0.12621999999919353,16464
pvdaq_1221,R,main,"Port Chester, NY",Dfa,informer,1,-0.5,2013-06-01 00:00:00,5984,1361,0.09655115753412247,0.06514836102724075,0.8353296518325806,0.3040332995989791,-1.906983440746557,-3.6227924850283033,-0.14150941137659467,1115,3.6632443531827517,1.7600958247775496,0.2806169797433518,81537,14.059905299999627,0.12658409999949072,16464
pvdaq_1221,R,main,"Port Chester, NY",Dfa,informer,2,-0.5,2013-06-01 00:00:00,5984,1361,0.09752972424030304,0.06527797877788544,0.8319747447967529,0.30711474235074143,-1.4710123812348328,-3.473847199211211,0.14351762367783572,1116,3.6632443531827517,1.7587268993839835,0.28064898076738454,81537,8.585158099999717,0.12478830000054586,16464
pvdaq_1221,R,main,"Port Chester, NY",Dfa,informer,3,-0.5,2013-06-01 00:00:00,5984,1361,0.09673775732517242,0.06474447250366211,0.8346924781799316,0.304620890174031,-2.961314776122248,-4.81218813351898,-0.30363481780329993,1115,3.6632443531827517,1.7573579739904175,0.2796889500464015,81537,17.38696170000003,0.13806509999994887,16464
pvdaq_1221,R,main,"Port Chester, NY",Dfa,informer,4,-0.5,2013-06-01 00:00:00,5984,1361,0.0958029255270958,0.0620880201458931,0.8378719687461853,0.30167716579621773,-2.12952766147131,-4.223775357350446,-0.01397149490811744,1116,3.6632443531827517,1.7587268993839835,0.28077698486351566,81537,19.88046480000048,0.16442120000010618,16464
pvdaq_1221,R,main,"Port Chester, NY",Dfa,lstm,0,-1.0,2013-06-01 00:00:00,5989,1361,0.09450842440128326,0.06300860643386841,0.8403690457344055,0.29933962990805657,-2.298833269101791,-4.387504451906744,-0.6144153930936092,1116,3.6632443531827517,1.7587268993839835,0.28064898076738454,13729,47.01073919999999,0.048714900000049965,16464
pvdaq_1221,R,main,"Port Chester, NY",Dfa,lstm,1,-1.0,2013-06-01 00:00:00,5989,1361,0.09419215470552444,0.0590384304523468,0.8414356708526611,0.29833789853564896,-2.343610195299027,-4.244101842870784,-0.21611808281898742,1116,3.6632443531827517,1.7587268993839835,0.2812249991999744,13729,71.24232109999957,0.05019559999982448,16464
pvdaq_1221,R,main,"Port Chester, NY",Dfa,lstm,2,-1.0,2013-06-01 00:00:00,5989,1361,0.0941133201122284,0.06058723106980324,0.8417009711265564,0.2980882031446752,-2.398327063758877,-4.13449725386783,-0.4376989295734046,1116,3.6632443531827517,1.7587268993839835,0.2808089858875484,13729,81.26162879999993,0.049328399999467365,16464
pvdaq_1221,R,main,"Port Chester, NY",Dfa,lstm,3,-1.0,2013-06-01 00:00:00,5989,1361,0.09475366771221161,0.061633992940187454,0.8395395278930664,0.30011639708406,-1.855454146764951,-3.5763121859627156,-0.03918613240985604,1116,3.6632443531827517,1.7587268993839835,0.2808089858875484,13729,58.55266720000054,0.0486270000001241,16464
pvdaq_1221,R,main,"Port Chester, NY",Dfa,lstm,4,-1.0,2013-06-01 00:00:00,5989,1361,0.09459514915943146,0.059608981013298035,0.8400759100914001,0.299614316076749,-2.1222145501134104,-3.9360441604661567,-0.3867887859472008,1115,3.6632443531827517,1.7573579739904175,0.28135300329610546,13729,63.48377399999936,0.05013949999920442,16464
pvdaq_1221,R,main,"Port Chester, NY",Dfa,gru,0,-1.0,2013-06-01 00:00:00,5989,1361,0.09324817359447479,0.059788819402456284,0.8445979356765747,0.2953479962257554,-2.710064641938729,-4.48416221964062,-1.0898425939780618,1116,3.6632443531827517,1.7587268993839835,0.28084098691158116,151809,87.39128840000012,0.07267900000078953,16464
pvdaq_1221,R,main,"Port Chester, NY",Dfa,gru,1,-1.0,2013-06-01 00:00:00,5989,1361,0.09369634836912155,0.059501372277736664,0.8431005477905273,0.2967675148774182,-2.252121991994155,-4.168566949980473,-0.5719293684893878,1115,3.6632443531827517,1.7573579739904175,0.2811289961278761,151809,80.04852570000003,0.07353450000027806,16464
pvdaq_1221,R,main,"Port Chester, NY",Dfa,gru,2,-1.0,2013-06-01 00:00:00,5989,1361,0.09545271843671799,0.06239321082830429,0.8371630907058716,0.3023305233536104,-2.290483156959855,-4.125738508539596,-0.7122395034536266,1115,3.6632443531827517,1.7573579739904175,0.28128900124803996,151809,38.04031190000023,0.07585310000013123,16464
pvdaq_1221,R,main,"Port Chester, NY",Dfa,gru,3,-1.0,2013-06-01 00:00:00,5989,1361,0.0937785878777504,0.06012211740016937,0.8428249955177307,0.29702799476831404,-3.2700028883934618,-5.177739592022268,-1.5788680496172962,1115,3.6632443531827517,1.7573579739904175,0.2812570002240072,151809,76.27091599999949,0.0711860000001252,16464
pvdaq_1221,R,main,"Port Chester, NY",Dfa,gru,4,-1.0,2013-06-01 00:00:00,5989,1361,0.09473281353712082,0.06241218000650406,0.8396100997924805,0.3000503449718461,-2.661305624080108,-3.760676385702588,-0.5525324800620677,1114,3.6632443531827517,1.7587268993839835,0.28128900124803996,151809,41.5334057,0.0695346000002246,16464
pvdaq_1221,R,main,"Port Chester, NY",Dfa,tcn,0,-1.0,2013-06-01 00:00:00,5989,1361,0.0932995080947876,0.060579534620046616,0.8444268107414246,0.2955105896709694,-3.5326602694665086,-5.108951291151136,-1.672060553792587,1114,3.6632443531827517,1.7587268993839835,0.2811289961278761,198273,8.316494700000476,0.08854650000012043,16464
pvdaq_1221,R,main,"Port Chester, NY",Dfa,tcn,1,-1.0,2013-06-01 00:00:00,5989,1361,0.09368700534105301,0.05978615954518318,0.8431318402290344,0.2967379223984199,-2.913554515677487,-4.575343942292223,-1.445932209886073,1114,3.6632443531827517,1.7587268993839835,0.2798489551665653,198273,7.901556099999652,0.0891090000004624,16464
pvdaq_1221,R,main,"Port Chester, NY",Dfa,tcn,2,-1.0,2013-06-01 00:00:00,5989,1361,0.09449557214975357,0.06151505559682846,0.840412437915802,0.2992989225505828,-2.9206746859023234,-4.59465675397327,-0.729512554515567,1114,3.6632443531827517,1.7587268993839835,0.2802009664309258,198273,6.928587800000059,0.11607350000031147,16464
pvdaq_1221,R,main,"Port Chester, NY",Dfa,tcn,3,-1.0,2013-06-01 00:00:00,5989,1361,0.09389128535985947,0.061452142894268036,0.8424469828605652,0.2973849451968056,-3.013500768818105,-4.856640848114134,-1.1719062577888795,1115,3.6632443531827517,1.7573579739904175,0.2804249735991552,198273,6.294989399999395,0.08886860000075103,16464
pvdaq_1221,R,main,"Port Chester, NY",Dfa,tcn,4,-1.0,2013-06-01 00:00:00,5989,1361,0.09457768499851227,0.061030082404613495,0.8401349782943726,0.29955900126752094,-3.6219340379465628,-5.314425000510128,-1.636968343190028,1115,3.6632443531827517,1.7546201232032854,0.28058497871931903,198273,8.484179600000061,0.08909049999965646,16464
pvdaq_1221,R,main,"Port Chester, NY",Dfa,patchtst,0,-1.0,2013-06-01 00:00:00,5989,1361,0.09594248235225677,0.06190790608525276,0.8354878425598145,0.30388176865421146,-2.4865635848875804,-4.14396739512506,-0.7114125153269812,1116,3.6632443531827517,1.7587268993839835,0.28157701046433486,25857,13.145539299999655,0.24908440000035625,16464
pvdaq_1221,R,main,"Port Chester, NY",Dfa,patchtst,1,-1.0,2013-06-01 00:00:00,5989,1361,0.09614747017621994,0.061754319816827774,0.8347840905189514,0.30453103330706666,-3.0781501160124884,-4.188118325169254,-0.49609332881752316,1116,3.6632443531827517,1.7587268993839835,0.28160901148836764,25857,25.440665600000102,0.21504519999962213,16464
pvdaq_1221,R,main,"Port Chester, NY",Dfa,patchtst,2,-1.0,2013-06-01 00:00:00,5989,1361,0.09788632392883301,0.06292605400085449,0.8287541270256042,0.31003856178475403,-2.229069220648605,-3.7561393227766238,-0.6283623025972629,1115,3.6632443531827517,1.7573579739904175,0.28055297769528625,25857,11.325472700000319,0.2750716000000466,16464
pvdaq_1221,R,main,"Port Chester, NY",Dfa,patchtst,3,-1.0,2013-06-01 00:00:00,5989,1361,0.09606974571943283,0.062146905809640884,0.8350511193275452,0.3042848540878399,-2.4494056476405537,-4.1889734066477,-0.6156099677897875,1116,3.6632443531827517,1.7587268993839835,0.2810329930557778,25857,15.048542499999712,0.3606921999999031,16464
pvdaq_1221,R,main,"Port Chester, NY",Dfa,patchtst,4,-1.0,2013-06-01 00:00:00,5989,1361,0.09601616114377975,0.06250259280204773,0.835235059261322,0.3041151339052595,-2.8646548343392864,-4.7188861898415775,-0.7038719504228269,1116,3.6632443531827517,1.7587268993839835,0.2812570002240072,25857,9.817929099999674,0.36011129999951663,16464
pvdaq_1221,R,main,"Port Chester, NY",Dfa,informer,0,-1.0,2013-06-01 00:00:00,5989,1361,0.09487676620483398,0.05991962179541588,0.8391222953796387,0.30050629097402015,-2.499108486107418,-4.46336244321166,-0.32359423402184007,1115,3.6632443531827517,1.7600958247775496,0.2813210022720727,81537,23.234002600000167,0.17860879999989265,16464
pvdaq_1221,R,main,"Port Chester, NY",Dfa,informer,1,-1.0,2013-06-01 00:00:00,5989,1361,0.09637957066297531,0.06311292201280594,0.833985447883606,0.3052661727853404,-1.8814902874947776,-4.172509588363825,-0.03435817757509925,1116,3.6632443531827517,1.7587268993839835,0.2812570002240072,81537,11.310877799999616,0.19097150000015972,16464
pvdaq_1221,R,main,"Port Chester, NY",Dfa,informer,2,-1.0,2013-06-01 00:00:00,5989,1361,0.09730414301156998,0.06428483873605728,0.8307850360870361,0.3081946010858316,-1.9005163212931553,-4.02697202998985,-0.41537127253424844,1115,3.6632443531827517,1.7573579739904175,0.2807449838394829,81537,9.745162399999572,0.17529889999968873,16464
pvdaq_1221,R,main,"Port Chester, NY",Dfa,informer,3,-1.0,2013-06-01 00:00:00,5989,1361,0.09535776078701019,0.06193118169903755,0.837486982345581,0.3020297608776667,-2.861545848598195,-4.562288559040365,-0.9100516792868244,1114,3.6632443531827517,1.7559890485968515,0.28036097155108963,81537,25.896071799999845,0.20541559999946912,16464
pvdaq_1221,R,main,"Port Chester, NY",Dfa,informer,4,-1.0,2013-06-01 00:00:00,5989,1361,0.09760243445634842,0.06667917966842651,0.8297459483146667,0.30913938935471214,-2.6730106065706583,-4.607105941706968,-0.5736389908084893,1115,3.6632443531827517,1.7573579739904175,0.2812570002240072,81537,13.32097800000065,0.14973180000015418,16464
pvdaq_1221,R,main,"Port Chester, NY",Dfa,lstm,0,-2.0,2013-06-01 00:00:00,5993,1361,0.09336521476507187,0.05911218374967575,0.8405131101608276,0.2992150946560668,-2.879762028310784,-5.16908647861446,-1.5507944273909335,1115,3.6632443531827517,1.7573579739904175,0.28167301353643315,13729,67.62660599999981,0.049845900000036636,16464
pvdaq_1221,R,main,"Port Chester, NY",Dfa,lstm,1,-2.0,2013-06-01 00:00:00,5993,1361,0.09329324215650558,0.06137986481189728,0.8407589793205261,0.29898443818578513,-2.6162631910077394,-4.71970696927914,-0.539824289077134,1115,3.6632443531827517,1.7573579739904175,0.28128900124803996,13729,55.33487890000015,0.05126659999950789,16464
pvdaq_1221,R,main,"Port Chester, NY",Dfa,lstm,2,-2.0,2013-06-01 00:00:00,5993,1361,0.09347369521856308,0.06114599108695984,0.8401423692703247,0.29956275078518707,-2.937447246157099,-4.5487640918241095,-1.1312944314425841,1115,3.6632443531827517,1.7573579739904175,0.281417005344171,13729,50.972906399999374,0.04798359999949753,16464
pvdaq_1221,R,main,"Port Chester, NY",Dfa,lstm,3,-2.0,2013-06-01 00:00:00,5993,1361,0.09357334673404694,0.061224281787872314,0.8398013114929199,0.2998821120988535,-3.2472576188835904,-4.734202104039857,-1.0239272522106102,1116,3.6632443531827517,1.7587268993839835,0.28109699510384334,13729,56.754763200000525,0.05593219999991561,16464
pvdaq_1221,R,main,"Port Chester, NY",Dfa,lstm,4,-2.0,2013-06-01 00:00:00,5993,1361,0.09339223057031631,0.05924448370933533,0.8404208421707153,0.2993016744036074,-3.109494068289356,-4.980269001680715,-1.6279398562116132,1116,3.6632443531827517,1.7587268993839835,0.281833018656597,13729,75.62245370000073,0.0477074000009452,16464
pvdaq_1221,R,main,"Port Chester, NY",Dfa,gru,0,-2.0,2013-06-01 00:00:00,5993,1361,0.09266156703233719,0.0599600113928318,0.8429080247879028,0.29696005755810156,-3.28087983862921,-5.208205771265057,-1.9218757240775601,1114,3.6632443531827517,1.7587268993839835,0.2813210022720727,151809,68.4848364999998,0.06975119999879098,16464
pvdaq_1221,R,main,"Port Chester, NY",Dfa,gru,1,-2.0,2013-06-01 00:00:00,5993,1361,0.09443023055791855,0.06242891773581505,0.8368538618087769,0.3026282373566826,-3.2380274916022467,-4.949510919851852,-1.5457990777760082,1116,3.6632443531827517,1.7587268993839835,0.28160901148836764,151809,42.5207864999993,0.07147009999971488,16464
pvdaq_1221,R,main,"Port Chester, NY",Dfa,gru,2,-2.0,2013-06-01 00:00:00,5993,1361,0.0935436263680458,0.06011645123362541,0.8399030566215515,0.2997868648255664,-3.526106991187483,-5.282074391280234,-2.070371067803034,1115,3.6632443531827517,1.7573579739904175,0.28199302377676083,151809,54.939732200000435,0.07446600000002945,16464
pvdaq_1221,R,main,"Port Chester, NY",Dfa,gru,3,-2.0,2013-06-01 00:00:00,5993,1361,0.0923687070608139,0.05927659943699837,0.8438994884490967,0.2960215053968839,-3.5672172121432704,-5.3207978992431215,-1.9607864804651487,1114,3.6632443531827517,1.7587268993839835,0.2817370155844987,151809,88.59439209999982,0.09578069999952277,16464
pvdaq_1221,R,main,"Port Chester, NY",Dfa,gru,4,-2.0,2013-06-01 00:00:00,5993,1361,0.09270545840263367,0.060195442289114,0.8427591919898987,0.29710071980100317,-3.5210939730305073,-5.1818165469446695,-1.8422419970176906,1114,3.6632443531827517,1.7587268993839835,0.2819610227527281,151809,62.00490619999982,0.07073619999937364,16464
pvdaq_1221,R,main,"Port Chester, NY",Dfa,tcn,0,-2.0,2013-06-01 00:00:00,5993,1361,0.09406490623950958,0.06010255962610245,0.8381137847900391,0.30145745281141106,-3.79244437523442,-5.439058793658507,-2.0096017197874123,1114,3.6632443531827517,1.7587268993839835,0.28189702070466255,198273,6.362913299999491,0.08778470000106608,16464
pvdaq_1221,R,main,"Port Chester, NY",Dfa,tcn,1,-2.0,2013-06-01 00:00:00,5993,1361,0.0924430564045906,0.06108669936656952,0.8436480760574341,0.2962597787837308,-4.127524581404069,-5.864582279471067,-2.1682316335094765,1114,3.6632443531827517,1.7559890485968515,0.2804249735991552,198273,9.532063499998912,0.08781120000094234,16464
pvdaq_1221,R,main,"Port Chester, NY",Dfa,tcn,2,-2.0,2013-06-01 00:00:00,5993,1361,0.09333460032939911,0.061756618320941925,0.8406177163124084,0.29911698208501225,-3.908995551332933,-5.588541745038689,-2.3054410234096183,1114,3.6632443531827517,1.7587268993839835,0.28186501968062977,198273,6.021323699998902,0.0890185999996902,16464
pvdaq_1221,R,main,"Port Chester, NY",Dfa,tcn,3,-2.0,2013-06-01 00:00:00,5993,1361,0.09440463781356812,0.06137915328145027,0.8369423151016235,0.30254621820808864,-4.108565992950658,-5.5653063033506145,-2.324992106158119,1115,3.6632443531827517,1.7546201232032854,0.2811929981759416,198273,6.74615520000043,0.08802050000122108,16464
pvdaq_1221,R,main,"Port Chester, NY",Dfa,tcn,4,-2.0,2013-06-01 00:00:00,5993,1361,0.09475565701723099,0.06308485567569733,0.8357274532318115,0.30367115798908056,-3.450482668542106,-5.258400510251024,-1.8342714696698126,1115,3.6632443531827517,1.7573579739904175,0.2817690166085315,198273,3.214019000000917,0.08812150000085239,16464
pvdaq_1221,R,main,"Port Chester, NY",Dfa,patchtst,0,-2.0,2013-06-01 00:00:00,5993,1361,0.09584298729896545,0.06186947971582413,0.8319357633590698,0.30715581374647616,-3.527361112770749,-4.946450444409778,-1.8752541299693433,1116,3.6632443531827517,1.7587268993839835,0.2816410125124004,25857,11.386620100000073,0.24108650000016496,16464
pvdaq_1221,R,main,"Port Chester, NY",Dfa,patchtst,1,-2.0,2013-06-01 00:00:00,5993,1361,0.09497956931591034,0.06290178745985031,0.8349502086639404,0.3043887479374632,-3.454190026642734,-5.564679523503987,-1.6690325792504876,1116,3.6632443531827517,1.7587268993839835,0.2812249991999744,25857,22.353159199999936,0.24105090000011842,16464
pvdaq_1221,R,main,"Port Chester, NY",Dfa,patchtst,2,-2.0,2013-06-01 00:00:00,5993,1361,0.09588266164064407,0.06184438616037369,0.8317965865135193,0.30728296133490784,-3.1626988161288345,-4.772361756127563,-1.677602553381572,1115,3.6632443531827517,1.7573579739904175,0.2814810073922365,25857,14.044068200000766,0.24094399999921734,16464
pvdaq_1221,R,main,"Port Chester, NY",Dfa,patchtst,3,-2.0,2013-06-01 00:00:00,5993,1361,0.09521733969449997,0.06086469069123268,0.8341227769851685,0.30515075000124164,-3.5713916714738474,-5.247067953775585,-1.710687636189201,1116,3.6632443531827517,1.7587268993839835,0.28160901148836764,25857,23.18505340000047,0.24559290000070177,16464
pvdaq_1221,R,main,"Port Chester, NY",Dfa,patchtst,4,-2.0,2013-06-01 00:00:00,5993,1361,0.09496837109327316,0.06190480664372444,0.834989070892334,0.30435286008292556,-3.9590440278813617,-5.611686115082909,-1.7651512545875603,1116,3.6632443531827517,1.7587268993839835,0.28128900124803996,25857,11.92554089999976,0.24153569999907631,16464
pvdaq_1221,R,main,"Port Chester, NY",Dfa,informer,0,-2.0,2013-06-01 00:00:00,5993,1361,0.09467727690935135,0.06149648502469063,0.8359991312026978,0.3034199668847986,-3.6364280315291126,-5.13769581853834,-1.2392994411813563,1116,3.6632443531827517,1.7587268993839835,0.28189702070466255,81537,17.718837799999164,0.12181950000012876,16464
pvdaq_1221,R,main,"Port Chester, NY",Dfa,informer,1,-2.0,2013-06-01 00:00:00,5993,1361,0.09485786408185959,0.06345048546791077,0.8353729248046875,0.3039987092788657,-3.523389313869385,-4.895380157331286,-1.9455878725446407,1117,3.6632443531827517,1.7573579739904175,0.281417005344171,81537,16.919772200000807,0.1256866000003356,16464
pvdaq_1221,R,main,"Port Chester, NY",Dfa,informer,2,-2.0,2013-06-01 00:00:00,5993,1361,0.09432491660118103,0.06183867156505585,0.8372175693511963,0.3022907291571555,-4.038916729125003,-5.771145901934571,-1.8275143918096934,1115,3.6632443531827517,1.7573579739904175,0.2811929981759416,81537,26.296279199999844,0.10766639999928884,16464
pvdaq_1221,R,main,"Port Chester, NY",Dfa,informer,3,-2.0,2013-06-01 00:00:00,5993,1361,0.09507729113101959,0.06124674901366234,0.8346103429794312,0.3047019249834481,-3.261871033555652,-4.989632547071244,-1.3911863417768178,1115,3.6632443531827517,1.7573579739904175,0.28157701046433486,81537,17.366972499999974,0.13346400000045833,16464
pvdaq_1221,R,main,"Port Chester, NY",Dfa,informer,4,-2.0,2013-06-01 00:00:00,5993,1361,0.0938388928771019,0.06128593534231186,0.838890790939331,0.3007331294132749,-3.5453611789570294,-5.400373976925321,-1.624186857131061,1114,3.6632443531827517,1.7559890485968515,0.28106499407981056,81537,18.317688799999814,0.1563227000006009,16464
pvdaq_1225,R,main,"Port Chester, NY",Dfa,lstm,0,0.0,2013-05-01 00:00:00,5930,1339,0.0888737142086029,0.060386333614587784,0.8664993047714233,0.275928430693466,-2.6405371957433754,-4.501012302819629,-0.765012970350266,1147,3.7481177275838466,1.8121149897330597,0.28903324906397004,13729,69.11037429999851,0.04907989999992424,16464
pvdaq_1225,R,main,"Port Chester, NY",Dfa,lstm,1,0.0,2013-05-01 00:00:00,5930,1339,0.08858341723680496,0.05802660062909126,0.8673700094223022,0.27502713846576343,-2.3427926208025585,-4.459584293293628,-0.3458780082711055,1147,3.7481177275838466,1.8121149897330597,0.28954526544849435,13729,82.78535469999952,0.05332219999945664,16464
pvdaq_1225,R,main,"Port Chester, NY",Dfa,lstm,2,0.0,2013-05-01 00:00:00,5930,1339,0.08803018182516098,0.05858379974961281,0.8690215349197388,0.2733094947248855,-2.913309437080746,-4.920748658837046,-0.6777345654505273,1147,3.7481177275838466,1.8121149897330597,0.28932125828026495,13729,109.09391920000053,0.0572835999992094,16464
pvdaq_1225,R,main,"Port Chester, NY",Dfa,lstm,3,0.0,2013-05-01 00:00:00,5930,1339,0.08884672075510025,0.05968392640352249,0.8665804266929626,0.2758446234470793,-2.373715100559737,-4.372258655174299,-0.4942903505011159,1147,3.7481177275838466,1.8121149897330597,0.29015328490511694,13729,91.55982629999926,0.05034709999927145,16464
pvdaq_1225,R,main,"Port Chester, NY",Dfa,lstm,4,0.0,2013-05-01 00:00:00,5930,1339,0.08873862773180008,0.05905024707317352,0.8669048547744751,0.27550902434948643,-2.846685018827953,-4.425071103617022,-0.43536385974646075,1147,3.7481177275838466,1.8121149897330597,0.2902172869531825,13729,66.8770884000005,0.05176290000053996,16464
pvdaq_1225,R,main,"Port Chester, NY",Dfa,gru,0,0.0,2013-05-01 00:00:00,5930,1339,0.08819746226072311,0.05927389860153198,0.8685232400894165,0.2738288544532529,-2.837471014006432,-4.587187426202588,-1.3514823029794976,1147,3.7481177275838466,1.8121149897330597,0.28980127364075653,151809,58.36210519999986,0.07138619999932416,16464
pvdaq_1225,R,main,"Port Chester, NY",Dfa,gru,1,0.0,2013-05-01 00:00:00,5930,1339,0.08817970007658005,0.05933300778269768,0.868576169013977,0.27377370775841825,-3.1213332075642586,-4.923341767671538,-1.2564827896274,1147,3.7481177275838466,1.8121149897330597,0.29031329002528083,151809,81.91998290000083,0.07024959999944258,16464
pvdaq_1225,R,main,"Port Chester, NY",Dfa,gru,2,0.0,2013-05-01 00:00:00,5930,1339,0.09198395907878876,0.06474794447422028,0.8569917678833008,0.28558488529024834,-2.64328627989735,-4.5207457552377655,-0.6260012463888524,1147,3.7481177275838466,1.8121149897330597,0.2897052705686582,151809,30.04532570000083,0.06804600000032224,16464
pvdaq_1225,R,main,"Port Chester, NY",Dfa,gru,3,0.0,2013-05-01 00:00:00,5930,1339,0.08775026351213455,0.05840050056576729,0.869853138923645,0.27244042537717655,-3.2992912226314064,-4.783386036022885,-0.9127463379047462,1147,3.7481177275838466,1.8121149897330597,0.29015328490511694,151809,73.02907250000135,0.07131900000058522,16464
pvdaq_1225,R,main,"Port Chester, NY",Dfa,gru,4,0.0,2013-05-01 00:00:00,5930,1339,0.08798055350780487,0.05939461290836334,0.8691691160202026,0.2731554124537892,-2.6430875343423366,-4.459189998953106,-0.8548261670979773,1147,3.7481177275838466,1.8121149897330597,0.28980127364075653,151809,80.44522280000092,0.07053739999901154,16464
pvdaq_1225,R,main,"Port Chester, NY",Dfa,tcn,0,0.0,2013-05-01 00:00:00,5930,1339,0.09104809910058975,0.06373835355043411,0.8598869442939758,0.28267929754214144,-2.738118018903653,-4.766839073998535,-0.3546583180087881,1146,3.7481177275838466,1.8107460643394937,0.2890972511120356,198273,4.6551034999993135,0.09035800000128802,16464
pvdaq_1225,R,main,"Port Chester, NY",Dfa,tcn,1,0.0,2013-05-01 00:00:00,5930,1339,0.0899171531200409,0.06084252521395683,0.8633461594581604,0.2791680214309679,-2.9649939957280704,-4.444139252255308,-0.8321528300033053,1147,3.7481177275838466,1.8121149897330597,0.28944926237639607,198273,5.1483726000005845,0.08954139999877953,16464
pvdaq_1225,R,main,"Port Chester, NY",Dfa,tcn,2,0.0,2013-05-01 00:00:00,5930,1339,0.08834358304738998,0.05948406830430031,0.8680872321128845,0.2742825192934783,-3.2883915935486905,-4.54124512162405,-1.4388799944169972,1147,3.7481177275838466,1.8121149897330597,0.28932125828026495,198273,13.791896700000507,0.09042059999956109,16464
pvdaq_1225,R,main,"Port Chester, NY",Dfa,tcn,3,0.0,2013-05-01 00:00:00,5930,1339,0.09024450182914734,0.06133347004652023,0.8623493313789368,0.2801843491089275,-2.7123681343904638,-4.371124396453374,-0.7749499871206211,1147,3.7481177275838466,1.8121149897330597,0.2892892572562322,198273,10.122843000001012,0.07967570000073465,16464
pvdaq_1225,R,main,"Port Chester, NY",Dfa,tcn,4,0.0,2013-05-01 00:00:00,5930,1339,0.0895739197731018,0.06183876097202301,0.8643874526023865,0.27810237632289614,-2.876533980999385,-4.247455918593565,-0.5983004117861834,1146,3.7481177275838466,1.8107460643394937,0.28964126852059263,198273,6.459995100000015,0.09639149999929941,16464
pvdaq_1225,R,main,"Port Chester, NY",Dfa,patchtst,0,0.0,2013-05-01 00:00:00,5930,1339,0.09145689755678177,0.06289700418710709,0.8586259484291077,0.2839485042754418,-2.456097061552387,-4.5799656806238875,-0.552987601232735,1147,3.7481177275838466,1.8121149897330597,0.2899292777368876,25857,16.595522199999323,0.33142769999903976,16464
pvdaq_1225,R,main,"Port Chester, NY",Dfa,patchtst,1,0.0,2013-05-01 00:00:00,5930,1339,0.09106005728244781,0.06329455971717834,0.8598501682281494,0.2827164244067428,-2.545097215477443,-4.126223372378004,-0.40874511262553037,1147,3.7481177275838466,1.8121149897330597,0.2900252808089859,25857,18.820085299999846,0.3345121000002109,16464
pvdaq_1225,R,main,"Port Chester, NY",Dfa,patchtst,2,0.0,2013-05-01 00:00:00,5930,1339,0.0930313915014267,0.06514956802129745,0.8537163138389587,0.2888368747812869,-2.2323203590168013,-4.109980643886635,-0.2023139417643205,1147,3.7481177275838466,1.8121149897330597,0.28848923165541296,25857,12.130548200000703,0.257904399999461,16464
pvdaq_1225,R,main,"Port Chester, NY",Dfa,patchtst,3,0.0,2013-05-01 00:00:00,5930,1339,0.09072806686162949,0.06099157780408859,0.8608702421188354,0.2816856854909971,-2.4170658241714937,-4.003038141927466,-0.9127452935788425,1147,3.7481177275838466,1.8121149897330597,0.2902172869531825,25857,14.586787899999763,0.25669829999969807,16464
pvdaq_1225,R,main,"Port Chester, NY",Dfa,patchtst,4,0.0,2013-05-01 00:00:00,5930,1339,0.09124036878347397,0.06275738030672073,0.859294593334198,0.28327624200812435,-2.4032951932807616,-4.268567982576588,-0.1631406852975803,1147,3.7481177275838466,1.8121149897330597,0.29008928285705143,25857,9.505810900000142,0.26218100000005506,16464
pvdaq_1225,R,main,"Port Chester, NY",Dfa,informer,0,0.0,2013-05-01 00:00:00,5930,1339,0.0910411924123764,0.06146638095378876,0.8599082231521606,0.28265785417548384,-2.210055911405906,-4.221301321383986,-0.2476547963649785,1147,3.7481177275838466,1.8121149897330597,0.28983327466478925,81537,14.028363899999022,0.12251420000029611,16464
pvdaq_1225,R,main,"Port Chester, NY",Dfa,informer,1,0.0,2013-05-01 00:00:00,5930,1339,0.08981699496507645,0.06022051349282265,0.8636504411697388,0.27885705791642834,-2.78665797119646,-4.4817558150944015,-0.9875443164448883,1147,3.7481177275838466,1.8121149897330597,0.28996127876092037,81537,15.682171299999027,0.12117450000005192,16464
pvdaq_1225,R,main,"Port Chester, NY",Dfa,informer,2,0.0,2013-05-01 00:00:00,5930,1339,0.09019105136394501,0.06184101104736328,0.8625123500823975,0.28001840012036044,-2.5219253864273896,-4.228208041722958,-0.26955624972733006,1147,3.7481177275838466,1.8121149897330597,0.2891292521360683,81537,19.618204500000502,0.13165639999897394,16464
pvdaq_1225,R,main,"Port Chester, NY",Dfa,informer,3,0.0,2013-05-01 00:00:00,5930,1339,0.08935084193944931,0.05936208367347717,0.8650620579719543,0.27740978102505864,-2.5473081495539787,-4.110551452145272,-0.2511978629258275,1147,3.7481177275838466,1.8121149897330597,0.28973727159269097,81537,23.59969749999982,0.1531252000004315,16464
pvdaq_1225,R,main,"Port Chester, NY",Dfa,informer,4,0.0,2013-05-01 00:00:00,5930,1339,0.09002651274204254,0.06088919937610626,0.863013505935669,0.2795075529690481,-2.7000160162673925,-4.769801055251786,-0.47014683682315983,1147,3.7481177275838466,1.8121149897330597,0.2902492879772153,81537,18.229416500000298,0.15741279999929247,16464
pvdaq_1225,R,main,"Port Chester, NY",Dfa,lstm,0,-0.25,2013-05-01 00:00:00,5930,1339,0.08870875835418701,0.06024344265460968,0.8662941455841064,0.2761357844580643,-2.847711671806663,-4.614307020213524,-1.011150953801414,1147,3.7481177275838466,1.8121149897330597,0.28925725623219944,13729,68.97995400000036,0.05320909999863943,16464
pvdaq_1225,R,main,"Port Chester, NY",Dfa,lstm,1,-0.25,2013-05-01 00:00:00,5930,1339,0.08844564110040665,0.05795891955494881,0.8670861124992371,0.2753167436933745,-2.5564549253911384,-4.691524754570764,-0.5085700931120929,1147,3.7481177275838466,1.8121149897330597,0.2896732695446254,13729,80.88943560000007,0.05294379999941157,16464
pvdaq_1225,R,main,"Port Chester, NY",Dfa,lstm,2,-0.25,2013-05-01 00:00:00,5930,1339,0.08789173513650894,0.058503877371549606,0.8687456846237183,0.2735925254685382,-3.077222060438327,-5.113991157806684,-0.9034981008991361,1147,3.7481177275838466,1.8121149897330597,0.28954526544849435,13729,107.69548729999951,0.04794200000105775,16464
pvdaq_1225,R,main,"Port Chester, NY",Dfa,lstm,3,-0.25,2013-05-01 00:00:00,5930,1339,0.08869712054729462,0.0595756471157074,0.8663291931152344,0.2760995578780149,-2.627152654783422,-4.711353434152965,-0.7569670542968391,1147,3.7481177275838466,1.8121149897330597,0.29028128900124806,13729,86.01608339999984,0.04824600000029022,16464
pvdaq_1225,R,main,"Port Chester, NY",Dfa,lstm,4,-0.25,2013-05-01 00:00:00,5930,1339,0.08860751986503601,0.05897153913974762,0.8665991425514221,0.2758206456810402,-3.0349946937894945,-4.617760883642014,-0.6192378153955569,1147,3.7481177275838466,1.8121149897330597,0.2904092930973791,13729,64.36300029999984,0.04660159999912139,16464
pvdaq_1225,R,main,"Port Chester, NY",Dfa,gru,0,-0.25,2013-05-01 00:00:00,5930,1339,0.08804018050432205,0.059169646352529526,0.8683019280433655,0.2740546114998472,-3.005395452065706,-4.819689829195262,-1.5997390844366206,1147,3.7481177275838466,1.8121149897330597,0.2900252808089859,151809,56.823850999999195,0.06589859999985492,16464
pvdaq_1225,R,main,"Port Chester, NY",Dfa,gru,1,-0.25,2013-05-01 00:00:00,5930,1339,0.088034488260746,0.05925702303647995,0.8683189749717712,0.2740368924811803,-3.346005483629433,-5.133995534456204,-1.5286045089507594,1147,3.7481177275838466,1.8121149897330597,0.2904732951454447,151809,80.2040818000005,0.06154419999984384,16464
pvdaq_1225,R,main,"Port Chester, NY",Dfa,gru,2,-0.25,2013-05-01 00:00:00,5930,1339,0.09182418137788773,0.0646342784166336,0.8567377924919128,0.28583358427545635,-2.978941342267072,-4.664873599119135,-0.8751533442042078,1147,3.7481177275838466,1.8121149897330597,0.2899932797849531,151809,29.266899000000194,0.06225559999984398,16464
pvdaq_1225,R,main,"Port Chester, NY",Dfa,gru,3,-0.25,2013-05-01 00:00:00,5930,1339,0.08759880810976028,0.05832959711551666,0.8696191310882568,0.27268069178017507,-3.454259839771173,-5.050192712895218,-1.0752299097993911,1147,3.7481177275838466,1.8121149897330597,0.29037729207334634,151809,69.2692533999998,0.06459300000096846,16464
pvdaq_1225,R,main,"Port Chester, NY",Dfa,gru,4,-0.25,2013-05-01 00:00:00,5930,1339,0.08783113211393356,0.05930398404598236,0.8689266443252563,0.27340387822006057,-2.8717919521191626,-4.634552414606024,-0.9761843954358973,1147,3.7481177275838466,1.8121149897330597,0.29005728183301865,151809,75.456439399999,0.08874289999948815,16464
pvdaq_1225,R,main,"Port Chester, NY",Dfa,tcn,0,-0.25,2013-05-01 00:00:00,5930,1339,0.09086304903030396,0.06069362908601761,0.8597211837768555,0.2828417372505167,-3.1568449646849848,-4.708299947552081,-1.3229961737854874,1147,3.7481177275838466,1.8121149897330597,0.29088930845787064,198273,6.3597028000003775,0.11652270000013232,16464
pvdaq_1225,R,main,"Port Chester, NY",Dfa,tcn,1,-0.25,2013-05-01 00:00:00,5930,1339,0.08969951421022415,0.060715023428201675,0.8632907867431641,0.279219844595857,-2.8549840868265397,-4.484061158088792,-0.7674587060980778,1147,3.7481177275838466,1.8121149897330597,0.2900252808089859,198273,5.089091600000756,0.0858883999990212,16464
pvdaq_1225,R,main,"Port Chester, NY",Dfa,tcn,2,-0.25,2013-05-01 00:00:00,5930,1339,0.08823977410793304,0.059236008673906326,0.8677041530609131,0.2746759135823978,-3.3688512653044844,-4.886779702974018,-1.6971219432070472,1147,3.7481177275838466,1.8121149897330597,0.28957726647252713,198273,13.477638899999874,0.07650059999832592,16464
pvdaq_1225,R,main,"Port Chester, NY",Dfa,tcn,3,-0.25,2013-05-01 00:00:00,5930,1339,0.09031114727258682,0.05998391658067703,0.8614200949668884,0.28112375779010623,-2.646049434037188,-4.490970825533402,-1.2950316815679486,1147,3.7481177275838466,1.8121149897330597,0.2902172869531825,198273,6.764746500000911,0.07899539999925764,16464
pvdaq_1225,R,main,"Port Chester, NY",Dfa,tcn,4,-0.25,2013-05-01 00:00:00,5930,1339,0.08869636803865433,0.06125352159142494,0.8663314580917358,0.27609721544230104,-2.773314546477923,-4.441155475406299,-0.9859609634499611,1147,3.7481177275838466,1.8121149897330597,0.28983327466478925,198273,6.192775999999867,0.0675437999998394,16464
pvdaq_1225,R,main,"Port Chester, NY",Dfa,patchtst,0,-0.25,2013-05-01 00:00:00,5930,1339,0.09121467173099518,0.06271470338106155,0.8586333990097046,0.28393628092455797,-2.547481270768208,-4.679918594632659,-0.8108836029491973,1147,3.7481177275838466,1.8121149897330597,0.2901212838810842,25857,16.2436488000003,0.23680220000096597,16464
pvdaq_1225,R,main,"Port Chester, NY",Dfa,patchtst,1,-0.25,2013-05-01 00:00:00,5930,1339,0.09084732830524445,0.06317580491304398,0.8597697019577026,0.2827928012172873,-2.8432036148412054,-4.437806665869183,-0.5668406663904545,1147,3.7481177275838466,1.8121149897330597,0.2901852859291497,25857,17.831022200000007,0.2365391000003001,16464
pvdaq_1225,R,main,"Port Chester, NY",Dfa,patchtst,2,-0.25,2013-05-01 00:00:00,5930,1339,0.09273280948400497,0.06486845016479492,0.8538885116577148,0.288661994226383,-2.4636143357041607,-4.254970731671151,-0.5355208861464394,1147,3.7481177275838466,1.8121149897330597,0.28880924189574064,25857,11.700119900000573,0.2368032000013045,16464
pvdaq_1225,R,main,"Port Chester, NY",Dfa,patchtst,3,-0.25,2013-05-01 00:00:00,5930,1339,0.09058543294668198,0.06087469309568405,0.8605771064758301,0.2819775640115784,-2.758893588835065,-4.312114754074647,-1.0942268983242733,1147,3.7481177275838466,1.8121149897330597,0.2904092930973791,25857,14.530040100000406,0.23698789999980363,16464
pvdaq_1225,R,main,"Port Chester, NY",Dfa,patchtst,4,-0.25,2013-05-01 00:00:00,5930,1339,0.09111334383487701,0.06260643899440765,0.8589472770690918,0.28362086383834023,-2.621240413021375,-4.490186166972476,-0.44545404390578786,1147,3.7481177275838466,1.8121149897330597,0.2904092930973791,25857,9.499291199999789,0.23842560000048252,16464
pvdaq_1225,R,main,"Port Chester, NY",Dfa,informer,0,-0.25,2013-05-01 00:00:00,5930,1339,0.0908985435962677,0.06128562614321709,0.8596115708351135,0.28295222600042413,-2.8379958763626645,-4.479420482966656,-0.5863531472118941,1147,3.7481177275838466,1.8121149897330597,0.29005728183301865,81537,12.900327800000014,0.10706759999993665,16464
pvdaq_1225,R,main,"Port Chester, NY",Dfa,informer,1,-0.25,2013-05-01 00:00:00,5930,1339,0.08986561000347137,0.060461726039648056,0.8627840280532837,0.27973687350049325,-3.0514572796539574,-4.542724577878263,-0.47359322625373235,1147,3.7481177275838466,1.8121149897330597,0.29015328490511694,81537,17.63124229999994,0.16981479999958538,16464
pvdaq_1225,R,main,"Port Chester, NY",Dfa,informer,2,-0.25,2013-05-01 00:00:00,5930,1339,0.09010279923677444,0.062047068029642105,0.8620587587356567,0.28047520459900377,-2.4095540853088737,-4.446207931142732,-0.5297720192468991,1147,3.7481177275838466,1.8121149897330597,0.2892892572562322,81537,23.511496799999804,0.1531185000003461,16464
pvdaq_1225,R,main,"Port Chester, NY",Dfa,informer,3,-0.25,2013-05-01 00:00:00,5930,1339,0.08944503962993622,0.06120888143777847,0.864065408706665,0.278427707053227,-3.1674495121133486,-4.939403738538695,-1.278917327328103,1147,3.7481177275838466,1.8121149897330597,0.28980127364075653,81537,24.07744190000085,0.1657340000001568,16464
pvdaq_1225,R,main,"Port Chester, NY",Dfa,informer,4,-0.25,2013-05-01 00:00:00,5930,1339,0.08988382667303085,0.06076390668749809,0.8627284169197083,0.27979357899871404,-2.797295971126812,-4.912792012609129,-0.6539298079178968,1147,3.7481177275838466,1.8121149897330597,0.29037729207334634,81537,20.488567799999146,0.212209499999517,16464
pvdaq_1225,R,main,"Port Chester, NY",Dfa,lstm,0,-0.5,2013-05-01 00:00:00,5932,1339,0.0885198712348938,0.05794521048665047,0.8661614656448364,0.27626953522847364,-3.125769739050177,-4.857105803920403,-0.8366725180105616,1147,3.7481177275838466,1.8121149897330597,0.29008928285705143,13729,85.9877906999991,0.06583450000107405,16464
pvdaq_1225,R,main,"Port Chester, NY",Dfa,lstm,1,-0.5,2013-05-01 00:00:00,5932,1339,0.08897247165441513,0.059462133795022964,0.8647893667221069,0.27768209611227307,-3.045296363699812,-4.634912051385531,-1.049577966215951,1147,3.7481177275838466,1.8121149897330597,0.28996127876092037,13729,69.11264420000043,0.06881629999952565,16464
pvdaq_1225,R,main,"Port Chester, NY",Dfa,lstm,2,-0.5,2013-05-01 00:00:00,5932,1339,0.08847053349018097,0.05993412062525749,0.8663105964660645,0.27611555267505505,-3.069353557539034,-4.5802552997117445,-0.871308054377562,1147,3.7481177275838466,1.8121149897330597,0.2894812634004288,13729,97.25026870000147,0.07236269999884826,16464
pvdaq_1225,R,main,"Port Chester, NY",Dfa,lstm,3,-0.5,2013-05-01 00:00:00,5932,1339,0.08834810554981232,0.058344196528196335,0.866680383682251,0.2757334564325642,-2.887650357978306,-4.75100582130028,-0.6504486580322567,1147,3.7481177275838466,1.8121149897330597,0.28996127876092037,13729,124.05757559999984,0.07153810000090743,16464
pvdaq_1225,R,main,"Port Chester, NY",Dfa,lstm,4,-0.5,2013-05-01 00:00:00,5932,1339,0.08886843919754028,0.060297559946775436,0.8651053309440613,0.2773574119695089,-3.1325393297408866,-4.8643187753494574,-0.8185017954111862,1147,3.7481177275838466,1.8121149897330597,0.2901852859291497,13729,94.42259510000076,0.054137400000399793,16464
pvdaq_1225,R,main,"Port Chester, NY",Dfa,gru,0,-0.5,2013-05-01 00:00:00,5932,1339,0.08780083805322647,0.06013898923993111,0.8683269023895264,0.27402544065239864,-3.36614568093776,-4.87610753266865,-0.9921708803433904,1147,3.7481177275838466,1.8121149897330597,0.2899932797849531,151809,68.2682664999993,0.09204390000013518,16464
pvdaq_1225,R,main,"Port Chester, NY",Dfa,gru,1,-0.5,2013-05-01 00:00:00,5932,1339,0.08725512027740479,0.0581912100315094,0.8699586391448975,0.27232226153353045,-3.6870622592689295,-5.5415277518318335,-1.378295212869768,1147,3.7481177275838466,1.8121149897330597,0.28986527568882203,151809,121.36746379999931,0.09024929999941378,16464
pvdaq_1225,R,main,"Port Chester, NY",Dfa,gru,2,-0.5,2013-05-01 00:00:00,5932,1339,0.08811552822589874,0.05844404548406601,0.8673813939094543,0.2750075851870923,-3.5191707233029668,-5.260322625422767,-1.3152002242349026,1147,3.7481177275838466,1.8121149897330597,0.2904092930973791,151809,82.17957370000113,0.10529939999833005,16464
pvdaq_1225,R,main,"Port Chester, NY",Dfa,gru,3,-0.5,2013-05-01 00:00:00,5932,1339,0.0877339318394661,0.05818221718072891,0.8685275316238403,0.27381662710215715,-3.6174687888583468,-5.440729196102649,-1.20306709476122,1147,3.7481177275838466,1.8121149897330597,0.2904412941214119,151809,91.87665150000066,0.08420920000025944,16464
pvdaq_1225,R,main,"Port Chester, NY",Dfa,gru,4,-0.5,2013-05-01 00:00:00,5932,1339,0.08777480572462082,0.0584438294172287,0.8684049844741821,0.2739441940438748,-3.459053793715805,-5.1621424983993025,-1.732908171811484,1147,3.7481177275838466,1.8121149897330597,0.2902492879772153,151809,90.43229439999959,0.08122459999867715,16464
pvdaq_1225,R,main,"Port Chester, NY",Dfa,tcn,0,-0.5,2013-05-01 00:00:00,5932,1339,0.0894385427236557,0.059947531670331955,0.8633691072463989,0.2791366987442725,-2.9591235462638155,-4.935273016510115,-1.3871069804969771,1147,3.7481177275838466,1.8121149897330597,0.2902492879772153,198273,8.956140100000994,0.11466419999851496,16464
pvdaq_1225,R,main,"Port Chester, NY",Dfa,tcn,1,-0.5,2013-05-01 00:00:00,5932,1339,0.08982684463262558,0.06070180609822273,0.8621801137924194,0.28034858469059043,-3.3791018493560254,-5.039480166686072,-1.6855611522244462,1147,3.7481177275838466,1.8121149897330597,0.2904412941214119,198273,6.294022000000041,0.09901960000024701,16464
pvdaq_1225,R,main,"Port Chester, NY",Dfa,tcn,2,-0.5,2013-05-01 00:00:00,5932,1339,0.08812197297811508,0.05884314328432083,0.8673619627952576,0.27502769918719905,-3.4304397550329213,-4.926646958669279,-1.9265870755015735,1147,3.7481177275838466,1.8121149897330597,0.28986527568882203,198273,14.451129399998536,0.10178070000074513,16464
pvdaq_1225,R,main,"Port Chester, NY",Dfa,tcn,3,-0.5,2013-05-01 00:00:00,5932,1339,0.08976428210735321,0.06101378798484802,0.8623720407485962,0.2801533277438891,-3.0421910557791865,-4.428648797502749,-0.8901170039123163,1147,3.7481177275838466,1.8121149897330597,0.28900124803993726,198273,5.438804800000071,0.1099649000007048,16464
pvdaq_1225,R,main,"Port Chester, NY",Dfa,tcn,4,-0.5,2013-05-01 00:00:00,5932,1339,0.08790300786495209,0.059595879167318344,0.8680202960968018,0.27434431150033417,-3.674487825259254,-4.828824194952365,-1.875205927099939,1147,3.7481177275838466,1.8121149897330597,0.28976927261672375,198273,12.70092189999923,0.1168519999991986,16464
pvdaq_1225,R,main,"Port Chester, NY",Dfa,patchtst,0,-0.5,2013-05-01 00:00:00,5932,1339,0.09234984219074249,0.0643552765250206,0.8543293476104736,0.28822283205493554,-2.5873652057339935,-4.245908604132498,-0.5384399636566783,1147,3.7481177275838466,1.8121149897330597,0.2896732695446254,25857,7.743262399999367,0.27011880000100064,16464
pvdaq_1225,R,main,"Port Chester, NY",Dfa,patchtst,1,-0.5,2013-05-01 00:00:00,5932,1339,0.09081242978572845,0.06351451575756073,0.8591392040252686,0.28342458500981005,-3.327336380782242,-4.809697891767861,-1.06173458581178,1147,3.7481177275838466,1.8121149897330597,0.2901852859291497,25857,15.40071209999951,0.3159689999993134,16464
pvdaq_1225,R,main,"Port Chester, NY",Dfa,patchtst,2,-0.5,2013-05-01 00:00:00,5932,1339,0.09056830406188965,0.061455611139535904,0.8598954677581787,0.28266267133640116,-2.9735274610523055,-4.496168381942778,-0.8294267238693975,1147,3.7481177275838466,1.8121149897330597,0.28973727159269097,25857,19.634897699999783,0.3926192999988416,16464
pvdaq_1225,R,main,"Port Chester, NY",Dfa,patchtst,3,-0.5,2013-05-01 00:00:00,5932,1339,0.0907173752784729,0.06213802844285965,0.8594338893890381,0.28312792094811956,-2.9354331445048607,-4.529513500897442,-1.4282831225448378,1147,3.7481177275838466,1.8121149897330597,0.28996127876092037,25857,20.20051550000062,0.4937947999987955,16464
pvdaq_1225,R,main,"Port Chester, NY",Dfa,patchtst,4,-0.5,2013-05-01 00:00:00,5932,1339,0.09127224236726761,0.06348317116498947,0.8577091097831726,0.2848596549711856,-2.9630875760357167,-4.723406353815588,-1.3238201438395298,1147,3.7481177275838466,1.8121149897330597,0.29008928285705143,25857,16.428370299998278,0.5651914999998553,16464
pvdaq_1225,R,main,"Port Chester, NY",Dfa,informer,0,-0.5,2013-05-01 00:00:00,5932,1339,0.09061208367347717,0.06241835653781891,0.8597599864006042,0.28279930701805134,-2.818319216592122,-4.579068262456665,-1.0020018882948123,1147,3.7481177275838466,1.8121149897330597,0.28925725623219944,81537,15.872108199999275,0.2738499999995838,16464
pvdaq_1225,R,main,"Port Chester, NY",Dfa,informer,1,-0.5,2013-05-01 00:00:00,5932,1339,0.09097377210855484,0.06431079655885696,0.8586382269859314,0.28392813260785893,-2.6826686149883594,-4.6187703231959665,-0.47744938830958095,1147,3.7481177275838466,1.8121149897330597,0.2893852603283305,81537,12.601511099999698,0.22520429999894986,16464
pvdaq_1225,R,main,"Port Chester, NY",Dfa,informer,2,-0.5,2013-05-01 00:00:00,5932,1339,0.09340321272611618,0.0669017881155014,0.8509873151779175,0.29151038979955574,-2.377936029770611,-4.541847571434598,0.06986624315312717,1147,3.7481177275838466,1.8121149897330597,0.2891932541841339,81537,11.533352899999954,0.21104379999997036,16464
pvdaq_1225,R,main,"Port Chester, NY",Dfa,informer,3,-0.5,2013-05-01 00:00:00,5932,1339,0.09097219258546829,0.062327753752470016,0.8586431741714478,0.2839232029338443,-3.12649275170922,-4.892847196273586,-0.6206166401959257,1147,3.7481177275838466,1.8121149897330597,0.2904092930973791,81537,13.818822600000203,0.19249809999928402,16464
pvdaq_1225,R,main,"Port Chester, NY",Dfa,informer,4,-0.5,2013-05-01 00:00:00,5932,1339,0.09007769078016281,0.06121715530753136,0.8614093065261841,0.2811314727317407,-2.465888345180521,-4.661627776090449,-0.46133701384954984,1147,3.7481177275838466,1.8121149897330597,0.2897052705686582,81537,15.666996100000688,0.1978795999984868,16464
pvdaq_1225,R,main,"Port Chester, NY",Dfa,lstm,0,-1.0,2013-05-01 00:00:00,5933,1339,0.08851418644189835,0.05973499268293381,0.8647635579109192,0.27770655222705254,-3.234292369770225,-5.315929415115517,-1.7543841986695563,1147,3.7481177275838466,1.8121149897330597,0.2904412941214119,13729,75.51665909999974,0.05021339999984775,16464
pvdaq_1225,R,main,"Port Chester, NY",Dfa,lstm,1,-1.0,2013-05-01 00:00:00,5933,1339,0.08800211548805237,0.058770958334207535,0.8663238286972046,0.276099968414846,-3.2947434725819895,-5.262773836141898,-0.8243439034200217,1147,3.7481177275838466,1.8121149897330597,0.2902172869531825,13729,87.67796829999861,0.07092089999969176,16464
pvdaq_1225,R,main,"Port Chester, NY",Dfa,lstm,2,-1.0,2013-05-01 00:00:00,5933,1339,0.08880920708179474,0.06074351817369461,0.8638606071472168,0.2786321571276323,-3.8598205700596027,-5.149689034732097,-1.4962803431241134,1147,3.7481177275838466,1.8121149897330597,0.29008928285705143,13729,69.72605710000062,0.06035809999957564,16464
pvdaq_1225,R,main,"Port Chester, NY",Dfa,lstm,3,-1.0,2013-05-01 00:00:00,5933,1339,0.08908742666244507,0.059784602373838425,0.8630062341690063,0.27950504997803627,-3.736034869619076,-5.057457144300958,-1.4134537557082827,1147,3.7481177275838466,1.8121149897330597,0.29056929821754296,13729,61.5506572000013,0.0738335999994888,16464
pvdaq_1225,R,main,"Port Chester, NY",Dfa,lstm,4,-1.0,2013-05-01 00:00:00,5933,1339,0.08844274282455444,0.05967763811349869,0.8649817705154419,0.2774824032917378,-3.71791596331224,-5.097362656205096,-1.4511828756249234,1147,3.7481177275838466,1.8121149897330597,0.29060129924157574,13729,91.11939809999967,0.06618909999997413,16464
pvdaq_1225,R,main,"Port Chester, NY",Dfa,gru,0,-1.0,2013-05-01 00:00:00,5933,1339,0.08788826316595078,0.05883694440126419,0.8666694164276123,0.27574276538214765,-3.8877025116473285,-5.65166642715591,-1.8072866218891814,1147,3.7481177275838466,1.8121149897330597,0.2907293033377068,151809,61.9765883,0.061809000000721426,16464
pvdaq_1225,R,main,"Port Chester, NY",Dfa,gru,1,-1.0,2013-05-01 00:00:00,5933,1339,0.08748950064182281,0.058729108422994614,0.8678765892982483,0.274491678181503,-3.6468256716516434,-5.432591356998784,-1.5510012090638847,1147,3.7481177275838466,1.8121149897330597,0.29066530128964124,151809,85.16072060000079,0.10454879999997502,16464
pvdaq_1225,R,main,"Port Chester, NY",Dfa,gru,2,-1.0,2013-05-01 00:00:00,5933,1339,0.08594776690006256,0.05739472806453705,0.8724920749664307,0.2696546054015662,-2.8393511135787586,-5.123475940504685,-1.114977405455575,1147,3.7481177275838466,1.8121149897330597,0.29037729207334634,151809,135.11847880000096,0.07958990000042832,16464
pvdaq_1225,R,main,"Port Chester, NY",Dfa,gru,3,-1.0,2013-05-01 00:00:00,5933,1339,0.08683903515338898,0.05838189274072647,0.8698338866233826,0.27245089200476713,-3.6517540772782944,-5.717732359810674,-1.911391509803551,1147,3.7481177275838466,1.8121149897330597,0.2901212838810842,151809,121.42908270000044,0.08244010000089474,16464
pvdaq_1225,R,main,"Port Chester, NY",Dfa,gru,4,-1.0,2013-05-01 00:00:00,5933,1339,0.0891651138663292,0.06122519075870514,0.862767219543457,0.27974878769297284,-3.7848909151112164,-5.215806721962187,-1.2229277708358577,1147,3.7481177275838466,1.8121149897330597,0.29037729207334634,151809,45.17173349999939,0.10661520000030578,16464
pvdaq_1225,R,main,"Port Chester, NY",Dfa,tcn,0,-1.0,2013-05-01 00:00:00,5933,1339,0.08874578773975372,0.05824098736047745,0.8640549182891846,0.278433183747989,-3.883864678805249,-5.29505377140693,-2.206347237044229,1147,3.7481177275838466,1.8121149897330597,0.2906333002656085,198273,13.928614200000084,0.11099470000044676,16464
pvdaq_1225,R,main,"Port Chester, NY",Dfa,tcn,1,-1.0,2013-05-01 00:00:00,5933,1339,0.08902952075004578,0.06029687076807022,0.8631843328475952,0.27932337456607814,-3.464543857052127,-5.370471664032321,-1.5411591955909576,1147,3.7481177275838466,1.8121149897330597,0.2907293033377068,198273,6.298135400000319,0.11919699999998556,16464
pvdaq_1225,R,main,"Port Chester, NY",Dfa,tcn,2,-1.0,2013-05-01 00:00:00,5933,1339,0.08866681903600693,0.061094384640455246,0.8642967939376831,0.2781854254243472,-3.9180118786093128,-5.702293042779305,-1.69514086491509,1147,3.7481177275838466,1.8121149897330597,0.2899932797849531,198273,7.142464399999881,0.13787670000056096,16464
pvdaq_1225,R,main,"Port Chester, NY",Dfa,tcn,3,-1.0,2013-05-01 00:00:00,5933,1339,0.08989977836608887,0.06167234480381012,0.860496461391449,0.2820537418870194,-3.700849592917854,-5.758214676569295,-1.815183924201956,1147,3.7481177275838466,1.8121149897330597,0.28996127876092037,198273,6.819433700000445,0.12540679999983695,16464
pvdaq_1225,R,main,"Port Chester, NY",Dfa,tcn,4,-1.0,2013-05-01 00:00:00,5933,1339,0.08921840041875839,0.06080370396375656,0.8626031875610352,0.2799159702130867,-3.8888282228122795,-5.708847677193074,-1.96241083729789,1147,3.7481177275838466,1.8121149897330597,0.29056929821754296,198273,6.83388080000077,0.12725399999908404,16464
pvdaq_1225,R,main,"Port Chester, NY",Dfa,patchtst,0,-1.0,2013-05-01 00:00:00,5933,1339,0.09054601192474365,0.06202998012304306,0.8584836721420288,0.2840812507047753,-3.3724087013642823,-5.022509644337606,-1.759913058877327,1147,3.7481177275838466,1.8121149897330597,0.2907293033377068,25857,12.491331100000025,0.3935985999996774,16464
pvdaq_1225,R,main,"Port Chester, NY",Dfa,patchtst,1,-1.0,2013-05-01 00:00:00,5933,1339,0.08999695628881454,0.06214839965105057,0.860194742679596,0.28235863025528624,-3.4785669239469907,-5.277914616114455,-1.2235715471272233,1147,3.7481177275838466,1.8121149897330597,0.29015328490511694,25857,27.542849499999647,0.3928925000000163,16464
pvdaq_1225,R,main,"Port Chester, NY",Dfa,patchtst,2,-1.0,2013-05-01 00:00:00,5933,1339,0.09049668908119202,0.06039360165596008,0.858637809753418,0.2839265040208892,-3.467636833095403,-5.136665909119486,-1.2515615550952597,1147,3.7481177275838466,1.8121149897330597,0.29085730743383786,25857,25.87194279999858,0.4442412999997032,16464
pvdaq_1225,R,main,"Port Chester, NY",Dfa,patchtst,3,-1.0,2013-05-01 00:00:00,5933,1339,0.08997388184070587,0.06127490848302841,0.8602664470672607,0.28228623592296065,-3.433001413382919,-4.7491872473000525,-1.4167557094068362,1147,3.7481177275838466,1.8121149897330597,0.29031329002528083,25857,20.81678699999975,0.40312470000026224,16464
pvdaq_1225,R,main,"Port Chester, NY",Dfa,patchtst,4,-1.0,2013-05-01 00:00:00,5933,1339,0.09102238714694977,0.06260350346565247,0.8569906949996948,0.28557584186403645,-3.4104857177817944,-5.312348948406719,-1.7691107523759242,1147,3.7481177275838466,1.8121149897330597,0.290697302313674,25857,14.006007399999362,0.4092412999998487,16464
pvdaq_1225,R,main,"Port Chester, NY",Dfa,informer,0,-1.0,2013-05-01 00:00:00,5933,1339,0.09000778943300247,0.06125969812273979,0.8601610660552979,0.28239261842422436,-3.4580161747871263,-5.4660796443121145,-1.2221009775195468,1147,3.7481177275838466,1.8121149897330597,0.2907613043617396,81537,16.259655500000008,0.16170100000090315,16464
pvdaq_1225,R,main,"Port Chester, NY",Dfa,informer,1,-1.0,2013-05-01 00:00:00,5933,1339,0.09071442484855652,0.0625779777765274,0.8579567670822144,0.2846096334906607,-3.466577147021299,-5.127445183646525,-0.9424503700915521,1147,3.7481177275838466,1.8121149897330597,0.2896092674965599,81537,11.535541200000807,0.20338750000155414,16464
pvdaq_1225,R,main,"Port Chester, NY",Dfa,informer,2,-1.0,2013-05-01 00:00:00,5933,1339,0.08979225158691406,0.06187010556459427,0.8608300089836121,0.2817163847658949,-3.8568721810149365,-5.6494638793796055,-1.9072496297894623,1147,3.7481177275838466,1.8121149897330597,0.2901212838810842,81537,25.455797699998584,0.230973300000187,16464
pvdaq_1225,R,main,"Port Chester, NY",Dfa,informer,3,-1.0,2013-05-01 00:00:00,5933,1339,0.09024693071842194,0.06049768999218941,0.8594170212745667,0.2831429060847518,-3.453392809523556,-5.240432331151812,-1.3754035448130808,1147,3.7481177275838466,1.8121149897330597,0.2910493135780345,81537,15.629181399999652,0.16293559999940044,16464
pvdaq_1225,R,main,"Port Chester, NY",Dfa,informer,4,-1.0,2013-05-01 00:00:00,5933,1339,0.09069643169641495,0.06122882664203644,0.8580130934715271,0.28455318133936386,-3.0790744608772798,-5.248418876757847,-1.110471379423561,1147,3.7481177275838466,1.8121149897330597,0.29015328490511694,81537,13.19879839999885,0.14311930000076245,16464
pvdaq_1225,R,main,"Port Chester, NY",Dfa,lstm,0,-2.0,2013-05-01 00:00:00,5936,1339,0.08724027872085571,0.05797593295574188,0.8658306002616882,0.27662316713283996,-4.260681622575147,-6.1688073064892635,-2.6011167826008808,1147,3.7481177275838466,1.8121149897330597,0.2909213094819034,13729,114.5311698000005,0.06807409999964875,16464
pvdaq_1225,R,main,"Port Chester, NY",Dfa,lstm,1,-2.0,2013-05-01 00:00:00,5936,1339,0.0874624103307724,0.05822952091693878,0.8651465177536011,0.2773275063481247,-4.349877352045073,-6.686614611756003,-2.0318940983118527,1147,3.7481177275838466,1.8121149897330597,0.2907293033377068,13729,122.17243149999922,0.07275339999978314,16464
pvdaq_1225,R,main,"Port Chester, NY",Dfa,lstm,2,-2.0,2013-05-01 00:00:00,5936,1339,0.08829143643379211,0.06039037927985191,0.8625779151916504,0.27995619838826474,-4.682205197341727,-5.800679967949041,-1.882870213887633,1147,3.7481177275838466,1.8121149897330597,0.29034529104931356,13729,48.91148190000058,0.051131899999745656,16464
pvdaq_1225,R,main,"Port Chester, NY",Dfa,lstm,3,-2.0,2013-05-01 00:00:00,5936,1339,0.08772426843643188,0.059639763087034225,0.8643378019332886,0.2781578111063054,-4.578709211673648,-5.962725673228131,-1.6970128504854756,1147,3.7481177275838466,1.8121149897330597,0.29037729207334634,13729,97.678503000001,0.05868459999874176,16464
pvdaq_1225,R,main,"Port Chester, NY",Dfa,lstm,4,-2.0,2013-05-01 00:00:00,5936,1339,0.0876687690615654,0.05856633186340332,0.8645094037055969,0.2779818326124885,-3.9562807891548313,-5.902067311092695,-1.9424635460672635,1147,3.7481177275838466,1.8121149897330597,0.29079330538577236,13729,89.19898570000078,0.05132149999917601,16464
pvdaq_1225,R,main,"Port Chester, NY",Dfa,gru,0,-2.0,2013-05-01 00:00:00,5936,1339,0.08824466168880463,0.06023897975683212,0.8627234697341919,0.27980788412001634,-4.354305447254248,-6.135759169986283,-2.198073885765861,1147,3.7481177275838466,1.8121149897330597,0.29066530128964124,151809,54.39272449999953,0.08394609999959357,16464
pvdaq_1225,R,main,"Port Chester, NY",Dfa,gru,1,-2.0,2013-05-01 00:00:00,5936,1339,0.08645552396774292,0.05877073481678963,0.8682335615158081,0.2741348515472925,-4.838326501234933,-6.627895116915644,-3.1962559732175655,1147,3.7481177275838466,1.8121149897330597,0.29085730743383786,151809,137.7941131000007,0.09568779999972321,16464
pvdaq_1225,R,main,"Port Chester, NY",Dfa,gru,2,-2.0,2013-05-01 00:00:00,5936,1339,0.08693236857652664,0.05807160213589668,0.8667759895324707,0.27564683967761516,-4.574590293507685,-6.410568284394463,-2.2679815816434226,1147,3.7481177275838466,1.8121149897330597,0.2912733207462639,151809,89.95880369999941,0.08704109999962384,16464
pvdaq_1225,R,main,"Port Chester, NY",Dfa,gru,3,-2.0,2013-05-01 00:00:00,5936,1339,0.08608969300985336,0.05757375434041023,0.8693463206291199,0.2729748676534944,-4.473332453999223,-6.305317407365962,-2.590194086273157,1147,3.7481177275838466,1.8121149897330597,0.29130532177029667,151809,114.23263330000009,0.11642380000012054,16464
pvdaq_1225,R,main,"Port Chester, NY",Dfa,gru,4,-2.0,2013-05-01 00:00:00,5936,1339,0.08595118671655655,0.058020953088998795,0.869766354560852,0.27253568921342786,-3.987869165432226,-6.432177984274566,-2.1986731020563366,1147,3.7481177275838466,1.8121149897330597,0.2904092930973791,151809,125.13893280000048,0.12911480000002484,16464
pvdaq_1225,R,main,"Port Chester, NY",Dfa,tcn,0,-2.0,2013-05-01 00:00:00,5936,1339,0.08863763511180878,0.06020140275359154,0.8614981174468994,0.2810539318684224,-4.331635521427313,-6.289141607046222,-2.1105590610755565,1147,3.7481177275838466,1.8121149897330597,0.290985311529969,198273,6.567944700000226,0.1811403000010614,16464
pvdaq_1225,R,main,"Port Chester, NY",Dfa,tcn,1,-2.0,2013-05-01 00:00:00,5936,1339,0.08823395520448685,0.0607801154255867,0.8627567887306213,0.2797739357919703,-4.589263604969829,-6.346113683524232,-2.301892985443932,1147,3.7481177275838466,1.8121149897330597,0.2901852859291497,198273,4.074848499998552,0.1687859000012395,16464
pvdaq_1225,R,main,"Port Chester, NY",Dfa,tcn,2,-2.0,2013-05-01 00:00:00,5936,1339,0.08748570084571838,0.059656862169504166,0.865074634552002,0.2774013563644587,-4.828823941066518,-6.487946499836483,-2.682047612942129,1147,3.7481177275838466,1.8121149897330597,0.2902492879772153,198273,8.202693499999441,0.15364709999994375,16464
pvdaq_1225,R,main,"Port Chester, NY",Dfa,tcn,3,-2.0,2013-05-01 00:00:00,5936,1339,0.08930321782827377,0.06046898663043976,0.859410285949707,0.2831643744497276,-4.430025160500362,-5.835557520730701,-2.299698611945717,1147,3.7481177275838466,1.8121149897330597,0.2907293033377068,198273,4.277129899999636,0.16501809999863326,16464
pvdaq_1225,R,main,"Port Chester, NY",Dfa,tcn,4,-2.0,2013-05-01 00:00:00,5936,1339,0.08821969479322433,0.060496460646390915,0.862801194190979,0.27972871860346643,-4.316903957986429,-6.219751097038973,-2.309009066076275,1147,3.7481177275838466,1.8121149897330597,0.29008928285705143,198273,4.73743789999935,0.09163939999962167,16464
pvdaq_1225,R,main,"Port Chester, NY",Dfa,patchtst,0,-2.0,2013-05-01 00:00:00,5936,1339,0.08927241712808609,0.06095597892999649,0.8595072031021118,0.2830667109924261,-3.9257793150552,-6.135861153145738,-2.250679768153815,1147,3.7481177275838466,1.8121149897330597,0.29034529104931356,25857,22.716934600000968,0.29641069999888714,16464
pvdaq_1225,R,main,"Port Chester, NY",Dfa,patchtst,1,-2.0,2013-05-01 00:00:00,5936,1339,0.0900435820221901,0.061979833990335464,0.8570694923400879,0.28551193558955607,-4.106274926851339,-6.160545887750701,-2.0060838650575508,1147,3.7481177275838466,1.8121149897330597,0.29085730743383786,25857,18.83610579999913,0.26996110000072804,16464
pvdaq_1225,R,main,"Port Chester, NY",Dfa,patchtst,2,-2.0,2013-05-01 00:00:00,5936,1339,0.09093785285949707,0.06238280609250069,0.8542163372039795,0.2883475068981018,-4.0451808670596945,-5.919212630229865,-2.301469103979681,1147,3.7481177275838466,1.8121149897330597,0.2911453166501328,25857,11.129795700000614,0.2706819999984873,16464
pvdaq_1225,R,main,"Port Chester, NY",Dfa,patchtst,3,-2.0,2013-05-01 00:00:00,5936,1339,0.08971503376960754,0.061343465000391006,0.8581106662750244,0.2844701684205612,-4.1487170475745465,-5.475444440035593,-2.580010457930233,1147,3.7481177275838466,1.8121149897330597,0.29034529104931356,25857,15.45331460000125,0.288779099999374,16464
pvdaq_1225,R,main,"Port Chester, NY",Dfa,patchtst,4,-2.0,2013-05-01 00:00:00,5936,1339,0.08904604613780975,0.060325171798467636,0.8602188229560852,0.2823489294677063,-3.90231684740938,-5.903819947106164,-1.948658696130312,1147,3.7481177275838466,1.8121149897330597,0.2909213094819034,25857,22.049295700000584,0.2856568999995943,16464
pvdaq_1225,R,main,"Port Chester, NY",Dfa,informer,0,-2.0,2013-05-01 00:00:00,5936,1339,0.08965927362442017,0.06188900023698807,0.85828697681427,0.2842933630711552,-4.454059711932046,-6.22876374940502,-1.8909036400953008,1147,3.7481177275838466,1.8121149897330597,0.28951326442446157,81537,19.948975000001155,0.1389882999992551,16464
pvdaq_1225,R,main,"Port Chester, NY",Dfa,informer,1,-2.0,2013-05-01 00:00:00,5936,1339,0.08818011730909348,0.05920122563838959,0.8629242181777954,0.27960322554947864,-4.607924748513248,-6.0990564752929215,-2.4133026838201066,1147,3.7481177275838466,1.8121149897330597,0.2904732951454447,81537,34.99400140000034,0.12996170000042184,16464
pvdaq_1225,R,main,"Port Chester, NY",Dfa,informer,2,-2.0,2013-05-01 00:00:00,5936,1339,0.08891367167234421,0.060731444507837296,0.8606340885162354,0.2819291939462075,-4.4901457834190195,-6.258686629737172,-2.321512368480265,1147,3.7481177275838466,1.8121149897330597,0.29037729207334634,81537,31.32479670000066,0.14667369999915536,16464
pvdaq_1225,R,main,"Port Chester, NY",Dfa,informer,3,-2.0,2013-05-01 00:00:00,5936,1339,0.08899044990539551,0.061024945229291916,0.8603933453559875,0.28217264385609914,-4.638269987575825,-5.797335653982772,-2.2446882951942158,1147,3.7481177275838466,1.8121149897330597,0.29015328490511694,81537,13.480302199999642,0.13738329999978305,16464
pvdaq_1225,R,main,"Port Chester, NY",Dfa,informer,4,-2.0,2013-05-01 00:00:00,5936,1339,0.08953176438808441,0.06017693877220154,0.8586897850036621,0.2838890543125055,-4.536032441872095,-6.108143918565931,-1.959469713090307,1147,3.7481177275838466,1.8121149897330597,0.29085730743383786,81537,28.678384199998618,0.14140929999848595,16464
fmi_sodankyla20,R,main,"Sodankyla, Finland",Dfc,lstm,0,0.0,2019-07-01 00:00:00,3379,839,0.043826624751091,0.03309597074985504,0.9740385413169861,0.1384685200100713,-3.2109458905819612,-4.173419067313189,-1.920793401280263,588,4.553045859000685,1.9832306639288158,0.19599291851979792,13729,54.65026559999933,0.034814700000424637,12086
fmi_sodankyla20,R,main,"Sodankyla, Finland",Dfc,lstm,1,0.0,2019-07-01 00:00:00,3379,839,0.04170989990234375,0.03127843514084816,0.9764857292175293,0.13178080999956499,-3.0292338616935988,-3.9239928085982423,-1.7949770051913672,588,4.553045859000685,1.9832306639288158,0.19594973876246816,13729,71.86288240000067,0.04515730000093754,12086
fmi_sodankyla20,R,main,"Sodankyla, Finland",Dfc,lstm,2,0.0,2019-07-01 00:00:00,3379,839,0.04362688586115837,0.03266245126724243,0.9742746353149414,0.1378374527391029,-2.6409688578986867,-3.7756987375012954,-1.6512952774062062,588,4.553045859000685,1.9832306639288158,0.19599291851979792,13729,85.00319149999996,0.033533099998749094,12086
fmi_sodankyla20,R,main,"Sodankyla, Finland",Dfc,lstm,3,0.0,2019-07-01 00:00:00,3379,839,0.0418509840965271,0.031329844146966934,0.9763264060020447,0.13222656003567507,-2.867495412670227,-3.990535453450955,-1.8735299522637612,588,4.553045859000685,1.9832306639288158,0.19599291851979792,13729,84.33678849999887,0.0437683999989531,12086
fmi_sodankyla20,R,main,"Sodankyla, Finland",Dfc,lstm,4,0.0,2019-07-01 00:00:00,3379,839,0.042410679161548615,0.03192828223109245,0.9756889343261719,0.1339948948721044,-3.269474212994583,-4.284093710271486,-2.337613531504706,588,4.553045859000685,1.9832306639288158,0.19599291851979792,13729,79.59585909999987,0.050916800000777585,12086
fmi_sodankyla20,R,main,"Sodankyla, Finland",Dfc,gru,0,0.0,2019-07-01 00:00:00,3379,839,0.03727492317557335,0.027247590944170952,0.9812203645706177,0.11776867315072584,-3.0768563156139073,-3.847456143310467,-2.2502377211056093,588,4.553045859000685,1.9832306639288158,0.19582019949047885,151809,74.47675220000019,0.06708880000041972,12086
fmi_sodankyla20,R,main,"Sodankyla, Finland",Dfc,gru,1,0.0,2019-07-01 00:00:00,3379,839,0.04181911423802376,0.03127826377749443,0.976362407207489,0.1321258684545882,-2.8829928536445393,-3.3765112892919182,-2.0281114229448316,588,4.553045859000685,1.9832306639288158,0.19586337924780864,151809,49.59839629999988,0.051384099999268074,12086
fmi_sodankyla20,R,main,"Sodankyla, Finland",Dfc,gru,2,0.0,2019-07-01 00:00:00,3379,839,0.04194292053580284,0.03115919604897499,0.9762222766876221,0.13251702964755616,-2.921171315874771,-3.4683047346875844,-1.9548579988075465,588,4.553045859000685,1.9832306639288158,0.19599291851979792,151809,43.71720380000079,0.0642491999988124,12086
fmi_sodankyla20,R,main,"Sodankyla, Finland",Dfc,gru,3,0.0,2019-07-01 00:00:00,3379,839,0.04085875302553177,0.030155954882502556,0.9774356484413147,0.12909164447489346,-3.0560661187756453,-3.678904652411642,-2.324091640488712,588,4.553045859000685,1.9832306639288158,0.19599291851979792,151809,41.93127749999985,0.06903820000115957,12086
fmi_sodankyla20,R,main,"Sodankyla, Finland",Dfc,gru,4,0.0,2019-07-01 00:00:00,3379,839,0.03847822919487953,0.02841329574584961,0.9799883365631104,0.12157047181897464,-2.9855889775912434,-3.9072633861316763,-2.36456379837858,588,4.553045859000685,1.9832306639288158,0.1955179411891705,151809,68.37226120000014,0.06609559999924386,12086
fmi_sodankyla20,R,main,"Sodankyla, Finland",Dfc,tcn,0,0.0,2019-07-01 00:00:00,3379,839,0.03757891058921814,0.027346843853592873,0.9809128046035767,0.11872910958652588,-2.574291950765062,-3.678089329308264,-1.9544334457600954,588,4.553045859000685,1.9832306639288158,0.19599291851979792,198273,8.34227219999957,0.10879150000073423,12086
fmi_sodankyla20,R,main,"Sodankyla, Finland",Dfc,tcn,1,0.0,2019-07-01 00:00:00,3379,839,0.037432074546813965,0.02715369686484337,0.9810616970062256,0.11826518680918867,-3.041813769531898,-3.772905413239225,-2.240690030073089,588,4.553045859000685,1.9832306639288158,0.19599291851979792,198273,7.975554799999372,0.08354780000081519,12086
fmi_sodankyla20,R,main,"Sodankyla, Finland",Dfc,tcn,2,0.0,2019-07-01 00:00:00,3379,839,0.04055488854646683,0.029624318704009056,0.9777699708938599,0.12813159644612743,-2.749660232551554,-3.7173996809211185,-1.8268834389219282,588,4.553045859000685,1.9832306639288158,0.1959065590051384,198273,5.6348913999991055,0.08036470000115514,12086
fmi_sodankyla20,R,main,"Sodankyla, Finland",Dfc,tcn,3,0.0,2019-07-01 00:00:00,3379,839,0.036597900092601776,0.0262089055031538,0.9818964004516602,0.11562964499502933,-3.1557291509628063,-3.7917282204759,-2.399393392442084,588,4.553045859000685,1.9832306639288158,0.19594973876246816,198273,6.9844679000016185,0.07954849999987346,12086
fmi_sodankyla20,R,main,"Sodankyla, Finland",Dfc,tcn,4,0.0,2019-07-01 00:00:00,3379,839,0.03655742481350899,0.026535434648394585,0.9819363951683044,0.1155017649215625,-3.1396679002185124,-3.951456154174371,-2.4349946336157613,588,4.553045859000685,1.9832306639288158,0.19599291851979792,198273,9.668305900000632,0.07615389999955369,12086
fmi_sodankyla20,R,main,"Sodankyla, Finland",Dfc,patchtst,0,0.0,2019-07-01 00:00:00,3379,839,0.051278505474328995,0.038674451410770416,0.9644594788551331,0.16201244795110345,-3.13366334540367,-4.6965126466430025,-1.841665163540951,588,4.553045859000685,1.9832306639288158,0.19599291851979792,25857,22.628219199999876,0.26755099999900267,12086
fmi_sodankyla20,R,main,"Sodankyla, Finland",Dfc,patchtst,1,0.0,2019-07-01 00:00:00,3379,839,0.05251032114028931,0.039733365178108215,0.9627314805984497,0.1659043217415098,-3.276100245396274,-4.52381007137868,-1.876701125817141,588,4.553045859000685,1.9832306639288158,0.1959065590051384,25857,30.002495299999282,0.3887374000005366,12086
fmi_sodankyla20,R,main,"Sodankyla, Finland",Dfc,patchtst,2,0.0,2019-07-01 00:00:00,3379,839,0.05064615234732628,0.037870872765779495,0.9653306007385254,0.16001455278767027,-3.2305020044522066,-4.610666608927345,-1.930972488728861,588,4.553045859000685,1.9832306639288158,0.19599291851979792,25857,21.60007200000109,0.227866900000663,12086
fmi_sodankyla20,R,main,"Sodankyla, Finland",Dfc,patchtst,3,0.0,2019-07-01 00:00:00,3379,839,0.057020556181669235,0.04366067424416542,0.9560543298721313,0.1801542343146174,-4.159813519161171,-5.25727638909278,-1.6485806509787466,588,4.553045859000685,1.9832306639288158,0.19594973876246816,25857,8.550918799999636,0.23286360000020068,12086
fmi_sodankyla20,R,main,"Sodankyla, Finland",Dfc,patchtst,4,0.0,2019-07-01 00:00:00,3379,839,0.053315941244363785,0.040084414184093475,0.9615791440010071,0.16844964719459013,-3.011039604042076,-4.984677248615544,-1.506919838227161,588,4.553045859000685,1.9832306639288158,0.19594973876246816,25857,13.118248300001142,0.18575130000135687,12086
fmi_sodankyla20,R,main,"Sodankyla, Finland",Dfc,informer,0,0.0,2019-07-01 00:00:00,3379,839,0.041217003017663956,0.030687442049384117,0.9770382046699524,0.1302235214215189,-2.970277605622984,-3.7031562077041866,-2.144555893920219,588,4.553045859000685,1.9832306639288158,0.19599291851979792,81537,18.513768900000287,0.0929612999989331,12086
fmi_sodankyla20,R,main,"Sodankyla, Finland",Dfc,informer,1,0.0,2019-07-01 00:00:00,3379,839,0.040580492466688156,0.030298512428998947,0.9777418971061707,0.12821249103839044,-3.094302257142878,-3.9005472907411964,-2.1249176939336585,588,4.553045859000685,1.9832306639288158,0.19599291851979792,81537,20.012422900001184,0.09178900000006252,12086
fmi_sodankyla20,R,main,"Sodankyla, Finland",Dfc,informer,2,0.0,2019-07-01 00:00:00,3379,839,0.039356980472803116,0.0297082606703043,0.979063868522644,0.12434685237764426,-2.926133148162058,-3.6944265913473773,-2.272030175923212,588,4.553045859000685,1.9832306639288158,0.19594973876246816,81537,21.592775699999038,0.09303799999906914,12086
fmi_sodankyla20,R,main,"Sodankyla, Finland",Dfc,informer,3,0.0,2019-07-01 00:00:00,3379,839,0.04326307028532028,0.03351406753063202,0.9747018814086914,0.1366879915467564,-2.817031582227204,-3.657315855759713,-1.8167437479148316,588,4.553045859000685,1.9832306639288158,0.19586337924780864,81537,13.046850900000209,0.09307409999928495,12086
fmi_sodankyla20,R,main,"Sodankyla, Finland",Dfc,informer,4,0.0,2019-07-01 00:00:00,3379,839,0.045297712087631226,0.03457126393914223,0.972266435623169,0.14311636335765215,-2.4298609524922896,-3.9691247800738183,-1.384844006980454,588,4.553045859000685,1.9832306639288158,0.19594973876246816,81537,9.772089100000812,0.09324259999993956,12086
fmi_sodankyla20,R,main,"Sodankyla, Finland",Dfc,lstm,0,-0.25,2019-07-01 00:00:00,3383,840,0.04132009297609329,0.030388973653316498,0.9768164157867432,0.13075239536769837,-3.3395119462348246,-4.069125953218222,-2.1561187945721385,588,4.553045859000685,1.9832306639288158,0.19599291851979792,13729,81.68126519999896,0.034848700001020916,12086
fmi_sodankyla20,R,main,"Sodankyla, Finland",Dfc,lstm,1,-0.25,2019-07-01 00:00:00,3383,840,0.043894726783037186,0.03305356949567795,0.9738372564315796,0.13889951008129162,-2.992109190003933,-4.204927471935539,-2.262659318759075,588,4.553045859000685,1.9832306639288158,0.19603609827712767,13729,70.04752180000105,0.04487209999933839,12086
fmi_sodankyla20,R,main,"Sodankyla, Finland",Dfc,lstm,2,-0.25,2019-07-01 00:00:00,3383,840,0.041782356798648834,0.031238699331879616,0.976294755935669,0.1322151728625587,-3.0578006369396116,-3.953016599192226,-1.8358399680610926,588,4.553045859000685,1.9832306639288158,0.19599291851979792,13729,77.03834149999966,0.03462200000103621,12086
fmi_sodankyla20,R,main,"Sodankyla, Finland",Dfc,lstm,3,-0.25,2019-07-01 00:00:00,3383,840,0.041537608951330185,0.030842570587992668,0.9765716791152954,0.13144069814594767,-3.3790300465918244,-4.2193557309051695,-2.294596976063068,588,4.553045859000685,1.9832306639288158,0.19599291851979792,13729,77.94114199999967,0.03347310000026482,12086
fmi_sodankyla20,R,main,"Sodankyla, Finland",Dfc,lstm,4,-0.25,2019-07-01 00:00:00,3383,840,0.04201313853263855,0.03150664269924164,0.9760321974754333,0.13294545351666384,-3.2754795060191744,-4.088355925794734,-2.4531172284628755,588,4.553045859000685,1.9832306639288158,0.19599291851979792,13729,79.53196430000025,0.04829489999974612,12086
fmi_sodankyla20,R,main,"Sodankyla, Finland",Dfc,gru,0,-0.25,2019-07-01 00:00:00,3383,840,0.04481854662299156,0.033873483538627625,0.972724437713623,0.1418228253079085,-2.5457200997904716,-3.5258043438561315,-1.717144162310713,588,4.553045859000685,1.9832306639288158,0.19603609827712767,151809,41.363368100001026,0.05194119999941904,12086
fmi_sodankyla20,R,main,"Sodankyla, Finland",Dfc,gru,1,-0.25,2019-07-01 00:00:00,3383,840,0.03851110488176346,0.028244299814105034,0.9798613786697388,0.12186369509043928,-3.4077298105328753,-4.014600422711934,-2.5104917533021913,588,4.553045859000685,1.9832306639288158,0.19594973876246816,151809,85.98641119999957,0.049960899999859976,12086
fmi_sodankyla20,R,main,"Sodankyla, Finland",Dfc,gru,2,-0.25,2019-07-01 00:00:00,3383,840,0.040970902889966965,0.030110029503703117,0.9772065877914429,0.1296474259227824,-3.0441992629271497,-3.905165545683708,-2.2998080969308554,588,4.553045859000685,1.9832306639288158,0.19603609827712767,151809,52.150055500000235,0.04888159999973141,12086
fmi_sodankyla20,R,main,"Sodankyla, Finland",Dfc,gru,3,-0.25,2019-07-01 00:00:00,3383,840,0.038849931210279465,0.02878635935485363,0.9795054197311401,0.12293586968822498,-3.3699068694635903,-4.0370368440246,-2.6435983875197078,588,4.553045859000685,1.9832306639288158,0.19586337924780864,151809,53.669913100000485,0.044609099999433965,12086
fmi_sodankyla20,R,main,"Sodankyla, Finland",Dfc,gru,4,-0.25,2019-07-01 00:00:00,3383,840,0.04048702493309975,0.030235540121793747,0.9777417778968811,0.12811625313566835,-3.277819539996858,-4.085950827513107,-2.2188274682142737,588,4.553045859000685,1.9832306639288158,0.19594973876246816,151809,49.422210699998686,0.045833499998479965,12086
fmi_sodankyla20,R,main,"Sodankyla, Finland",Dfc,tcn,0,-0.25,2019-07-01 00:00:00,3383,840,0.03715288266539574,0.026608899235725403,0.9812568426132202,0.11756576651766348,-3.251235933759289,-4.110821734888553,-2.1497076746138815,588,4.553045859000685,1.9832306639288158,0.19599291851979792,198273,9.364664099999572,0.06487470000138273,12086
fmi_sodankyla20,R,main,"Sodankyla, Finland",Dfc,tcn,1,-0.25,2019-07-01 00:00:00,3383,840,0.03746962547302246,0.026918847113847733,0.9809358716011047,0.11856806050661084,-3.3288061482116995,-4.247396976564609,-2.332400314865779,588,4.553045859000685,1.9832306639288158,0.19603609827712767,198273,7.853445800001282,0.0653956999994989,12086
fmi_sodankyla20,R,main,"Sodankyla, Finland",Dfc,tcn,2,-0.25,2019-07-01 00:00:00,3383,840,0.04128735512495041,0.030411938205361366,0.9768531322479248,0.13064880043003452,-3.106699249893974,-4.0117635006054915,-2.356858153096597,588,4.553045859000685,1.9832306639288158,0.19603609827712767,198273,4.692330099998799,0.06605849999868951,12086
fmi_sodankyla20,R,main,"Sodankyla, Finland",Dfc,tcn,3,-0.25,2019-07-01 00:00:00,3383,840,0.04301432892680168,0.03235137462615967,0.9748762249946594,0.136113598426979,-3.1410228389299077,-4.109407704260958,-2.4146983422705492,588,4.553045859000685,1.9832306639288158,0.19603609827712767,198273,3.4912585000001854,0.06511440000031143,12086
fmi_sodankyla20,R,main,"Sodankyla, Finland",Dfc,tcn,4,-0.25,2019-07-01 00:00:00,3383,840,0.03996453061699867,0.029314516112208366,0.9783125519752502,0.1264628835889021,-3.0716818458591364,-3.808796471696704,-2.227018032112471,588,4.553045859000685,1.9832306639288158,0.19599291851979792,198273,5.575274299999364,0.06630949999998847,12086
fmi_sodankyla20,R,main,"Sodankyla, Finland",Dfc,patchtst,0,-0.25,2019-07-01 00:00:00,3383,840,0.05421736091375351,0.040273237973451614,0.9600850939750671,0.1715642269752353,-3.854915122936963,-5.0441210890300185,-2.2650732558794116,588,4.553045859000685,1.9832306639288158,0.19603609827712767,25857,8.413621200001216,0.19207379999897967,12086
fmi_sodankyla20,R,main,"Sodankyla, Finland",Dfc,patchtst,1,-0.25,2019-07-01 00:00:00,3383,840,0.05373457819223404,0.04083162173628807,0.9607927799224854,0.17003651992681867,-3.398039484061801,-5.16555247495093,-1.9860035050055145,588,4.553045859000685,1.9832306639288158,0.19603609827712767,25857,15.72071920000053,0.19117279999954917,12086
fmi_sodankyla20,R,main,"Sodankyla, Finland",Dfc,patchtst,2,-0.25,2019-07-01 00:00:00,3383,840,0.0515952967107296,0.03862764686346054,0.9638524651527405,0.16326702455723419,-3.6198762688829578,-5.239203411337365,-2.3136744724359475,588,4.553045859000685,1.9832306639288158,0.19599291851979792,25857,19.619137300000148,0.19230620000053023,12086
fmi_sodankyla20,R,main,"Sodankyla, Finland",Dfc,patchtst,3,-0.25,2019-07-01 00:00:00,3383,840,0.051418766379356384,0.038970839232206345,0.9640994071960449,0.16270841585092136,-3.325662498375792,-5.093605469168688,-1.9386702273759937,588,4.553045859000685,1.9832306639288158,0.19603609827712767,25857,20.13353409999945,0.2068092000008619,12086
fmi_sodankyla20,R,main,"Sodankyla, Finland",Dfc,patchtst,4,-0.25,2019-07-01 00:00:00,3383,840,0.05470407381653786,0.04085497185587883,0.9593652486801147,0.1731043706029914,-3.1017026519871163,-4.936098119344078,-1.6929931096833828,588,4.553045859000685,1.9832306639288158,0.19599291851979792,25857,11.48534810000092,0.24359460000050603,12086
fmi_sodankyla20,R,main,"Sodankyla, Finland",Dfc,informer,0,-0.25,2019-07-01 00:00:00,3383,840,0.0413091778755188,0.030944855883717537,0.9768286347389221,0.1307178558629925,-3.0768150719269713,-3.9247897901629605,-2.1035186307720055,588,4.553045859000685,1.9832306639288158,0.19603609827712767,81537,13.478042100001403,0.12294140000085463,12086
fmi_sodankyla20,R,main,"Sodankyla, Finland",Dfc,informer,1,-0.25,2019-07-01 00:00:00,3383,840,0.03933263197541237,0.02905047871172428,0.9789929986000061,0.12446331739565061,-3.385171122054631,-4.146686183316139,-2.3255363225102164,588,4.553045859000685,1.9832306639288158,0.19603609827712767,81537,20.896311800001058,0.15889790000073845,12086
fmi_sodankyla20,R,main,"Sodankyla, Finland",Dfc,informer,2,-0.25,2019-07-01 00:00:00,3383,840,0.038751810789108276,0.028878813609480858,0.9796088337898254,0.12262537958090496,-3.2208176477151684,-3.994898878998221,-2.2354005600561213,588,4.553045859000685,1.9832306639288158,0.19599291851979792,81537,22.732733900000312,0.13010959999883198,12086
fmi_sodankyla20,R,main,"Sodankyla, Finland",Dfc,informer,3,-0.25,2019-07-01 00:00:00,3383,840,0.04052344709634781,0.030839011073112488,0.977701723575592,0.1282315066296988,-3.184862358723577,-4.053658246891501,-1.9021918300208305,588,4.553045859000685,1.9832306639288158,0.19586337924780864,81537,16.40583239999978,0.12021709999862651,12086
fmi_sodankyla20,R,main,"Sodankyla, Finland",Dfc,informer,4,-0.25,2019-07-01 00:00:00,3383,840,0.0377887524664402,0.02771126665174961,0.9806097745895386,0.11957789896074993,-2.8988235983255506,-3.6443839961419138,-2.3851009325515915,588,4.553045859000685,1.9832306639288158,0.1959065590051384,81537,24.49005279999983,0.11975449999954435,12086
fmi_sodankyla20,R,main,"Sodankyla, Finland",Dfc,lstm,0,-0.5,2019-07-01 00:00:00,3384,840,0.04002858325839043,0.0299483984708786,0.9781107902526855,0.1270568731309377,-3.9187507592669686,-4.53995729391502,-2.9138024143329,588,4.553045859000685,1.9832306639288158,0.19616563754911698,13729,68.2107090999998,0.02497629999925266,12086
fmi_sodankyla20,R,main,"Sodankyla, Finland",Dfc,lstm,1,-0.5,2019-07-01 00:00:00,3384,840,0.04158703237771988,0.031140590086579323,0.9763731360435486,0.13200363007103394,-3.3037591482351303,-4.29575452030656,-2.5838971374744113,588,4.553045859000685,1.9832306639288158,0.19616563754911698,13729,64.86631019999913,0.03186199999981909,12086
fmi_sodankyla20,R,main,"Sodankyla, Finland",Dfc,lstm,2,-0.5,2019-07-01 00:00:00,3384,840,0.04299980401992798,0.032379236072301865,0.9747406244277954,0.13648798431730608,-3.14281666240942,-4.06940791179534,-2.148633802111683,588,4.553045859000685,1.9832306639288158,0.19620881730644674,13729,68.85411419999946,0.03065699999933713,12086
fmi_sodankyla20,R,main,"Sodankyla, Finland",Dfc,lstm,3,-0.5,2019-07-01 00:00:00,3384,840,0.04187020659446716,0.030793100595474243,0.9760502576828003,0.1329024685410083,-3.3895594493627215,-4.395009681737911,-2.2664880319195335,588,4.553045859000685,1.9832306639288158,0.19620881730644674,13729,66.75950489999923,0.031164600000920473,12086
fmi_sodankyla20,R,main,"Sodankyla, Finland",Dfc,lstm,4,-0.5,2019-07-01 00:00:00,3384,840,0.04255105182528496,0.031932830810546875,0.9752650856971741,0.1350635759065978,-3.5743147861481472,-4.311157524815554,-2.4494067262582577,588,4.553045859000685,1.9832306639288158,0.19620881730644674,13729,66.4290046999995,0.031945900000209804,12086
fmi_sodankyla20,R,main,"Sodankyla, Finland",Dfc,gru,0,-0.5,2019-07-01 00:00:00,3384,840,0.040619585663080215,0.029888244345784187,0.9774596095085144,0.12893280556322056,-3.5358975613795023,-4.2137482945756695,-2.6873798357305634,588,4.553045859000685,1.9832306639288158,0.19620881730644674,151809,50.5056110000005,0.051211699999839766,12086
fmi_sodankyla20,R,main,"Sodankyla, Finland",Dfc,gru,1,-0.5,2019-07-01 00:00:00,3384,840,0.038292281329631805,0.02809051051735878,0.9799685478210449,0.1215455840489529,-3.6521714850365585,-4.357255241414658,-2.7509916096480556,588,4.553045859000685,1.9832306639288158,0.19616563754911698,151809,67.59683740000037,0.05498820000138949,12086
fmi_sodankyla20,R,main,"Sodankyla, Finland",Dfc,gru,2,-0.5,2019-07-01 00:00:00,3384,840,0.040977898985147476,0.030480602756142616,0.9770601987838745,0.13007014709762227,-2.8860781769971977,-3.917398719130094,-2.2481923325949706,588,4.553045859000685,1.9832306639288158,0.19508614361587287,151809,53.20744980000018,0.05644840000240947,12086
fmi_sodankyla20,R,main,"Sodankyla, Finland",Dfc,gru,3,-0.5,2019-07-01 00:00:00,3384,840,0.039501819759607315,0.0290985107421875,0.9786831140518188,0.12538484485547116,-3.7504656608888354,-4.196910074097104,-2.667718947348441,588,4.553045859000685,1.9832306639288158,0.19620881730644674,151809,48.777894099999685,0.04751609999948414,12086
fmi_sodankyla20,R,main,"Sodankyla, Finland",Dfc,gru,4,-0.5,2019-07-01 00:00:00,3384,840,0.039277300238609314,0.029257846996188164,0.9789246916770935,0.12467218540133267,-3.3919072343487695,-4.281659382244015,-2.6627850018448216,588,4.553045859000685,1.9832306639288158,0.19620881730644674,151809,60.60522129999663,0.04708759999994072,12086
fmi_sodankyla20,R,main,"Sodankyla, Finland",Dfc,tcn,0,-0.5,2019-07-01 00:00:00,3384,840,0.03687264770269394,0.026664849370718002,0.9814262986183167,0.11703944880889418,-3.311565133196422,-3.8846482675394673,-2.605827945173711,588,4.553045859000685,1.9832306639288158,0.19620881730644674,198273,10.301390600001469,0.05366119999962393,12086
fmi_sodankyla20,R,main,"Sodankyla, Finland",Dfc,tcn,1,-0.5,2019-07-01 00:00:00,3384,840,0.03690933436155319,0.026532944291830063,0.9813892841339111,0.11715589790053924,-3.2928233748431457,-3.9148436908191067,-2.585816707563482,588,4.553045859000685,1.9832306639288158,0.19616563754911698,198273,9.409172099996795,0.06930579999971087,12086
fmi_sodankyla20,R,main,"Sodankyla, Finland",Dfc,tcn,2,-0.5,2019-07-01 00:00:00,3384,840,0.03799177706241608,0.02753797546029091,0.9802817106246948,0.12059173733625587,-3.1374469884408516,-4.373323582277255,-2.4163513336455056,588,4.553045859000685,1.9832306639288158,0.19620881730644674,198273,7.666684599997097,0.07945499999914318,12086
fmi_sodankyla20,R,main,"Sodankyla, Finland",Dfc,tcn,3,-0.5,2019-07-01 00:00:00,3384,840,0.03866026550531387,0.02802053466439247,0.9795817136764526,0.12271362235852831,-3.0866862143263285,-4.032903071714632,-2.374920575901743,588,4.553045859000685,1.9832306639288158,0.19620881730644674,198273,5.203641200001584,0.0814198000007309,12086
fmi_sodankyla20,R,main,"Sodankyla, Finland",Dfc,tcn,4,-0.5,2019-07-01 00:00:00,3384,840,0.04059242829680443,0.03043966367840767,0.9774897694587708,0.1288466039102867,-3.1571068350002864,-3.7791712793333376,-2.287343183715931,588,4.553045859000685,1.9832306639288158,0.19612245779178722,198273,4.255409999997937,0.07288359999802196,12086
fmi_sodankyla20,R,main,"Sodankyla, Finland",Dfc,patchtst,0,-0.5,2019-07-01 00:00:00,3384,840,0.050320010632276535,0.03795194998383522,0.9654083251953125,0.159723444759001,-3.24321907782138,-5.008057837186753,-1.9731556575455982,588,4.553045859000685,1.9832306639288158,0.19612245779178722,25857,21.446845499998744,0.2407290999981342,12086
fmi_sodankyla20,R,main,"Sodankyla, Finland",Dfc,patchtst,1,-0.5,2019-07-01 00:00:00,3384,840,0.053841762244701385,0.04062208533287048,0.960396945476532,0.1709020254479577,-3.7232518477064214,-5.349903014055337,-2.4265977727834565,588,4.553045859000685,1.9832306639288158,0.19620881730644674,25857,18.799289300000964,0.18484779999926104,12086
fmi_sodankyla20,R,main,"Sodankyla, Finland",Dfc,patchtst,2,-0.5,2019-07-01 00:00:00,3384,840,0.05343148484826088,0.04059524089097977,0.9609981775283813,0.16959974195789423,-4.027309825518932,-5.129478120110772,-2.640676618031541,588,4.553045859000685,1.9832306639288158,0.19616563754911698,25857,14.499055299998872,0.1754925999994157,12086
fmi_sodankyla20,R,main,"Sodankyla, Finland",Dfc,patchtst,3,-0.5,2019-07-01 00:00:00,3384,840,0.05557917058467865,0.04211939498782158,0.9577997922897339,0.17641682644913612,-3.994674648002776,-5.395461128308265,-2.4734721896068734,588,4.553045859000685,1.9832306639288158,0.19620881730644674,25857,10.471077599999262,0.17551749999984168,12086
fmi_sodankyla20,R,main,"Sodankyla, Finland",Dfc,patchtst,4,-0.5,2019-07-01 00:00:00,3384,840,0.0514959879219532,0.03855016827583313,0.9637725949287415,0.16345617734998003,-3.4927499460531917,-4.883848593811346,-1.690656179980688,588,4.553045859000685,1.9832306639288158,0.19620881730644674,25857,17.76460649999717,0.17814349999753176,12086
fmi_sodankyla20,R,main,"Sodankyla, Finland",Dfc,informer,0,-0.5,2019-07-01 00:00:00,3384,840,0.04162164032459259,0.03133917599916458,0.9763337969779968,0.13211348101146678,-3.277776770450891,-4.2032988456363825,-2.4744631737500855,588,4.553045859000685,1.9832306639288158,0.19620881730644674,81537,15.700641100000212,0.08505969999896479,12086
fmi_sodankyla20,R,main,"Sodankyla, Finland",Dfc,informer,1,-0.5,2019-07-01 00:00:00,3384,840,0.04139599949121475,0.031260665506124496,0.9765896797180176,0.13139726233955967,-3.417265771007217,-4.307413585291808,-2.773172159999382,588,4.553045859000685,1.9832306639288158,0.19616563754911698,81537,14.243339299999207,0.10774920000039856,12086
fmi_sodankyla20,R,main,"Sodankyla, Finland",Dfc,informer,2,-0.5,2019-07-01 00:00:00,3384,840,0.0393073596060276,0.029393557459115982,0.97889244556427,0.12476759845174737,-3.5208279997780645,-4.181096812017997,-2.698748580650734,588,4.553045859000685,1.9832306639288158,0.19620881730644674,81537,20.02047699999821,0.08213699999760138,12086
fmi_sodankyla20,R,main,"Sodankyla, Finland",Dfc,informer,3,-0.5,2019-07-01 00:00:00,3384,840,0.03887222334742546,0.029025251045823097,0.9793571829795837,0.1233864091139435,-3.248515596374639,-4.2626703077258465,-2.4062367022115394,588,4.553045859000685,1.9832306639288158,0.19594973876246816,81537,20.215157899998303,0.0791179000007105,12086
fmi_sodankyla20,R,main,"Sodankyla, Finland",Dfc,informer,4,-0.5,2019-07-01 00:00:00,3384,840,0.0413445346057415,0.031181925907731056,0.9766478538513184,0.13123390488616038,-3.1083075256935655,-3.952365439529818,-2.234992523935042,588,4.553045859000685,1.9832306639288158,0.19616563754911698,81537,13.258664499997394,0.07869080000091344,12086
fmi_sodankyla20,R,main,"Sodankyla, Finland",Dfc,lstm,0,-1.0,2019-07-01 00:00:00,3385,840,0.04093146696686745,0.030261585488915443,0.9768327474594116,0.13073047298499976,-3.7874868846632066,-4.707258849753722,-2.8302488649677304,588,4.553045859000685,1.9832306639288158,0.195431581674511,13729,67.25426049999805,0.03817680000065593,12086
fmi_sodankyla20,R,main,"Sodankyla, Finland",Dfc,lstm,1,-1.0,2019-07-01 00:00:00,3385,840,0.04174399748444557,0.031221982091665268,0.9759038686752319,0.13332560349824812,-3.923343589243059,-4.884868490144334,-2.719829461807062,588,4.553045859000685,1.9832306639288158,0.195431581674511,13729,64.97462010000163,0.03293889999986277,12086
fmi_sodankyla20,R,main,"Sodankyla, Finland",Dfc,lstm,2,-1.0,2019-07-01 00:00:00,3385,840,0.04253770411014557,0.031506169587373734,0.9749788045883179,0.13586061263127236,-3.472851254424558,-4.827471785737862,-2.559732681353699,588,4.553045859000685,1.9832306639288158,0.19547476143184075,13729,63.951050400002714,0.033261500000662636,12086
fmi_sodankyla20,R,main,"Sodankyla, Finland",Dfc,lstm,3,-1.0,2019-07-01 00:00:00,3385,840,0.04190574586391449,0.03120916709303856,0.975716769695282,0.13384220951604966,-3.98320363363676,-4.667424439053552,-2.86404679691913,588,4.553045859000685,1.9832306639288158,0.195431581674511,13729,67.56988810000257,0.037556100000074366,12086
fmi_sodankyla20,R,main,"Sodankyla, Finland",Dfc,lstm,4,-1.0,2019-07-01 00:00:00,3385,840,0.042382895946502686,0.03133280575275421,0.9751605987548828,0.13536617287734526,-4.136076964367885,-5.048571696456541,-2.741401555634386,588,4.553045859000685,1.9832306639288158,0.19547476143184075,13729,65.42875490000006,0.03197530000034021,12086
fmi_sodankyla20,R,main,"Sodankyla, Finland",Dfc,gru,0,-1.0,2019-07-01 00:00:00,3385,840,0.03868726268410683,0.028666310012340546,0.9793035984039307,0.12356273849852892,-4.211394733511048,-4.992447902068841,-3.0597333272750493,588,4.553045859000685,1.9832306639288158,0.19547476143184075,151809,67.9799344000021,0.04716740000003483,12086
fmi_sodankyla20,R,main,"Sodankyla, Finland",Dfc,gru,1,-1.0,2019-07-01 00:00:00,3385,840,0.03896186128258705,0.028531095013022423,0.9790087342262268,0.12443977534378531,-3.731055794385784,-4.699363214541022,-2.912081929240129,588,4.553045859000685,1.9832306639288158,0.195431581674511,151809,65.84949810000035,0.07462179999856744,12086
fmi_sodankyla20,R,main,"Sodankyla, Finland",Dfc,gru,2,-1.0,2019-07-01 00:00:00,3385,840,0.04123341664671898,0.03072286956012249,0.9764897227287292,0.1316948660886384,-3.88997990496309,-4.561966468608247,-3.098188412239705,588,4.553045859000685,1.9832306639288158,0.19547476143184075,151809,47.34695769999962,0.0451539000023331,12086
fmi_sodankyla20,R,main,"Sodankyla, Finland",Dfc,gru,3,-1.0,2019-07-01 00:00:00,3385,840,0.03789645805954933,0.02763836272060871,0.9801410436630249,0.12103699802871358,-3.89407920674536,-4.615490913770968,-3.2750472278754605,588,4.553045859000685,1.9832306639288158,0.19547476143184075,151809,68.92986309999833,0.05170480000015232,12086
fmi_sodankyla20,R,main,"Sodankyla, Finland",Dfc,gru,4,-1.0,2019-07-01 00:00:00,3385,840,0.03831484541296959,0.028383703902363777,0.9797000885009766,0.12237327988364556,-3.807069507142926,-4.551905860659788,-2.9668270786369466,588,4.553045859000685,1.9832306639288158,0.19461116628524547,151809,64.46067640000183,0.05018559999734862,12086
fmi_sodankyla20,R,main,"Sodankyla, Finland",Dfc,tcn,0,-1.0,2019-07-01 00:00:00,3385,840,0.042875003069639206,0.03257334604859352,0.9745804667472839,0.1369379073333568,-4.025818024965966,-4.591908077142004,-3.0540488435282676,588,4.553045859000685,1.9832306639288158,0.195431581674511,198273,4.557450699998299,0.08462100000178907,12086
fmi_sodankyla20,R,main,"Sodankyla, Finland",Dfc,tcn,1,-1.0,2019-07-01 00:00:00,3385,840,0.03931090980768204,0.02874244935810566,0.9786309003829956,0.12555459682861803,-3.73833462795121,-4.500705685306117,-3.038678370230443,588,4.553045859000685,1.9832306639288158,0.19547476143184075,198273,6.554513700000825,0.0804004999990866,12086
fmi_sodankyla20,R,main,"Sodankyla, Finland",Dfc,tcn,2,-1.0,2019-07-01 00:00:00,3385,840,0.0381704680621624,0.02731960453093052,0.9798527956008911,0.12191215496538589,-3.71647624947391,-4.257071155396897,-3.119648923458257,588,4.553045859000685,1.9832306639288158,0.19538840191718124,198273,8.260635700000421,0.07844909999766969,12086
fmi_sodankyla20,R,main,"Sodankyla, Finland",Dfc,tcn,3,-1.0,2019-07-01 00:00:00,3385,840,0.03768814727663994,0.026887549087405205,0.9803587794303894,0.12037167696412374,-3.485439979428077,-4.509170681744487,-2.8289611383059743,588,4.553045859000685,1.9832306639288158,0.195431581674511,198273,8.506849900000816,0.0815641000008327,12086
fmi_sodankyla20,R,main,"Sodankyla, Finland",Dfc,tcn,4,-1.0,2019-07-01 00:00:00,3385,840,0.038635145872831345,0.0281391479074955,0.9793592691421509,0.12339628330174769,-3.620156070266609,-4.58958717396772,-2.9665768728973196,588,4.553045859000685,1.9832306639288158,0.19534522215985145,198273,6.447103800001059,0.08726120000210358,12086
fmi_sodankyla20,R,main,"Sodankyla, Finland",Dfc,patchtst,0,-1.0,2019-07-01 00:00:00,3385,840,0.05202705040574074,0.03883024677634239,0.9625701904296875,0.1661685107221419,-4.218361143744865,-5.709520188677345,-2.547352310732409,588,4.553045859000685,1.9832306639288158,0.19547476143184075,25857,15.755442699999548,0.24647170000025653,12086
fmi_sodankyla20,R,main,"Sodankyla, Finland",Dfc,patchtst,1,-1.0,2019-07-01 00:00:00,3385,840,0.052617259323596954,0.039772454649209976,0.9617161154747009,0.1680535712076057,-3.8987091922886963,-5.760543395708417,-3.0786823098758553,588,4.553045859000685,1.9832306639288158,0.19538840191718124,25857,20.307410999997956,0.19046789999993052,12086
fmi_sodankyla20,R,main,"Sodankyla, Finland",Dfc,patchtst,2,-1.0,2019-07-01 00:00:00,3385,840,0.05291859805583954,0.04000766575336456,0.9612763524055481,0.16901601301372665,-4.4378875279325385,-5.903747712552709,-3.0442075695865505,588,4.553045859000685,1.9832306639288158,0.19547476143184075,25857,16.370535199999722,0.21332210000036866,12086
fmi_sodankyla20,R,main,"Sodankyla, Finland",Dfc,patchtst,3,-1.0,2019-07-01 00:00:00,3385,840,0.05378386750817299,0.04067273810505867,0.959999680519104,0.1717795857157407,-4.395873059272404,-6.051623280921237,-2.6037001897193788,588,4.553045859000685,1.9832306639288158,0.19547476143184075,25857,14.67315679999956,0.21668490000229212,12086
fmi_sodankyla20,R,main,"Sodankyla, Finland",Dfc,patchtst,4,-1.0,2019-07-01 00:00:00,3385,840,0.05025859922170639,0.03758121654391289,0.9650714993476868,0.16052027778861833,-3.924003816335528,-5.325925307531488,-2.321567795882232,588,4.553045859000685,1.9832306639288158,0.19547476143184075,25857,21.660703100002138,0.24198600000090664,12086
fmi_sodankyla20,R,main,"Sodankyla, Finland",Dfc,informer,0,-1.0,2019-07-01 00:00:00,3385,840,0.04341479763388634,0.03262739256024361,0.9739363789558411,0.13866195007914653,-3.665897494759985,-4.921474237703483,-2.7866512825803325,588,4.553045859000685,1.9832306639288158,0.19547476143184075,81537,13.615416199998435,0.10928489999787416,12086
fmi_sodankyla20,R,main,"Sodankyla, Finland",Dfc,informer,1,-1.0,2019-07-01 00:00:00,3385,840,0.04058971256017685,0.03032751940190792,0.9772180318832397,0.12963894808882306,-3.829014820325838,-4.762102140253369,-3.229844878239733,588,4.553045859000685,1.9832306639288158,0.19547476143184075,81537,16.285582699998486,0.08615430000281776,12086
fmi_sodankyla20,R,main,"Sodankyla, Finland",Dfc,informer,2,-1.0,2019-07-01 00:00:00,3385,840,0.04156845435500145,0.03165794163942337,0.9761061072349548,0.13276493861027638,-3.8189306733175883,-4.6808185095517745,-3.388995244715118,588,4.553045859000685,1.9832306639288158,0.19538840191718124,81537,15.986679500001628,0.09410639999987325,12086
fmi_sodankyla20,R,main,"Sodankyla, Finland",Dfc,informer,3,-1.0,2019-07-01 00:00:00,3385,840,0.038638025522232056,0.02869505248963833,0.9793562293052673,0.12340548057602303,-3.6471942809907985,-4.424413274816599,-2.8124107135299785,588,4.553045859000685,1.9832306639288158,0.195431581674511,81537,25.04852750000282,0.10984349999853293,12086
fmi_sodankyla20,R,main,"Sodankyla, Finland",Dfc,informer,4,-1.0,2019-07-01 00:00:00,3385,840,0.04113100469112396,0.030897017568349838,0.9766063690185547,0.13136777389316218,-3.663979899564862,-4.541023327256899,-2.6857870132908523,588,4.553045859000685,1.9832306639288158,0.19547476143184075,81537,17.15724870000122,0.07928679999895394,12086
fmi_sodankyla20,R,main,"Sodankyla, Finland",Dfc,lstm,0,-2.0,2019-07-01 00:00:00,3393,842,0.04088817164301872,0.030339837074279785,0.9763165712356567,0.13199294106147585,-4.726554835486274,-5.68274218872954,-3.90294957807491,588,4.553045859000685,1.9832306639288158,0.19499978410121335,13729,65.34687100000156,0.032748599998740247,12086
fmi_sodankyla20,R,main,"Sodankyla, Finland",Dfc,lstm,1,-2.0,2019-07-01 00:00:00,3393,842,0.041713882237672806,0.03152253106236458,0.9753503799438477,0.13465845447218913,-4.92950845745001,-5.812924054646162,-3.8670102135824553,588,4.553045859000685,1.9832306639288158,0.19499978410121335,13729,66.62631230000261,0.03374409999742056,12086
fmi_sodankyla20,R,main,"Sodankyla, Finland",Dfc,lstm,2,-2.0,2019-07-01 00:00:00,3393,842,0.04386476054787636,0.03327125310897827,0.9727427959442139,0.14160180123045824,-4.464568796862412,-5.436431679883991,-3.5632309380235143,588,4.553045859000685,1.9832306639288158,0.19499978410121335,13729,67.41396100000202,0.03341999999975087,12086
fmi_sodankyla20,R,main,"Sodankyla, Finland",Dfc,lstm,3,-2.0,2019-07-01 00:00:00,3393,842,0.04240357503294945,0.031528256833553314,0.9745284914970398,0.1368848827231823,-4.8940583864503076,-5.598522028881507,-4.0276523426846955,588,4.553045859000685,1.9832306639288158,0.19499978410121335,13729,64.89680299999964,0.03412739999839687,12086
fmi_sodankyla20,R,main,"Sodankyla, Finland",Dfc,lstm,4,-2.0,2019-07-01 00:00:00,3393,842,0.04158906266093254,0.031171686947345734,0.9754976630210876,0.1342555187972992,-5.002801246706539,-5.800297866197596,-4.154387714721319,588,4.553045859000685,1.9832306639288158,0.1950429638585431,13729,65.14060420000169,0.031541799999104114,12086
fmi_sodankyla20,R,main,"Sodankyla, Finland",Dfc,gru,0,-2.0,2019-07-01 00:00:00,3393,842,0.040807630866765976,0.030228177085518837,0.9764097929000854,0.13173294376871872,-4.7198267462696,-5.400319250959399,-3.9671873705763714,588,4.553045859000685,1.9832306639288158,0.19491342458655384,151809,56.549824000001536,0.05544739999822923,12086
fmi_sodankyla20,R,main,"Sodankyla, Finland",Dfc,gru,1,-2.0,2019-07-01 00:00:00,3393,842,0.03960961475968361,0.029134763404726982,0.9777745604515076,0.12786557423228162,-4.808156894196529,-5.567726910591819,-4.233852015622102,588,4.553045859000685,1.9832306639288158,0.1948270650718943,151809,67.48223119999966,0.07275940000181436,12086
fmi_sodankyla20,R,main,"Sodankyla, Finland",Dfc,gru,2,-2.0,2019-07-01 00:00:00,3393,842,0.04307090863585472,0.031595174223184586,0.9737204909324646,0.13903913226228237,-4.507975925313703,-5.154115555688193,-3.792336275203645,588,4.553045859000685,1.9832306639288158,0.1950429638585431,151809,50.48019660000136,0.05530029999863473,12086
fmi_sodankyla20,R,main,"Sodankyla, Finland",Dfc,gru,3,-2.0,2019-07-01 00:00:00,3393,842,0.04022704437375069,0.02945580706000328,0.9770762324333191,0.12985872646639676,-4.779747203173616,-5.238441978544741,-4.0499122651789845,588,4.553045859000685,1.9832306639288158,0.1950429638585431,151809,51.98032240000248,0.05445580000014161,12086
fmi_sodankyla20,R,main,"Sodankyla, Finland",Dfc,gru,4,-2.0,2019-07-01 00:00:00,3393,842,0.038837969303131104,0.028512578457593918,0.9786320924758911,0.1253745909191532,-4.973200789508447,-5.52395305170138,-4.1254539530108305,588,4.553045859000685,1.9832306639288158,0.1949566043438836,151809,67.09718409999914,0.045138900000893045,12086
fmi_sodankyla20,R,main,"Sodankyla, Finland",Dfc,tcn,0,-2.0,2019-07-01 00:00:00,3393,842,0.0393744632601738,0.02885332889854908,0.9780376553535461,0.12710647112817852,-4.751265671589407,-5.43523784402713,-4.017310546452368,588,4.553045859000685,1.9832306639288158,0.1950429638585431,198273,8.523160499997175,0.05884669999795733,12086
fmi_sodankyla20,R,main,"Sodankyla, Finland",Dfc,tcn,1,-2.0,2019-07-01 00:00:00,3393,842,0.03924509882926941,0.02881433628499508,0.9781817197799683,0.12668886400568619,-4.701271824537904,-5.40190236614696,-3.6949812394709816,588,4.553045859000685,1.9832306639288158,0.1950429638585431,198273,7.685056799997255,0.06297860000267974,12086
fmi_sodankyla20,R,main,"Sodankyla, Finland",Dfc,tcn,2,-2.0,2019-07-01 00:00:00,3393,842,0.0377759151160717,0.027298543602228165,0.9797847270965576,0.12194612615578537,-4.414932225545998,-5.273304623765502,-3.8000053945724477,588,4.553045859000685,1.9832306639288158,0.1950429638585431,198273,11.602504200000112,0.06297819999963394,12086
fmi_sodankyla20,R,main,"Sodankyla, Finland",Dfc,tcn,3,-2.0,2019-07-01 00:00:00,3393,842,0.04060621187090874,0.029909884557127953,0.9766420722007751,0.13108273407284485,-4.280564496441553,-5.248946243673014,-3.7054171115747576,588,4.553045859000685,1.9832306639288158,0.1950429638585431,198273,5.097155499999644,0.06663159999880008,12086
fmi_sodankyla20,R,main,"Sodankyla, Finland",Dfc,tcn,4,-2.0,2019-07-01 00:00:00,3393,842,0.038720421493053436,0.028528263792395592,0.9787611961364746,0.12499512956042708,-4.799050802871507,-5.311308183020271,-3.7138613173014683,588,4.553045859000685,1.9832306639288158,0.19474070555723477,198273,8.127234700001281,0.06651749999946333,12086
fmi_sodankyla20,R,main,"Sodankyla, Finland",Dfc,patchtst,0,-2.0,2019-07-01 00:00:00,3393,842,0.052810948342084885,0.03980669379234314,0.960490882396698,0.17048139136120152,-4.896369321287035,-6.39338029696882,-3.2970327577843173,588,4.553045859000685,1.9832306639288158,0.1950429638585431,25857,11.493011499998829,0.19303579999905196,12086
fmi_sodankyla20,R,main,"Sodankyla, Finland",Dfc,patchtst,1,-2.0,2019-07-01 00:00:00,3393,842,0.05393359810113907,0.04113154113292694,0.9587932825088501,0.1741054674087501,-4.832941154364169,-6.296769624962431,-3.7505075983194858,588,4.553045859000685,1.9832306639288158,0.19491342458655384,25857,18.98571339999762,0.1788474999993923,12086
fmi_sodankyla20,R,main,"Sodankyla, Finland",Dfc,patchtst,2,-2.0,2019-07-01 00:00:00,3393,842,0.052756842225790024,0.039551787078380585,0.9605717658996582,0.1703067289800727,-5.278228968067333,-6.474233266855746,-3.7756047414901492,588,4.553045859000685,1.9832306639288158,0.1950429638585431,25857,17.355235800001537,0.1534406000027957,12086
fmi_sodankyla20,R,main,"Sodankyla, Finland",Dfc,patchtst,3,-2.0,2019-07-01 00:00:00,3393,842,0.056832119822502136,0.04350254312157631,0.9542451500892639,0.18346231540071956,-5.818241002324198,-7.139516499775922,-3.5765002525805674,588,4.553045859000685,1.9832306639288158,0.19487024482922405,25857,8.7929378000008,0.1874253999994835,12086
fmi_sodankyla20,R,main,"Sodankyla, Finland",Dfc,patchtst,4,-2.0,2019-07-01 00:00:00,3393,842,0.054388802498579025,0.041183941066265106,0.9580947756767273,0.17557493314389688,-4.929877935458338,-6.181719126494722,-3.482568276789988,588,4.553045859000685,1.9832306639288158,0.1950429638585431,25857,11.85702990000209,0.19130089999816846,12086
fmi_sodankyla20,R,main,"Sodankyla, Finland",Dfc,informer,0,-2.0,2019-07-01 00:00:00,3393,842,0.03981722891330719,0.02969208173453808,0.9775409698486328,0.12853578279484631,-4.757668522127901,-5.5014935105878955,-4.0267115876716675,588,4.553045859000685,1.9832306639288158,0.19499978410121335,81537,24.13708939999924,0.09389649999866378,12086
fmi_sodankyla20,R,main,"Sodankyla, Finland",Dfc,informer,1,-2.0,2019-07-01 00:00:00,3393,842,0.04322108253836632,0.03285083547234535,0.9735369086265564,0.13952391537355094,-5.068557871996428,-6.129328390256994,-3.9738743174268976,588,4.553045859000685,1.9832306639288158,0.1950429638585431,81537,11.580613000001904,0.09345770000072662,12086
fmi_sodankyla20,R,main,"Sodankyla, Finland",Dfc,informer,2,-2.0,2019-07-01 00:00:00,3393,842,0.04172717034816742,0.03145481273531914,0.975334644317627,0.13470135041776105,-4.721419270731944,-5.527621084665391,-3.80790781277649,588,4.553045859000685,1.9832306639288158,0.1950429638585431,81537,17.410438599999907,0.11380740000095102,12086
fmi_sodankyla20,R,main,"Sodankyla, Finland",Dfc,informer,3,-2.0,2019-07-01 00:00:00,3393,842,0.04283123463392258,0.03301336243748665,0.9740121364593506,0.1382654298652372,-4.414924001859823,-5.302409225408322,-3.7318815935531546,588,4.553045859000685,1.9832306639288158,0.19478388531456453,81537,14.456377899998188,0.11518509999950766,12086
fmi_sodankyla20,R,main,"Sodankyla, Finland",Dfc,informer,4,-2.0,2019-07-01 00:00:00,3393,842,0.03924205154180527,0.02872447296977043,0.9781851172447205,0.12667902692032654,-4.494995429732692,-5.21965792790422,-4.013668402338566,588,4.553045859000685,1.9832306639288158,0.1948270650718943,81537,26.652758100000938,0.086736799999926,12086
ut_ID012,R,main,Utrecht,Cfb,gru,3,-0.5,2015-01-01 00:00:00,2929,760,0.10812697559595108,0.07695550471544266,0.7834730744361877,0.4058496995339731,-1.4298665133612332,-5.410233772213058,1.6653162144077605,1054,3.9863107460643397,2.206365503080082,0.24315747719159064,151809,44.41742789999989,0.06878839999990305,15666
ut_ID012,R,main,Utrecht,Cfb,gru,4,-0.5,2015-01-01 00:00:00,2929,760,0.10927063226699829,0.07882828265428543,0.7788684368133545,0.41014236298595924,-1.4168193349877845,-5.6213224299743345,1.7435977026758978,1053,3.9863107460643397,2.206365503080082,0.24183525056194632,151809,26.012802699999156,0.059421300000394695,15666
ut_ID012,R,main,Utrecht,Cfb,tcn,0,-0.5,2015-01-01 00:00:00,2929,760,0.11021023243665695,0.07893532514572144,0.7750491499900818,0.4136691096135817,-2.0472990056692453,-4.761036419621245,1.4768166590237386,1055,3.9863107460643397,2.206365503080082,0.24157080523601746,198273,4.718891900000017,0.1720540999995137,15666
ut_ID012,R,main,Utrecht,Cfb,tcn,1,-0.5,2015-01-01 00:00:00,2929,760,0.10999122262001038,0.07769139111042023,0.7759422659873962,0.4128470661985032,-1.4054884107746357,-5.131923659497972,2.040803159483473,1054,3.9863107460643397,2.206365503080082,0.24150469390453524,198273,2.6921380999992834,0.1104077000018151,15666
ut_ID012,R,main,Utrecht,Cfb,tcn,2,-0.5,2015-01-01 00:00:00,2929,760,0.11215738207101822,0.08108728379011154,0.7670302391052246,0.4209776474663948,-2.0960998469992997,-5.9866320048235,1.906637910861031,1055,3.9863107460643397,2.206365503080082,0.24319053285733175,198273,1.8994592999988527,0.11339070000030915,15666
ut_ID012,R,main,Utrecht,Cfb,tcn,3,-0.5,2015-01-01 00:00:00,2929,760,0.109837606549263,0.07852025330066681,0.7765676975250244,0.4122704752431677,-2.1147134762233826,-5.619454319325823,0.9073766219066453,1057,3.9863107460643397,2.206365503080082,0.24309136586010843,198273,5.585222199999407,0.11623209999743267,15666
ut_ID012,R,main,Utrecht,Cfb,tcn,4,-0.5,2015-01-01 00:00:00,2929,760,0.11013549566268921,0.08020903170108795,0.7753540873527527,0.41338858852167315,-1.7371117587678064,-4.982818878443906,1.817151656211724,1053,3.9863107460643397,2.206365503080082,0.24170302789898188,198273,3.280590200000006,0.11055660000056378,15666
ut_ID012,R,main,Utrecht,Cfb,patchtst,0,-0.5,2015-01-01 00:00:00,2929,760,0.1089545413851738,0.07810886204242706,0.7801459431648254,0.40895593019518856,-1.8807269062152798,-5.3219574052627925,1.6541641306023687,1051,3.9863107460643397,2.206365503080082,0.24176913923046411,25857,11.976733600000443,0.31513989999803016,15666
ut_ID012,R,main,Utrecht,Cfb,patchtst,1,-0.5,2015-01-01 00:00:00,2929,760,0.10932908207178116,0.07847042381763458,0.7786318063735962,0.41036175167761735,-1.3381133429204661,-4.78280499338064,1.5588398377486363,1053,3.9863107460643397,2.206365503080082,0.24269469787121511,25857,16.507379499998933,0.3218942999992578,15666
ut_ID012,R,main,Utrecht,Cfb,patchtst,2,-0.5,2015-01-01 00:00:00,2929,760,0.10887017846107483,0.07750300318002701,0.7804862260818481,0.40863927778529113,-1.5128199476263378,-5.089668706201089,1.1532821532808324,1054,3.9863107460643397,2.206365503080082,0.24239719687954514,25857,11.743563899999572,0.24946749999799067,15666
ut_ID012,R,main,Utrecht,Cfb,patchtst,3,-0.5,2015-01-01 00:00:00,2929,760,0.11097579449415207,0.07945866137742996,0.7719130516052246,0.4165426120795162,-1.8456070428842564,-4.591864863347088,1.173311054973052,1054,3.9863107460643397,2.206365503080082,0.24325664418881396,25857,7.9244828000009875,0.2477701000025263,15666
ut_ID012,R,main,Utrecht,Cfb,patchtst,4,-0.5,2015-01-01 00:00:00,2929,760,0.11067017167806625,0.08036045730113983,0.773167610168457,0.4153954706987875,-1.700054426264107,-5.004495841716472,1.7110507605399792,1054,3.9863107460643397,2.206365503080082,0.24243025254528627,25857,6.330899699998554,0.24749729999894043,15666
ut_ID012,R,main,Utrecht,Cfb,informer,0,-0.5,2015-01-01 00:00:00,2929,760,0.11012586206197739,0.07740602642297745,0.7753934264183044,0.4133524292382679,-2.3541037988371816,-5.824911027714132,1.0314093905615773,1052,3.9863107460643397,2.206365503080082,0.2409427475869364,81537,13.73942259999967,0.11582350000026054,15666
ut_ID012,R,main,Utrecht,Cfb,informer,1,-0.5,2015-01-01 00:00:00,2929,760,0.1109042540192604,0.07957274466753006,0.7722070217132568,0.4162740881512432,-1.9761952793253545,-5.3527979629808815,1.7417435646170487,1054,3.9863107460643397,2.206365503080082,0.24223191855083961,81537,10.51617830000032,0.1145171999996819,15666
ut_ID012,R,main,Utrecht,Cfb,informer,2,-0.5,2015-01-01 00:00:00,2929,760,0.1102295070886612,0.07778916507959366,0.7749704122543335,0.41374145614580854,-2.3451823881307066,-5.493646578794537,1.7593878678666686,1053,3.9863107460643397,2.206365503080082,0.24130635991008859,81537,13.163270799999736,0.10464850000062142,15666
ut_ID012,R,main,Utrecht,Cfb,informer,3,-0.5,2015-01-01 00:00:00,2929,760,0.11043589562177658,0.0783303827047348,0.7741270065307617,0.4145161261455054,-1.480038015043854,-5.600960918196263,1.269396857459193,1053,3.9863107460643397,2.206365503080082,0.24130635991008859,81537,8.688415000000532,0.10550990000047022,15666
ut_ID012,R,main,Utrecht,Cfb,informer,4,-0.5,2015-01-01 00:00:00,2929,760,0.11047934740781784,0.07782646268606186,0.7739492058753967,0.4146792204539503,-1.2707553989751874,-5.962314193736146,1.818377153021511,1054,3.9863107460643397,2.206365503080082,0.24239719687954514,81537,8.57465830000001,0.09734889999890584,15666
ut_ID012,R,main,Utrecht,Cfb,lstm,0,-1.0,2015-01-01 00:00:00,2930,760,0.1110350713133812,0.08014348149299622,0.7706711888313293,0.4177234807132511,-1.3511329684121607,-4.512524894777492,1.1679174808269743,1053,3.9863107460643397,2.206365503080082,0.2425624752082507,13729,29.731350300000486,0.03277739999975893,15666
ut_ID012,R,main,Utrecht,Cfb,lstm,1,-1.0,2015-01-01 00:00:00,2930,760,0.10920333862304688,0.07651657611131668,0.7781751751899719,0.4108323449118146,-3.068336862405844,-5.610750411601626,0.5488607306728056,1055,3.9863107460643397,2.206365503080082,0.24319053285733175,13729,54.25967799999853,0.03374260000055074,15666
ut_ID012,R,main,Utrecht,Cfb,lstm,2,-1.0,2015-01-01 00:00:00,2930,760,0.1087387204170227,0.07654435932636261,0.780058741569519,0.40908441129113543,-2.7135265611875767,-5.0822550383044165,0.20291451968121876,1054,3.9863107460643397,2.206365503080082,0.2433888668517784,13729,56.88587639999969,0.0315664999980072,15666
ut_ID012,R,main,Utrecht,Cfb,lstm,3,-1.0,2015-01-01 00:00:00,2930,760,0.1089632585644722,0.07744020968675613,0.7791494727134705,0.4099291430988071,-2.604888045742861,-5.726419376898546,0.46983204891597463,1054,3.9863107460643397,2.206365503080082,0.24243025254528627,13729,49.850021400001424,0.03305569999793079,15666
ut_ID012,R,main,Utrecht,Cfb,lstm,4,-1.0,2015-01-01 00:00:00,2930,760,0.10938887298107147,0.0786185935139656,0.7774208188056946,0.41153034111165665,-2.127014165211637,-5.17499828552852,0.7326462175228329,1053,3.9863107460643397,2.206365503080082,0.24282692053417956,13729,39.381537500001286,0.03193240000109654,15666
ut_ID012,R,main,Utrecht,Cfb,gru,0,-1.0,2015-01-01 00:00:00,2930,760,0.10762674361467361,0.07705705612897873,0.7845340371131897,0.4049010589966278,-2.7258738658142327,-5.437077001621153,1.0534811636304209,1054,3.9863107460643397,2.206365503080082,0.24292608753140288,151809,42.053515999999945,0.05605690000083996,15666
ut_ID012,R,main,Utrecht,Cfb,gru,1,-1.0,2015-01-01 00:00:00,2930,760,0.10749278962612152,0.07630554586648941,0.7850700616836548,0.4043971125795946,-2.5305168137464973,-5.242906339848885,0.7887107460786282,1054,3.9863107460643397,2.206365503080082,0.24325664418881396,151809,48.53184229999897,0.04867269999886048,15666
ut_ID012,R,main,Utrecht,Cfb,gru,2,-1.0,2015-01-01 00:00:00,2930,760,0.10971631109714508,0.07912711054086685,0.7760863304138184,0.4127621914445881,-1.0245658588375688,-5.619754680373755,1.5146217589002429,1054,3.9863107460643397,2.206365503080082,0.2434219225175195,151809,22.562466499999573,0.04860699999699136,15666
ut_ID012,R,main,Utrecht,Cfb,gru,3,-1.0,2015-01-01 00:00:00,2930,760,0.10763631761074066,0.07646846026182175,0.7844957113265991,0.404937077192628,-2.3461908066520984,-5.208008857692424,1.2458968784929247,1054,3.9863107460643397,2.206365503080082,0.24289303186566177,151809,47.40599330000259,0.0567047000004095,15666
ut_ID012,R,main,Utrecht,Cfb,gru,4,-1.0,2015-01-01 00:00:00,2930,760,0.10924791544675827,0.07771719247102737,0.7779940962791443,0.4110000467535805,-2.459762549571167,-5.825422575790677,1.4096882602767424,1054,3.9863107460643397,2.206365503080082,0.24229802988232182,151809,31.14461190000293,0.044659899998805486,15666
ut_ID012,R,main,Utrecht,Cfb,tcn,0,-1.0,2015-01-01 00:00:00,2930,760,0.10963001847267151,0.07695888727903366,0.7764383554458618,0.41243755117526953,-2.080176091621011,-5.740305650834397,0.7131900979136518,1054,3.9863107460643397,2.206365503080082,0.24368636784344835,198273,4.5136315999989165,0.11047509999843896,15666
ut_ID012,R,main,Utrecht,Cfb,tcn,1,-1.0,2015-01-01 00:00:00,2930,760,0.11072113364934921,0.08081498742103577,0.7719661593437195,0.4165424202411386,-1.8273320650197309,-5.035999860682448,2.225911917842237,1051,3.9863107460643397,2.207734428473648,0.24077746925823085,198273,2.0227397000016936,0.1124880999996094,15666
ut_ID012,R,main,Utrecht,Cfb,tcn,2,-1.0,2015-01-01 00:00:00,2930,760,0.10987715423107147,0.07835901528596878,0.7754293084144592,0.4133672971373915,-2.2422126417396715,-5.218801510589721,0.5302062645678007,1053,3.9863107460643397,2.206365503080082,0.24057913526378422,198273,3.008575399999245,0.10578860000168788,15666
ut_ID012,R,main,Utrecht,Cfb,tcn,3,-1.0,2015-01-01 00:00:00,2930,760,0.10966885089874268,0.07837758958339691,0.7762799859046936,0.4125836420994353,-1.999222085450203,-5.83557737332977,0.9499222131582163,1054,3.9863107460643397,2.206365503080082,0.24312442152584954,198273,2.510910500001046,0.09298040000066976,15666
ut_ID012,R,main,Utrecht,Cfb,tcn,4,-1.0,2015-01-01 00:00:00,2930,760,0.10971292853355408,0.07807015627622604,0.7761001586914062,0.41274946594965883,-2.801083871746557,-5.9331917294852055,0.2266330846025344,1053,3.9863107460643397,2.206365503080082,0.24233108554806293,198273,5.362157600000501,0.11062100000344799,15666
ut_ID012,R,main,Utrecht,Cfb,patchtst,0,-1.0,2015-01-01 00:00:00,2930,760,0.10978680104017258,0.07840733230113983,0.775798499584198,0.41302738066821293,-2.108939780934138,-5.525778125276676,0.9149845851281582,1053,3.9863107460643397,2.206365503080082,0.24328969985455506,25857,8.29058029999942,0.29714360000070883,15666
ut_ID012,R,main,Utrecht,Cfb,patchtst,1,-1.0,2015-01-01 00:00:00,2930,760,0.1099727600812912,0.07845373451709747,0.7750383615493774,0.4137269745623523,-1.9240045086895696,-6.136584040077608,1.345771053108343,1054,3.9863107460643397,2.206365503080082,0.24315747719159064,25857,15.888228700001491,0.372914600000513,15666
ut_ID012,R,main,Utrecht,Cfb,patchtst,2,-1.0,2015-01-01 00:00:00,2930,760,0.11018286645412445,0.07795840501785278,0.7741779088973999,0.4145174127936408,-2.5322098188348185,-6.276907210638383,1.0759889222912489,1054,3.9863107460643397,2.206365503080082,0.24312442152584954,25857,7.983191600000282,0.29860479999842937,15666
ut_ID012,R,main,Utrecht,Cfb,patchtst,3,-1.0,2015-01-01 00:00:00,2930,760,0.10950646549463272,0.07848750799894333,0.7769420146942139,0.41197273425365755,-2.272743343492878,-5.2408617805937086,0.5166368959485576,1054,3.9863107460643397,2.206365503080082,0.24319053285733175,25857,11.085276800000429,0.22315420000086306,15666
ut_ID012,R,main,Utrecht,Cfb,patchtst,4,-1.0,2015-01-01 00:00:00,2930,760,0.10865464061498642,0.07689426839351654,0.7803987264633179,0.40876809584999746,-1.850215565236557,-5.7400267980444175,0.9155411690786521,1055,3.9863107460643397,2.206365503080082,0.2433888668517784,25857,11.506181000000652,0.2885476000010385,15666
ut_ID012,R,main,Utrecht,Cfb,informer,0,-1.0,2015-01-01 00:00:00,2930,760,0.11152917891740799,0.07996995747089386,0.7686256170272827,0.41958235598355575,-1.7846608952998764,-5.226284904370426,1.584997221620621,1054,3.9863107460643397,2.206365503080082,0.24312442152584954,81537,7.785200900001655,0.13836189999710768,15666
ut_ID012,R,main,Utrecht,Cfb,informer,1,-1.0,2015-01-01 00:00:00,2930,760,0.11043549329042435,0.07830832898616791,0.7731412053108215,0.4154678166627294,-1.6429767898177747,-5.322569352139154,0.9648117421133917,1054,3.9863107460643397,2.206365503080082,0.24279386486843846,81537,10.297247499998775,0.1477210000011837,15666
ut_ID012,R,main,Utrecht,Cfb,informer,2,-1.0,2015-01-01 00:00:00,2930,760,0.1124359592795372,0.07978407293558121,0.764847993850708,0.42299374163522946,-2.7000941147272606,-5.348707463988456,0.9960758338279141,1054,3.9863107460643397,2.206365503080082,0.24180219489620522,81537,6.318829199997708,0.15025340000283904,15666
ut_ID012,R,main,Utrecht,Cfb,informer,3,-1.0,2015-01-01 00:00:00,2930,760,0.11141150444746017,0.08061820268630981,0.7691136002540588,0.4191396545145852,-1.8721800495727248,-4.317510063089409,0.8611788601781386,1052,3.9863107460643397,2.206365503080082,0.24180219489620522,81537,5.837355699997715,0.14365099999849917,15666
ut_ID012,R,main,Utrecht,Cfb,informer,4,-1.0,2015-01-01 00:00:00,2930,760,0.11096266657114029,0.07773954421281815,0.7709701657295227,0.41745108785042623,-2.102037102721338,-6.401841569416243,1.4822532018336474,1053,3.9863107460643397,2.206365503080082,0.24203358455639296,81537,9.003532399998221,0.13293980000162264,15666
ut_ID012,R,main,Utrecht,Cfb,lstm,0,-2.0,2015-01-01 00:00:00,2930,761,0.11051621288061142,0.0797964408993721,0.7705353498458862,0.4178181153014383,-3.056618651272235,-5.728572102481588,-0.06760119005865262,1053,3.9863107460643397,2.206365503080082,0.24276080920269735,13729,29.766878800000995,0.0334573999971326,15666
ut_ID012,R,main,Utrecht,Cfb,lstm,1,-2.0,2015-01-01 00:00:00,2930,761,0.1086590588092804,0.07614415884017944,0.7781825661659241,0.41079694986622595,-3.9388897538518153,-6.519748899685083,-0.35586916237986266,1055,3.9863107460643397,2.206365503080082,0.2433888668517784,13729,54.49632770000244,0.03339369999957853,15666
ut_ID012,R,main,Utrecht,Cfb,lstm,2,-2.0,2015-01-01 00:00:00,2930,761,0.10820693522691727,0.07619147002696991,0.7800246477127075,0.40908764931979513,-3.7117805856209385,-6.049467977304615,-0.578737036804827,1054,3.9863107460643397,2.206365503080082,0.2434219225175195,13729,55.98169870000129,0.037471700001333375,15666
ut_ID012,R,main,Utrecht,Cfb,lstm,3,-2.0,2015-01-01 00:00:00,2930,761,0.1084623634815216,0.07710812240839005,0.7789849042892456,0.4100533225830367,-3.6476072088246565,-6.523259295655476,-0.7875515371013941,1054,3.9863107460643397,2.206365503080082,0.2425624752082507,13729,49.34688230000029,0.03356279999934486,15666
ut_ID012,R,main,Utrecht,Cfb,lstm,4,-2.0,2015-01-01 00:00:00,2930,761,0.10774300992488861,0.07576239109039307,0.7819068431854248,0.4073337311363729,-3.392503896725585,-6.3284028954509735,-0.15130258894885396,1054,3.9863107460643397,2.206365503080082,0.24239719687954514,13729,55.379553800001304,0.036554800000885734,15666
ut_ID012,R,main,Utrecht,Cfb,gru,0,-2.0,2015-01-01 00:00:00,2930,761,0.10713294893503189,0.07672619074583054,0.7843695878982544,0.4050273316827812,-2.7765445514139064,-6.218180529410655,0.36944570622146067,1054,3.9863107460643397,2.206365503080082,0.24305831019436733,151809,41.26971429999685,0.050387100000079954,15666
ut_ID012,R,main,Utrecht,Cfb,gru,1,-2.0,2015-01-01 00:00:00,2930,761,0.10700599104166031,0.07598057389259338,0.7848803997039795,0.4045473540727227,-2.8927033183055633,-6.220994781044853,0.17303271485082697,1054,3.9863107460643397,2.206365503080082,0.24345497818326062,151809,47.7831886999993,0.05081630000131554,15666
ut_ID012,R,main,Utrecht,Cfb,gru,2,-2.0,2015-01-01 00:00:00,2930,761,0.10922688990831375,0.07879015803337097,0.7758581638336182,0.41294369479553295,-2.06572702034328,-6.249367341404099,0.38319046659318623,1054,3.9863107460643397,2.206365503080082,0.24358720084622504,151809,23.04482360000111,0.05225540000174078,15666
ut_ID012,R,main,Utrecht,Cfb,gru,3,-2.0,2015-01-01 00:00:00,2930,761,0.10715461522340775,0.07616113126277924,0.784282386302948,0.40510924335473253,-2.449123240733475,-6.224086239331994,0.3252515640850558,1054,3.9863107460643397,2.206365503080082,0.24309136586010843,151809,49.7025642999979,0.055373399998643436,15666
ut_ID012,R,main,Utrecht,Cfb,gru,4,-2.0,2015-01-01 00:00:00,2930,761,0.10876310616731644,0.07741246372461319,0.7777575254440308,0.41119031179841303,-3.786220295320796,-6.859908200220199,0.2251510809605728,1054,3.9863107460643397,2.206365503080082,0.24239719687954514,151809,31.199472400003287,0.07589849999931175,15666
ut_ID012,R,main,Utrecht,Cfb,tcn,0,-2.0,2015-01-01 00:00:00,2930,761,0.10929135978221893,0.0768805742263794,0.7755934596061707,0.41318742990467827,-2.8922361337319624,-6.668705474498749,-0.10271197941136619,1055,3.9863107460643397,2.206365503080082,0.2438516461721539,198273,4.48266330000115,0.08865800000057789,15666
ut_ID012,R,main,Utrecht,Cfb,tcn,1,-2.0,2015-01-01 00:00:00,2930,761,0.11013776808977127,0.08046285063028336,0.7721042037010193,0.41638736514150215,-3.116462835883538,-5.8568762373246805,1.6574872413313173,1052,3.9863107460643397,2.206365503080082,0.24117413724712417,198273,2.1592841999990924,0.117939200001274,15666
ut_ID012,R,main,Utrecht,Cfb,tcn,2,-2.0,2015-01-01 00:00:00,2930,761,0.10901125520467758,0.07942090183496475,0.7767422795295715,0.41212846521863655,-2.5625625130329217,-5.827145157986196,0.4354648353442881,1056,3.9863107460643397,2.204996577686516,0.24362025651196614,198273,4.124726699999883,0.12086840000119992,15666
ut_ID012,R,main,Utrecht,Cfb,tcn,3,-2.0,2015-01-01 00:00:00,2930,761,0.10952705144882202,0.07829395681619644,0.7746245265007019,0.4140784869302998,-2.287353017849602,-6.729152982367981,0.3450954893219433,1054,3.9863107460643397,2.206365503080082,0.24345497818326062,198273,2.4964848999989044,0.12258509999810485,15666
ut_ID012,R,main,Utrecht,Cfb,tcn,4,-2.0,2015-01-01 00:00:00,2930,761,0.10917342454195023,0.07784230262041092,0.7760775089263916,0.412741563379466,-3.7574676945008156,-6.776603653950742,0.15616294945304812,1054,3.9863107460643397,2.206365503080082,0.24292608753140288,198273,3.511208900003112,0.09344269999928656,15666
ut_ID012,R,main,Utrecht,Cfb,patchtst,0,-2.0,2015-01-01 00:00:00,2930,761,0.10928025096654892,0.07804419100284576,0.7756391167640686,0.41314543186379815,-3.3313604259466167,-6.138366051668099,-0.14827950376550722,1053,3.9863107460643397,2.206365503080082,0.24332275552029617,25857,9.44901949999985,0.40662280000105966,15666
ut_ID012,R,main,Utrecht,Cfb,patchtst,1,-2.0,2015-01-01 00:00:00,2930,761,0.11189308017492294,0.08148577064275742,0.7647821307182312,0.42302350628376323,-3.6503985088657274,-6.854110794965739,-0.01933200095417531,1055,3.9863107460643397,2.206365503080082,0.24322358852307285,25857,9.069209699999192,0.38776920000236714,15666
ut_ID012,R,main,Utrecht,Cfb,patchtst,2,-2.0,2015-01-01 00:00:00,2930,761,0.10964984446763992,0.07763155549764633,0.7741189002990723,0.4145427187959908,-3.365863443615401,-6.817253051966176,0.26509175034665766,1054,3.9863107460643397,2.206365503080082,0.24332275552029617,25857,7.259016500000143,0.3408629999976256,15666
ut_ID012,R,main,Utrecht,Cfb,patchtst,3,-2.0,2015-01-01 00:00:00,2930,761,0.10894445329904556,0.07807309925556183,0.7770158052444458,0.41187591361935344,-3.273177811508332,-6.28581848789832,-0.37837561919047413,1054,3.9863107460643397,2.206365503080082,0.24332275552029617,25857,10.768201999999292,0.31327410000085365,15666
ut_ID012,R,main,Utrecht,Cfb,patchtst,4,-2.0,2015-01-01 00:00:00,2930,761,0.10815878957509995,0.07663563638925552,0.7802203297615051,0.4089056296416145,-2.630538943593974,-6.165655916219414,0.48987913721658116,1055,3.9863107460643397,2.206365503080082,0.24358720084622504,25857,12.276229899998725,0.2670191999968665,15666
ut_ID012,R,main,Utrecht,Cfb,informer,0,-2.0,2015-01-01 00:00:00,2930,761,0.11085481941699982,0.07979859411716461,0.7691270709037781,0.41909825276882856,-2.326107662605637,-6.113193827649919,0.7071929255904026,1055,3.9863107460643397,2.206365503080082,0.24335581118603727,81537,7.692084300000715,0.10547180000139633,15666
ut_ID012,R,main,Utrecht,Cfb,informer,1,-2.0,2015-01-01 00:00:00,2930,761,0.10968844592571259,0.07752062380313873,0.7739598751068115,0.4146886556503167,-3.72240049767648,-6.769279960073438,-1.031481811118895,1054,3.9863107460643397,2.206365503080082,0.24107497024990082,81537,15.46948600000178,0.136315800002194,15666
ut_ID012,R,main,Utrecht,Cfb,informer,2,-2.0,2015-01-01 00:00:00,2930,761,0.10978414118289948,0.07672880589962006,0.7735652327537537,0.41505044159066834,-3.4265776221254707,-6.306698365087704,0.5088312134606293,1053,3.9863107460643397,2.206365503080082,0.24223191855083961,81537,10.995111799998995,0.09893119999833289,15666
ut_ID012,R,main,Utrecht,Cfb,informer,3,-2.0,2015-01-01 00:00:00,2930,761,0.11071649193763733,0.0801679864525795,0.7697029113769531,0.4185752912483857,-2.9418780164576996,-5.786494541492804,-0.1648821042446971,1054,3.9863107460643397,2.206365503080082,0.2420996958878752,81537,5.567066399999021,0.1011992999992799,15666
ut_ID012,R,main,Utrecht,Cfb,informer,4,-2.0,2015-01-01 00:00:00,2930,761,0.11017633229494095,0.07729712128639221,0.771944522857666,0.4165331611573274,-2.4818238955375937,-6.845842215807556,0.582928970683283,1052,3.9863107460643397,2.206365503080082,0.24200052889065185,81537,8.814570300000923,0.09939260000101058,15666
