system_id,climate,model,seed,injection,ref_end,n_train,n_val,val_rmse,val_mae,val_r2,val_nrmse_mean,plr,ci_low,ci_high,days,span_years,t_center_years,points_kept_fraction,parameters,train_seconds,inference_seconds,inference_samples
dkasc_13,BWh,xgboost,0,0.0,2016-01-01 00:00:00,6884,1617,0.027079585939645767,0.017058726400136948,0.9900954365730286,0.06578414811045805,-0.7011912557100763,-0.8528445146055885,-0.5628835135333862,3404,12.216290212183436,5.301505817932923,0.30089586005595337,582,3.400429700006498,0.1004283999936888,81877
dkasc_13,BWh,xgboost,1,0.0,2016-01-01 00:00:00,6884,1617,0.027054306119680405,0.016859021037817,0.9901139140129089,0.06572273611455406,-0.6710898259746578,-0.8438115858178306,-0.5180554078243471,3404,12.216290212183436,5.301505817932923,0.3008756602801709,661,5.899516500008758,0.09821780001220759,81877
dkasc_13,BWh,xgboost,2,0.0,2016-01-01 00:00:00,6884,1617,0.027082614600658417,0.016963034868240356,0.9900932312011719,0.06579150560422019,-0.700866539674457,-0.8731458413364312,-0.534590650468314,3404,12.216290212183436,5.301505817932923,0.3008756602801709,671,6.584358400010387,0.11117320001358166,81877
dkasc_13,BWh,xgboost,3,0.0,2016-01-01 00:00:00,6884,1617,0.027121996507048607,0.016969528049230576,0.9900643825531006,0.06588717564764769,-0.6968161689127506,-0.8445022545369718,-0.538806600005051,3404,12.216290212183436,5.301505817932923,0.30089586005595337,683,3.436559000008856,0.10858010000083596,81877
dkasc_13,BWh,xgboost,4,0.0,2016-01-01 00:00:00,6884,1617,0.027303121984004974,0.01699531078338623,0.9899312853813171,0.06632718182902843,-0.7119842156346867,-0.8464776486090586,-0.5422357791015397,3404,12.216290212183436,5.301505817932923,0.30089586005595337,686,3.0816680999996606,0.11670860000594985,81877
dkasc_13,BWh,random_forest,0,0.0,2016-01-01 00:00:00,6884,1617,0.026583349332213402,0.016616003587841988,0.990455150604248,0.06457864583453997,-0.6451252661070583,-0.7995370280290182,-0.5045193893510769,3404,12.216290212183436,5.301505817932923,0.3006938622981285,3420320,1.7450039999966975,0.5327082000003429,81877
dkasc_13,BWh,random_forest,1,0.0,2016-01-01 00:00:00,6884,1617,0.026574745774269104,0.0166473425924778,0.9904612898826599,0.06455774530336693,-0.6548380610150816,-0.8292058213823201,-0.523681590616687,3404,12.216290212183436,5.301505817932923,0.30068376241023725,3418610,1.1697109999950044,0.488703600000008,81877
dkasc_13,BWh,random_forest,2,0.0,2016-01-01 00:00:00,6884,1617,0.026731617748737335,0.016726162284612656,0.9903483390808105,0.06493883271089962,-0.6607925086265731,-0.8132013446901731,-0.5078871779870209,3404,12.216290212183436,5.301505817932923,0.3006938622981285,3422146,1.3259716000029584,0.5235785999975633,81877
dkasc_13,BWh,random_forest,3,0.0,2016-01-01 00:00:00,6884,1617,0.02654137834906578,0.01672106795012951,0.9904852509498596,0.06447668617467374,-0.6471576544920143,-0.8068019979031393,-0.5065876552208026,3404,12.216290212183436,5.301505817932923,0.300714062073911,3417562,1.2763064000027953,0.49755000000004657,81877
dkasc_13,BWh,random_forest,4,0.0,2016-01-01 00:00:00,6884,1617,0.026817604899406433,0.01682707481086254,0.9902861714363098,0.0651477203751283,-0.6234904270486896,-0.7904957838137272,-0.5160283373188412,3404,12.216290212183436,5.301505817932923,0.300714062073911,3421772,1.2420999000023585,0.4310330000007525,81877
dkasc_13,BWh,lstm,0,0.0,2016-01-01 00:00:00,6884,1617,0.027094213292002678,0.018438205122947693,0.9900847673416138,0.06581968218088495,-0.8229708789347923,-0.9837473308679567,-0.6504535098989184,3404,12.216290212183436,5.301505817932923,0.3010776580379958,13729,73.38211540000339,1.583593599993037,81877
dkasc_13,BWh,lstm,1,0.0,2016-01-01 00:00:00,6884,1617,0.026748303323984146,0.018216991797089577,0.9903362989425659,0.06497936680015012,-0.7720246529309249,-0.9791653489735727,-0.6108151142727758,3404,12.216290212183436,5.301505817932923,0.3008150609528234,13729,70.71653440000955,2.373537200008286,81877
dkasc_13,BWh,lstm,2,0.0,2016-01-01 00:00:00,6884,1617,0.028069065883755684,0.01969197578728199,0.9893584251403809,0.06818788114170637,-0.8582035640957164,-1.0082944968895502,-0.6886260772374198,3404,12.216290212183436,5.301505817932923,0.301128157477452,13729,68.56676220000372,0.09678859999985434,81877
dkasc_13,BWh,lstm,3,0.0,2016-01-01 00:00:00,6884,1617,0.027558811008930206,0.019202763214707375,0.9897418022155762,0.06694832443894087,-0.8051901175302412,-0.9438668529040299,-0.6290401730530637,3404,12.216290212183436,5.301505817932923,0.30104735837432206,13729,70.5592614000052,0.09895790000155102,81877
dkasc_13,BWh,lstm,4,0.0,2016-01-01 00:00:00,6884,1617,0.027212275192141533,0.018188675865530968,0.9899981617927551,0.06610648869049136,-0.7867355836593485,-0.946939325130769,-0.6257935475683318,3404,12.216290212183436,5.301505817932923,0.30079486117704096,13729,71.59341129999666,0.10081970000464935,81877
dkasc_13,BWh,gru,0,0.0,2016-01-01 00:00:00,6884,1617,0.026661841198801994,0.01781817525625229,0.9903987050056458,0.0647693252854237,-0.7885139267982,-0.9599196418172418,-0.6268906388633422,3404,12.216290212183436,5.301505817932923,0.3002494672309137,151809,93.87036489999446,15.892016700003296,81877
dkasc_13,BWh,gru,1,0.0,2016-01-01 00:00:00,6884,1617,0.02778574824333191,0.018793852999806404,0.9895721673965454,0.06749962063205596,-0.8395311526667726,-0.9972522253396388,-0.6583557803544198,3404,12.216290212183436,5.301505817932923,0.3011584571411257,151809,53.51869969999825,0.2488320999982534,81877
dkasc_13,BWh,gru,2,0.0,2016-01-01 00:00:00,6884,1617,0.027207108214497566,0.018879033625125885,0.9900019764900208,0.06609393660703736,-0.8046728837809783,-0.9936665311629432,-0.6801188603029362,3404,12.216290212183436,5.301505817932923,0.30095645938330085,151809,57.152583400005824,0.26000110000313725,81877
dkasc_13,BWh,gru,3,0.0,2016-01-01 00:00:00,6884,1617,0.027583299204707146,0.018948817625641823,0.9897235631942749,0.06700781335068194,-0.7987040493213193,-0.9749505014124527,-0.656665911994847,3404,12.216290212183436,5.301505817932923,0.30086556039227963,151809,56.83864020000328,0.2512810000043828,81877
dkasc_13,BWh,gru,4,0.0,2016-01-01 00:00:00,6884,1617,0.02633783407509327,0.017446693032979965,0.9906306266784668,0.06398221824979902,-0.7782540043148604,-0.9315604828347261,-0.6139264865840377,3404,12.216290212183436,5.301505817932923,0.30068376241023725,151809,67.85670550000214,0.30359939999470953,81877
dkasc_13,BWh,tcn,0,0.0,2016-01-01 00:00:00,6884,1617,0.027250220999121666,0.018658790737390518,0.9899702668190002,0.06619867003300212,-0.728600883363173,-0.900639068153275,-0.5928836263189297,3404,12.216290212183436,5.301505817932923,0.30089586005595337,198273,3.3974238999944646,0.48832230000698473,81877
dkasc_13,BWh,tcn,1,0.0,2016-01-01 00:00:00,6884,1617,0.02562715671956539,0.016522526741027832,0.991129457950592,0.06225577736111658,-0.6948318909273055,-0.8572653420821363,-0.5660115095259376,3404,12.216290212183436,5.301505817932923,0.3009867590469746,198273,8.898593400008394,0.5102608000015607,81877
dkasc_13,BWh,tcn,2,0.0,2016-01-01 00:00:00,6884,1617,0.027268141508102417,0.018582601100206375,0.9899570345878601,0.06624220413354678,-0.745362227076178,-0.8778328001665225,-0.5798232060130304,3404,12.216290212183436,5.301505817932923,0.3011988566926907,198273,4.712151400002767,0.6008182000077795,81877
dkasc_13,BWh,tcn,3,0.0,2016-01-01 00:00:00,6884,1617,0.025736119598150253,0.01715511828660965,0.9910538196563721,0.06252047971510916,-0.6516279505810463,-0.8175060289922879,-0.5051386230902444,3403,12.216290212183436,5.300136892539356,0.29997677025785013,198273,8.451998200005619,0.6058148999873083,81877
dkasc_13,BWh,tcn,4,0.0,2016-01-01 00:00:00,6884,1617,0.02645580843091011,0.018109608441591263,0.9905465245246887,0.06426881208892153,-0.7626075615335015,-0.8937297658276222,-0.5571134624197506,3404,12.216290212183436,5.301505817932923,0.3010776580379958,198273,6.727574399992591,0.5997970000025816,81877
dkasc_13,BWh,patchtst,0,0.0,2016-01-01 00:00:00,6884,1617,0.031971175223588943,0.02262132242321968,0.9861940145492554,0.07766723357076168,-0.710156263505235,-0.8926919713290438,-0.5533020654164154,3404,12.216290212183436,5.301505817932923,0.3010776580379958,25857,37.670517499995185,2.011696799992933,81877
dkasc_13,BWh,patchtst,1,0.0,2016-01-01 00:00:00,6884,1617,0.032581914216279984,0.022973891347646713,0.985661506652832,0.07915089526490887,-0.7802979765627076,-0.9300119094741155,-0.6218800675081404,3404,12.216290212183436,5.301505817932923,0.30118875680479945,25857,29.61031109999749,1.836345400006394,81877
dkasc_13,BWh,patchtst,2,0.0,2016-01-01 00:00:00,6884,1617,0.03147788345813751,0.02204301208257675,0.9866167306900024,0.07646888516792968,-0.7985693674092742,-0.968066020425891,-0.5813811771410715,3404,12.216290212183436,5.301505817932923,0.3011988566926907,25857,34.15486950000923,2.0927516000083415,81877
dkasc_13,BWh,patchtst,3,0.0,2016-01-01 00:00:00,6884,1617,0.03151731193065643,0.021577686071395874,0.9865831732749939,0.07656466833395499,-0.7739489331594851,-0.9229296344482663,-0.577439825646231,3404,12.216290212183436,5.301505817932923,0.30118875680479945,25857,29.79760140000144,1.7059214999899268,81877
dkasc_13,BWh,patchtst,4,0.0,2016-01-01 00:00:00,6884,1617,0.032970741391181946,0.023551594465970993,0.9853172302246094,0.08009546895669761,-0.771912042760246,-0.9269916439508141,-0.5867994157974676,3404,12.216290212183436,5.301505817932923,0.30097665915908334,25857,22.72397259999707,1.0791035000002012,81877
dkasc_13,BWh,informer,0,0.0,2016-01-01 00:00:00,6884,1617,0.027142245322465897,0.018040113151073456,0.9900495409965515,0.06593636587808331,-0.8758940560459783,-1.0150986562976416,-0.7044613539519129,3404,12.216290212183436,5.301505817932923,0.3010776580379958,81537,15.353809499996714,0.6374173000076553,81877
dkasc_13,BWh,informer,1,0.0,2016-01-01 00:00:00,6884,1617,0.029046528041362762,0.02032126486301422,0.9886043667793274,0.07056241949290959,-0.8610582443058901,-1.0082633171241584,-0.6823274296552051,3404,12.216290212183436,5.301505817932923,0.3011382573653432,81537,8.646493799999007,0.8467453999910504,81877
dkasc_13,BWh,informer,2,0.0,2016-01-01 00:00:00,6884,1617,0.027377808466553688,0.01864243485033512,0.9898760914802551,0.06650861690121838,-0.7063359234578681,-0.902012653515554,-0.580029564479112,3404,12.216290212183436,5.301505817932923,0.3003504661098262,81537,24.586202600010438,0.5120287999889115,81877
dkasc_13,BWh,informer,3,0.0,2016-01-01 00:00:00,6884,1617,0.026627881452441216,0.017854366451501846,0.9904231429100037,0.06468682723728625,-0.8064525880407756,-0.9296360518809776,-0.690753143984546,3404,12.216290212183436,5.301505817932923,0.30108775792588705,81537,35.01576150000619,0.4363688000012189,81877
dkasc_13,BWh,informer,4,0.0,2016-01-01 00:00:00,6884,1617,0.027699781581759453,0.019217822700738907,0.9896366000175476,0.06729078274177032,-0.7691362099691013,-0.8947980963114888,-0.6282425922827453,3404,12.216290212183436,5.301505817932923,0.3010372584864308,81537,18.40440949999902,0.49965440000232775,81877
dkasc_13,BWh,xgboost,0,-0.25,2016-01-01 00:00:00,6884,1617,0.027390746399760246,0.017271295189857483,0.9897924661636353,0.06678813461034953,-0.958877549191835,-1.0893357014560676,-0.8142434738101612,3404,12.216290212183436,5.301505817932923,0.3014008544505156,582,2.563296899999841,0.09990190000098664,81877
dkasc_13,BWh,xgboost,1,-0.25,2016-01-01 00:00:00,6884,1617,0.02736942283809185,0.01713595725595951,0.9898083209991455,0.06673614037527847,-0.948214288284186,-1.0966733685806023,-0.7665734196062091,3404,12.216290212183436,5.301505817932923,0.3014008544505156,593,2.842023799996241,0.09686160000273958,81877
dkasc_13,BWh,xgboost,2,-0.25,2016-01-01 00:00:00,6884,1617,0.02733123116195202,0.01716236211359501,0.9898367524147034,0.06664301582986469,-0.947855922420815,-1.1339136773184462,-0.8111510982748942,3404,12.216290212183436,5.301505817932923,0.30138065467473313,648,2.7281333999999333,0.1002065000066068,81877
dkasc_13,BWh,xgboost,3,-0.25,2016-01-01 00:00:00,6884,1617,0.027463415637612343,0.017247995361685753,0.9897382259368896,0.06696532740272046,-0.9415399553750045,-1.0692061968427646,-0.7832580968786251,3404,12.216290212183436,5.301505817932923,0.3014008544505156,613,2.739957500001765,0.12555250000150409,81877
dkasc_13,BWh,xgboost,4,-0.25,2016-01-01 00:00:00,6884,1617,0.02754751592874527,0.017220642417669296,0.9896752834320068,0.06717039306551688,-0.9522772182886774,-1.0976552096254366,-0.8047672823380037,3404,12.216290212183436,5.301505817932923,0.3014210542262981,626,3.1356319000042276,0.10147810001217294,81877
dkasc_13,BWh,random_forest,0,-0.25,2016-01-01 00:00:00,6884,1617,0.02696366421878338,0.016833672299981117,0.9901083111763,0.06574676020687528,-0.8888652795660534,-1.0286430351385212,-0.7673228453511957,3404,12.216290212183436,5.301505817932923,0.3011988566926907,3418648,1.1604246000060812,0.3912704999966081,81877
dkasc_13,BWh,random_forest,1,-0.25,2016-01-01 00:00:00,6884,1617,0.026923544704914093,0.016932351514697075,0.9901376962661743,0.0656489349248002,-0.9085284714117403,-1.0334391432745487,-0.7463658515943588,3404,12.216290212183436,5.301505817932923,0.30122915635636444,3417796,1.1821822000056272,0.4796152999915648,81877
dkasc_13,BWh,random_forest,2,-0.25,2016-01-01 00:00:00,6884,1617,0.027010707184672356,0.016903972253203392,0.9900737404823303,0.06586146726496007,-0.8661877435672166,-1.0075577600047625,-0.7394286962682531,3404,12.216290212183436,5.301505817932923,0.3011786569169082,3421804,1.1454303999926196,0.3701285999995889,81877
dkasc_13,BWh,random_forest,3,-0.25,2016-01-01 00:00:00,6884,1617,0.026948360726237297,0.01691834256052971,0.9901195168495178,0.06570944498715622,-0.9068292064408623,-1.0240138855108438,-0.7625372500361339,3404,12.216290212183436,5.301505817932923,0.3012190564684732,3418700,1.1785641000024043,0.3816203000023961,81877
dkasc_13,BWh,random_forest,4,-0.25,2016-01-01 00:00:00,6884,1617,0.02690694108605385,0.016934752464294434,0.9901498556137085,0.06560844954644386,-0.8778167229246927,-1.0505031236643452,-0.7441900646428135,3404,12.216290212183436,5.301505817932923,0.3011988566926907,3417804,1.1550919000001159,0.42295560000638943,81877
dkasc_13,BWh,lstm,0,-0.25,2016-01-01 00:00:00,6884,1617,0.027392571792006493,0.018669119104743004,0.9897910952568054,0.06679258554941048,-1.04286280680419,-1.1903393612066937,-0.878345003050196,3404,12.216290212183436,5.301505817932923,0.30157255254466675,13729,70.12860320000618,0.09621429999242537,81877
dkasc_13,BWh,lstm,1,-0.25,2016-01-01 00:00:00,6884,1617,0.027034098282456398,0.018445178866386414,0.990056574344635,0.06591850286978383,-1.013557382029791,-1.189743944197308,-0.8486445526182052,3404,12.216290212183436,5.301505817932923,0.3013301552352769,13729,69.17814489999728,0.09738999999535736,81877
dkasc_13,BWh,lstm,2,-0.25,2016-01-01 00:00:00,6884,1617,0.02830532193183899,0.019852763041853905,0.9890994429588318,0.06901818679134238,-1.065726389855249,-1.2122319084661666,-0.9363309167560838,3404,12.216290212183436,5.301505817932923,0.30159275232044924,13729,66.90348429999722,0.09078169999702368,81877
dkasc_13,BWh,lstm,3,-0.25,2016-01-01 00:00:00,6884,1617,0.02781452052295208,0.019347060471773148,0.9894741773605347,0.06782144282221947,-1.0217504350894857,-1.1826106796314129,-0.8500650637408569,3404,12.216290212183436,5.301505817932923,0.301501853329428,13729,69.70856250000361,0.10057680000318214,81877
dkasc_13,BWh,lstm,4,-0.25,2016-01-01 00:00:00,6884,1617,0.027511216700077057,0.018392203375697136,0.9897024631500244,0.0670818829630479,-0.9998199413446929,-1.1643092882469563,-0.8626669913491036,3404,12.216290212183436,5.301505817932923,0.3012897556837119,13729,71.59627270000055,0.09245670000382233,81877
dkasc_13,BWh,gru,0,-0.25,2016-01-01 00:00:00,6884,1617,0.02699703350663185,0.018193814903497696,0.9900838136672974,0.065828126097974,-1.0284930860109962,-1.1736000102616218,-0.8425531314532386,3404,12.216290212183436,5.301505817932923,0.30074436173758473,151809,56.76393269999244,0.2614201999967918,81877
dkasc_13,BWh,gru,1,-0.25,2016-01-01 00:00:00,6884,1617,0.02651442214846611,0.017658518627285957,0.9904351830482483,0.06465135231155614,-0.9883252108370059,-1.1398426650019333,-0.8210254945994699,3404,12.216290212183436,5.301505817932923,0.3010372584864308,151809,76.9524562000006,0.2502203999902122,81877
dkasc_13,BWh,gru,2,-0.25,2016-01-01 00:00:00,6884,1617,0.027455909177660942,0.01837432011961937,0.9897438287734985,0.06694702405127598,-1.0043939738135998,-1.1419851764563307,-0.8229679757635555,3404,12.216290212183436,5.301505817932923,0.3013503550110594,151809,57.96605109999655,0.25250690001121257,81877
dkasc_13,BWh,gru,3,-0.25,2016-01-01 00:00:00,6884,1617,0.027834389358758926,0.019111962988972664,0.9894590973854065,0.06786988993136543,-1.020135381128795,-1.1830191118502456,-0.8894991255288032,3404,12.216290212183436,5.301505817932923,0.3014210542262981,151809,56.8452197000006,0.2559272999933455,81877
dkasc_13,BWh,gru,4,-0.25,2016-01-01 00:00:00,6884,1617,0.026647232472896576,0.017662428319454193,0.9903391003608704,0.06497518992066137,-1.0080644788275972,-1.1266294029381039,-0.8554405909499241,3404,12.216290212183436,5.301505817932923,0.30118875680479945,151809,69.1816320999933,0.33604330000525806,81877
dkasc_13,BWh,tcn,0,-0.25,2016-01-01 00:00:00,6884,1617,0.02553657814860344,0.016871854662895203,0.9911276698112488,0.06226702967435622,-1.0042454282892577,-1.141336594283393,-0.8620110814946402,3403,12.216290212183436,5.300136892539356,0.3011584571411257,198273,10.040177299990319,0.5225153000064893,81877
dkasc_13,BWh,tcn,1,-0.25,2016-01-01 00:00:00,6884,1617,0.025988560169935226,0.017232874408364296,0.9908108115196228,0.06336911852004133,-1.0149402447785594,-1.1291563482378302,-0.8544273609364161,3404,12.216290212183436,5.301505817932923,0.30161295209623173,198273,8.831615799994324,0.5189990999933798,81877
dkasc_13,BWh,tcn,2,-0.25,2016-01-01 00:00:00,6884,1617,0.027973435819149017,0.01909494213759899,0.9893535375595093,0.0682089334016707,-0.9995372601971632,-1.1631486883545095,-0.8542450109564654,3404,12.216290212183436,5.301505817932923,0.3016735514235792,198273,5.422286199987866,0.5926852999982657,81877
dkasc_13,BWh,tcn,3,-0.25,2016-01-01 00:00:00,6884,1617,0.026845237240195274,0.01813599094748497,0.9901949763298035,0.06545799418086044,-0.9963655102682473,-1.1270828856065007,-0.8269419236212938,3404,12.216290212183436,5.301505817932923,0.30099685893486583,198273,5.607446800000616,0.6621114000008674,81877
dkasc_13,BWh,tcn,4,-0.25,2016-01-01 00:00:00,6884,1617,0.025910859927535057,0.017325125634670258,0.9908656477928162,0.0631796583946055,-0.9633005290973773,-1.1572305159784912,-0.7904245516036337,3404,12.216290212183436,5.301505817932923,0.3002393673430225,198273,10.32796349999262,0.5659203000104753,81877
dkasc_13,BWh,patchtst,0,-0.25,2016-01-01 00:00:00,6884,1617,0.032123710960149765,0.022628406062722206,0.985960066318512,0.07832874287095816,-0.9178822720861458,-1.1124439583387888,-0.7743357811856422,3404,12.216290212183436,5.301505817932923,0.30155235276888426,25857,39.60841889999574,1.976185199993779,81877
dkasc_13,BWh,patchtst,1,-0.25,2016-01-01 00:00:00,6884,1617,0.03284299373626709,0.023140769451856613,0.9853243231773376,0.08008260361549961,-1.0074011925963133,-1.156026393293852,-0.862658915725123,3404,12.216290212183436,5.301505817932923,0.3016533516477967,25857,26.04607890000625,1.6769053000025451,81877
dkasc_13,BWh,patchtst,2,-0.25,2016-01-01 00:00:00,6884,1617,0.03168857842683792,0.022185051813721657,0.9863378405570984,0.07726773891787025,-1.0010600487057708,-1.2016977166204037,-0.8168377114459363,3404,12.216290212183436,5.301505817932923,0.30166345153568797,25857,29.22650180000346,1.5567917000007583,81877
dkasc_13,BWh,patchtst,3,-0.25,2016-01-01 00:00:00,6884,1617,0.03182719647884369,0.0216814111918211,0.9862180948257446,0.07760573778002856,-0.9815960881810248,-1.1744353150567988,-0.8159099760126298,3404,12.216290212183436,5.301505817932923,0.3016533516477967,25857,33.64425560001109,1.669936599995708,81877
dkasc_13,BWh,patchtst,4,-0.25,2016-01-01 00:00:00,6884,1617,0.03323999419808388,0.023800663650035858,0.9849673509597778,0.0810506283599594,-0.9873814516157127,-1.1679185288742011,-0.8138740953598456,3404,12.216290212183436,5.301505817932923,0.3014513538899718,25857,22.82421880000038,1.326783800002886,81877
dkasc_13,BWh,informer,0,-0.25,2016-01-01 00:00:00,6884,1617,0.02754778042435646,0.018368994817137718,0.9896751046180725,0.06717103799750326,-1.0976394726652794,-1.2349261968699565,-0.9229613547983462,3404,12.216290212183436,5.301505817932923,0.30155235276888426,81537,22.779281700000865,0.6460394999885466,81877
dkasc_13,BWh,informer,1,-0.25,2016-01-01 00:00:00,6884,1617,0.02937394566833973,0.020538002252578735,0.988260805606842,0.07162386189488212,-1.0958029873288206,-1.2259397689297957,-0.9192775330803649,3404,12.216290212183436,5.301505817932923,0.3016028522083405,81537,9.26047729999118,0.5698069000063697,81877
dkasc_13,BWh,informer,2,-0.25,2016-01-01 00:00:00,6884,1617,0.027723439037799835,0.019026415422558784,0.9895429611206055,0.06759935458840223,-0.991978328114318,-1.119668454489886,-0.8199263892027409,3404,12.216290212183436,5.301505817932923,0.301128157477452,81537,15.525443899998209,0.5712894000025699,81877
dkasc_13,BWh,informer,3,-0.25,2016-01-01 00:00:00,6884,1617,0.03173874318599701,0.023093324154615402,0.9862945675849915,0.07739005799010416,-1.0445279668707452,-1.285064697998965,-0.9038083170473212,3404,12.216290212183436,5.301505817932923,0.301623051984123,81537,6.757269699999597,0.5719776000041747,81877
dkasc_13,BWh,informer,4,-0.25,2016-01-01 00:00:00,6884,1617,0.028938939794898033,0.02030862309038639,0.9886059165000916,0.07056316678246376,-0.9902695779054966,-1.1657783720551707,-0.845491919389243,3404,12.216290212183436,5.301505817932923,0.3015220531052105,81537,9.17207079999207,0.5662210000009509,81877
dkasc_13,BWh,xgboost,0,-0.5,2016-01-01 00:00:00,6884,1617,0.02777104638516903,0.0174917820841074,0.98943030834198,0.06796885764399901,-1.1533247172423433,-1.3000392433041483,-1.0296214629526346,3404,12.216290212183436,5.301505817932923,0.3021078466029027,582,2.777482899997267,0.10069279999879654,81877
dkasc_13,BWh,xgboost,1,-0.5,2016-01-01 00:00:00,6884,1617,0.027667339891195297,0.017431598156690598,0.989509105682373,0.06771503890674671,-1.1758956408868038,-1.3195440428809047,-1.0063610808925052,3404,12.216290212183436,5.301505817932923,0.30207754693922895,557,2.589176299996325,0.11025779999908991,81877
dkasc_13,BWh,xgboost,2,-0.5,2016-01-01 00:00:00,6884,1617,0.0276503749191761,0.017370248213410378,0.9895219802856445,0.06767351761323424,-1.1973889661137216,-1.3623362572318998,-1.0171358648358497,3404,12.216290212183436,5.301505817932923,0.30206744705133776,653,2.584346400006325,0.10778299999947194,81877
dkasc_13,BWh,xgboost,3,-0.5,2016-01-01 00:00:00,6884,1617,0.02771957777440548,0.01744655705988407,0.9894694685935974,0.06784288966174862,-1.166147848619259,-1.3125015175658687,-1.0132929774612665,3404,12.216290212183436,5.301505817932923,0.30207754693922895,614,3.4190536999958567,0.10434309999982361,81877
dkasc_13,BWh,xgboost,4,-0.5,2016-01-01 00:00:00,6884,1617,0.027903461828827858,0.017459550872445107,0.9893292784690857,0.06829294073093378,-1.1427928108768863,-1.3074275909782571,-1.0108828130274805,3404,12.216290212183436,5.301505817932923,0.30209774671501144,620,3.3308554000104778,0.10316420000162907,81877
dkasc_13,BWh,random_forest,0,-0.5,2016-01-01 00:00:00,6884,1617,0.027276305481791496,0.017061246559023857,0.9898035526275635,0.0667579931498801,-1.0902309442195168,-1.242004499477467,-0.9594511508051795,3404,12.216290212183436,5.301505817932923,0.30189574895718657,3416372,1.258409300004132,0.41698039999755565,81877
dkasc_13,BWh,random_forest,1,-0.5,2016-01-01 00:00:00,6884,1617,0.027305910363793373,0.01709931530058384,0.9897814393043518,0.06683045026879612,-1.1166398076295942,-1.2483486208402288,-0.9580958766993719,3404,12.216290212183436,5.301505817932923,0.3018755491814041,3417610,1.299728400001186,0.44096510000235867,81877
dkasc_13,BWh,random_forest,2,-0.5,2016-01-01 00:00:00,6884,1617,0.02732846513390541,0.01713176630437374,0.9897645115852356,0.06688565243646659,-1.1109474362820615,-1.266600877892671,-0.9638397599016386,3404,12.216290212183436,5.301505817932923,0.30189574895718657,3419468,1.1845258999965154,0.40490529999078717,81877
dkasc_13,BWh,random_forest,3,-0.5,2016-01-01 00:00:00,6884,1617,0.02726065367460251,0.017125114798545837,0.9898152947425842,0.06671968579048337,-1.0664812337488414,-1.2390415333609595,-0.9406659212717217,3404,12.216290212183436,5.301505817932923,0.3019058488450778,3417210,1.2865200999949593,0.4183627000020351,81877
dkasc_13,BWh,random_forest,4,-0.5,2016-01-01 00:00:00,6884,1617,0.02730942890048027,0.01708921603858471,0.9897788166999817,0.06683906178871762,-1.0715916912147403,-1.261490654755864,-0.9460509673474974,3404,12.216290212183436,5.301505817932923,0.30191594873296906,3417060,1.1535058000008576,0.4117476999963401,81877
dkasc_13,BWh,lstm,0,-0.5,2016-01-01 00:00:00,6884,1617,0.02771090529859066,0.018906712532043457,0.9894760847091675,0.06782166402026925,-1.2639355333574187,-1.4157997018760637,-1.1027540648611778,3404,12.216290212183436,5.301505817932923,0.3022694448091626,13729,69.19400119999773,0.0978876000008313,81877
dkasc_13,BWh,lstm,1,-0.5,2016-01-01 00:00:00,6884,1617,0.027347614988684654,0.01870240643620491,0.9897502064704895,0.06693252116929506,-1.2434810793519824,-1.444613966213626,-1.0764172796768607,3404,12.216290212183436,5.301505817932923,0.3021078466029027,13729,69.83446309999272,0.10139599999820348,81877
dkasc_13,BWh,lstm,2,-0.5,2016-01-01 00:00:00,6884,1617,0.028575321659445763,0.02005789615213871,0.9888092279434204,0.06993729883507699,-1.3059918279815563,-1.448249788693504,-1.1469366038498463,3404,12.216290212183436,5.301505817932923,0.3022694448091626,13729,67.20498000000953,0.09375459999137092,81877
dkasc_13,BWh,lstm,3,-0.5,2016-01-01 00:00:00,6884,1617,0.02809891477227211,0.01951969414949417,0.989179253578186,0.06877130633174014,-1.2383307634439955,-1.4228602174866989,-1.0689565717147298,3404,12.216290212183436,5.301505817932923,0.30222904525759764,13729,70.11862490000203,0.10023430000001099,81877
dkasc_13,BWh,lstm,4,-0.5,2016-01-01 00:00:00,6884,1617,0.028275510296225548,0.019468562677502632,0.9890428185462952,0.06920351892688992,-1.272919136319317,-1.433769693803777,-1.112267099190286,3404,12.216290212183436,5.301505817932923,0.3022593449212714,13729,65.60476919999928,0.09439300000667572,81877
dkasc_13,BWh,gru,0,-0.5,2016-01-01 00:00:00,6884,1617,0.027425704523921013,0.01859760470688343,0.9896915555000305,0.06712364311804528,-1.2596930232371961,-1.4051097979185927,-1.0652459884502252,3404,12.216290212183436,5.301505817932923,0.3014513538899718,151809,57.34533169999486,0.2460471999947913,81877
dkasc_13,BWh,gru,1,-0.5,2016-01-01 00:00:00,6884,1617,0.026866160333156586,0.018024515360593796,0.9901078939437866,0.0657541743943927,-1.2072454017388206,-1.3727260868526163,-1.0568760228192309,3404,12.216290212183436,5.301505817932923,0.30178465019038286,151809,76.10467439999047,0.2790658000012627,81877
dkasc_13,BWh,gru,2,-0.5,2016-01-01 00:00:00,6884,1617,0.027286168187856674,0.018337396904826164,0.9897962212562561,0.06678213184653671,-1.2199759131770072,-1.3688081753319814,-1.0902536759738957,3404,12.216290212183436,5.301505817932923,0.3018149498540566,151809,68.10957090000738,0.2530159000016283,81877
dkasc_13,BWh,gru,3,-0.5,2016-01-01 00:00:00,6884,1617,0.02812163718044758,0.019329454749822617,0.9891617894172668,0.06882691878887219,-1.2570436954741915,-1.4119493385697957,-1.1039876987792852,3404,12.216290212183436,5.301505817932923,0.30216844593025016,151809,56.53886210000201,0.24599500000476837,81877
dkasc_13,BWh,gru,4,-0.5,2016-01-01 00:00:00,6884,1617,0.0269756056368351,0.017898770049214363,0.990027129650116,0.06602203870754662,-1.2039120222652855,-1.3348178468933547,-1.0497226729589866,3404,12.216290212183436,5.301505817932923,0.3019462483966428,151809,72.49061089998577,0.34581700000853743,81877
dkasc_13,BWh,tcn,0,-0.5,2016-01-01 00:00:00,6884,1617,0.02577914297580719,0.017097050324082375,0.9908921718597412,0.06309372987986069,-1.2153662033970416,-1.339963606319916,-1.0263489641909262,3402,12.216290212183436,5.298767967145791,0.30180484996616536,198273,9.87449440000637,0.5580173999915132,81877
dkasc_13,BWh,tcn,1,-0.5,2016-01-01 00:00:00,6884,1617,0.026391183957457542,0.017610715702176094,0.9904546141624451,0.06459168302779472,-1.1950803575792368,-1.3175305402760729,-1.0591761836296176,3404,12.216290212183436,5.301505817932923,0.30234014402440135,198273,8.746620100006112,0.5128599999879953,81877
dkasc_13,BWh,tcn,2,-0.5,2016-01-01 00:00:00,6884,1617,0.026890426874160767,0.017974596470594406,0.990090012550354,0.06581356607334313,-1.2588122399014745,-1.4080311790831912,-1.0881883752143273,3404,12.216290212183436,5.301505817932923,0.3023098443607276,198273,6.580554200001643,0.5199160000047414,81877
dkasc_13,BWh,tcn,3,-0.5,2016-01-01 00:00:00,6884,1617,0.026242122054100037,0.017379794269800186,0.9905620813369751,0.0642268581973245,-1.175943734176878,-1.3488257788633489,-1.0338533653498128,3403,12.216290212183436,5.300136892539356,0.30084536061649714,198273,9.87380149999808,0.5240496000042185,81877
dkasc_13,BWh,tcn,4,-0.5,2016-01-01 00:00:00,6884,1617,0.026865262538194656,0.018514975905418396,0.9901085495948792,0.06575197706638732,-1.235272176416613,-1.3665485910137996,-1.0660426945176993,3404,12.216290212183436,5.301505817932923,0.30222904525759764,198273,5.966314400007832,0.5173531000036746,81877
dkasc_13,BWh,patchtst,0,-0.5,2016-01-01 00:00:00,6884,1617,0.03232354298233986,0.02267194166779518,0.9856809377670288,0.07911096546544368,-1.1497008449303237,-1.3376921879793668,-1.0150366431804336,3404,12.216290212183436,5.301505817932923,0.30222904525759764,25857,31.067689799994696,1.5420926999941003,81877
dkasc_13,BWh,patchtst,1,-0.5,2016-01-01 00:00:00,6884,1617,0.033069152384996414,0.02352074347436428,0.9850127100944519,0.08093582358005381,-1.2568698327728112,-1.3676665561259904,-1.10989287247798,3404,12.216290212183436,5.301505817932923,0.3023300441365101,25857,18.458418299996993,1.283626100004767,81877
dkasc_13,BWh,patchtst,2,-0.5,2016-01-01 00:00:00,6884,1617,0.03194049745798111,0.022427668794989586,0.9860183000564575,0.07817347228080751,-1.2305373218646554,-1.40839333793229,-1.0575062947293379,3404,12.216290212183436,5.301505817932923,0.30234014402440135,25857,21.512828699997044,1.2635777999967104,81877
dkasc_13,BWh,patchtst,3,-0.5,2016-01-01 00:00:00,6884,1617,0.031965166330337524,0.021989723667502403,0.985996663570404,0.07823384865446574,-1.2177024391430535,-1.402799632684222,-1.027375028886146,3404,12.216290212183436,5.301505817932923,0.30229974447283636,25857,24.39785490000213,0.9490694999985863,81877
dkasc_13,BWh,patchtst,4,-0.5,2016-01-01 00:00:00,6884,1617,0.03352018818259239,0.024008624255657196,0.9846010804176331,0.08203972105276557,-1.2188740555683863,-1.3867973172418613,-1.0491066493221846,3404,12.216290212183436,5.301505817932923,0.3021381462665764,25857,19.69639160000952,0.9810028000065358,81877
dkasc_13,BWh,informer,0,-0.5,2016-01-01 00:00:00,6884,1617,0.027529636397957802,0.017950167879462242,0.9896132946014404,0.06737801346668483,-1.2452829923674913,-1.3895605721990556,-1.0932464919993001,3404,12.216290212183436,5.301505817932923,0.30216844593025016,81537,21.014400200001546,0.6395593000052031,81877
dkasc_13,BWh,informer,1,-0.5,2016-01-01 00:00:00,6884,1617,0.029772937297821045,0.02097524330019951,0.9878515601158142,0.07286842954250428,-1.3164663486358645,-1.4755437968528407,-1.1755777160568526,3404,12.216290212183436,5.301505817932923,0.3022593449212714,81537,8.924066499996115,0.703648599999724,81877
dkasc_13,BWh,informer,2,-0.5,2016-01-01 00:00:00,6884,1617,0.029250603169202805,0.020254414528608322,0.988274097442627,0.07159003140300833,-1.2540176025325998,-1.3740685332682245,-1.1027789289417944,3404,12.216290212183436,5.301505817932923,0.3022189453697064,81537,9.8494967000006,0.4435361999931047,81877
dkasc_13,BWh,informer,3,-0.5,2016-01-01 00:00:00,6884,1617,0.02698627859354019,0.01810508407652378,0.9900192618370056,0.06604816046993424,-1.2636342175678106,-1.3965146669493222,-1.104795626429459,3404,12.216290212183436,5.301505817932923,0.3023098443607276,81537,22.244613600007142,0.6987539999972796,81877
dkasc_13,BWh,informer,4,-0.5,2016-01-01 00:00:00,6884,1617,0.02932446449995041,0.02064942568540573,0.9882147908210754,0.071770804939783,-1.2807840432731865,-1.4036480497961468,-1.1168581104372133,3404,12.216290212183436,5.301505817932923,0.30224924503338013,81537,9.068402000004426,0.6987991999922087,81877
dkasc_13,BWh,xgboost,0,-1.0,2016-01-01 00:00:00,6884,1617,0.028537025675177574,0.0181156937032938,0.9886754155158997,0.07037026574862462,-1.643269057033736,-1.7936249757051992,-1.5031445165039403,3404,12.216290212183436,5.301505817932923,0.3027744392037248,579,2.627194299988332,0.10025940000195988,81877
dkasc_13,BWh,xgboost,1,-1.0,2016-01-01 00:00:00,6884,1617,0.02848649024963379,0.01794184185564518,0.9887154698371887,0.07024564900104503,-1.675766201616067,-1.8030397372679752,-1.5052614950240795,3404,12.216290212183436,5.301505817932923,0.3027744392037248,592,3.054468000002089,0.10188370000105351,81877
dkasc_13,BWh,xgboost,2,-1.0,2016-01-01 00:00:00,6884,1617,0.028387635946273804,0.017941603437066078,0.988793671131134,0.07000188135416345,-1.6768688333099453,-1.8316702040751864,-1.512001893072401,3404,12.216290212183436,5.301505817932923,0.30275423942794233,648,3.30597490000946,0.11372989999654237,81877
dkasc_13,BWh,xgboost,3,-1.0,2016-01-01 00:00:00,6884,1617,0.02839360386133194,0.018009861931204796,0.9887889623641968,0.07001659780616466,-1.6455558444106206,-1.7712365829521293,-1.4910165678309828,3404,12.216290212183436,5.301505817932923,0.3027744392037248,609,2.937502899992978,0.10990510000556242,81877
dkasc_13,BWh,xgboost,4,-1.0,2016-01-01 00:00:00,6884,1617,0.0285628791898489,0.01804361492395401,0.9886548519134521,0.07043401866803065,-1.668317517420892,-1.814235021232502,-1.5188086690447609,3404,12.216290212183436,5.301505817932923,0.3027643393158336,601,3.0355467999906978,0.10628999999607913,81877
dkasc_13,BWh,random_forest,0,-1.0,2016-01-01 00:00:00,6884,1617,0.027923298999667168,0.017547979950904846,0.9891572594642639,0.0688568596304021,-1.5554087319064935,-1.7015128248062061,-1.4101608919084851,3404,12.216290212183436,5.301505817932923,0.30253204189433497,3414328,1.2837009000068065,0.43009779999556486,81877
dkasc_13,BWh,random_forest,1,-1.0,2016-01-01 00:00:00,6884,1617,0.027908818796277046,0.01755411922931671,0.9891685247421265,0.06882115248375495,-1.559816391179214,-1.7136907471339557,-1.4199775455259718,3404,12.216290212183436,5.301505817932923,0.3025623415580087,3411942,1.2617044000071473,0.4128945999982534,81877
dkasc_13,BWh,random_forest,2,-1.0,2016-01-01 00:00:00,6884,1617,0.02778829075396061,0.017479846253991127,0.9892618656158447,0.06852393894564797,-1.5824051669276262,-1.7159785910139669,-1.4224079717825577,3404,12.216290212183436,5.301505817932923,0.3025219420064437,3416148,1.278470000004745,0.40785639999376144,81877
dkasc_13,BWh,random_forest,3,-1.0,2016-01-01 00:00:00,6884,1617,0.027980700135231018,0.017661890015006065,0.9891126155853271,0.06899840672819282,-1.5845174432097653,-1.7113915733147196,-1.4334836220248337,3404,12.216290212183436,5.301505817932923,0.30257244144589995,3414452,1.2479716999951052,0.3984968000004301,81877
dkasc_13,BWh,random_forest,4,-1.0,2016-01-01 00:00:00,6884,1617,0.027953477576375008,0.01763020269572735,0.9891338348388672,0.06893127784367417,-1.584234715331856,-1.7488848173030425,-1.4444856719517896,3404,12.216290212183436,5.301505817932923,0.30255224167011746,3416488,1.2625656000018353,0.3947862999921199,81877
dkasc_13,BWh,lstm,0,-1.0,2016-01-01 00:00:00,6884,1617,0.028419645503163338,0.019468093290925026,0.9887683391571045,0.07008081463370182,-1.725993703037465,-1.8939565783276042,-1.5710351195436623,3404,12.216290212183436,5.301505817932923,0.3028956378584198,13729,68.59049360000063,0.11286899998958688,81877
dkasc_13,BWh,lstm,1,-1.0,2016-01-01 00:00:00,6884,1617,0.02802463248372078,0.01926957257091999,0.9890784025192261,0.06910674075968493,-1.7096427317016494,-1.8329591112918653,-1.5219140493799008,3404,12.216290212183436,5.301505817932923,0.302905737746311,13729,68.86078069999348,0.09469139999418985,81877
dkasc_13,BWh,lstm,2,-1.0,2016-01-01 00:00:00,6884,1617,0.02921343222260475,0.020588088780641556,0.9881321787834167,0.07203823595120826,-1.7525328929848927,-1.9175572050482688,-1.6069900993790782,3404,12.216290212183436,5.301505817932923,0.30291583763420227,13729,66.59978860001138,0.08470040000975132,81877
dkasc_13,BWh,lstm,3,-1.0,2016-01-01 00:00:00,6884,1617,0.028746921569108963,0.019944103434681892,0.9885081648826599,0.070887854021615,-1.6830100230660006,-1.8849445011829724,-1.5295043789016916,3404,12.216290212183436,5.301505817932923,0.30288553797052853,13729,89.33457020000787,0.12681920001341496,81877
dkasc_13,BWh,lstm,4,-1.0,2016-01-01 00:00:00,6884,1617,0.028976015746593475,0.02013659104704857,0.9883242845535278,0.07145278388972913,-1.7277970355398353,-1.881811499928332,-1.5684012802495761,3404,12.216290212183436,5.301505817932923,0.3028956378584198,13729,87.14558879999095,0.15661720000207424,81877
dkasc_13,BWh,gru,0,-1.0,2016-01-01 00:00:00,6884,1617,0.0283184926956892,0.01919775828719139,0.9888481497764587,0.06983137903995085,-1.7026664145514236,-1.8629333832328898,-1.5763868803099546,3404,12.216290212183436,5.301505817932923,0.30270373998848615,151809,88.51007960000425,0.2500719000090612,81877
dkasc_13,BWh,gru,1,-1.0,2016-01-01 00:00:00,6884,1617,0.027547601610422134,0.018632987514138222,0.9894470572471619,0.0679304167199472,-1.661618063797854,-1.8212036888142658,-1.481675140692224,3404,12.216290212183436,5.301505817932923,0.30263304077324743,151809,82.6429322999902,0.2600525000016205,81877
dkasc_13,BWh,gru,2,-1.0,2016-01-01 00:00:00,6884,1617,0.028437627479434013,0.019228892400860786,0.988754153251648,0.07012515690199761,-1.6907569245919316,-1.8368739903117826,-1.529079997902416,3404,12.216290212183436,5.301505817932923,0.30280473886739856,151809,60.440740200006985,0.2629968000110239,81877
dkasc_13,BWh,gru,3,-1.0,2016-01-01 00:00:00,6884,1617,0.028214164078235626,0.019241955131292343,0.9889301657676697,0.06957411212576853,-1.6287960053925077,-1.8023145365059172,-1.4842955038258054,3404,12.216290212183436,5.301505817932923,0.302946137297876,151809,73.57387170000584,0.3226435999968089,81877
dkasc_13,BWh,gru,4,-1.0,2016-01-01 00:00:00,6884,1617,0.027699025347828865,0.018456358462572098,0.9893307089805603,0.0683038168340043,-1.6384554044892585,-1.7970121434531583,-1.4838204575934877,3404,12.216290212183436,5.301505817932923,0.30270373998848615,151809,85.24736779999512,0.33823259999917354,81877
dkasc_13,BWh,tcn,0,-1.0,2016-01-01 00:00:00,6884,1617,0.028569817543029785,0.019649459049105644,0.9886493682861328,0.0704511281510845,-1.6885770223502128,-1.8049580118061723,-1.531569511098041,3404,12.216290212183436,5.301505817932923,0.3027138398763774,198273,4.103689700001269,0.5475613000016892,81877
dkasc_13,BWh,tcn,1,-1.0,2016-01-01 00:00:00,6884,1617,0.027460338547825813,0.018387196585536003,0.9895138144493103,0.06771523224435264,-1.6666457076211725,-1.8063483452879758,-1.5194672725022729,3404,12.216290212183436,5.301505817932923,0.3028754380826373,198273,7.404964600005769,0.3659732999949483,81877
dkasc_13,BWh,tcn,2,-1.0,2016-01-01 00:00:00,6884,1617,0.027518831193447113,0.018699174746870995,0.9894691109657288,0.06785947092793385,-1.663800518280678,-1.8392224526228351,-1.524101078622675,3404,12.216290212183436,5.301505817932923,0.30280473886739856,198273,6.880922800002736,0.5487154000002192,81877
dkasc_13,BWh,tcn,3,-1.0,2016-01-01 00:00:00,6884,1617,0.0271932203322649,0.018325723707675934,0.9897168278694153,0.0670565378159536,-1.6552476145058115,-1.8215551984962275,-1.4916569197767848,3403,12.216290212183436,5.300136892539356,0.30240074335174877,198273,7.9482273000030546,0.6624015999987023,81877
dkasc_13,BWh,tcn,4,-1.0,2016-01-01 00:00:00,6884,1617,0.027159716933965683,0.018091987818479538,0.9897421598434448,0.06697392083026511,-1.674863908917889,-1.821800579355104,-1.5469218307803678,3404,12.216290212183436,5.301505817932923,0.30191594873296906,198273,9.362476399997831,0.5350305000029039,81877
dkasc_13,BWh,patchtst,0,-1.0,2016-01-01 00:00:00,6884,1617,0.032907526940107346,0.0230092816054821,0.9849410057067871,0.08114760950436606,-1.6395037215073365,-1.7913635308987068,-1.4936700509122658,3404,12.216290212183436,5.301505817932923,0.3028552383068548,25857,26.514698099999805,1.3251153000019258,81877
dkasc_13,BWh,patchtst,1,-1.0,2016-01-01 00:00:00,6884,1617,0.033608242869377136,0.023827604949474335,0.9842928647994995,0.08287552490516065,-1.7237681197034724,-1.8555323855073302,-1.5731975471099502,3404,12.216290212183436,5.301505817932923,0.30295623718576725,25857,24.142263300003833,1.5984311000065645,81877
dkasc_13,BWh,patchtst,2,-1.0,2016-01-01 00:00:00,6884,1617,0.03250609338283539,0.022973932325839996,0.9853061437606812,0.08015770304294338,-1.6782554775070744,-1.8581995346333757,-1.538920811297656,3404,12.216290212183436,5.301505817932923,0.3029663370736585,25857,25.58843170000182,1.2173708000045735,81877
dkasc_13,BWh,patchtst,3,-1.0,2016-01-01 00:00:00,6884,1617,0.032496992498636246,0.022589461877942085,0.9853143692016602,0.0801352609129565,-1.6704260285817396,-1.837706083344878,-1.5088710385625836,3404,12.216290212183436,5.301505817932923,0.302946137297876,25857,28.170023399987258,1.1393518000113545,81877
dkasc_13,BWh,patchtst,4,-1.0,2016-01-01 00:00:00,6884,1617,0.03415795415639877,0.02460610866546631,0.9837748408317566,0.08423107365060607,-1.6907765650131745,-1.8152187015525043,-1.513175598298866,3404,12.216290212183436,5.301505817932923,0.30273403965215984,25857,21.51755520000006,1.3173880999966059,81877
dkasc_13,BWh,informer,0,-1.0,2016-01-01 00:00:00,6884,1617,0.030511073768138885,0.021257314831018448,0.9870544672012329,0.07523812725891108,-1.8392597295126545,-1.995722797563415,-1.7037164738314434,3404,12.216290212183436,5.301505817932923,0.3028552383068548,81537,9.867857199991704,0.6273742000048514,81877
dkasc_13,BWh,informer,1,-1.0,2016-01-01 00:00:00,6884,1617,0.030231015756726265,0.021247901022434235,0.9872909784317017,0.07454752421876033,-1.7916559425940393,-1.910839599098535,-1.6432098956087882,3404,12.216290212183436,5.301505817932923,0.30286533819474604,81537,13.430039799990482,0.8040095000033034,81877
dkasc_13,BWh,informer,2,-1.0,2016-01-01 00:00:00,6884,1617,0.028369320556521416,0.019259117543697357,0.9888080954551697,0.0699567169120511,-1.6241976489277974,-1.8008549956743836,-1.5012448918449903,3404,12.216290212183436,5.301505817932923,0.3027138398763774,81537,21.966342200001236,0.7120170999987749,81877
dkasc_13,BWh,informer,3,-1.0,2016-01-01 00:00:00,6884,1617,0.033030908554792404,0.024214034900069237,0.9848278760910034,0.08145185974798673,-1.7721091958488921,-1.9019244097670196,-1.6226995201966465,3404,12.216290212183436,5.301505817932923,0.3029663370736585,81537,9.153735100000631,0.6108526000025449,81877
dkasc_13,BWh,informer,4,-1.0,2016-01-01 00:00:00,6884,1617,0.02983010746538639,0.021388355642557144,0.9876258373260498,0.07355891302558494,-1.7105525062758087,-1.8747585696721818,-1.5796863806166073,3404,12.216290212183436,5.301505817932923,0.30284513841896354,81537,11.190097999991849,0.7810892999987118,81877
dkasc_13,BWh,xgboost,0,-2.0,2016-01-01 00:00:00,6884,1617,0.030227268114686012,0.01954255998134613,0.9869183301925659,0.07567971715394504,-2.5808991526524494,-2.737820716205208,-2.4368711562135155,3404,12.216290212183436,5.301505817932923,0.3039056266475442,632,3.2400930000003427,0.11808539999765344,81877
dkasc_13,BWh,xgboost,1,-2.0,2016-01-01 00:00:00,6884,1617,0.030148562043905258,0.01950344257056713,0.9869863390922546,0.07548266153011605,-2.582242526919676,-2.709582657991727,-2.4339467439675855,3404,12.216290212183436,5.301505817932923,0.3039258264233267,565,2.9661364999919897,0.10597459999553394,81877
dkasc_13,BWh,xgboost,2,-2.0,2016-01-01 00:00:00,6884,1617,0.030116386711597443,0.019408224150538445,0.98701411485672,0.07540210446359086,-2.5802235429593114,-2.725555250720557,-2.4518283288887055,3404,12.216290212183436,5.301505817932923,0.30391572653543547,655,4.162191499999608,0.13063939999847207,81877
dkasc_13,BWh,xgboost,3,-2.0,2016-01-01 00:00:00,6884,1617,0.030131496489048004,0.019460635259747505,0.9870010614395142,0.07543993466641895,-2.598810450113831,-2.730349468125237,-2.4363383162064656,3404,12.216290212183436,5.301505817932923,0.3039258264233267,590,3.324356400000397,0.11267280000902247,81877
dkasc_13,BWh,xgboost,4,-2.0,2016-01-01 00:00:00,6884,1617,0.030246088281273842,0.01950339414179325,0.9869019985198975,0.07572683702196464,-2.6006102823118837,-2.721444508334128,-2.465811947799356,3404,12.216290212183436,5.301505817932923,0.3039258264233267,575,3.5336056999949506,0.13624890000210144,81877
dkasc_13,BWh,random_forest,0,-2.0,2016-01-01 00:00:00,6884,1617,0.02959631197154522,0.018922772258520126,0.9874587655067444,0.07409999839576063,-2.492837634284739,-2.657840904985858,-2.3449930740774283,3404,12.216290212183436,5.301505817932923,0.30373392855339304,3407460,1.3100507999915862,0.4538096000032965,81877
dkasc_13,BWh,random_forest,1,-2.0,2016-01-01 00:00:00,6884,1617,0.029452189803123474,0.018883567303419113,0.9875805974006653,0.07373916112457926,-2.4940775291073747,-2.657938763016887,-2.3261629533502415,3404,12.216290212183436,5.301505817932923,0.3037642282170668,3406750,1.3251787000044715,0.47066050001012627,81877
dkasc_13,BWh,random_forest,2,-2.0,2016-01-01 00:00:00,6884,1617,0.02952803671360016,0.018882043659687042,0.9875165224075317,0.0739290582965664,-2.4819370269322127,-2.6438762729910192,-2.3546071431144733,3404,12.216290212183436,5.301505817932923,0.30373392855339304,3410070,1.3829227999958675,0.5916151999990689,81877
dkasc_13,BWh,random_forest,3,-2.0,2016-01-01 00:00:00,6884,1617,0.02958136610686779,0.01894504390656948,0.9874714016914368,0.07406257857974823,-2.4906083340740586,-2.653725060418033,-2.3495858705741335,3404,12.216290212183436,5.301505817932923,0.3037440284412843,3407686,1.3369213000114542,0.4336980000080075,81877
dkasc_13,BWh,random_forest,4,-2.0,2016-01-01 00:00:00,6884,1617,0.029612788930535316,0.01898077316582203,0.9874447584152222,0.07414125159771048,-2.482302466532338,-2.6353030322639923,-2.359925039128722,3404,12.216290212183436,5.301505817932923,0.30375412832917553,3407880,1.3819130000047153,0.4323433999961708,81877
dkasc_13,BWh,lstm,0,-2.0,2016-01-01 00:00:00,6884,1617,0.030134277418255806,0.0208735428750515,0.9869986772537231,0.07544689725182603,-2.5970343977136823,-2.718090461588518,-2.4637836334088226,3404,12.216290212183436,5.301505817932923,0.3039662259748917,13729,98.4589960000012,0.12861840000550728,81877
dkasc_13,BWh,lstm,1,-2.0,2016-01-01 00:00:00,6884,1617,0.029642850160598755,0.020757539197802544,0.9874193072319031,0.0742165156070106,-2.586144964692161,-2.764943012985558,-2.460892690519134,3404,12.216290212183436,5.301505817932923,0.30400662552645663,13729,82.78748899999482,0.13838489999761805,81877
dkasc_13,BWh,lstm,2,-2.0,2016-01-01 00:00:00,6884,1617,0.03074616938829422,0.0218526478856802,0.986465334892273,0.07697888522525387,-2.681808254194562,-2.8220762969816238,-2.5476950408034105,3404,12.216290212183436,5.301505817932923,0.3039864257506742,13729,80.90745969999989,0.11752889999479521,81877
dkasc_13,BWh,lstm,3,-2.0,2016-01-01 00:00:00,6884,1617,0.031067626550793648,0.021909693256020546,0.98618084192276,0.07778371439614565,-2.637727197217748,-2.7955744087649634,-2.459952997797854,3404,12.216290212183436,5.301505817932923,0.3040268253022391,13729,73.69980420000502,0.11341939998965245,81877
dkasc_13,BWh,lstm,4,-2.0,2016-01-01 00:00:00,6884,1617,0.030031900852918625,0.02086990512907505,0.9870868921279907,0.07519057804102226,-2.655601591830342,-2.804442277339203,-2.537788704611521,3404,12.216290212183436,5.301505817932923,0.3039056266475442,13729,86.37285529999644,0.12638739999965765,81877
dkasc_13,BWh,gru,0,-2.0,2016-01-01 00:00:00,6884,1617,0.02985193021595478,0.020823156461119652,0.9872412085533142,0.07473998730785503,-2.637719491427526,-2.7862890480890523,-2.488444018750968,3404,12.216290212183436,5.301505817932923,0.30388542687176173,151809,66.91655980001087,0.28344620000279974,81877
dkasc_13,BWh,gru,1,-2.0,2016-01-01 00:00:00,6884,1617,0.029318474233150482,0.02011433057487011,0.9876931309700012,0.07340437875270762,-2.5823329644754756,-2.7319050341349405,-2.427368918392303,3404,12.216290212183436,5.301505817932923,0.303855127208088,151809,90.08851309999591,0.30482299999857787,81877
dkasc_13,BWh,gru,2,-2.0,2016-01-01 00:00:00,6884,1617,0.02944992296397686,0.020255452021956444,0.9875825047492981,0.07373348566145774,-2.5933334825141565,-2.6951599052582327,-2.4347713945557237,3404,12.216290212183436,5.301505817932923,0.3039864257506742,151809,75.62221840000711,0.2902460000041174,81877
dkasc_13,BWh,gru,3,-2.0,2016-01-01 00:00:00,6884,1617,0.030472973361611366,0.021515458822250366,0.9867047667503357,0.07629488699066332,-2.6316590546303824,-2.7665931978671177,-2.5199168055026235,3404,12.216290212183436,5.301505817932923,0.3036430295623719,151809,63.39286279999942,0.27375199999369215,81877
dkasc_13,BWh,gru,4,-2.0,2016-01-01 00:00:00,6884,1617,0.028658762574195862,0.01944713480770588,0.9882407188415527,0.07175266508928897,-2.547734330098318,-2.6927142615391038,-2.378327221982768,3404,12.216290212183436,5.301505817932923,0.3039056266475442,151809,100.55032160000701,0.344953700012411,81877
dkasc_13,BWh,tcn,0,-2.0,2016-01-01 00:00:00,6884,1617,0.028602683916687965,0.0195107813924551,0.9882866740226746,0.07161226149997127,-2.678222311721102,-2.8193997792882106,-2.493304014323172,3403,12.216290212183436,5.300136892539356,0.30275423942794233,198273,11.011352700006682,0.5058798000100069,81877
dkasc_13,BWh,tcn,1,-2.0,2016-01-01 00:00:00,6884,1617,0.03079197183251381,0.02128252573311329,0.98642498254776,0.07709356035931977,-2.6100503251037077,-2.722319691204758,-2.483175308312424,3404,12.216290212183436,5.301505817932923,0.30403692519013037,198273,5.540701999998419,0.6533161999977892,81877
dkasc_13,BWh,tcn,2,-2.0,2016-01-01 00:00:00,6884,1617,0.029051706194877625,0.01969611644744873,0.9879160523414612,0.07273647421017326,-2.5832940636568282,-2.740257507510413,-2.471969980321609,3404,12.216290212183436,5.301505817932923,0.3040268253022391,198273,8.714537299994845,0.5163982999947621,81877
dkasc_13,BWh,tcn,3,-2.0,2016-01-01 00:00:00,6884,1617,0.029036838561296463,0.02002226747572422,0.9879283905029297,0.07269925026059562,-2.64053412997447,-2.7669498425420103,-2.5143875747496325,3404,12.216290212183436,5.301505817932923,0.3039460261991092,198273,6.393655399995623,0.5846095000015339,81877
dkasc_13,BWh,tcn,4,-2.0,2016-01-01 00:00:00,6884,1617,0.029406171292066574,0.020279783755540848,0.9876194000244141,0.07362394502607449,-2.5820464800165643,-2.739270606054267,-2.4495130302393586,3404,12.216290212183436,5.301505817932923,0.30391572653543547,198273,7.132776300000842,0.5852160999929765,81877
dkasc_13,BWh,patchtst,0,-2.0,2016-01-01 00:00:00,6884,1617,0.034237172454595566,0.024887671694159508,0.9832172989845276,0.08571927564488557,-2.6153058681322783,-2.7843074471482154,-2.489512375533994,3404,12.216290212183436,5.301505817932923,0.30386522709597924,25857,31.007116099994164,1.758348700008355,81877
dkasc_13,BWh,patchtst,1,-2.0,2016-01-01 00:00:00,6884,1617,0.034996308386325836,0.02522934228181839,0.9824648499488831,0.08761991689293903,-2.629809473541811,-2.75732384871632,-2.4807526167142657,3404,12.216290212183436,5.301505817932923,0.30403692519013037,25857,25.276106399993296,1.4687491999939084,81877
dkasc_13,BWh,patchtst,2,-2.0,2016-01-01 00:00:00,6884,1617,0.03399632126092911,0.024312464520335197,0.9834526181221008,0.08511625885409554,-2.639915917131652,-2.8220463189001843,-2.5095215248486014,3404,12.216290212183436,5.301505817932923,0.30403692519013037,25857,25.430286799994064,1.3138718999980483,81877
dkasc_13,BWh,patchtst,3,-2.0,2016-01-01 00:00:00,6884,1617,0.034139323979616165,0.024518538266420364,0.9833130836486816,0.08547429336986521,-2.6111169871943622,-2.7641690482726022,-2.468858961456677,3404,12.216290212183436,5.301505817932923,0.3039965256385654,25857,31.050621099988348,1.3510242000047583,81877
dkasc_13,BWh,patchtst,4,-2.0,2016-01-01 00:00:00,6884,1617,0.034869708120822906,0.02576707862317562,0.982591450214386,0.08730294903965755,-2.640252122530151,-2.7616374431163826,-2.47624449000019,3404,12.216290212183436,5.301505817932923,0.30378442799284927,25857,28.193578399994294,1.0979212000092957,81877
dkasc_13,BWh,informer,0,-2.0,2016-01-01 00:00:00,6884,1617,0.02982320450246334,0.020537259057164192,0.9872657060623169,0.07466806701840548,-2.7210650259870346,-2.8619135840355026,-2.551009786063829,3404,12.216290212183436,5.301505817932923,0.3038349274323055,81537,29.512096599995857,0.4955970000009984,81877
dkasc_13,BWh,informer,1,-2.0,2016-01-01 00:00:00,6884,1617,0.0303910281509161,0.02122185193002224,0.9867761731147766,0.07608972156373792,-2.6584185659560333,-2.769762558799174,-2.5479310880942463,3404,12.216290212183436,5.301505817932923,0.3040167254143479,81537,19.919114199990872,0.5986787000001641,81877
dkasc_13,BWh,informer,2,-2.0,2016-01-01 00:00:00,6884,1617,0.03009912744164467,0.021151985973119736,0.9870290160179138,0.07535889259729339,-2.5816638316486062,-2.7489030672532944,-2.4584621508143427,3404,12.216290212183436,5.301505817932923,0.3039258264233267,81537,21.3508628999989,0.6825010999891674,81877
dkasc_13,BWh,informer,3,-2.0,2016-01-01 00:00:00,6884,1617,0.029738524928689003,0.020513880997896194,0.9873379468917847,0.07445605559323652,-2.6948679109183415,-2.808991812176498,-2.5500128266192967,3404,12.216290212183436,5.301505817932923,0.30400662552645663,81537,18.92403629999899,0.7466716999915661,81877
dkasc_13,BWh,informer,4,-2.0,2016-01-01 00:00:00,6884,1617,0.031343407928943634,0.022411763668060303,0.9859344363212585,0.07847418555005638,-2.674461008923157,-2.8272610369391105,-2.547159898715845,3404,12.216290212183436,5.301505817932923,0.30395612608700046,81537,12.31862479999836,0.7075029999978142,81877
dkasc_17,BWh,xgboost,0,0.0,2016-01-01 00:00:00,6841,1617,0.018193848431110382,0.011242903769016266,0.9959929585456848,0.03943584359127753,-0.5584727120434213,-0.6446778084681286,-0.4136130222432882,3365,12.216290212183436,5.248117727583846,0.3017246657822227,665,3.0462673000001814,0.1081763999973191,80951
dkasc_17,BWh,xgboost,1,0.0,2016-01-01 00:00:00,6841,1617,0.01814005710184574,0.01119451504200697,0.9960166215896606,0.0393192488831552,-0.5585529926709909,-0.6944559555440266,-0.45040506495634913,3365,12.216290212183436,5.248117727583846,0.3017246657822227,671,3.36654489999637,0.12036989998887293,80951
dkasc_17,BWh,xgboost,2,0.0,2016-01-01 00:00:00,6841,1617,0.018210863694548607,0.011202088557183743,0.9959854483604431,0.03947272480803357,-0.5339124971234566,-0.6475396676912021,-0.4109935925091679,3365,12.216290212183436,5.248117727583846,0.3017246657822227,672,2.963504600003944,0.11794199999712873,80951
dkasc_17,BWh,xgboost,3,0.0,2016-01-01 00:00:00,6841,1617,0.01821782812476158,0.011179865337908268,0.9959824085235596,0.03948782046971401,-0.5560766135709289,-0.6631930987034851,-0.42896118811253103,3365,12.216290212183436,5.248117727583846,0.3017246657822227,650,2.8655390000058105,0.11381239999900572,80951
dkasc_17,BWh,xgboost,4,0.0,2016-01-01 00:00:00,6841,1617,0.0181339830160141,0.011201957240700722,0.9960193037986755,0.03930608307605707,-0.5572666047723662,-0.6736551836310611,-0.4371959489529287,3365,12.216290212183436,5.248117727583846,0.3017246657822227,652,2.857012399996165,0.10350640000251587,80951
dkasc_17,BWh,random_forest,0,0.0,2016-01-01 00:00:00,6841,1617,0.018076937645673752,0.011099596507847309,0.9960442781448364,0.03918243511279814,-0.4282767782678887,-0.5593661609375475,-0.3390365257182282,3365,12.216290212183436,5.248117727583846,0.3017246657822227,3421628,1.2362931000097888,0.3905864999978803,80951
dkasc_17,BWh,random_forest,1,0.0,2016-01-01 00:00:00,6841,1617,0.01803453080356121,0.011129073798656464,0.9960628151893616,0.03909051670427219,-0.4650533853583605,-0.5733489226588007,-0.361674587769445,3365,12.216290212183436,5.248117727583846,0.3017246657822227,3419818,1.2617285000014817,0.41999460000079125,80951
dkasc_17,BWh,random_forest,2,0.0,2016-01-01 00:00:00,6841,1617,0.018096696585416794,0.011165579780936241,0.996035635471344,0.039225263350055724,-0.446242856324397,-0.5543111135140277,-0.359805553556547,3365,12.216290212183436,5.248117727583846,0.3017246657822227,3421340,1.4067520999960834,0.5000906999921426,80951
dkasc_17,BWh,random_forest,3,0.0,2016-01-01 00:00:00,6841,1617,0.01812409982085228,0.011184443719685078,0.9960236549377441,0.039284660882722915,-0.44383928945103124,-0.551946516867452,-0.3478523831041359,3365,12.216290212183436,5.248117727583846,0.3017246657822227,3420172,1.3603898000001209,0.43630979998852126,80951
dkasc_17,BWh,random_forest,4,0.0,2016-01-01 00:00:00,6841,1617,0.018039284273982048,0.011099659837782383,0.9960607886314392,0.039100820028318314,-0.4337673865259739,-0.5661213756189998,-0.3346265732130149,3365,12.216290212183436,5.248117727583846,0.3017246657822227,3419272,1.2643179000006057,0.40263739999500103,80951
dkasc_17,BWh,lstm,0,0.0,2016-01-01 00:00:00,6841,1617,0.019537605345249176,0.01243188139051199,0.9953792095184326,0.04234848671300773,-0.5976388815919442,-0.7136689184187648,-0.46898813537213846,3365,12.216290212183436,5.248117727583846,0.3017042555362792,13729,103.76350159999856,0.12199200000031851,80951
dkasc_17,BWh,lstm,1,0.0,2016-01-01 00:00:00,6841,1617,0.019897600635886192,0.012789280153810978,0.9952073693275452,0.04312878990333673,-0.5775486915761823,-0.7386575444630061,-0.46363471254559085,3365,12.216290212183436,5.248117727583846,0.3017042555362792,13729,84.6307453999907,0.0676584000029834,80951
dkasc_17,BWh,lstm,2,0.0,2016-01-01 00:00:00,6841,1617,0.020290877670049667,0.013065028935670853,0.9950160384178162,0.04398123251139938,-0.6005799138824597,-0.762783776593956,-0.43575166753779815,3365,12.216290212183436,5.248117727583846,0.30174507602816614,13729,55.894003199995495,0.11899350000021514,80951
dkasc_17,BWh,lstm,3,0.0,2016-01-01 00:00:00,6841,1617,0.01974780671298504,0.01258908212184906,0.9952792525291443,0.04280410600059779,-0.6057575681157834,-0.7412897877238311,-0.47232425428465064,3365,12.216290212183436,5.248117727583846,0.3017246657822227,13729,84.71389060000365,0.12426589999813586,80951
dkasc_17,BWh,lstm,4,0.0,2016-01-01 00:00:00,6841,1617,0.01988283358514309,0.012738917022943497,0.9952144622802734,0.04309678177126866,-0.608559050343338,-0.7521999929023249,-0.42481297639799803,3365,12.216290212183436,5.248117727583846,0.3017348709051944,13729,84.01841220000642,0.11831499999971129,80951
dkasc_17,BWh,gru,0,0.0,2016-01-01 00:00:00,6841,1617,0.02008395828306675,0.012602269649505615,0.9951171875,0.043532727039236156,-0.5771312360283724,-0.7285550580909558,-0.44278729992141164,3365,12.216290212183436,5.248117727583846,0.3017246657822227,151809,61.16548369999509,0.27968269999837503,80951
dkasc_17,BWh,gru,1,0.0,2016-01-01 00:00:00,6841,1617,0.02024795487523079,0.012775643728673458,0.9950370788574219,0.04388819575618033,-0.5884856148801076,-0.7171938991503479,-0.4534842332251765,3365,12.216290212183436,5.248117727583846,0.3017042555362792,151809,77.72602149999875,0.2416143999871565,80951
dkasc_17,BWh,gru,2,0.0,2016-01-01 00:00:00,6841,1617,0.020393645390868187,0.012535267509520054,0.9949654340744019,0.044203985370959396,-0.5744698809624915,-0.7023156297545861,-0.43902822574900524,3365,12.216290212183436,5.248117727583846,0.3017246657822227,151809,51.91974380001193,0.24734459999308456,80951
dkasc_17,BWh,gru,3,0.0,2016-01-01 00:00:00,6841,1617,0.019989946857094765,0.01253217738121748,0.9951627850532532,0.0433289537746373,-0.5755592394624753,-0.7088951478923633,-0.4631881634495858,3365,12.216290212183436,5.248117727583846,0.30174507602816614,151809,66.79115240000829,0.24395730000105686,80951
dkasc_17,BWh,gru,4,0.0,2016-01-01 00:00:00,6841,1617,0.020129716023802757,0.012444286607205868,0.995094895362854,0.04363190864523821,-0.6033607877863001,-0.7110850519473755,-0.46157425542323605,3365,12.216290212183436,5.248117727583846,0.3017246657822227,151809,51.693765999996685,0.30779040000925306,80951
dkasc_17,BWh,tcn,0,0.0,2016-01-01 00:00:00,6841,1617,0.018982673063874245,0.012253855355083942,0.9956379532814026,0.04114565034032299,-0.6332171668247055,-0.7895724137852222,-0.4842153567191809,3364,12.216290212183436,5.246748802190281,0.3015817940606184,198273,4.561835000000428,0.5130811999988509,80951
dkasc_17,BWh,tcn,1,0.0,2016-01-01 00:00:00,6841,1617,0.01898062415421009,0.012410297989845276,0.995638906955719,0.04114120925237207,-0.6115932835285998,-0.742826590914401,-0.46115325301518295,3365,12.216290212183436,5.248117727583846,0.3017348709051944,198273,4.098005799998646,0.5116914000100223,80951
dkasc_17,BWh,tcn,2,0.0,2016-01-01 00:00:00,6841,1617,0.018007958307862282,0.011633156798779964,0.9960744380950928,0.03903291983090146,-0.5848119294402321,-0.717596644317553,-0.44903371016498106,3365,12.216290212183436,5.248117727583846,0.30171446065925095,198273,9.747950899996795,0.5104413999943063,80951
dkasc_17,BWh,tcn,3,0.0,2016-01-01 00:00:00,6841,1617,0.018503256142139435,0.011829760856926441,0.9958555102348328,0.04010649632009838,-0.5614748881672127,-0.6791324234417276,-0.42823481975918787,3365,12.216290212183436,5.248117727583846,0.30171446065925095,198273,5.026529099995969,0.5107237999909557,80951
dkasc_17,BWh,tcn,4,0.0,2016-01-01 00:00:00,6841,1617,0.019036587327718735,0.012612743303179741,0.995613157749176,0.04126251151372238,-0.6129105395518031,-0.7245974679135903,-0.4579104774863674,3365,12.216290212183436,5.248117727583846,0.3017042555362792,198273,4.466414900001837,0.5093946000124561,80951
dkasc_17,BWh,patchtst,0,0.0,2016-01-01 00:00:00,6841,1617,0.020336559042334557,0.013253378681838512,0.9949935674667358,0.044080248585941444,-0.6384579268026082,-0.7835606780306814,-0.5054405528663926,3364,12.216290212183436,5.246748802190281,0.3016124094295336,25857,23.869997999994666,0.9467126000090502,80951
dkasc_17,BWh,patchtst,1,0.0,2016-01-01 00:00:00,6841,1617,0.021315643563866615,0.014222836121916771,0.994499921798706,0.04620245072475648,-0.660209446407233,-0.7952473855280084,-0.5147622111909333,3365,12.216290212183436,5.248117727583846,0.30171446065925095,25857,19.539183799992315,1.5230270000029122,80951
dkasc_17,BWh,patchtst,2,0.0,2016-01-01 00:00:00,6841,1617,0.02001672238111496,0.013157770037651062,0.9951497912406921,0.04338699071945044,-0.5837715662900589,-0.736402593981067,-0.4566617383304994,3365,12.216290212183436,5.248117727583846,0.3017246657822227,25857,19.545892599999206,1.5064016999967862,80951
dkasc_17,BWh,patchtst,3,0.0,2016-01-01 00:00:00,6841,1617,0.0198555625975132,0.01286030001938343,0.995227575302124,0.04303767089064194,-0.6379347405098379,-0.7580661471790595,-0.5061565351943464,3365,12.216290212183436,5.248117727583846,0.30171446065925095,25857,26.065084399990155,1.5177865000005113,80951
dkasc_17,BWh,patchtst,4,0.0,2016-01-01 00:00:00,6841,1617,0.020155655220150948,0.012831472791731358,0.9950822591781616,0.04368813281869683,-0.6507305694720356,-0.7591918749748939,-0.5026309650591032,3365,12.216290212183436,5.248117727583846,0.30153076844575977,25857,20.2665907000046,1.1108699000033084,80951
dkasc_17,BWh,informer,0,0.0,2016-01-01 00:00:00,6841,1617,0.020432690158486366,0.013456522487103939,0.9949461221694946,0.04428861635789316,-0.6304430117975546,-0.7890921428937769,-0.5062410543967085,3365,12.216290212183436,5.248117727583846,0.30171446065925095,81537,12.995450000002165,0.5697227999917232,80951
dkasc_17,BWh,informer,1,0.0,2016-01-01 00:00:00,6841,1617,0.020309951156377792,0.013410934247076511,0.9950066804885864,0.04402257500286975,-0.603228016346602,-0.7412462698114575,-0.482583520438597,3365,12.216290212183436,5.248117727583846,0.3017042555362792,81537,10.695133999994141,0.5686563000053866,80951
dkasc_17,BWh,informer,2,0.0,2016-01-01 00:00:00,6841,1617,0.0202733613550663,0.01364814955741167,0.9950246214866638,0.043943265246771716,-0.6103157835266271,-0.7458941253487783,-0.5000870380252875,3365,12.216290212183436,5.248117727583846,0.3016940504133075,81537,8.596270299996831,0.5557944999891333,80951
dkasc_17,BWh,informer,3,0.0,2016-01-01 00:00:00,6841,1617,0.020988784730434418,0.013583502732217312,0.9946672916412354,0.04549397203865187,-0.6539780020112475,-0.823631657251156,-0.5155509612238691,3365,12.216290212183436,5.248117727583846,0.3017042555362792,81537,6.950993799997377,0.5678642999992007,80951
dkasc_17,BWh,informer,4,0.0,2016-01-01 00:00:00,6841,1617,0.020390620455145836,0.013263150118291378,0.9949669241905212,0.04419742871020276,-0.64423114187685,-0.7937088539613724,-0.5015680067080863,3365,12.216290212183436,5.248117727583846,0.30168384529033576,81537,9.682095199998002,0.5680470000079367,80951
dkasc_17,BWh,xgboost,0,-0.25,2016-01-01 00:00:00,6841,1617,0.018362753093242645,0.011386455968022346,0.9958877563476562,0.03995164642267626,-0.8073702293572627,-0.9111619885136217,-0.6694250190020901,3365,12.216290212183436,5.248117727583846,0.30189815287274213,665,3.191779200002202,0.10380850000365172,80951
dkasc_17,BWh,xgboost,1,-0.25,2016-01-01 00:00:00,6841,1617,0.018304642289876938,0.01133881974965334,0.9959137439727783,0.03982521536641712,-0.8156183356978208,-0.9521788057300088,-0.6747444956426651,3365,12.216290212183436,5.248117727583846,0.30189815287274213,759,3.659948100001202,0.12801559999934398,80951
dkasc_17,BWh,xgboost,2,-0.25,2016-01-01 00:00:00,6841,1617,0.018410304561257362,0.011356634087860584,0.9958664774894714,0.04005510364542258,-0.7956375938827809,-0.9128388773329554,-0.6795453619448129,3365,12.216290212183436,5.248117727583846,0.30189815287274213,648,3.1331117000081576,0.10270129999844357,80951
dkasc_17,BWh,xgboost,3,-0.25,2016-01-01 00:00:00,6841,1617,0.018353790044784546,0.011285665445029736,0.995891809463501,0.03993214561356289,-0.826145866454131,-0.921311397915825,-0.6811335754832837,3365,12.216290212183436,5.248117727583846,0.30189815287274213,661,3.498108800005866,0.10575339999923017,80951
dkasc_17,BWh,xgboost,4,-0.25,2016-01-01 00:00:00,6841,1617,0.018356241285800934,0.01136659923940897,0.9958906769752502,0.03993747875254734,-0.8062818685446893,-0.9088160249674515,-0.6878195996466663,3365,12.216290212183436,5.248117727583846,0.30189815287274213,626,3.117823500011582,0.09188279999943916,80951
dkasc_17,BWh,random_forest,0,-0.25,2016-01-01 00:00:00,6841,1617,0.01817251928150654,0.011249320581555367,0.9959725141525269,0.03953775674363267,-0.6618911295043217,-0.7605050654776457,-0.5597090723024838,3365,12.216290212183436,5.248117727583846,0.30189815287274213,3419482,1.2322308000002522,0.4156974999932572,80951
dkasc_17,BWh,random_forest,1,-0.25,2016-01-01 00:00:00,6841,1617,0.018237585201859474,0.011277072131633759,0.9959436655044556,0.03967931997387961,-0.6508057707515502,-0.7744344482252585,-0.5359174835513958,3365,12.216290212183436,5.248117727583846,0.30189815287274213,3421144,1.2809847000025911,0.4530028000008315,80951
dkasc_17,BWh,random_forest,2,-0.25,2016-01-01 00:00:00,6841,1617,0.018193675205111504,0.011312738060951233,0.9959631562232971,0.03958378546140276,-0.6647878105259966,-0.7558643692296529,-0.5435633376075111,3365,12.216290212183436,5.248117727583846,0.30189815287274213,3420512,1.4322320000064792,0.7214433000044664,80951
dkasc_17,BWh,random_forest,3,-0.25,2016-01-01 00:00:00,6841,1617,0.018188785761594772,0.011316010728478432,0.995965301990509,0.039573147551194406,-0.6760232319767079,-0.7698411609931677,-0.5564027374446276,3365,12.216290212183436,5.248117727583846,0.30189815287274213,3419948,1.416238899997552,0.6120071000041207,80951
dkasc_17,BWh,random_forest,4,-0.25,2016-01-01 00:00:00,6841,1617,0.0182022824883461,0.011255552992224693,0.9959593415260315,0.03960251223590668,-0.668646353405522,-0.7761348530026968,-0.5491245905926867,3365,12.216290212183436,5.248117727583846,0.30189815287274213,3419700,1.2628980000008596,0.6807541000016499,80951
dkasc_17,BWh,lstm,0,-0.25,2016-01-01 00:00:00,6841,1617,0.02016167901456356,0.013046800158917904,0.995042622089386,0.04386555039907117,-0.8113045985538414,-0.9415004806817014,-0.6779995190912214,3365,12.216290212183436,5.248117727583846,0.30190835799571386,13729,56.325569599997834,0.09874970000237226,80951
dkasc_17,BWh,lstm,1,-0.25,2016-01-01 00:00:00,6841,1617,0.020060064271092415,0.012939447537064552,0.9950924515724182,0.043644468283449624,-0.8322071788550854,-0.996954566611985,-0.7129417727218756,3365,12.216290212183436,5.248117727583846,0.30186753750382694,13729,71.64042219999828,0.08003110000572633,80951
dkasc_17,BWh,lstm,2,-0.25,2016-01-01 00:00:00,6841,1617,0.020416129380464554,0.013162201270461082,0.9949166774749756,0.04441915535138837,-0.8281783426651312,-0.983200046240873,-0.6805247920283364,3365,12.216290212183436,5.248117727583846,0.30190835799571386,13729,59.806036999987555,0.07677450000483077,80951
dkasc_17,BWh,lstm,3,-0.25,2016-01-01 00:00:00,6841,1617,0.019916364923119545,0.012766999192535877,0.9951624870300293,0.04333182314182901,-0.831670329170434,-0.9799431841036377,-0.6959197930111114,3365,12.216290212183436,5.248117727583846,0.30189815287274213,13729,71.90152690000832,0.09774040000047535,80951
dkasc_17,BWh,lstm,4,-0.25,2016-01-01 00:00:00,6841,1617,0.019948037341237068,0.012770956382155418,0.9951471090316772,0.043400732484755816,-0.8410445260333521,-0.9883264811094583,-0.6777885025713082,3365,12.216290212183436,5.248117727583846,0.30189815287274213,13729,76.25363559999096,0.06704960000934079,80951
dkasc_17,BWh,gru,0,-0.25,2016-01-01 00:00:00,6841,1617,0.020192265510559082,0.012746557593345642,0.9950275421142578,0.043932097112797414,-0.8330821868943739,-0.9745229858194094,-0.6896169601969371,3365,12.216290212183436,5.248117727583846,0.30189815287274213,151809,56.44912730000215,0.22741690000111703,80951
dkasc_17,BWh,gru,1,-0.25,2016-01-01 00:00:00,6841,1617,0.02073681727051735,0.012959901243448257,0.994755744934082,0.0451168725798653,-0.8310464864045186,-0.9943677657154537,-0.6509704606414535,3365,12.216290212183436,5.248117727583846,0.3018879477497704,151809,54.9388151000021,0.24850319999677595,80951
dkasc_17,BWh,gru,2,-0.25,2016-01-01 00:00:00,6841,1617,0.020554451271891594,0.012722200714051723,0.9948475360870361,0.044720100818048406,-0.8193807988062352,-0.9522659389156418,-0.6780130994271216,3365,12.216290212183436,5.248117727583846,0.30189815287274213,151809,60.523197699993034,0.2531495000002906,80951
dkasc_17,BWh,gru,3,-0.25,2016-01-01 00:00:00,6841,1617,0.020059892907738686,0.012549838982522488,0.995092511177063,0.04364409545002518,-0.8279535712668377,-0.9664740494305339,-0.7235380498924829,3365,12.216290212183436,5.248117727583846,0.30190835799571386,151809,90.76668329999666,0.23619189999590162,80951
dkasc_17,BWh,gru,4,-0.25,2016-01-01 00:00:00,6841,1617,0.020322367548942566,0.01264954637736082,0.9949632883071899,0.04421515873269575,-0.8619275622056032,-0.9700009134213761,-0.7033624779635761,3365,12.216290212183436,5.248117727583846,0.30189815287274213,151809,97.43971359998977,0.24938019999535754,80951
dkasc_17,BWh,tcn,0,-0.25,2016-01-01 00:00:00,6841,1617,0.0192743968218565,0.012718209065496922,0.995469331741333,0.04193509997803849,-0.8696352737993407,-1.0337460005552388,-0.7514918942082005,3365,12.216290212183436,5.248117727583846,0.30181651188896824,198273,10.759706900003948,0.37799679998715874,80951
dkasc_17,BWh,tcn,1,-0.25,2016-01-01 00:00:00,6841,1617,0.019167007878422737,0.012526407837867737,0.9955196976661682,0.04170145499702803,-0.8725869331599911,-1.01547183692006,-0.7193596363520682,3365,12.216290212183436,5.248117727583846,0.30190835799571386,198273,9.554892400003155,0.37303760000213515,80951
dkasc_17,BWh,tcn,2,-0.25,2016-01-01 00:00:00,6841,1617,0.018578147515654564,0.011864796280860901,0.9957907199859619,0.04042027777451774,-0.8721171203432743,-0.9801594844518036,-0.7277945456371615,3365,12.216290212183436,5.248117727583846,0.3018777426267987,198273,18.169682000007015,0.368480000004638,80951
dkasc_17,BWh,tcn,3,-0.25,2016-01-01 00:00:00,6841,1617,0.018825851380825043,0.012076626531779766,0.9956777691841125,0.04095920443701602,-0.8077481803286379,-0.9536703975825733,-0.6815932255332745,3365,12.216290212183436,5.248117727583846,0.3018879477497704,198273,12.222170000008191,0.38526460000139195,80951
dkasc_17,BWh,tcn,4,-0.25,2016-01-01 00:00:00,6841,1617,0.0189276784658432,0.012189874425530434,0.9956308603286743,0.0411807485418809,-0.8417138474960506,-0.9858480483069254,-0.75514099946421,3365,12.216290212183436,5.248117727583846,0.30186753750382694,198273,9.088045900003635,0.378907899998012,80951
dkasc_17,BWh,patchtst,0,-0.25,2016-01-01 00:00:00,6841,1617,0.020541906356811523,0.013436094857752323,0.9948538541793823,0.044692806979856683,-0.9026406371902393,-1.0433978124525505,-0.7553765594285347,3364,12.216290212183436,5.246748802190281,0.3017654862741096,25857,24.965919799986295,1.0288773999927798,80951
dkasc_17,BWh,patchtst,1,-0.25,2016-01-01 00:00:00,6841,1617,0.02132270485162735,0.01432113815099001,0.9944552183151245,0.04639158195296891,-0.8901437058186107,-1.0346648093950939,-0.7422858663730407,3365,12.216290212183436,5.248117727583846,0.3018777426267987,25857,23.36196470000141,1.042459099990083,80951
dkasc_17,BWh,patchtst,2,-0.25,2016-01-01 00:00:00,6841,1617,0.02033071592450142,0.013469436205923557,0.9949591159820557,0.044233322204525784,-0.8486738676698247,-0.9768506846691227,-0.7229544416971486,3365,12.216290212183436,5.248117727583846,0.3018879477497704,25857,24.14508420000493,1.1414383000083035,80951
dkasc_17,BWh,patchtst,3,-0.25,2016-01-01 00:00:00,6841,1617,0.020005246624350548,0.0129861980676651,0.9951192140579224,0.043525202112999394,-0.8741681861110351,-0.9969422715158882,-0.7380770644179433,3365,12.216290212183436,5.248117727583846,0.30190835799571386,25857,31.16711490000307,1.1403791000047931,80951
dkasc_17,BWh,patchtst,4,-0.25,2016-01-01 00:00:00,6841,1617,0.02038223296403885,0.013032807968556881,0.994933545589447,0.04434540727901823,-0.8962939428536765,-1.011591780508525,-0.7492626912906742,3365,12.216290212183436,5.248117727583846,0.3017246657822227,25857,29.818849799994496,1.465170700001181,80951
dkasc_17,BWh,informer,0,-0.25,2016-01-01 00:00:00,6841,1617,0.021294523030519485,0.01425834372639656,0.9944698810577393,0.04633026706479657,-0.8789850562106238,-1.035722512067111,-0.7161464901678092,3365,12.216290212183436,5.248117727583846,0.3018471272578835,81537,22.81140679999953,0.5659125999954995,80951
dkasc_17,BWh,informer,1,-0.25,2016-01-01 00:00:00,6841,1617,0.02022787742316723,0.013116041198372841,0.9950100183486938,0.04400957757194923,-0.875600789935911,-0.9919238048295531,-0.7606088932305374,3365,12.216290212183436,5.248117727583846,0.3018777426267987,81537,26.2889351999911,0.41985249999561347,80951
dkasc_17,BWh,informer,2,-0.25,2016-01-01 00:00:00,6841,1617,0.02033380977809429,0.013301393948495388,0.9949575662612915,0.04424005346885191,-0.8120883117329503,-0.9974468162019301,-0.7066607284624604,3365,12.216290212183436,5.248117727583846,0.30186753750382694,81537,26.04617249999137,0.7381850999954622,80951
dkasc_17,BWh,informer,3,-0.25,2016-01-01 00:00:00,6841,1617,0.02150106243789196,0.01444961130619049,0.9943620562553406,0.046779632654683566,-0.8970749879289031,-1.0711524825329444,-0.7409803049181357,3365,12.216290212183436,5.248117727583846,0.30189815287274213,81537,19.001183200001833,0.6336760999984108,80951
dkasc_17,BWh,informer,4,-0.25,2016-01-01 00:00:00,6841,1617,0.020556818693876266,0.013430292718112469,0.9948464035987854,0.04472525159285786,-0.8725641539850448,-1.0266666603212848,-0.7375697319017295,3365,12.216290212183436,5.248117727583846,0.3018471272578835,81537,23.5227467000077,0.7246939000033308,80951
dkasc_17,BWh,xgboost,0,-0.5,2016-01-01 00:00:00,6841,1617,0.018593870103359222,0.01158196572214365,0.9957521557807922,0.04060721216378191,-1.0470321177894095,-1.152839520764748,-0.9285434082001109,3365,12.216290212183436,5.248117727583846,0.30232676803755487,672,8.844070499995723,0.35109430000011344,80951
dkasc_17,BWh,xgboost,1,-0.5,2016-01-01 00:00:00,6841,1617,0.01851821318268776,0.011531072668731213,0.9957866668701172,0.040441984773664265,-1.0627808911598091,-1.1905523219719485,-0.9522826034530252,3365,12.216290212183436,5.248117727583846,0.30232676803755487,637,9.000797400003648,0.18921810000028927,80951
dkasc_17,BWh,xgboost,2,-0.5,2016-01-01 00:00:00,6841,1617,0.01864231750369072,0.011531435884535313,0.9957299828529358,0.040713016595732274,-1.0485577783812428,-1.1518865268419682,-0.9296823990401992,3365,12.216290212183436,5.248117727583846,0.30232676803755487,658,10.932799599991995,0.35559269999794196,80951
dkasc_17,BWh,xgboost,3,-0.5,2016-01-01 00:00:00,6841,1617,0.018640251830220222,0.01154784020036459,0.9957309365272522,0.04070850536485827,-1.0707568189116778,-1.1855549206208127,-0.9421216357945003,3365,12.216290212183436,5.248117727583846,0.30232676803755487,661,10.930656600001385,0.2974988000059966,80951
dkasc_17,BWh,xgboost,4,-0.5,2016-01-01 00:00:00,6841,1617,0.018617989495396614,0.011558149009943008,0.9957411289215088,0.04065988658090322,-1.0538863405016974,-1.1566700645621597,-0.9421824963896036,3365,12.216290212183436,5.248117727583846,0.30232676803755487,624,10.036540799992508,0.3367186999967089,80951
dkasc_17,BWh,random_forest,0,-0.5,2016-01-01 00:00:00,6841,1617,0.018494755029678345,0.011509807780385017,0.995797336101532,0.04039075443856304,-0.9074788617382201,-1.0472059111568122,-0.7791056813358677,3365,12.216290212183436,5.248117727583846,0.30232676803755487,3419284,2.995279599999776,1.0763144999946235,80951
dkasc_17,BWh,random_forest,1,-0.5,2016-01-01 00:00:00,6841,1617,0.018391050398349762,0.011431305669248104,0.995844304561615,0.040164273563773785,-0.8942979019136151,-1.0307379802064531,-0.7868496957982529,3365,12.216290212183436,5.248117727583846,0.30232676803755487,3417392,2.73100310000882,1.0300221999932546,80951
dkasc_17,BWh,random_forest,2,-0.5,2016-01-01 00:00:00,6841,1617,0.0183563195168972,0.011462337337434292,0.9958599805831909,0.04008842468110764,-0.8918772878925917,-1.0314217833904737,-0.7822103517841739,3365,12.216290212183436,5.248117727583846,0.30231656291458314,3419710,2.812153400009265,1.0433391999977175,80951
dkasc_17,BWh,random_forest,3,-0.5,2016-01-01 00:00:00,6841,1617,0.01848062127828598,0.011552955023944378,0.9958037734031677,0.04035988769386333,-0.9073639060245539,-1.0202265058005477,-0.7724544583843374,3365,12.216290212183436,5.248117727583846,0.30232676803755487,3418180,2.882961700001033,1.039163199995528,80951
dkasc_17,BWh,random_forest,4,-0.5,2016-01-01 00:00:00,6841,1617,0.01838517189025879,0.011488663032650948,0.9958469867706299,0.04015143547122341,-0.9009661883043173,-1.0383198925940467,-0.8047856178076018,3365,12.216290212183436,5.248117727583846,0.30232676803755487,3416982,2.029764199993224,0.5802078999986406,80951
dkasc_17,BWh,lstm,0,-0.5,2016-01-01 00:00:00,6841,1617,0.02027314528822899,0.013082186691462994,0.9949502348899841,0.04427458659063999,-1.0601763303352052,-1.1852433677267515,-0.9372309736596529,3365,12.216290212183436,5.248117727583846,0.30232676803755487,13729,95.31526589998975,0.11457689999951981,80951
dkasc_17,BWh,lstm,1,-0.5,2016-01-01 00:00:00,6841,1617,0.020274566486477852,0.013148928061127663,0.9949495196342468,0.044277690350024004,-1.0895434057382247,-1.2206762117237369,-0.9459967662054036,3365,12.216290212183436,5.248117727583846,0.3022859475456679,13729,90.41449930000817,0.16151570000511128,80951
dkasc_17,BWh,lstm,2,-0.5,2016-01-01 00:00:00,6841,1617,0.02060399204492569,0.013343305326998234,0.9947840571403503,0.0449971238767564,-1.0673802468033067,-1.2157087278709677,-0.931228730329825,3365,12.216290212183436,5.248117727583846,0.30232676803755487,13729,83.68611549999332,0.15908240000135265,80951
dkasc_17,BWh,lstm,3,-0.5,2016-01-01 00:00:00,6841,1617,0.020133426412940025,0.013000059872865677,0.9950196146965027,0.043969454093714624,-1.0917556024201192,-1.2247876876582062,-0.946073229009956,3365,12.216290212183436,5.248117727583846,0.30231656291458314,13729,102.018058200003,0.1413238000095589,80951
dkasc_17,BWh,lstm,4,-0.5,2016-01-01 00:00:00,6841,1617,0.02010251209139824,0.012920013628900051,0.9950348734855652,0.0439019402083982,-1.076815114430052,-1.2384477206219047,-0.9460365638079282,3365,12.216290212183436,5.248117727583846,0.30232676803755487,13729,84.1090159000014,0.13566349999746308,80951
dkasc_17,BWh,gru,0,-0.5,2016-01-01 00:00:00,6841,1617,0.020360441878437996,0.012934252619743347,0.9949066638946533,0.044465233892147786,-1.08726902348123,-1.229131014618478,-0.9378214696912801,3365,12.216290212183436,5.248117727583846,0.30232676803755487,151809,55.59682370000519,0.26339990000997204,80951
dkasc_17,BWh,gru,1,-0.5,2016-01-01 00:00:00,6841,1617,0.020207131281495094,0.0125434510409832,0.9949830770492554,0.04413041839099551,-1.069391598361824,-1.207591778836492,-0.9007060096399012,3365,12.216290212183436,5.248117727583846,0.30231656291458314,151809,80.63324840000132,0.2235004999965895,80951
dkasc_17,BWh,gru,2,-0.5,2016-01-01 00:00:00,6841,1617,0.019747231155633926,0.012619178742170334,0.9952088594436646,0.043126041040762196,-1.0947435267023908,-1.2082919468405673,-0.9679316978080221,3365,12.216290212183436,5.248117727583846,0.30231656291458314,151809,85.14548639999703,0.26353120000567287,80951
dkasc_17,BWh,gru,3,-0.5,2016-01-01 00:00:00,6841,1617,0.020236428827047348,0.012719460763037205,0.9949685335159302,0.04419440139407692,-1.0939426952432538,-1.222237496986038,-0.9641100778589639,3365,12.216290212183436,5.248117727583846,0.30231656291458314,151809,71.60929570000735,0.2437826999957906,80951
dkasc_17,BWh,gru,4,-0.5,2016-01-01 00:00:00,6841,1617,0.020571092143654823,0.012907695025205612,0.9948007464408875,0.044925273677543044,-1.100715584510703,-1.2178732605937022,-0.9642522741537716,3365,12.216290212183436,5.248117727583846,0.3023369731605266,151809,58.728162599989446,0.2534133000008296,80951
dkasc_17,BWh,tcn,0,-0.5,2016-01-01 00:00:00,6841,1617,0.019498689100146294,0.012939626350998878,0.9953286647796631,0.04258324925386112,-1.1341791675282153,-1.250905314751849,-0.9462531693209607,3365,12.216290212183436,5.248117727583846,0.3022247168078375,198273,6.917129300010856,0.4050956999999471,80951
dkasc_17,BWh,tcn,1,-0.5,2016-01-01 00:00:00,6841,1617,0.019567586481571198,0.012850209139287472,0.9952956438064575,0.0427337144646805,-1.130274128381592,-1.2546399409169684,-0.9676435964370511,3365,12.216290212183436,5.248117727583846,0.3022961526686397,198273,7.899794600001769,0.3650245000026189,80951
dkasc_17,BWh,tcn,2,-0.5,2016-01-01 00:00:00,6841,1617,0.019685048609972,0.01287893857806921,0.9952389597892761,0.04299024038116085,-1.1122283270940225,-1.2209472608518124,-1.0012392858348762,3365,12.216290212183436,5.248117727583846,0.3022859475456679,198273,9.472830999991857,0.40561390000220854,80951
dkasc_17,BWh,tcn,3,-0.5,2016-01-01 00:00:00,6841,1617,0.01887160912156105,0.012213674373924732,0.995624303817749,0.04121376729058386,-1.0632782687435838,-1.2008169402166167,-0.9570545112715156,3365,12.216290212183436,5.248117727583846,0.30231656291458314,198273,8.014197700002114,0.3998083999904338,80951
dkasc_17,BWh,tcn,4,-0.5,2016-01-01 00:00:00,6841,1617,0.019296493381261826,0.012775220908224583,0.9954250454902649,0.04214167337913956,-1.084623205759383,-1.2005523847861466,-0.9476563366033197,3365,12.216290212183436,5.248117727583846,0.3023063577916114,198273,8.471598000003723,0.40776329999789596,80951
dkasc_17,BWh,patchtst,0,-0.5,2016-01-01 00:00:00,6841,1617,0.020791232585906982,0.013684019446372986,0.994688868522644,0.045406039090804005,-1.144982705610459,-1.2802470875561855,-1.007259410920299,3364,12.216290212183436,5.246748802190281,0.30219410143892234,25857,20.574753499997314,1.1560202999971807,80951
dkasc_17,BWh,patchtst,1,-0.5,2016-01-01 00:00:00,6841,1617,0.02175316773355007,0.014758722856640816,0.9941860437393188,0.047506812324725055,-1.1206603801011017,-1.2673024770423647,-0.9809205553875168,3365,12.216290212183436,5.248117727583846,0.3022961526686397,25857,14.6921430999937,1.1583100999996532,80951
dkasc_17,BWh,patchtst,2,-0.5,2016-01-01 00:00:00,6841,1617,0.020474201068282127,0.0136037552729249,0.9948495626449585,0.044713672949315664,-1.0680336607893914,-1.2039256103432372,-0.9554138034087667,3365,12.216290212183436,5.248117727583846,0.30231656291458314,25857,15.031883800009382,1.1585558999940986,80951
dkasc_17,BWh,patchtst,3,-0.5,2016-01-01 00:00:00,6841,1617,0.02021987922489643,0.013189045712351799,0.9949767589569092,0.04415825866520806,-1.1055782771003497,-1.2333418978938138,-0.9795185587967074,3365,12.216290212183436,5.248117727583846,0.30232676803755487,25857,19.845036599988816,1.1443061000027228,80951
dkasc_17,BWh,patchtst,4,-0.5,2016-01-01 00:00:00,6841,1617,0.02066866122186184,0.01332707516849041,0.9947512745857239,0.045138355098320586,-1.1133967505958187,-1.248700865475394,-1.0031489283375272,3365,12.216290212183436,5.248117727583846,0.30212266557812023,25857,20.815712099996745,1.4388647000014316,80951
dkasc_17,BWh,informer,0,-0.5,2016-01-01 00:00:00,6841,1617,0.02073727920651436,0.013642285019159317,0.9947164058685303,0.045288210133638526,-1.1243584790627814,-1.258893992590949,-0.9684840666754689,3365,12.216290212183436,5.248117727583846,0.3023063577916114,81537,13.335261200001696,0.7212356999953045,80951
dkasc_17,BWh,informer,1,-0.5,2016-01-01 00:00:00,6841,1617,0.02043825015425682,0.01359990332275629,0.9948676824569702,0.04463515963362655,-1.1004323094276274,-1.2236576831979369,-0.9735915558189645,3365,12.216290212183436,5.248117727583846,0.30227574242269617,81537,11.38453880000452,0.6916935000044759,80951
dkasc_17,BWh,informer,2,-0.5,2016-01-01 00:00:00,6841,1617,0.020839670673012733,0.014282443560659885,0.9946640729904175,0.04551182318357099,-1.1252974496662056,-1.2669799725673947,-0.9899355241189678,3365,12.216290212183436,5.248117727583846,0.3022859475456679,81537,8.702158700005384,0.7266141000000061,80951
dkasc_17,BWh,informer,3,-0.5,2016-01-01 00:00:00,6841,1617,0.021511176601052284,0.014326917938888073,0.9943146705627441,0.0469783271194145,-1.1687577103412283,-1.3078851586851539,-1.020471089955577,3365,12.216290212183436,5.248117727583846,0.3023063577916114,81537,7.4762791999964975,0.6968606000009459,80951
dkasc_17,BWh,informer,4,-0.5,2016-01-01 00:00:00,6841,1617,0.020488422363996506,0.01340461615473032,0.9948424100875854,0.044744730882339157,-1.1423671954589598,-1.2745728854027578,-0.9854456473792745,3365,12.216290212183436,5.248117727583846,0.30227574242269617,81537,10.388949600004707,0.7305684999882942,80951
dkasc_17,BWh,xgboost,0,-1.0,2016-01-01 00:00:00,6841,1617,0.019182352349162102,0.012147956527769566,0.9954113364219666,0.042211115044486894,-1.5278488148308684,-1.6302154500870913,-1.4167127756409936,3365,12.216290212183436,5.248117727583846,0.3028574344320849,675,3.582520099997055,0.12806589998945128,80951
dkasc_17,BWh,xgboost,1,-1.0,2016-01-01 00:00:00,6841,1617,0.019148757681250572,0.012106379494071007,0.9954273700714111,0.04213718936705783,-1.5521287260914063,-1.6506361164285777,-1.4445081338588683,3365,12.216290212183436,5.248117727583846,0.3028574344320849,630,3.667240299997502,0.12271500000497326,80951
dkasc_17,BWh,xgboost,2,-1.0,2016-01-01 00:00:00,6841,1617,0.019247878342866898,0.012123825959861279,0.9953799247741699,0.04235530618477727,-1.5363873202828837,-1.6387232536179575,-1.413027242229603,3365,12.216290212183436,5.248117727583846,0.3028472293091132,666,3.4095681000035256,0.12389110001095105,80951
dkasc_17,BWh,xgboost,3,-1.0,2016-01-01 00:00:00,6841,1617,0.019268644973635674,0.012145442888140678,0.9953699707984924,0.04240100353328341,-1.549210028648183,-1.6718116636744162,-1.4265435721677044,3365,12.216290212183436,5.248117727583846,0.3028574344320849,653,3.582722200007993,0.12167940000654198,80951
dkasc_17,BWh,xgboost,4,-1.0,2016-01-01 00:00:00,6841,1617,0.01916789822280407,0.01212193164974451,0.9954182505607605,0.04217930847668641,-1.540655053729345,-1.6443149597455298,-1.432296808478956,3365,12.216290212183436,5.248117727583846,0.3028472293091132,628,3.3236261999991257,0.11931999999796972,80951
dkasc_17,BWh,random_forest,0,-1.0,2016-01-01 00:00:00,6841,1617,0.01894950121641159,0.012059584259986877,0.9955220818519592,0.041698721894060785,-1.3877940559869018,-1.5204110860917885,-1.2733985687185978,3365,12.216290212183436,5.248117727583846,0.3028472293091132,3413280,1.3299454000080004,0.423712699994212,80951
dkasc_17,BWh,random_forest,1,-1.0,2016-01-01 00:00:00,6841,1617,0.019041916355490685,0.012089102528989315,0.9954782724380493,0.04190208308754289,-1.3828469627330198,-1.5100066496745335,-1.2397015981684967,3365,12.216290212183436,5.248117727583846,0.3028574344320849,3413980,1.3542173000023467,0.4049961999990046,80951
dkasc_17,BWh,random_forest,2,-1.0,2016-01-01 00:00:00,6841,1617,0.019033625721931458,0.012069622054696083,0.9954822063446045,0.04188383939768722,-1.3914360080894492,-1.492418391370164,-1.2634921162616775,3365,12.216290212183436,5.248117727583846,0.3028472293091132,3415004,1.3185900999960722,0.4128463999950327,80951
dkasc_17,BWh,random_forest,3,-1.0,2016-01-01 00:00:00,6841,1617,0.019057072699069977,0.01212126761674881,0.9954710602760315,0.04193543489710379,-1.356670875526944,-1.4786679889744025,-1.2601129865632776,3365,12.216290212183436,5.248117727583846,0.3028472293091132,3415036,1.346199899999192,0.4107256999996025,80951
dkasc_17,BWh,random_forest,4,-1.0,2016-01-01 00:00:00,6841,1617,0.019055258482694626,0.012064742855727673,0.9954719543457031,0.04193144268099069,-1.3813117402103448,-1.511084709554272,-1.2660722438945116,3365,12.216290212183436,5.248117727583846,0.3028574344320849,3412568,1.312527999994927,0.40858079999452457,80951
dkasc_17,BWh,lstm,0,-1.0,2016-01-01 00:00:00,6841,1617,0.020511295646429062,0.013440767303109169,0.9947534799575806,0.04513547892788651,-1.5491954967748245,-1.6807368912735612,-1.4275260622122077,3365,12.216290212183436,5.248117727583846,0.30280640881722626,13729,80.55457229999593,0.10043370000494178,80951
dkasc_17,BWh,lstm,1,-1.0,2016-01-01 00:00:00,6841,1617,0.021342258900403976,0.014331590384244919,0.9943197965621948,0.046964028673653666,-1.5401385757398578,-1.6905378042376336,-1.4223841503210433,3365,12.216290212183436,5.248117727583846,0.30283702418614145,13729,57.05213250000088,0.12696799999685027,80951
dkasc_17,BWh,lstm,2,-1.0,2016-01-01 00:00:00,6841,1617,0.021143123507499695,0.013922949321568012,0.9944252967834473,0.04652582762164979,-1.547920770748512,-1.678229785241139,-1.4186431104406871,3365,12.216290212183436,5.248117727583846,0.3028574344320849,13729,47.19761849999486,0.10057940000842791,80951
dkasc_17,BWh,lstm,3,-1.0,2016-01-01 00:00:00,6841,1617,0.02071312442421913,0.013637679629027843,0.9946497678756714,0.045579606822292375,-1.5591256296481615,-1.688088375925012,-1.4285900915598782,3365,12.216290212183436,5.248117727583846,0.3028472293091132,13729,70.51378300000215,0.1030252000055043,80951
dkasc_17,BWh,lstm,4,-1.0,2016-01-01 00:00:00,6841,1617,0.02131320722401142,0.014097442850470543,0.9943352341651917,0.04690009993164539,-1.5922390626659344,-1.7262388301554354,-1.46006112511341,3365,12.216290212183436,5.248117727583846,0.3028472293091132,13729,55.62172890000511,0.10139399999752641,80951
dkasc_17,BWh,gru,0,-1.0,2016-01-01 00:00:00,6841,1617,0.020970312878489494,0.013369685970246792,0.9945160746574402,0.04614555469113101,-1.5526736085125408,-1.6638820925195419,-1.4107200266488595,3365,12.216290212183436,5.248117727583846,0.3028268190631697,151809,56.65165650000563,0.2734022999939043,80951
dkasc_17,BWh,gru,1,-1.0,2016-01-01 00:00:00,6841,1617,0.0211966410279274,0.013605329208076,0.9943970441818237,0.0466435938982018,-1.5532407864679798,-1.6675413399763195,-1.432021004900197,3365,12.216290212183436,5.248117727583846,0.30279620369425453,151809,69.89417870000761,0.32797779999964405,80951
dkasc_17,BWh,gru,2,-1.0,2016-01-01 00:00:00,6841,1617,0.020251059904694557,0.0130439642816782,0.9948858022689819,0.04456282544758891,-1.5418203375722084,-1.681080604259455,-1.4324294145733552,3365,12.216290212183436,5.248117727583846,0.3028472293091132,151809,81.07842449999589,0.27715880000323523,80951
dkasc_17,BWh,gru,3,-1.0,2016-01-01 00:00:00,6841,1617,0.02084582857787609,0.013393128290772438,0.9945809841156006,0.04587162472473383,-1.5813217582245964,-1.6995767053978206,-1.437573971984829,3365,12.216290212183436,5.248117727583846,0.30280640881722626,151809,66.0144258000073,0.21084820000396576,80951
dkasc_17,BWh,gru,4,-1.0,2016-01-01 00:00:00,6841,1617,0.021179309114813805,0.01353610772639513,0.9944062232971191,0.04660545470833279,-1.577506055729334,-1.7063761213188644,-1.4300476601138534,3365,12.216290212183436,5.248117727583846,0.3028268190631697,151809,50.6739430000016,0.24423759999626782,80951
dkasc_17,BWh,tcn,0,-1.0,2016-01-01 00:00:00,6841,1617,0.019586453214287758,0.012722019106149673,0.9952159523963928,0.0431003463440121,-1.6022175247316306,-1.7250378938096445,-1.4793151615736133,3365,12.216290212183436,5.248117727583846,0.302816613940198,198273,7.196363399998518,0.377886700007366,80951
dkasc_17,BWh,tcn,1,-1.0,2016-01-01 00:00:00,6841,1617,0.019682476297020912,0.013079790398478508,0.995168924331665,0.0433116468830908,-1.5925203480995576,-1.727445960016416,-1.467439882986616,3365,12.216290212183436,5.248117727583846,0.3028472293091132,198273,4.288253499995335,0.3755910999898333,80951
dkasc_17,BWh,tcn,2,-1.0,2016-01-01 00:00:00,6841,1617,0.019857138395309448,0.013375647366046906,0.9950827956199646,0.04369599400541289,-1.6204230725482343,-1.7325364422770329,-1.4771939030977863,3365,12.216290212183436,5.248117727583846,0.30283702418614145,198273,5.881390599999577,0.37395090000063647,80951
dkasc_17,BWh,tcn,3,-1.0,2016-01-01 00:00:00,6841,1617,0.019318902865052223,0.012543989345431328,0.9953457713127136,0.042511596936942266,-1.5693629342370174,-1.702470042016957,-1.4426917113099957,3365,12.216290212183436,5.248117727583846,0.302816613940198,198273,6.239192099994398,0.3762577000015881,80951
dkasc_17,BWh,tcn,4,-1.0,2016-01-01 00:00:00,6841,1617,0.019817698746919632,0.01340490486472845,0.9951023459434509,0.043609206342190274,-1.5279163646767846,-1.6446239030186751,-1.4234690520159798,3365,12.216290212183436,5.248117727583846,0.3028268190631697,198273,5.662099000008311,0.3772142999951029,80951
dkasc_17,BWh,patchtst,0,-1.0,2016-01-01 00:00:00,6841,1617,0.021429041400551796,0.014290016144514084,0.9942734837532043,0.04715499514277641,-1.618113390344989,-1.7627716212143762,-1.485867256626594,3364,12.216290212183436,5.246748802190281,0.30271456271048064,25857,16.74502059999213,1.0634795999940252,80951
dkasc_17,BWh,patchtst,1,-1.0,2016-01-01 00:00:00,6841,1617,0.02236686274409294,0.015422710217535496,0.9937613010406494,0.049218688057119084,-1.586923548866681,-1.752469700472592,-1.4572949697334803,3365,12.216290212183436,5.248117727583846,0.3028268190631697,25857,13.844041999996989,1.0943637000018498,80951
dkasc_17,BWh,patchtst,2,-1.0,2016-01-01 00:00:00,6841,1617,0.021338339895009995,0.014492330141365528,0.994321882724762,0.04695540483104384,-1.5469492905983688,-1.6915262767047912,-1.4180141422301618,3365,12.216290212183436,5.248117727583846,0.3028268190631697,25857,14.3457527999999,1.0963034000014886,80951
dkasc_17,BWh,patchtst,3,-1.0,2016-01-01 00:00:00,6841,1617,0.020783374086022377,0.013745618984103203,0.9946134090423584,0.045734192480101056,-1.58122825088719,-1.693034398601101,-1.4349285478986284,3365,12.216290212183436,5.248117727583846,0.30286763955505663,25857,19.010877100008656,1.0971816999954171,80951
dkasc_17,BWh,patchtst,4,-1.0,2016-01-01 00:00:00,6841,1617,0.022711103782057762,0.015664944425225258,0.9935678243637085,0.049976196718834465,-1.63429166270877,-1.7536764753221612,-1.5128405103109672,3364,12.216290212183436,5.246748802190281,0.3026227166037351,25857,11.36957949999487,1.0847363000066252,80951
dkasc_17,BWh,informer,0,-1.0,2016-01-01 00:00:00,6841,1617,0.021796638146042824,0.01462576538324356,0.994075357913971,0.04796389846346734,-1.582198406839208,-1.712198960253819,-1.464481062120948,3365,12.216290212183436,5.248117727583846,0.3028472293091132,81537,8.961095899998327,0.5005329999985406,80951
dkasc_17,BWh,informer,1,-1.0,2016-01-01 00:00:00,6841,1617,0.021034881472587585,0.013943447731435299,0.9944822192192078,0.04628763905618306,-1.5873892989645777,-1.7070485438770593,-1.4789048770151951,3365,12.216290212183436,5.248117727583846,0.30280640881722626,81537,10.075534200004768,0.49961939999775495,80951
dkasc_17,BWh,informer,2,-1.0,2016-01-01 00:00:00,6841,1617,0.019996779039502144,0.013104379177093506,0.995013415813446,0.04400327578137096,-1.5216316508312788,-1.6488043791934248,-1.3893453801252509,3365,12.216290212183436,5.248117727583846,0.30283702418614145,81537,20.12314530000731,0.49878749999334104,80951
dkasc_17,BWh,informer,3,-1.0,2016-01-01 00:00:00,6841,1617,0.022074222564697266,0.014883921481668949,0.9939234852790833,0.048574728022694545,-1.629501422916002,-1.784933308376646,-1.4959253085073985,3365,12.216290212183436,5.248117727583846,0.3028268190631697,81537,7.442368099989835,0.4307209000107832,80951
dkasc_17,BWh,informer,4,-1.0,2016-01-01 00:00:00,6841,1617,0.020876102149486542,0.013834984973073006,0.9945652484893799,0.045938242269380904,-1.6062098284539972,-1.7250185498340231,-1.4714319952595312,3365,12.216290212183436,5.248117727583846,0.30280640881722626,81537,12.511739599998691,0.6168266000022413,80951
dkasc_17,BWh,xgboost,0,-2.0,2016-01-01 00:00:00,6840,1617,0.0209908876568079,0.013845732435584068,0.9943395256996155,0.046904519796547854,-2.479196897460989,-2.622288618670121,-2.3731199570208084,3365,12.216290212183436,5.248117727583846,0.3040412286968058,700,2.7863555000076303,0.12038430001121014,80951
dkasc_17,BWh,xgboost,1,-2.0,2016-01-01 00:00:00,6840,1617,0.020955439656972885,0.013832561671733856,0.9943585991859436,0.046825310596956424,-2.5143652147351148,-2.609891717221713,-2.387844281628959,3365,12.216290212183436,5.248117727583846,0.3040412286968058,582,2.804579099989496,0.08993670000927523,80951
dkasc_17,BWh,xgboost,2,-2.0,2016-01-01 00:00:00,6840,1617,0.020985767245292664,0.013840602710843086,0.9943422675132751,0.04689307814399797,-2.506990539485121,-2.624292144216589,-2.367920585415986,3365,12.216290212183436,5.248117727583846,0.30403102357383405,606,2.455808500002604,0.09290589999000076,80951
dkasc_17,BWh,xgboost,3,-2.0,2016-01-01 00:00:00,6840,1617,0.020982792600989342,0.013859537430107594,0.9943438768386841,0.04688643124726383,-2.5055366959515744,-2.606901361454237,-2.4131648736833156,3365,12.216290212183436,5.248117727583846,0.3040412286968058,606,2.552017699999851,0.09430820000125095,80951
dkasc_17,BWh,xgboost,4,-2.0,2016-01-01 00:00:00,6840,1617,0.020992448553442955,0.013837905600667,0.9943386912345886,0.046908007648434655,-2.492069221963089,-2.601820749340711,-2.3745351466222697,3365,12.216290212183436,5.248117727583846,0.3040514338197775,630,2.4706888999935472,0.10353089999989606,80951
dkasc_17,BWh,random_forest,0,-2.0,2016-01-01 00:00:00,6840,1617,0.020873256027698517,0.013672825880348682,0.9944027662277222,0.046641669784367845,-2.357567714670361,-2.4775435644883603,-2.2503483014791326,3365,12.216290212183436,5.248117727583846,0.3040208184508623,3405450,1.1800948000018252,0.4592428000032669,80951
dkasc_17,BWh,random_forest,1,-2.0,2016-01-01 00:00:00,6840,1617,0.020758669823408127,0.013697648420929909,0.994464099407196,0.04638562482927007,-2.3733118021865396,-2.498144917426667,-2.2460680264892785,3365,12.216290212183436,5.248117727583846,0.3040208184508623,3407696,1.175900999995065,0.3940523000055691,80951
dkasc_17,BWh,random_forest,2,-2.0,2016-01-01 00:00:00,6840,1617,0.02078833617269993,0.013719925656914711,0.9944482445716858,0.04645191482569131,-2.3461374036919946,-2.488238028669243,-2.208924095622997,3365,12.216290212183436,5.248117727583846,0.3040208184508623,3407514,1.1769095999916317,0.3734260000055656,80951
dkasc_17,BWh,random_forest,3,-2.0,2016-01-01 00:00:00,6840,1617,0.020880095660686493,0.013779559172689915,0.9943991303443909,0.046656953068530516,-2.3688166007290734,-2.4538298484247822,-2.258402046508079,3365,12.216290212183436,5.248117727583846,0.3040208184508623,3403280,1.207634499995038,0.3773488000006182,80951
dkasc_17,BWh,random_forest,4,-2.0,2016-01-01 00:00:00,6840,1617,0.02080179750919342,0.013654363341629505,0.994441032409668,0.04648199442662911,-2.35234970571796,-2.4764216344892676,-2.2224756351991837,3365,12.216290212183436,5.248117727583846,0.3040208184508623,3403504,1.1769733999972232,0.36680940000223927,80951
dkasc_17,BWh,lstm,0,-2.0,2016-01-01 00:00:00,6840,1617,0.022195447236299515,0.01504584588110447,0.9936712384223938,0.049596130059349756,-2.545128430537613,-2.642892734522273,-2.437889984076347,3365,12.216290212183436,5.248117727583846,0.3040514338197775,13729,82.52775530000508,0.08968350000213832,80951
dkasc_17,BWh,lstm,1,-2.0,2016-01-01 00:00:00,6840,1617,0.022466348484158516,0.015184195712208748,0.9935157895088196,0.0502014638189724,-2.5301826162104115,-2.6453361007886933,-2.4148390271050646,3365,12.216290212183436,5.248117727583846,0.3040412286968058,13729,71.26129769999534,0.09797580000304151,80951
dkasc_17,BWh,lstm,2,-2.0,2016-01-01 00:00:00,6840,1617,0.02292296662926674,0.01571008376777172,0.9932495355606079,0.05122178535929303,-2.516742781929504,-2.67891775568625,-2.399124359293614,3365,12.216290212183436,5.248117727583846,0.30412286968057967,13729,39.43622509999841,0.11238449999655131,80951
dkasc_17,BWh,lstm,3,-2.0,2016-01-01 00:00:00,6840,1617,0.022771606221795082,0.015576682984828949,0.993338406085968,0.050883567779134366,-2.5538362762752342,-2.669282043339738,-2.4291183754630685,3365,12.216290212183436,5.248117727583846,0.30408204918869275,13729,60.98367020000296,0.10083769999619108,80951
dkasc_17,BWh,lstm,4,-2.0,2016-01-01 00:00:00,6840,1617,0.02246159128844738,0.01534274686127901,0.9935185313224792,0.050190833778735074,-2.566022367177745,-2.6685720631924204,-2.4535394580210816,3365,12.216290212183436,5.248117727583846,0.30407184406572096,13729,60.979995599991526,0.0766072999977041,80951
dkasc_17,BWh,gru,0,-2.0,2016-01-01 00:00:00,6840,1617,0.022445978596806526,0.01509922742843628,0.9935275316238403,0.05015594693563826,-2.5333873693593967,-2.6673507609325187,-2.42400460909199,3365,12.216290212183436,5.248117727583846,0.30407184406572096,151809,56.45994519999658,0.2470772999949986,80951
dkasc_17,BWh,gru,1,-2.0,2016-01-01 00:00:00,6840,1617,0.02290956862270832,0.015485854819417,0.9932574033737183,0.05119184727024562,-2.543811091052068,-2.6732503903117433,-2.405807794590187,3365,12.216290212183436,5.248117727583846,0.3040412286968058,151809,51.80966429998807,0.23946230000001378,80951
dkasc_17,BWh,gru,2,-2.0,2016-01-01 00:00:00,6840,1617,0.02277817390859127,0.015214746817946434,0.9933345317840576,0.050898243394591224,-2.5512762568635883,-2.693209721278558,-2.4322531883323895,3365,12.216290212183436,5.248117727583846,0.3040412286968058,151809,55.06755570000678,0.24520229999325238,80951
dkasc_17,BWh,gru,3,-2.0,2016-01-01 00:00:00,6840,1617,0.02281462959945202,0.015568949282169342,0.993313193321228,0.05097970429808571,-2.5478967434305666,-2.670681145137705,-2.425883003356333,3365,12.216290212183436,5.248117727583846,0.30407184406572096,151809,64.35677460000443,0.3018160000065109,80951
dkasc_17,BWh,gru,4,-2.0,2016-01-01 00:00:00,6840,1617,0.022369418293237686,0.014968539588153362,0.9935716390609741,0.04998487154649388,-2.53593872507879,-2.654662492281675,-2.4152814889259133,3365,12.216290212183436,5.248117727583846,0.3040514338197775,151809,90.49902799999109,0.3359707000054186,80951
dkasc_17,BWh,tcn,0,-2.0,2016-01-01 00:00:00,6840,1617,0.021071508526802063,0.014701670967042446,0.9942959547042847,0.047084668595135215,-2.5626000557283146,-2.6688197485696286,-2.427634349346064,3365,12.216290212183436,5.248117727583846,0.30408204918869275,198273,6.72871949999535,0.5127869999996619,80951
dkasc_17,BWh,tcn,1,-2.0,2016-01-01 00:00:00,6840,1617,0.02168751135468483,0.014949558302760124,0.9939575791358948,0.04846113810455045,-2.5742221305714934,-2.733673266712111,-2.4149641739528827,3365,12.216290212183436,5.248117727583846,0.3040208184508623,198273,3.7473993000021437,0.3286823000089498,80951
dkasc_17,BWh,tcn,2,-2.0,2016-01-01 00:00:00,6840,1617,0.021403145045042038,0.014521087519824505,0.9941149950027466,0.04782571641976116,-2.534039184659187,-2.668718115644786,-2.4122075426234013,3365,12.216290212183436,5.248117727583846,0.3040514338197775,198273,5.801922400001786,0.42851230000087526,80951
dkasc_17,BWh,tcn,3,-2.0,2016-01-01 00:00:00,6840,1617,0.02151421457529068,0.014763164333999157,0.9940537810325623,0.04807390330282759,-2.5467516375262864,-2.6491635546820547,-2.4201608455920565,3365,12.216290212183436,5.248117727583846,0.3040208184508623,198273,5.0437728999968385,0.42867769999429584,80951
dkasc_17,BWh,tcn,4,-2.0,2016-01-01 00:00:00,6840,1617,0.022448504343628883,0.01576852798461914,0.9935261011123657,0.050161590762796374,-2.497999026720843,-2.6355783125287555,-2.3925067160162485,3365,12.216290212183436,5.248117727583846,0.3039391774670885,198273,4.092004200007068,0.3272880000004079,80951
dkasc_17,BWh,patchtst,0,-2.0,2016-01-01 00:00:00,6840,1617,0.023123575374484062,0.015901999548077583,0.9931308627128601,0.051670049244805984,-2.6169847038904526,-2.7407880415962205,-2.4939966193585037,3365,12.216290212183436,5.248117727583846,0.30403102357383405,25857,15.222080199993798,1.0116238000045996,80951
dkasc_17,BWh,patchtst,1,-2.0,2016-01-01 00:00:00,6840,1617,0.022835291922092438,0.015566845424473286,0.9933010935783386,0.051025874633384316,-2.6025649317266804,-2.722533098191726,-2.4933975583492085,3365,12.216290212183436,5.248117727583846,0.30407184406572096,25857,18.192544999998063,1.244547700000112,80951
dkasc_17,BWh,patchtst,2,-2.0,2016-01-01 00:00:00,6840,1617,0.022933507338166237,0.01577678509056568,0.9932433366775513,0.05124533876481496,-2.5395756831519734,-2.6441750572521183,-2.41547541995466,3365,12.216290212183436,5.248117727583846,0.30408204918869275,25857,14.803561299995636,1.2487429000029806,80951
dkasc_17,BWh,patchtst,3,-2.0,2016-01-01 00:00:00,6840,1617,0.02382998913526535,0.01686958223581314,0.9927047491073608,0.053248543626217885,-2.5980084629034006,-2.7240336719322475,-2.4681813707181988,3365,12.216290212183436,5.248117727583846,0.3040514338197775,25857,13.58805819999543,0.9497697999904631,80951
dkasc_17,BWh,patchtst,4,-2.0,2016-01-01 00:00:00,6840,1617,0.022472059354186058,0.015213853679597378,0.9935125112533569,0.05021422486179449,-2.5773382229849484,-2.7043154198983177,-2.458068456204021,3365,12.216290212183436,5.248117727583846,0.30395958771303194,25857,27.867352200002642,0.9374247999949148,80951
dkasc_17,BWh,informer,0,-2.0,2016-01-01 00:00:00,6840,1617,0.024344604462385178,0.017429662868380547,0.9923862814903259,0.05439846092333945,-2.520262482190598,-2.6875988589640007,-2.418020654294114,3365,12.216290212183436,5.248117727583846,0.30412286968057967,81537,8.125181999988854,0.5022405000054277,80951
dkasc_17,BWh,informer,1,-2.0,2016-01-01 00:00:00,6840,1617,0.023090120404958725,0.016394831240177155,0.9931507110595703,0.05159529350764757,-2.5825348056035535,-2.683087493716274,-2.4529318825966206,3365,12.216290212183436,5.248117727583846,0.30400040820491886,81537,11.63590550000663,0.5064394999935757,80951
dkasc_17,BWh,informer,2,-2.0,2016-01-01 00:00:00,6840,1617,0.022117195650935173,0.015204661525785923,0.993715763092041,0.04942127547030894,-2.5674050903235712,-2.704529467546673,-2.4636533735930777,3365,12.216290212183436,5.248117727583846,0.3040106133278906,81537,11.37228939999477,0.4325250999972923,80951
dkasc_17,BWh,informer,3,-2.0,2016-01-01 00:00:00,6840,1617,0.02249518781900406,0.015866998583078384,0.9934991598129272,0.05026590583658966,-2.559299376007218,-2.6690706592585074,-2.426363203738502,3365,12.216290212183436,5.248117727583846,0.3040514338197775,81537,16.226517400005832,0.503647199991974,80951
dkasc_17,BWh,informer,4,-2.0,2016-01-01 00:00:00,6840,1617,0.025219740346074104,0.018078600987792015,0.9918290376663208,0.05635396795345038,-2.5918653516765477,-2.737333636240913,-2.478978471359161,3365,12.216290212183436,5.248117727583846,0.3040514338197775,81537,6.2212950000102865,0.5007497999904444,80951
dkasc_12,BWh,xgboost,0,0.0,2016-01-01 00:00:00,6885,1617,0.017737284302711487,0.011268028058111668,0.995640218257904,0.04307508909193642,-1.1367151220391114,-1.2730197127161058,-1.0005971751482212,3401,12.216290212183436,5.297399041752225,0.3009089990910009,779,3.1235902000044007,0.12854689999949187,81707
dkasc_12,BWh,xgboost,1,0.0,2016-01-01 00:00:00,6885,1617,0.017659295350313187,0.011212125420570374,0.9956784844398499,0.04288569250701333,-1.150038308566581,-1.2757630694716122,-0.9865130086824808,3401,12.216290212183436,5.297399041752225,0.30093929906070094,737,3.0098162999929627,0.12127619999228045,81707
dkasc_12,BWh,xgboost,2,0.0,2016-01-01 00:00:00,6885,1617,0.017724251374602318,0.011240935884416103,0.995646595954895,0.043043438556834755,-1.1491704006514114,-1.2635779698814686,-1.0230003283354019,3401,12.216290212183436,5.297399041752225,0.30088879911120087,890,3.759669599996414,0.145039099996211,81707
dkasc_12,BWh,xgboost,3,0.0,2016-01-01 00:00:00,6885,1617,0.01767841912806034,0.011239559389650822,0.9956691265106201,0.04293213470279564,-1.1136097118728205,-1.248280439809979,-1.0043808020756102,3401,12.216290212183436,5.297399041752225,0.3008988991011009,865,3.172199799999362,0.1328049000003375,81707
dkasc_12,BWh,xgboost,4,0.0,2016-01-01 00:00:00,6885,1617,0.01775735430419445,0.011272718198597431,0.9956303238868713,0.043123829197084414,-1.1491048686283034,-1.3110582506113466,-1.007556652717534,3401,12.216290212183436,5.297399041752225,0.3009089990910009,822,3.503156399994623,0.12722629999916535,81707
dkasc_12,BWh,random_forest,0,0.0,2016-01-01 00:00:00,6885,1617,0.017676757648587227,0.01129610650241375,0.9956699013710022,0.04292809979107481,-0.9963816286388749,-1.1608589067251076,-0.8478795238992864,3401,12.216290212183436,5.297399041752225,0.3006867993132007,3431090,1.1604826999973739,0.3733871000004001,81707
dkasc_12,BWh,random_forest,1,0.0,2016-01-01 00:00:00,6885,1617,0.017780091613531113,0.011314312927424908,0.9956191778182983,0.04317904687351518,-1.0229240964611974,-1.1653388385083674,-0.8496334431020047,3401,12.216290212183436,5.297399041752225,0.30067669932330066,3432820,1.102559700011625,0.4001191999996081,81707
dkasc_12,BWh,random_forest,2,0.0,2016-01-01 00:00:00,6885,1617,0.017694756388664246,0.01119672879576683,0.9956610798835754,0.04297180982690265,-0.9993119831407865,-1.1545507211709882,-0.8445124787667568,3401,12.216290212183436,5.297399041752225,0.30065649934350064,3434784,1.1325794000003953,0.3671082000073511,81707
dkasc_12,BWh,random_forest,3,0.0,2016-01-01 00:00:00,6885,1617,0.017741724848747253,0.011288517154753208,0.9956380128860474,0.04308587298155803,-0.9896405239514516,-1.1769858886184537,-0.8513448825580872,3401,12.216290212183436,5.297399041752225,0.3006665993334007,3429544,1.1207905000046594,0.4857047999976203,81707
dkasc_12,BWh,random_forest,4,0.0,2016-01-01 00:00:00,6885,1617,0.01777561567723751,0.011328456923365593,0.995621383190155,0.04316817703846454,-1.013697410732049,-1.1744965450478206,-0.8598169749973517,3401,12.216290212183436,5.297399041752225,0.3006665993334007,3434006,1.1022691999969538,0.4422053999878699,81707
dkasc_12,BWh,lstm,0,0.0,2016-01-01 00:00:00,6885,1617,0.019335169345140457,0.01335971150547266,0.9948193430900574,0.046955561400246815,-1.203608184202265,-1.438957278367786,-1.0361439355223823,3401,12.216290212183436,5.297399041752225,0.30092919907080096,13729,75.97043900001154,0.07817379999323748,81707
dkasc_12,BWh,lstm,1,0.0,2016-01-01 00:00:00,6885,1617,0.019313428550958633,0.013354542665183544,0.9948309659957886,0.04690276376615982,-1.2628698044694464,-1.4532283390055856,-1.066205626775382,3401,12.216290212183436,5.297399041752225,0.30093929906070094,13729,79.61976970000251,0.09864519999246113,81707
dkasc_12,BWh,lstm,2,0.0,2016-01-01 00:00:00,6885,1617,0.020557982847094536,0.014719408936798573,0.9941433072090149,0.049925170481353025,-1.1878059959021365,-1.3735036933326117,-1.0087748616008165,3401,12.216290212183436,5.297399041752225,0.30093929906070094,13729,64.4660150000127,0.07051949999004137,81707
dkasc_12,BWh,lstm,3,0.0,2016-01-01 00:00:00,6885,1617,0.019601037725806236,0.0140257952734828,0.994675874710083,0.047601224174122325,-1.173484193439957,-1.3102072596075875,-0.9933736322553122,3401,12.216290212183436,5.297399041752225,0.30092919907080096,13729,68.97834479999437,0.09837360000528861,81707
dkasc_12,BWh,lstm,4,0.0,2016-01-01 00:00:00,6885,1617,0.020030658692121506,0.014052197337150574,0.9944398999214172,0.048644560971569106,-1.2261953672882342,-1.4235308372252884,-1.0312979415439627,3401,12.216290212183436,5.297399041752225,0.30093929906070094,13729,70.74258890000056,0.0904071999975713,81707
dkasc_12,BWh,gru,0,0.0,2016-01-01 00:00:00,6885,1617,0.020267607644200325,0.014296183362603188,0.9943075776100159,0.04921999275959518,-1.2470492442506087,-1.4183449501335654,-1.0427172978813792,3401,12.216290212183436,5.297399041752225,0.30092919907080096,151809,48.63409700000193,0.2849968000082299,81707
dkasc_12,BWh,gru,1,0.0,2016-01-01 00:00:00,6885,1617,0.018796715885400772,0.012995056807994843,0.9951038360595703,0.04564792431475438,-1.1822924480450858,-1.3909774030899102,-1.0110372352855501,3401,12.216290212183436,5.297399041752225,0.30093929906070094,151809,65.5326364000066,0.28081500000553206,81707
dkasc_12,BWh,gru,2,0.0,2016-01-01 00:00:00,6885,1617,0.01908210664987564,0.013222365640103817,0.9949540495872498,0.04634099730134972,-1.1959977845030667,-1.3770008762705954,-0.9932553849562091,3401,12.216290212183436,5.297399041752225,0.30093929906070094,151809,97.06164500000887,0.24558040000556502,81707
dkasc_12,BWh,gru,3,0.0,2016-01-01 00:00:00,6885,1617,0.019312473013997078,0.013164709322154522,0.9948315024375916,0.04690044323957598,-1.2344971152960595,-1.4509233613903216,-1.0710516087541255,3401,12.216290212183436,5.297399041752225,0.300949399050601,151809,69.55346779999672,0.2592571000132011,81707
dkasc_12,BWh,gru,4,0.0,2016-01-01 00:00:00,6885,1617,0.01901748962700367,0.01297133881598711,0.9949881434440613,0.04618407451826954,-1.225742540935293,-1.4564509009781113,-1.0253825235056468,3401,12.216290212183436,5.297399041752225,0.30093929906070094,151809,80.61046120000537,0.3446291000000201,81707
dkasc_12,BWh,tcn,0,0.0,2016-01-01 00:00:00,6885,1617,0.01819946989417076,0.012279793620109558,0.9954100251197815,0.04419750925442286,-1.2674498760544273,-1.4363442117457215,-1.0893541365731618,3401,12.216290212183436,5.297399041752225,0.30085849914150087,198273,7.157750899990788,0.5322392000089167,81707
dkasc_12,BWh,tcn,1,0.0,2016-01-01 00:00:00,6885,1617,0.018054232001304626,0.01246184203773737,0.9954830408096313,0.043844798260565844,-1.246186334145849,-1.4365672575786974,-1.0673795373775108,3401,12.216290212183436,5.297399041752225,0.30088879911120087,198273,7.774607400002424,0.5263406000012765,81707
dkasc_12,BWh,tcn,2,0.0,2016-01-01 00:00:00,6885,1617,0.018016137182712555,0.012378940358757973,0.9955020546913147,0.04375228479137914,-1.2382392042530592,-1.426844910723124,-1.1068127971530435,3401,12.216290212183436,5.297399041752225,0.3006867993132007,198273,7.720025100003113,0.4058853000024101,81707
dkasc_12,BWh,tcn,3,0.0,2016-01-01 00:00:00,6885,1617,0.018524430692195892,0.012744645588099957,0.9952446818351746,0.04498667827756241,-1.2260069304779853,-1.3874262139482618,-1.048537352344181,3401,12.216290212183436,5.297399041752225,0.3009089990910009,198273,4.839844999994966,0.5248739000089699,81707
dkasc_12,BWh,tcn,4,0.0,2016-01-01 00:00:00,6885,1617,0.018749164417386055,0.01304340735077858,0.9951285719871521,0.0455324453222418,-1.2226416295871734,-1.3961969974491062,-1.032403810402971,3401,12.216290212183436,5.297399041752225,0.3008079991920008,198273,6.683430799996131,0.5276717000087956,81707
dkasc_12,BWh,patchtst,0,0.0,2016-01-01 00:00:00,6885,1617,0.021179068833589554,0.015088951215147972,0.9937841296195984,0.051433481096746184,-1.2361508473911669,-1.4470752448383806,-1.0679812988058306,3400,12.216290212183436,5.296030116358659,0.30081809918190083,25857,22.966664599996875,1.5622928000084357,81707
dkasc_12,BWh,patchtst,1,0.0,2016-01-01 00:00:00,6885,1617,0.02078237570822239,0.014724566601216793,0.9940147995948792,0.050470109735847535,-1.2349371633721553,-1.3929004962160985,-1.082121363275368,3401,12.216290212183436,5.297399041752225,0.300949399050601,25857,35.522254800001974,1.5501514000061434,81707
dkasc_12,BWh,patchtst,2,0.0,2016-01-01 00:00:00,6885,1617,0.02176005393266678,0.015494189225137234,0.9934383630752563,0.052844406494159654,-1.2025764189340427,-1.392909384498615,-1.0187337075684533,3401,12.216290212183436,5.297399041752225,0.300949399050601,25857,17.831988000005367,1.3230723000015132,81707
dkasc_12,BWh,patchtst,3,0.0,2016-01-01 00:00:00,6885,1617,0.02107761614024639,0.015201474539935589,0.9938434958457947,0.051187102692375364,-1.2576123459728472,-1.4300673041002883,-1.064246076792863,3401,12.216290212183436,5.297399041752225,0.30088879911120087,25857,22.441160099988338,1.3568946000013966,81707
dkasc_12,BWh,patchtst,4,0.0,2016-01-01 00:00:00,6885,1617,0.021502114832401276,0.015186021104454994,0.9935930371284485,0.052218000019830776,-1.222751114648457,-1.435698279636558,-1.0691959860781919,3400,12.216290212183436,5.296030116358659,0.3007574992425008,25857,22.461671600001864,1.3095499000046402,81707
dkasc_12,BWh,informer,0,0.0,2016-01-01 00:00:00,6885,1617,0.019569208845496178,0.013373366557061672,0.9946931600570679,0.047523927569317795,-1.206957753244184,-1.3625127666200276,-1.0541814026885699,3401,12.216290212183436,5.297399041752225,0.30088879911120087,81537,12.806687800009968,0.6647359000053257,81707
dkasc_12,BWh,informer,1,0.0,2016-01-01 00:00:00,6885,1617,0.020160067826509476,0.014299210160970688,0.9943678379058838,0.04895883174143099,-1.2376590459106662,-1.42194544305132,-1.0230599752032348,3401,12.216290212183436,5.297399041752225,0.300949399050601,81537,17.17137389999698,0.44153759999608155,81707
dkasc_12,BWh,informer,2,0.0,2016-01-01 00:00:00,6885,1617,0.019831687211990356,0.013417419046163559,0.9945498108863831,0.048161357675780836,-1.171781114769399,-1.3608135937193724,-0.9696143444757895,3401,12.216290212183436,5.297399041752225,0.30093929906070094,81537,17.963614399996004,0.43558190000476316,81707
dkasc_12,BWh,informer,3,0.0,2016-01-01 00:00:00,6885,1617,0.020808860659599304,0.014820882119238377,0.9939994812011719,0.05053442858086835,-1.241382164921423,-1.5031596764764732,-1.0165826566486347,3401,12.216290212183436,5.297399041752225,0.300949399050601,81537,11.237466999999015,0.6286665999941761,81707
dkasc_12,BWh,informer,4,0.0,2016-01-01 00:00:00,6885,1617,0.01962042599916458,0.013675427995622158,0.9946653246879578,0.047648308698900556,-1.1787094771133377,-1.351886751357989,-1.041918739394601,3401,12.216290212183436,5.297399041752225,0.300949399050601,81537,16.37076910000178,0.6950845999963349,81707
dkasc_12,BWh,xgboost,0,-0.25,2016-01-01 00:00:00,6885,1617,0.017941098660230637,0.011454598046839237,0.9955061674118042,0.04373351148706545,-1.3457763788005879,-1.4901554484482937,-1.2352145268890429,3401,12.216290212183436,5.297399041752225,0.3012018987981012,817,2.3263549999974202,0.09691290000046138,81707
dkasc_12,BWh,xgboost,1,-0.25,2016-01-01 00:00:00,6885,1617,0.017855210229754448,0.011409778147935867,0.9955490827560425,0.04352414846354211,-1.3518670913395203,-1.4725470043195246,-1.2092652304519835,3401,12.216290212183436,5.297399041752225,0.3012018987981012,743,2.0949759000068298,0.083673600005568,81707
dkasc_12,BWh,xgboost,2,-0.25,2016-01-01 00:00:00,6885,1617,0.017915988340973854,0.011464524082839489,0.9955187439918518,0.04367230216781152,-1.3629390782813555,-1.5046315368355596,-1.2182218745200646,3401,12.216290212183436,5.297399041752225,0.3012018987981012,744,2.049551899996004,0.0901231000025291,81707
dkasc_12,BWh,xgboost,3,-0.25,2016-01-01 00:00:00,6885,1617,0.017889823764562607,0.011437647044658661,0.9955317974090576,0.043608522974312516,-1.3525701944642976,-1.494659181004443,-1.2081227070362632,3401,12.216290212183436,5.297399041752225,0.3012119987880012,764,1.9267265000089537,0.08477270000730641,81707
dkasc_12,BWh,xgboost,4,-0.25,2016-01-01 00:00:00,6885,1617,0.017878424376249313,0.011432811617851257,0.995537519454956,0.04358073564148601,-1.3424734110809688,-1.5111251920891002,-1.2284678776439129,3401,12.216290212183436,5.297399041752225,0.3011816988183012,821,2.215820099998382,0.0889861000032397,81707
dkasc_12,BWh,random_forest,0,-0.25,2016-01-01 00:00:00,6885,1617,0.01790386438369751,0.011465448886156082,0.9955247640609741,0.04364274861399327,-1.2493398518159227,-1.3965270899421123,-1.066692984564499,3401,12.216290212183436,5.297399041752225,0.30095949904050096,3431546,0.7528965000092285,0.28055090000270866,81707
dkasc_12,BWh,random_forest,1,-0.25,2016-01-01 00:00:00,6885,1617,0.017891062423586845,0.01142815314233303,0.9955312013626099,0.043611542349529776,-1.236552342900139,-1.3698001883580724,-1.0913414584388585,3401,12.216290212183436,5.297399041752225,0.300949399050601,3430814,0.7680685000086669,0.2801005999936024,81707
dkasc_12,BWh,random_forest,2,-0.25,2016-01-01 00:00:00,6885,1617,0.017936386168003082,0.011453773826360703,0.9955084919929504,0.04372202423999828,-1.2295129387943637,-1.3710870399559982,-1.0734504417892778,3401,12.216290212183436,5.297399041752225,0.300969599030401,3436258,0.7499740999919595,0.28056939999805763,81707
dkasc_12,BWh,random_forest,3,-0.25,2016-01-01 00:00:00,6885,1617,0.017947062849998474,0.01147539634257555,0.9955031871795654,0.0437480498922469,-1.2277731518923085,-1.3619826777178101,-1.0863184336898668,3401,12.216290212183436,5.297399041752225,0.30095949904050096,3431658,0.7376241000019945,0.27768709999509156,81707
dkasc_12,BWh,random_forest,4,-0.25,2016-01-01 00:00:00,6885,1617,0.01799760013818741,0.011472045443952084,0.9954777956008911,0.04387124040111106,-1.255208588739857,-1.3876808732166457,-1.1055646747192716,3401,12.216290212183436,5.297399041752225,0.300969599030401,3432692,0.7407205000054091,0.2808689000084996,81707
dkasc_12,BWh,lstm,0,-0.25,2016-01-01 00:00:00,6885,1617,0.0194756630808115,0.01354287564754486,0.99470454454422,0.04747419047145115,-1.4221162113251613,-1.6378113003908226,-1.2597009137121806,3401,12.216290212183436,5.297399041752225,0.30122209877790124,13729,82.4104035999917,0.09055340000486467,81707
dkasc_12,BWh,lstm,1,-0.25,2016-01-01 00:00:00,6885,1617,0.019470570608973503,0.013485987670719624,0.9947072863578796,0.04746177697995643,-1.4631815853254904,-1.6524737168089998,-1.295743266930412,3401,12.216290212183436,5.297399041752225,0.3012321987678012,13729,61.235162500001024,0.09565699999802746,81707
dkasc_12,BWh,lstm,2,-0.25,2016-01-01 00:00:00,6885,1617,0.020688457414507866,0.014831679873168468,0.9940244555473328,0.0504305175018425,-1.4185062238897523,-1.5993750772968496,-1.2398421441962686,3401,12.216290212183436,5.297399041752225,0.3012321987678012,13729,68.77959190000547,0.0909512999933213,81707
dkasc_12,BWh,lstm,3,-0.25,2016-01-01 00:00:00,6885,1617,0.01979748345911503,0.014204069972038269,0.99452805519104,0.04825866501661973,-1.4010070267099106,-1.5481434193080017,-1.2091072057615666,3401,12.216290212183436,5.297399041752225,0.30122209877790124,13729,68.642669199995,0.10054119999404065,81707
dkasc_12,BWh,lstm,4,-0.25,2016-01-01 00:00:00,6885,1617,0.02018231339752674,0.014175559394061565,0.9943132996559143,0.04919673268186264,-1.431960785934927,-1.638296727466946,-1.243961499531443,3401,12.216290212183436,5.297399041752225,0.3012321987678012,13729,70.50629160000244,0.09379499999340624,81707
dkasc_12,BWh,gru,0,-0.25,2016-01-01 00:00:00,6885,1617,0.020449921488761902,0.014465791173279285,0.9941614866256714,0.049849058481620225,-1.435079424965846,-1.6280097935666538,-1.272044164445458,3401,12.216290212183436,5.297399041752225,0.30122209877790124,151809,45.45101829999476,0.2471432000020286,81707
dkasc_12,BWh,gru,1,-0.25,2016-01-01 00:00:00,6885,1617,0.01914123073220253,0.013269039802253246,0.9948848485946655,0.04665897278403285,-1.3696155282374445,-1.604401292028157,-1.207319840914034,3401,12.216290212183436,5.297399041752225,0.3012321987678012,151809,98.86663180000323,0.2551318999903742,81707
dkasc_12,BWh,gru,2,-0.25,2016-01-01 00:00:00,6885,1617,0.01937413215637207,0.01354008074849844,0.9947596192359924,0.047226697052327,-1.3995500113428538,-1.58807678424093,-1.2237908777498419,3401,12.216290212183436,5.297399041752225,0.3012321987678012,151809,97.64464489999227,0.2657364000042435,81707
dkasc_12,BWh,gru,3,-0.25,2016-01-01 00:00:00,6885,1617,0.019559739157557487,0.013428132981061935,0.9946587085723877,0.04767913567228818,-1.4449731384863052,-1.6470216086560407,-1.286850491736058,3401,12.216290212183436,5.297399041752225,0.30124229875770125,151809,109.06992399999581,0.25151060000644065,81707
dkasc_12,BWh,gru,4,-0.25,2016-01-01 00:00:00,6885,1617,0.01931549794971943,0.013264973647892475,0.9947912693023682,0.047083769364411075,-1.4505786906263622,-1.656919315370424,-1.2501850391046985,3401,12.216290212183436,5.297399041752225,0.3012321987678012,151809,126.7696222000086,0.2760017000109656,81707
dkasc_12,BWh,tcn,0,-0.25,2016-01-01 00:00:00,6885,1617,0.018637169152498245,0.012979848310351372,0.9951506853103638,0.04543026414674908,-1.5281315972851428,-1.662893075812299,-1.3551020046618514,3401,12.216290212183436,5.297399041752225,0.3011008988991011,198273,14.410600400005933,0.4054991000011796,81707
dkasc_12,BWh,tcn,1,-0.25,2016-01-01 00:00:00,6885,1617,0.01951192319393158,0.01373372133821249,0.9946847558021545,0.047562578708074274,-1.506128729250411,-1.643821329708095,-1.332568272108658,3401,12.216290212183436,5.297399041752225,0.30124229875770125,198273,9.231688200001372,0.40403210000658873,81707
dkasc_12,BWh,tcn,2,-0.25,2016-01-01 00:00:00,6885,1617,0.018287265673279762,0.012414184398949146,0.9953310489654541,0.044577333781805145,-1.441329022348867,-1.6151830173168347,-1.289124911093753,3401,12.216290212183436,5.297399041752225,0.3011210988789011,198273,19.038280900000245,0.5048901999980444,81707
dkasc_12,BWh,tcn,3,-0.25,2016-01-01 00:00:00,6885,1617,0.01871943101286888,0.012952279299497604,0.9951077699661255,0.04563078698448595,-1.5103561110750285,-1.679422410778597,-1.3602548049331697,3401,12.216290212183436,5.297399041752225,0.3012119987880012,198273,11.75290259999747,0.48888720000104513,81707
dkasc_12,BWh,tcn,4,-0.25,2016-01-01 00:00:00,6885,1617,0.019414065405726433,0.0139417489990592,0.994737982749939,0.047324038985083104,-1.4253837274199408,-1.621436064049886,-1.2088414382966706,3401,12.216290212183436,5.297399041752225,0.3004443995556004,198273,13.200074599997606,0.5237033000012161,81707
dkasc_12,BWh,patchtst,0,-0.25,2016-01-01 00:00:00,6885,1617,0.02138550579547882,0.015260577201843262,0.9936150312423706,0.05212965387880292,-1.476481419704423,-1.6951303314675092,-1.2786031637581663,3400,12.216290212183436,5.296030116358659,0.3011109988890011,25857,26.268281000011484,1.44960340000398,81707
dkasc_12,BWh,patchtst,1,-0.25,2016-01-01 00:00:00,6885,1617,0.02101658098399639,0.014880744740366936,0.9938334226608276,0.05123035680751515,-1.4738750323073146,-1.625735067494831,-1.2900140063601184,3401,12.216290212183436,5.297399041752225,0.30124229875770125,25857,40.99537699999928,1.610743099998217,81707
dkasc_12,BWh,patchtst,2,-0.25,2016-01-01 00:00:00,6885,1617,0.02183677814900875,0.01563264988362789,0.9933426976203918,0.05322968264686514,-1.4069639281143242,-1.6572915284917362,-1.2276979665970522,3401,12.216290212183436,5.297399041752225,0.30124229875770125,25857,22.59144560000277,1.5893744000059087,81707
dkasc_12,BWh,patchtst,3,-0.25,2016-01-01 00:00:00,6885,1617,0.02116234228014946,0.015266640111804008,0.9937475919723511,0.05158566689417167,-1.4604478929650777,-1.6208152152672155,-1.2880394921452765,3401,12.216290212183436,5.297399041752225,0.3011816988183012,25857,30.5632537999918,1.5865763999900082,81707
dkasc_12,BWh,patchtst,4,-0.25,2016-01-01 00:00:00,6885,1617,0.021555965766310692,0.015291323885321617,0.9935128092765808,0.05254516985325019,-1.454953002576015,-1.6344308908341048,-1.2724382609981544,3400,12.216290212183436,5.296030116358659,0.30105039894960106,25857,29.87105750000046,1.7506799999973737,81707
dkasc_12,BWh,informer,0,-0.25,2016-01-01 00:00:00,6885,1617,0.019561031833291054,0.013660050928592682,0.9946579933166504,0.047682286719507395,-1.3920092673425701,-1.5903824077279194,-1.2594759384961605,3401,12.216290212183436,5.297399041752225,0.30092919907080096,81537,27.948510500005796,0.832488200001535,81707
dkasc_12,BWh,informer,1,-0.25,2016-01-01 00:00:00,6885,1617,0.020223377272486687,0.014304782263934612,0.9942901134490967,0.0492968306458321,-1.4860830484797138,-1.6602547199485396,-1.23285557420725,3401,12.216290212183436,5.297399041752225,0.30124229875770125,81537,18.783607299992582,0.8223660000076052,81707
dkasc_12,BWh,informer,2,-0.25,2016-01-01 00:00:00,6885,1617,0.019267531111836433,0.013447434641420841,0.9948170781135559,0.046966844626674456,-1.3937835201835003,-1.5784398294534527,-1.2080127172525823,3401,12.216290212183436,5.297399041752225,0.3012018987981012,81537,22.997392899997067,0.6325828999979421,81707
dkasc_12,BWh,informer,3,-0.25,2016-01-01 00:00:00,6885,1617,0.022915394976735115,0.016430990770459175,0.9926688075065613,0.05585893642439866,-1.4237766784940042,-1.6567341462947471,-1.2392263952247928,3401,12.216290212183436,5.297399041752225,0.30124229875770125,81537,9.849510999993072,0.3663476000074297,81707
dkasc_12,BWh,informer,4,-0.25,2016-01-01 00:00:00,6885,1617,0.024588828906416893,0.017613137140870094,0.9915589690208435,0.05993812596415688,-1.3345807422654605,-1.5060697728424444,-1.1369794368012442,3401,12.216290212183436,5.297399041752225,0.30124229875770125,81537,6.1391108999960124,0.5916007999912836,81707
dkasc_12,BWh,xgboost,0,-0.5,2016-01-01 00:00:00,6885,1617,0.018177764490246773,0.011707531288266182,0.9953523278236389,0.04447727362054506,-1.58735987345352,-1.7404589167786755,-1.4435592781294424,3401,12.216290212183436,5.297399041752225,0.3013937986062014,696,1.823021799995331,0.07961850000720005,81707
dkasc_12,BWh,xgboost,1,-0.5,2016-01-01 00:00:00,6885,1617,0.018069254234433174,0.011646504513919353,0.9954077005386353,0.04421177120736074,-1.5899808510271285,-1.7121354851568849,-1.452494161039497,3401,12.216290212183436,5.297399041752225,0.3013836986163014,734,2.162775899996632,0.09971759999461938,81707
dkasc_12,BWh,xgboost,2,-0.5,2016-01-01 00:00:00,6885,1617,0.01813112199306488,0.011659393087029457,0.9953761696815491,0.044363148965083844,-1.5567850456253196,-1.7133067388662826,-1.4208989818728424,3401,12.216290212183436,5.297399041752225,0.30136349863650136,890,2.584387200011406,0.0904348000040045,81707
dkasc_12,BWh,xgboost,3,-0.5,2016-01-01 00:00:00,6885,1617,0.01812046952545643,0.011669454164803028,0.9953815937042236,0.04433708455453384,-1.5626620951425028,-1.7352921940291477,-1.4215899051717753,3401,12.216290212183436,5.297399041752225,0.3013836986163014,795,2.125465899996925,0.08336420000705402,81707
dkasc_12,BWh,xgboost,4,-0.5,2016-01-01 00:00:00,6885,1617,0.018143894150853157,0.011670026928186417,0.9953696727752686,0.044394399824174834,-1.5942725356223542,-1.7623330679704896,-1.4480474195027293,3401,12.216290212183436,5.297399041752225,0.30136349863650136,821,2.1227675000118325,0.08943279999948572,81707
dkasc_12,BWh,random_forest,0,-0.5,2016-01-01 00:00:00,6885,1617,0.018043277785182,0.011604568921029568,0.9954208731651306,0.0441482121464182,-1.484921673769446,-1.6182900824125102,-1.3320407757980268,3401,12.216290212183436,5.297399041752225,0.30115139884860115,3428880,0.8190799000003608,0.2706696999957785,81707
dkasc_12,BWh,random_forest,1,-0.5,2016-01-01 00:00:00,6885,1617,0.018207091838121414,0.01177873183041811,0.9953373670578003,0.04454903164539378,-1.4644148101771282,-1.6094913724671844,-1.3163986237915037,3401,12.216290212183436,5.297399041752225,0.30114129885870117,3428854,1.0487944000051357,0.911447100006626,81707
dkasc_12,BWh,random_forest,2,-0.5,2016-01-01 00:00:00,6885,1617,0.01815117709338665,0.01166356448084116,0.9953659176826477,0.04441221969569967,-1.4660692703723914,-1.5970680670271964,-1.3255993704586793,3401,12.216290212183436,5.297399041752225,0.30115139884860115,3435100,2.894507299992256,0.9604339999932563,81707
dkasc_12,BWh,random_forest,3,-0.5,2016-01-01 00:00:00,6885,1617,0.01812448538839817,0.01163929607719183,0.9953795671463013,0.04434691055018794,-1.4719171058009688,-1.5919135180632815,-1.3305023795315174,3401,12.216290212183436,5.297399041752225,0.3011614988385012,3432018,1.3728912999940803,0.3082381999993231,81707
dkasc_12,BWh,random_forest,4,-0.5,2016-01-01 00:00:00,6885,1617,0.018229970708489418,0.011723726987838745,0.9953256249427795,0.04460501156404839,-1.5124688819892818,-1.610942352045297,-1.360838420092956,3401,12.216290212183436,5.297399041752225,0.30115139884860115,3430840,0.6604589000053238,0.25716839999950025,81707
dkasc_12,BWh,lstm,0,-0.5,2016-01-01 00:00:00,6885,1617,0.019661396741867065,0.013772405683994293,0.9945627450942993,0.04810741844077236,-1.6554963820879176,-1.8632637743064562,-1.5114638527549906,3401,12.216290212183436,5.297399041752225,0.3014038985961014,13729,77.32742229998985,0.09733290001167916,81707
dkasc_12,BWh,lstm,1,-0.5,2016-01-01 00:00:00,6885,1617,0.019687330350279808,0.01368427649140358,0.9945483803749084,0.048170872678941226,-1.6736624336582628,-1.886896774121949,-1.5156904598382128,3401,12.216290212183436,5.297399041752225,0.30141399858600143,13729,69.25252439999895,0.09537419999833219,81707
dkasc_12,BWh,lstm,2,-0.5,2016-01-01 00:00:00,6885,1617,0.020862873643636703,0.014986395835876465,0.9938778877258301,0.05104718680103719,-1.638706455744121,-1.832306576760978,-1.476648171763666,3401,12.216290212183436,5.297399041752225,0.30141399858600143,13729,76.71609490000992,0.08892859998741187,81707
dkasc_12,BWh,lstm,3,-0.5,2016-01-01 00:00:00,6885,1617,0.020063119009137154,0.014310848899185658,0.9943382740020752,0.049090350704551235,-1.6658336721729228,-1.8307044607144385,-1.4593765913946344,3401,12.216290212183436,5.297399041752225,0.30141399858600143,13729,91.37114350000047,0.1807187999947928,81707
dkasc_12,BWh,lstm,4,-0.5,2016-01-01 00:00:00,6885,1617,0.02039201371371746,0.014356563799083233,0.9941511154174805,0.04989508881059367,-1.6550834636986387,-1.85673057740398,-1.4677784454534974,3401,12.216290212183436,5.297399041752225,0.30141399858600143,13729,76.22872279999137,0.10149460000684485,81707
dkasc_12,BWh,gru,0,-0.5,2016-01-01 00:00:00,6885,1617,0.02072855830192566,0.01474935282021761,0.993956446647644,0.05071854461800503,-1.6436593590612336,-1.835597592050231,-1.4895036238367076,3401,12.216290212183436,5.297399041752225,0.3014038985961014,151809,46.00352609998663,0.25828970001020934,81707
dkasc_12,BWh,gru,1,-0.5,2016-01-01 00:00:00,6885,1617,0.019395461305975914,0.013527764938771725,0.9947088360786438,0.047456728794425806,-1.6525122924146096,-1.7949555669993233,-1.4379118237159842,3401,12.216290212183436,5.297399041752225,0.30141399858600143,151809,87.14849839999806,0.3053138000104809,81707
dkasc_12,BWh,gru,2,-0.5,2016-01-01 00:00:00,6885,1617,0.019414059817790985,0.013698240742087364,0.9946986436843872,0.04750223555073667,-1.6446566600522017,-1.8798297444384215,-1.4756757646293732,3401,12.216290212183436,5.297399041752225,0.3014038985961014,151809,83.0088456000085,0.32286780000140425,81707
dkasc_12,BWh,gru,3,-0.5,2016-01-01 00:00:00,6885,1617,0.019771233201026917,0.013722497038543224,0.9945018291473389,0.048376165802428726,-1.6414408552583868,-1.846565284620183,-1.493070963878409,3401,12.216290212183436,5.297399041752225,0.30141399858600143,151809,74.49663799999689,0.2654584999982035,81707
dkasc_12,BWh,gru,4,-0.5,2016-01-01 00:00:00,6885,1617,0.019593266770243645,0.013801895081996918,0.9946003556251526,0.04794071832804504,-1.6865473551789023,-1.9274482926566416,-1.5035504123497967,3401,12.216290212183436,5.297399041752225,0.30134329865670134,151809,87.01544839999406,0.42374589999963064,81707
dkasc_12,BWh,tcn,0,-0.5,2016-01-01 00:00:00,6885,1617,0.018866242840886116,0.013115941546857357,0.9949936270713806,0.046161839398676775,-1.7435666657957039,-1.8899123244263571,-1.536295381977687,3401,12.216290212183436,5.297399041752225,0.30115139884860115,198273,7.005539299992961,0.4924775000108639,81707
dkasc_12,BWh,tcn,1,-0.5,2016-01-01 00:00:00,6885,1617,0.018385205417871475,0.012750992551445961,0.9952456951141357,0.04498483916321748,-1.7189488942508824,-1.8927955133214658,-1.5365626852028802,3401,12.216290212183436,5.297399041752225,0.30134329865670134,198273,9.849882599999546,0.6902629999967758,81707
dkasc_12,BWh,tcn,2,-0.5,2016-01-01 00:00:00,6885,1617,0.01851801387965679,0.012674259953200817,0.9951767325401306,0.0453097943191234,-1.6800491039114962,-1.8626845185360679,-1.5179373320533984,3401,12.216290212183436,5.297399041752225,0.30136349863650136,198273,9.53871490000165,0.6576725000049919,81707
dkasc_12,BWh,tcn,3,-0.5,2016-01-01 00:00:00,6885,1617,0.0189514197409153,0.013173081912100315,0.9949483275413513,0.046370249860303143,-1.6824468531484449,-1.822362147384382,-1.541736084489187,3401,12.216290212183436,5.297399041752225,0.3013937986062014,198273,6.1960047999891685,0.6944116000086069,81707
dkasc_12,BWh,tcn,4,-0.5,2016-01-01 00:00:00,6885,1617,0.01917586475610733,0.013480737805366516,0.9948279857635498,0.04691942092910094,-1.7312913421860032,-1.8668630946692688,-1.5415571549371199,3401,12.216290212183436,5.297399041752225,0.30062619937380064,198273,7.657396399998106,0.6856412999914028,81707
dkasc_12,BWh,patchtst,0,-0.5,2016-01-01 00:00:00,6885,1617,0.02157638408243656,0.015448842197656631,0.9934520125389099,0.052793000981578686,-1.7040176088331218,-1.8897914513256675,-1.529805294171296,3400,12.216290212183436,5.296030116358659,0.30129279870720127,25857,31.222000599998864,2.086152800009586,81707
dkasc_12,BWh,patchtst,1,-0.5,2016-01-01 00:00:00,6885,1617,0.02121792733669281,0.015104075893759727,0.993667721748352,0.05191593060418826,-1.6880059563329053,-1.8529095763750392,-1.5096336657435705,3401,12.216290212183436,5.297399041752225,0.3014240985759014,25857,44.89013230000273,1.7704326000093715,81707
dkasc_12,BWh,patchtst,2,-0.5,2016-01-01 00:00:00,6885,1617,0.021912705153226852,0.015787361189723015,0.9932462573051453,0.05361590988756217,-1.6669586672838577,-1.8713905263596509,-1.4781376073838781,3401,12.216290212183436,5.297399041752225,0.3014240985759014,25857,21.749722599997767,1.7452207999886014,81707
dkasc_12,BWh,patchtst,3,-0.5,2016-01-01 00:00:00,6885,1617,0.021349607035517693,0.015446621924638748,0.993588924407959,0.052238123907883426,-1.662531469120765,-1.8636111647720277,-1.5382590873456836,3401,12.216290212183436,5.297399041752225,0.3013937986062014,25857,27.425007900004857,1.4874200000049314,81707
dkasc_12,BWh,patchtst,4,-0.5,2016-01-01 00:00:00,6885,1617,0.022753184661269188,0.01654558628797531,0.9927182197570801,0.05567239142420643,-1.6450071554585288,-1.9007223709577303,-1.4685960503070397,3401,12.216290212183436,5.297399041752225,0.3012321987678012,25857,17.24987189999956,1.4878692000056617,81707
dkasc_12,BWh,informer,0,-0.5,2016-01-01 00:00:00,6885,1617,0.019860196858644485,0.01382447686046362,0.9944522380828857,0.048593841685745626,-1.627917971991674,-1.7936736231170771,-1.4862829573194736,3401,12.216290212183436,5.297399041752225,0.3013735986264014,81537,13.337918300007004,0.37258070000098087,81707
dkasc_12,BWh,informer,1,-0.5,2016-01-01 00:00:00,6885,1617,0.021941252052783966,0.01582936756312847,0.9932286739349365,0.05368575831492524,-1.6675568371761083,-1.8546574967180554,-1.4891613675853677,3401,12.216290212183436,5.297399041752225,0.3014240985759014,81537,8.787568100000499,0.37029060001077596,81707
dkasc_12,BWh,informer,2,-0.5,2016-01-01 00:00:00,6885,1617,0.020261233672499657,0.01411721482872963,0.9942259192466736,0.04957509678514569,-1.6677679556393765,-1.8086005328684318,-1.4819054875214621,3401,12.216290212183436,5.297399041752225,0.3014240985759014,81537,19.993001800001366,0.4938892000063788,81707
dkasc_12,BWh,informer,3,-0.5,2016-01-01 00:00:00,6885,1617,0.021002119407057762,0.015070845372974873,0.9937959313392639,0.05138789271806583,-1.667316512244954,-1.86208611175108,-1.454665795338972,3401,12.216290212183436,5.297399041752225,0.3014240985759014,81537,12.40255139999499,0.5021183000062592,81707
dkasc_12,BWh,informer,4,-0.5,2016-01-01 00:00:00,6885,1617,0.024668246507644653,0.01801077090203762,0.9914408922195435,0.060358156265488704,-1.529487953306452,-1.7291218238245198,-1.357475836300126,3401,12.216290212183436,5.297399041752225,0.3014240985759014,81537,6.30067159999453,0.5032671000080882,81707
dkasc_12,BWh,xgboost,0,-1.0,2016-01-01 00:00:00,6885,1617,0.018720099702477455,0.012274026870727539,0.994996964931488,0.046151852547673684,-2.0449185604463183,-2.212312041716073,-1.900819535321698,3401,12.216290212183436,5.297399041752225,0.30206039793960204,696,2.8433168999908958,0.08167390000016894,81707
dkasc_12,BWh,xgboost,1,-1.0,2016-01-01 00:00:00,6885,1617,0.018690764904022217,0.012219516560435295,0.995012640953064,0.04607953160310934,-2.067470769097493,-2.235888147342502,-1.885320709207398,3401,12.216290212183436,5.297399041752225,0.30206039793960204,685,2.3309276000072714,0.07299039998906665,81707
dkasc_12,BWh,xgboost,2,-1.0,2016-01-01 00:00:00,6885,1617,0.01866486296057701,0.012258539907634258,0.9950264096260071,0.04601567389435883,-2.049140111794385,-2.2206537425874195,-1.8978285386943128,3401,12.216290212183436,5.297399041752225,0.302019997980002,892,2.954673100000946,0.09485179999319371,81707
dkasc_12,BWh,xgboost,3,-1.0,2016-01-01 00:00:00,6885,1617,0.018685853108763695,0.012253944762051105,0.9950152635574341,0.046067422241828235,-2.036126517522896,-2.1967224014609488,-1.8732780321572773,3401,12.216290212183436,5.297399041752225,0.30206039793960204,775,2.4240368000027956,0.08166479998908471,81707
dkasc_12,BWh,xgboost,4,-1.0,2016-01-01 00:00:00,6885,1617,0.01869514212012291,0.012276479974389076,0.995010256767273,0.04609032303238906,-2.0625240278141916,-2.2359990483470815,-1.909060261740736,3401,12.216290212183436,5.297399041752225,0.3021007978992021,624,2.0793866999883903,0.07131510000908747,81707
dkasc_12,BWh,random_forest,0,-1.0,2016-01-01 00:00:00,6885,1617,0.018685409799218178,0.01221422664821148,0.9950155019760132,0.04606632932260756,-1.9549390350793727,-2.0841227489405756,-1.7807001198666295,3401,12.216290212183436,5.297399041752225,0.3017977982022018,3425218,0.7352858999947784,0.3018941000045743,81707
dkasc_12,BWh,random_forest,1,-1.0,2016-01-01 00:00:00,6885,1617,0.018716009333729744,0.012244789861142635,0.9949991106987,0.04614176830141911,-1.9268207241384385,-2.097610495779545,-1.771940030292458,3401,12.216290212183436,5.297399041752225,0.3017876982123018,3426934,0.7276419999980135,0.28781500000332016,81707
dkasc_12,BWh,random_forest,2,-1.0,2016-01-01 00:00:00,6885,1617,0.018625697121024132,0.012163985520601273,0.9950472712516785,0.04591911585884201,-1.9504791725261656,-2.097759221123918,-1.7755391179094415,3401,12.216290212183436,5.297399041752225,0.3018078981921018,3429756,0.7425855999899795,0.2700535000039963,81707
dkasc_12,BWh,random_forest,3,-1.0,2016-01-01 00:00:00,6885,1617,0.018718646839261055,0.012243576347827911,0.9949977397918701,0.046148270711572334,-1.9222987573660588,-2.077531732043346,-1.7669607749328098,3401,12.216290212183436,5.297399041752225,0.3017876982123018,3425400,0.7337431999912951,0.30794369999784976,81707
dkasc_12,BWh,random_forest,4,-1.0,2016-01-01 00:00:00,6885,1617,0.018680738285183907,0.012200971134006977,0.995017945766449,0.04605481234191245,-1.9238639294107962,-2.06960394786812,-1.7598379168296097,3401,12.216290212183436,5.297399041752225,0.30181799818200183,3430380,0.7161938000062946,0.28511029999936,81707
dkasc_12,BWh,lstm,0,-1.0,2016-01-01 00:00:00,6885,1617,0.020168635994195938,0.014322786591947079,0.9941927194595337,0.04972302120638003,-2.123872507571689,-2.3391343918700014,-1.9682847381134128,3401,12.216290212183436,5.297399041752225,0.30208059791940206,13729,69.4139972999983,0.09779989998787642,81707
dkasc_12,BWh,lstm,1,-1.0,2016-01-01 00:00:00,6885,1617,0.02031313069164753,0.014316903427243233,0.9941092133522034,0.05007925317504973,-2.1170067735980536,-2.3191078653966635,-1.9633692763958244,3401,12.216290212183436,5.297399041752225,0.3020906979093021,13729,68.70242119999602,0.09382480000203941,81707
dkasc_12,BWh,lstm,2,-1.0,2016-01-01 00:00:00,6885,1617,0.02134963497519493,0.015457578003406525,0.9934927225112915,0.05263461311541271,-2.087609287291725,-2.2615725459508407,-1.945542078382645,3401,12.216290212183436,5.297399041752225,0.3020906979093021,13729,69.06948239999474,0.10090299999865238,81707
dkasc_12,BWh,lstm,3,-1.0,2016-01-01 00:00:00,6885,1617,0.02074618823826313,0.014931885525584221,0.993855357170105,0.05114689749071625,-2.106956732873666,-2.2539085045813145,-1.9335330827578812,3401,12.216290212183436,5.297399041752225,0.3020906979093021,13729,70.02772670000559,0.09811930000432767,81707
dkasc_12,BWh,lstm,4,-1.0,2016-01-01 00:00:00,6885,1617,0.020988358184695244,0.01491281483322382,0.9937111139297485,0.0517439344636408,-2.1255956856111147,-2.302375807751159,-1.9422554612280818,3401,12.216290212183436,5.297399041752225,0.3020906979093021,13729,72.25623870000709,0.09672049999062438,81707
dkasc_12,BWh,gru,0,-1.0,2016-01-01 00:00:00,6885,1617,0.020628418773412704,0.014612636528909206,0.9939249157905579,0.05085655293792116,-2.093721543292229,-2.283405340295222,-1.9505441557617405,3401,12.216290212183436,5.297399041752225,0.30208059791940206,151809,61.574350399998366,0.2552460000006249,81707
dkasc_12,BWh,gru,1,-1.0,2016-01-01 00:00:00,6885,1617,0.019909745082259178,0.014070682227611542,0.9943408370018005,0.04908476097360697,-2.107428099292752,-2.3120352094564534,-1.9298791774344866,3401,12.216290212183436,5.297399041752225,0.3021007978992021,151809,69.40754690000904,0.25228749999951106,81707
dkasc_12,BWh,gru,2,-1.0,2016-01-01 00:00:00,6885,1617,0.019900325685739517,0.014178209006786346,0.9943462014198303,0.04906153873621654,-2.118162773596899,-2.2988369946476683,-1.9518118656885797,3401,12.216290212183436,5.297399041752225,0.30208059791940206,151809,63.77188680000836,0.30019899999024346,81707
dkasc_12,BWh,gru,3,-1.0,2016-01-01 00:00:00,6885,1617,0.02027832344174385,0.014297782443463802,0.9941294193267822,0.04999344064783696,-2.087279121214103,-2.318627316547661,-1.9686869256212325,3401,12.216290212183436,5.297399041752225,0.3020906979093021,151809,82.12677299999632,0.33453610001015477,81707
dkasc_12,BWh,gru,4,-1.0,2016-01-01 00:00:00,6885,1617,0.020343665033578873,0.014424387365579605,0.9940915107727051,0.05015453143044647,-2.1245157986273577,-2.3168361501474055,-1.9486793013891446,3401,12.216290212183436,5.297399041752225,0.3020906979093021,151809,77.40200900001219,0.30245949998789,81707
dkasc_12,BWh,tcn,0,-1.0,2016-01-01 00:00:00,6885,1617,0.019558439031243324,0.013913128525018692,0.9945387840270996,0.04821866382010498,-2.170304944360024,-2.336816453084012,-1.9901878622798574,3401,12.216290212183436,5.297399041752225,0.301969498030502,198273,6.486234500000137,0.46239869999408256,81707
dkasc_12,BWh,tcn,1,-1.0,2016-01-01 00:00:00,6885,1617,0.019872428849339485,0.013998561538755894,0.9943620562553406,0.04899276289097303,-2.1805391132410645,-2.346657891243442,-2.065424599476129,3401,12.216290212183436,5.297399041752225,0.3021007978992021,198273,5.531831200001761,0.5057366999972146,81707
dkasc_12,BWh,tcn,2,-1.0,2016-01-01 00:00:00,6885,1617,0.019051754847168922,0.013324095867574215,0.9948180913925171,0.046969503071856114,-2.130283540874356,-2.3220643294612042,-1.987561361143475,3401,12.216290212183436,5.297399041752225,0.30195939804060196,198273,7.622167000008631,0.5053888999973424,81707
dkasc_12,BWh,tcn,3,-1.0,2016-01-01 00:00:00,6885,1617,0.01974223181605339,0.013780307024717331,0.9944356679916382,0.04867177986321868,-2.160055570139452,-2.310894793203666,-1.9685604508376753,3401,12.216290212183436,5.297399041752225,0.30205029794970206,198273,4.3972486999991816,0.5080844000040088,81707
dkasc_12,BWh,tcn,4,-1.0,2016-01-01 00:00:00,6885,1617,0.01919206604361534,0.013633577153086662,0.9947414994239807,0.04731542118939294,-2.1538042815195335,-2.348891205851417,-1.9601133586191644,3401,12.216290212183436,5.297399041752225,0.30146449853550145,198273,6.5892201000096975,0.5084130000032019,81707
dkasc_12,BWh,patchtst,0,-1.0,2016-01-01 00:00:00,6885,1617,0.02206280268728733,0.016013357788324356,0.9930506944656372,0.05439283083932229,-2.1459152653190596,-2.328494072464167,-1.947000804661114,3400,12.216290212183436,5.296030116358659,0.302009897990102,25857,22.581921399993007,1.525135700008832,81707
dkasc_12,BWh,patchtst,1,-1.0,2016-01-01 00:00:00,6885,1617,0.021841004490852356,0.015854906290769577,0.9931897521018982,0.05384601763747528,-2.1509617555317107,-2.297834882802319,-1.9828607283633781,3401,12.216290212183436,5.297399041752225,0.3020906979093021,25857,33.352121000003535,1.5331101999909151,81707
dkasc_12,BWh,patchtst,2,-1.0,2016-01-01 00:00:00,6885,1617,0.022523431107401848,0.016533274203538895,0.9927574992179871,0.055528447383158305,-2.1661960936137037,-2.306213191117301,-1.9984048647320174,3401,12.216290212183436,5.297399041752225,0.3021007978992021,25857,20.536348699999508,1.5399714999948628,81707
dkasc_12,BWh,patchtst,3,-1.0,2016-01-01 00:00:00,6885,1617,0.02173004299402237,0.015799477696418762,0.9932587742805481,0.05357245720128332,-2.1243275384250415,-2.295677049326006,-1.9964083003071398,3401,12.216290212183436,5.297399041752225,0.3020704979295021,25857,22.796803500008537,1.2833673999994062,81707
dkasc_12,BWh,patchtst,4,-1.0,2016-01-01 00:00:00,6885,1617,0.022223038598895073,0.016045963391661644,0.9929494261741638,0.05478787062452086,-2.1559484394339634,-2.320135638464005,-1.9710942675919376,3400,12.216290212183436,5.296030116358659,0.3018987981012019,25857,22.080918800013023,1.287355899999966,81707
dkasc_12,BWh,informer,0,-1.0,2016-01-01 00:00:00,6885,1617,0.02000676654279232,0.013940989039838314,0.9942855834960938,0.04932395415161622,-2.146623138540915,-2.281790686620069,-1.959118086375533,3401,12.216290212183436,5.297399041752225,0.302040197959802,81537,20.381765600002836,0.460368699990795,81707
dkasc_12,BWh,informer,1,-1.0,2016-01-01 00:00:00,6885,1617,0.021029945462942123,0.015082234516739845,0.9936861395835876,0.05184646222599321,-2.1570788044930054,-2.3295084726056863,-1.966641507608824,3401,12.216290212183436,5.297399041752225,0.3021007978992021,81537,14.783292699998128,0.43730649999633897,81707
dkasc_12,BWh,informer,2,-1.0,2016-01-01 00:00:00,6885,1617,0.02090892381966114,0.014708009548485279,0.9937586188316345,0.05154809987084817,-2.063502578687104,-2.2508425714326763,-1.868963370528266,3401,12.216290212183436,5.297399041752225,0.3021007978992021,81537,20.84625010000309,0.4327647000027355,81707
dkasc_12,BWh,informer,3,-1.0,2016-01-01 00:00:00,6885,1617,0.02153271809220314,0.015688763931393623,0.993380606174469,0.053085979569353826,-2.12316711954893,-2.365694316048772,-1.9677069119896307,3401,12.216290212183436,5.297399041752225,0.3021007978992021,81537,11.727113500004634,0.4974463999969885,81707
dkasc_12,BWh,informer,4,-1.0,2016-01-01 00:00:00,6885,1617,0.02544885128736496,0.018650751560926437,0.9907539486885071,0.06274067183342545,-2.004488737210318,-2.1948134337490877,-1.83062963425773,3401,12.216290212183436,5.297399041752225,0.3021007978992021,81537,6.003198100006557,0.49820570000156295,81707
dkasc_12,BWh,xgboost,0,-2.0,2016-01-01 00:00:00,6885,1617,0.020233532413840294,0.013819994404911995,0.9939785003662109,0.0506517746985941,-3.0067288097564093,-3.1599789357620534,-2.869912704394717,3401,12.216290212183436,5.297399041752225,0.30315119684880315,696,2.491864399999031,0.0772242999955779,81707
dkasc_12,BWh,xgboost,1,-2.0,2016-01-01 00:00:00,6885,1617,0.020283786579966545,0.01377270370721817,0.9939485788345337,0.05077757886606372,-2.9934376345417846,-3.1392939887021316,-2.8624350455820347,3401,12.216290212183436,5.297399041752225,0.30315119684880315,701,2.511617700001807,0.08470310000120662,81707
dkasc_12,BWh,xgboost,2,-2.0,2016-01-01 00:00:00,6885,1617,0.0202805083245039,0.013800682500004768,0.9939505457878113,0.0507693722191124,-3.0046196738778543,-3.144582640935223,-2.857122557842162,3401,12.216290212183436,5.297399041752225,0.3031107968892031,706,1.8445559999963734,0.07984869999927469,81707
dkasc_12,BWh,xgboost,3,-2.0,2016-01-01 00:00:00,6885,1617,0.02025342360138893,0.013829662464559078,0.9939666986465454,0.050701569461544735,-2.9818676544194567,-3.1413464175625236,-2.845546606949434,3401,12.216290212183436,5.297399041752225,0.3031410968589031,769,2.313421599988942,0.08143659999768715,81707
dkasc_12,BWh,xgboost,4,-2.0,2016-01-01 00:00:00,6885,1617,0.020301425829529762,0.01382641401141882,0.9939380288124084,0.050821736222102905,-3.0086167578849743,-3.161742749489427,-2.8611488165877663,3401,12.216290212183436,5.297399041752225,0.3031814968185032,625,2.4016002999997,0.07253469999704976,81707
dkasc_12,BWh,random_forest,0,-2.0,2016-01-01 00:00:00,6885,1617,0.02018628641963005,0.013616763986647129,0.9940066337585449,0.05053350106227584,-2.846851014000783,-3.0054567954561078,-2.7124556097032126,3401,12.216290212183436,5.297399041752225,0.30286839713160285,3421092,0.7317971000011312,0.25321480000275187,81707
dkasc_12,BWh,random_forest,1,-2.0,2016-01-01 00:00:00,6885,1617,0.020218748599290848,0.01366004254668951,0.9939873218536377,0.05061476551856422,-2.868774132111729,-3.0104787974498337,-2.736169944933864,3401,12.216290212183436,5.297399041752225,0.30286839713160285,3420084,0.720683999999892,0.26787250000052154,81707
dkasc_12,BWh,random_forest,2,-2.0,2016-01-01 00:00:00,6885,1617,0.0202791690826416,0.013677380047738552,0.9939513206481934,0.05076601961731808,-2.8709817881209285,-3.0149578434551016,-2.731746861311801,3401,12.216290212183436,5.297399041752225,0.3028986971013029,3421854,0.7263308999972651,0.2791620999923907,81707
dkasc_12,BWh,random_forest,3,-2.0,2016-01-01 00:00:00,6885,1617,0.020243296399712563,0.013646988198161125,0.9939727187156677,0.05067621745047979,-2.867415197582879,-3.00175715329154,-2.7388694796129376,3401,12.216290212183436,5.297399041752225,0.3029087970912029,3421416,0.7363958000059938,0.2643050000042422,81707
dkasc_12,BWh,random_forest,4,-2.0,2016-01-01 00:00:00,6885,1617,0.02029445953667164,0.013686902821063995,0.9939422011375427,0.050804297097331357,-2.8694591501806865,-3.02117922681151,-2.726106650351734,3401,12.216290212183436,5.297399041752225,0.3028784971215029,3420536,0.740860399993835,0.26179319999937434,81707
dkasc_12,BWh,lstm,0,-2.0,2016-01-01 00:00:00,6885,1617,0.022033104673027992,0.016123460605740547,0.9928597807884216,0.055156748262373066,-3.024270252922301,-3.2112621635958787,-2.8785703801249007,3401,12.216290212183436,5.297399041752225,0.3031915968084032,13729,61.98501770000439,0.09335389999614563,81707
dkasc_12,BWh,lstm,1,-2.0,2016-01-01 00:00:00,6885,1617,0.021784013137221336,0.015957385301589966,0.9930202960968018,0.0545331829801006,-3.043488100441716,-3.2114607163522337,-2.8522072619926675,3401,12.216290212183436,5.297399041752225,0.3032016967983032,13729,70.20654800000193,0.10446719999890774,81707
dkasc_12,BWh,lstm,2,-2.0,2016-01-01 00:00:00,6885,1617,0.022748589515686035,0.01680825464427471,0.9923885464668274,0.05694786294810064,-3.062659967413463,-3.177035604787437,-2.902533156100706,3401,12.216290212183436,5.297399041752225,0.3031814968185032,13729,71.38323330000276,0.0924278000020422,81707
dkasc_12,BWh,lstm,3,-2.0,2016-01-01 00:00:00,6885,1617,0.022043248638510704,0.016251403838396072,0.9928532242774963,0.05518214223924629,-3.0412001902691554,-3.200873082619571,-2.851328331503389,3401,12.216290212183436,5.297399041752225,0.3031814968185032,13729,70.7751442000008,0.09706110000843182,81707
dkasc_12,BWh,lstm,4,-2.0,2016-01-01 00:00:00,6885,1617,0.0222784411162138,0.016225747764110565,0.992699921131134,0.05577091320359221,-3.0313316131639123,-3.1893356472368217,-2.856535067862198,3401,12.216290212183436,5.297399041752225,0.3031915968084032,13729,70.98438760000863,0.08237730000109877,81707
dkasc_12,BWh,gru,0,-2.0,2016-01-01 00:00:00,6885,1617,0.0220189206302166,0.016103900969028473,0.992868959903717,0.05512124052570587,-3.074830680097456,-3.27109213528598,-2.922746018386835,3401,12.216290212183436,5.297399041752225,0.30317139682860317,151809,61.04360710000037,0.3329098999965936,81707
dkasc_12,BWh,gru,1,-2.0,2016-01-01 00:00:00,6885,1617,0.02140580676496029,0.015575057826936245,0.9932605624198914,0.053586397042503495,-3.052130566850586,-3.220263259481304,-2.8933726347109556,3401,12.216290212183436,5.297399041752225,0.3031915968084032,151809,82.58547449999605,0.27049530000658706,81707
dkasc_12,BWh,gru,2,-2.0,2016-01-01 00:00:00,6885,1617,0.02178366854786873,0.015861831605434418,0.9930205345153809,0.054532320349597194,-3.0422557157755437,-3.234308225726268,-2.8995799043368575,3401,12.216290212183436,5.297399041752225,0.3031814968185032,151809,59.754541800008155,0.21134750000783242,81707
dkasc_12,BWh,gru,3,-2.0,2016-01-01 00:00:00,6885,1617,0.023342443630099297,0.01747862435877323,0.9919859170913696,0.05843449238046403,-3.0280242183973516,-3.203692307150874,-2.898026217563243,3401,12.216290212183436,5.297399041752225,0.3031915968084032,151809,33.18783920000715,0.24694179999642074,81707
dkasc_12,BWh,gru,4,-2.0,2016-01-01 00:00:00,6885,1617,0.021689636632800102,0.015788428485393524,0.9930806756019592,0.0542969248052544,-3.091834278474559,-3.2366709024419182,-2.9160576869309174,3401,12.216290212183436,5.297399041752225,0.30317139682860317,151809,69.29172239999752,0.24735999999393243,81707
dkasc_12,BWh,tcn,0,-2.0,2016-01-01 00:00:00,6885,1617,0.020912477746605873,0.015152477659285069,0.9935676455497742,0.0523514179108876,-3.037525831324106,-3.20873098614738,-2.8914776577392165,3401,12.216290212183436,5.297399041752225,0.30305019694980306,198273,7.008861900001648,0.3809496999892872,81707
dkasc_12,BWh,tcn,1,-2.0,2016-01-01 00:00:00,6885,1617,0.02036302164196968,0.014618370682001114,0.9939011931419373,0.050975932590303516,-3.1090548662403017,-3.2448741458992063,-2.9548768470440967,3401,12.216290212183436,5.297399041752225,0.30313099686900313,198273,9.324426000006497,0.3652410999929998,81707
dkasc_12,BWh,tcn,2,-2.0,2016-01-01 00:00:00,6885,1617,0.021233288571238518,0.015162738971412182,0.9933687448501587,0.05315452224669046,-3.0345024014766295,-3.1908505319995117,-2.8743476451446037,3401,12.216290212183436,5.297399041752225,0.3031915968084032,198273,7.101540700008627,0.3482604999881005,81707
dkasc_12,BWh,tcn,3,-2.0,2016-01-01 00:00:00,6885,1617,0.02270573191344738,0.016597459092736244,0.9924171566963196,0.056840575027814935,-3.0461668893141503,-3.217091710601727,-2.9229889962215156,3401,12.216290212183436,5.297399041752225,0.3032016967983032,198273,3.501167099995655,0.4671550999919418,81707
dkasc_12,BWh,tcn,4,-2.0,2016-01-01 00:00:00,6885,1617,0.021076751872897148,0.015297808684408665,0.9934661984443665,0.052762654854765105,-3.0379496672260253,-3.2079126891354615,-2.8933630444331406,3401,12.216290212183436,5.297399041752225,0.3028784971215029,198273,7.284511099991505,0.47778860000835266,81707
dkasc_12,BWh,patchtst,0,-2.0,2016-01-01 00:00:00,6885,1617,0.02355557307600975,0.017521822825074196,0.9918389320373535,0.05896803167825408,-3.065068984603016,-3.224598753881683,-2.929540469167271,3400,12.216290212183436,5.296030116358659,0.3031410968589031,25857,21.54141299999901,1.4979348999913782,81707
dkasc_12,BWh,patchtst,1,-2.0,2016-01-01 00:00:00,6885,1617,0.023244142532348633,0.017258943989872932,0.9920532703399658,0.058188409543614185,-3.100448886079199,-3.2684915052190733,-2.9267000879230416,3401,12.216290212183436,5.297399041752225,0.3031915968084032,25857,34.76758919999702,1.515437699999893,81707
dkasc_12,BWh,patchtst,2,-2.0,2016-01-01 00:00:00,6885,1617,0.023060843348503113,0.017018252983689308,0.9921781420707703,0.057729546070213536,-3.104229789997226,-3.2630333873024777,-2.949950897790221,3401,12.216290212183436,5.297399041752225,0.3031915968084032,25857,29.605170199996792,1.386850399998366,81707
dkasc_12,BWh,patchtst,3,-2.0,2016-01-01 00:00:00,6885,1617,0.02308945544064045,0.017146185040473938,0.9921587109565735,0.0578011723792017,-3.0870434507785927,-3.2452442456142117,-2.9183909857358636,3401,12.216290212183436,5.297399041752225,0.3031410968589031,25857,25.978392300006817,1.519279700005427,81707
dkasc_12,BWh,patchtst,4,-2.0,2016-01-01 00:00:00,6885,1617,0.022747281938791275,0.016660206019878387,0.9923893809318542,0.05694458961505529,-3.094217850254266,-3.1991306528496892,-2.906004335279888,3401,12.216290212183436,5.297399041752225,0.303040096959903,25857,34.87034959999437,1.5186287999968044,81707
dkasc_12,BWh,informer,0,-2.0,2016-01-01 00:00:00,6885,1617,0.02203947678208351,0.01609819382429123,0.9928556680679321,0.05517269993238469,-3.0634020339566552,-3.208776140202263,-2.9180295477477136,3401,12.216290212183436,5.297399041752225,0.3030703969296031,81537,12.88607619999675,0.587678900003084,81707
dkasc_12,BWh,informer,1,-2.0,2016-01-01 00:00:00,6885,1617,0.02437666244804859,0.01813962310552597,0.9912600517272949,0.0610235123046361,-3.108857994028913,-3.233371378883752,-2.940482225249741,3401,12.216290212183436,5.297399041752225,0.3032016967983032,81537,7.889411399999517,0.5691459000081522,81707
dkasc_12,BWh,informer,2,-2.0,2016-01-01 00:00:00,6885,1617,0.02209840714931488,0.015897607430815697,0.9928174018859863,0.055320223737069775,-2.9794224849291506,-3.118234501065331,-2.84585958928194,3401,12.216290212183436,5.297399041752225,0.3031915968084032,81537,17.67110780000803,0.593030699994415,81707
dkasc_12,BWh,informer,3,-2.0,2016-01-01 00:00:00,6885,1617,0.022957149893045425,0.01713169366121292,0.9922482967376709,0.057469964231702295,-3.0370832911631673,-3.2336337849989794,-2.87826368252021,3401,12.216290212183436,5.297399041752225,0.3032016967983032,81537,11.170438000001013,0.5808536999975331,81707
dkasc_12,BWh,informer,4,-2.0,2016-01-01 00:00:00,6885,1617,0.02212509699165821,0.01613093726336956,0.9928000569343567,0.05538703796670921,-3.0383360809971505,-3.173380277571536,-2.917061454211307,3401,12.216290212183436,5.297399041752225,0.3031915968084032,81537,16.44154790000175,0.5813239000126487,81707
dkasc_14,BWh,xgboost,0,0.0,2016-01-01 00:00:00,6832,1552,0.02034784108400345,0.0136693911626935,0.9949631690979004,0.04545752184025531,-1.0672374511099207,-1.2623046978186447,-0.8997511132702133,3377,12.238193018480493,5.264544832306639,0.30086189413911985,961,2.502602399996249,0.11078439999255352,81167
dkasc_14,BWh,xgboost,1,0.0,2016-01-01 00:00:00,6832,1552,0.020331673324108124,0.013596638105809689,0.9949711561203003,0.045421402711178394,-1.0515018316260893,-1.2762074643636188,-0.89771454090386,3377,12.238193018480493,5.264544832306639,0.3008720340701683,1088,3.012111600008211,0.12755630000901874,81167
dkasc_14,BWh,xgboost,2,0.0,2016-01-01 00:00:00,6832,1552,0.02041444554924965,0.01369996927678585,0.99493008852005,0.045606317671768266,-1.0813134268970404,-1.256258043809566,-0.8628954408135769,3377,12.238193018480493,5.264544832306639,0.3008720340701683,976,2.800101299988455,0.1015730000071926,81167
dkasc_14,BWh,xgboost,3,0.0,2016-01-01 00:00:00,6832,1552,0.020376110449433327,0.013703332282602787,0.9949491620063782,0.0455206762206701,-1.0911691486322483,-1.2906906781747884,-0.8879895632806001,3377,12.238193018480493,5.264544832306639,0.30086189413911985,995,2.734031900006812,0.10276400001021102,81167
dkasc_14,BWh,xgboost,4,0.0,2016-01-01 00:00:00,6832,1552,0.020449168980121613,0.013732517138123512,0.99491286277771,0.04568389057548392,-1.0682417506332107,-1.2642692572978325,-0.8747429361947011,3377,12.238193018480493,5.264544832306639,0.30086189413911985,980,2.81951939999999,0.09582089999457821,81167
dkasc_14,BWh,random_forest,0,0.0,2016-01-01 00:00:00,6832,1552,0.020786747336387634,0.013998032547533512,0.9947435259819031,0.04643804800375399,-0.9949092739861096,-1.1759531813149773,-0.8681867633744191,3377,12.238193018480493,5.264544832306639,0.3008720340701683,3400868,0.8765358999953605,0.2683305999962613,81167
dkasc_14,BWh,random_forest,1,0.0,2016-01-01 00:00:00,6832,1552,0.020688576623797417,0.013973277993500233,0.9947930574417114,0.04621873248555135,-0.9869290760404292,-1.1236277760667033,-0.8504708399218714,3377,12.238193018480493,5.264544832306639,0.3008720340701683,3400352,0.7478300999937346,0.2610813999926904,81167
dkasc_14,BWh,random_forest,2,0.0,2016-01-01 00:00:00,6832,1552,0.02086428552865982,0.014012071304023266,0.9947041869163513,0.04661127002048371,-0.9718185181977411,-1.1227174074921353,-0.8514792728110232,3377,12.238193018480493,5.264544832306639,0.3008720340701683,3402274,0.8331096000038087,0.2678999999916414,81167
dkasc_14,BWh,random_forest,3,0.0,2016-01-01 00:00:00,6832,1552,0.020720090717077255,0.013988307677209377,0.9947771430015564,0.04628913565892144,-0.9841874044065613,-1.1549075257884955,-0.8503245313826902,3377,12.238193018480493,5.264544832306639,0.30086189413911985,3398510,0.8165299000102095,0.265346000000136,81167
dkasc_14,BWh,random_forest,4,0.0,2016-01-01 00:00:00,6832,1552,0.02075967751443386,0.013941635377705097,0.9947571754455566,0.046377573429690074,-0.9741467544823412,-1.1282693328641957,-0.8573470498461959,3377,12.238193018480493,5.264544832306639,0.3008720340701683,3401948,0.9136189999990165,0.26688080000167247,81167
dkasc_14,BWh,lstm,0,0.0,2016-01-01 00:00:00,6832,1552,0.023008940741419792,0.0161906611174345,0.9935595393180847,0.05140247665372681,-1.1069943498771828,-1.3036933474990353,-0.9303090179844966,3377,12.238193018480493,5.264544832306639,0.3008720340701683,13729,69.34783500000776,0.05116390000330284,81167
dkasc_14,BWh,lstm,1,0.0,2016-01-01 00:00:00,6832,1552,0.023434732109308243,0.01652354747056961,0.9933189749717712,0.05235370387853533,-1.1354403559766524,-1.3008928750327053,-0.9269897617537158,3377,12.238193018480493,5.264544832306639,0.3008720340701683,13729,71.58041270000103,0.1024057000031462,81167
dkasc_14,BWh,lstm,2,0.0,2016-01-01 00:00:00,6832,1552,0.02452642284333706,0.017480183392763138,0.9926820397377014,0.05479256484565447,-1.1629426037530588,-1.4199707709331766,-0.9679847724858048,3377,12.238193018480493,5.264544832306639,0.3008720340701683,13729,41.28085329999158,0.09769830000004731,81167
dkasc_14,BWh,lstm,3,0.0,2016-01-01 00:00:00,6832,1552,0.02426709234714508,0.01721283420920372,0.9928359389305115,0.05421321484749871,-1.1807275673307225,-1.3799831269369567,-0.9520897784678694,3377,12.238193018480493,5.264544832306639,0.3008720340701683,13729,57.75999750000483,0.09648839999863412,81167
dkasc_14,BWh,lstm,4,0.0,2016-01-01 00:00:00,6832,1552,0.02342691458761692,0.016406724229454994,0.9933234453201294,0.052336239364164844,-1.1320572927603079,-1.3633741989909964,-0.9350029508537852,3377,12.238193018480493,5.264544832306639,0.3008720340701683,13729,71.34937910000735,0.09389180000289343,81167
dkasc_14,BWh,gru,0,0.0,2016-01-01 00:00:00,6832,1552,0.023052964359521866,0.0157302375882864,0.9935348629951477,0.051500826379041666,-1.1173793598163235,-1.3196626974733783,-0.9390140452859809,3377,12.238193018480493,5.264544832306639,0.3008720340701683,151809,76.19155740000133,0.2828734000067925,81167
dkasc_14,BWh,gru,1,0.0,2016-01-01 00:00:00,6832,1552,0.023804474622011185,0.016488606110215187,0.993106484413147,0.05317971673548054,-1.1367364830356985,-1.2790692947463498,-0.9232281800012565,3377,12.238193018480493,5.264544832306639,0.3008720340701683,151809,72.36181380000198,0.32743289999780245,81167
dkasc_14,BWh,gru,2,0.0,2016-01-01 00:00:00,6832,1552,0.022907137870788574,0.01566978543996811,0.9936164021492004,0.05117504681505182,-1.093984895122846,-1.3135230722689295,-0.9325138305651931,3377,12.238193018480493,5.264544832306639,0.3008720340701683,151809,75.66623689999687,0.27338709999457933,81167
dkasc_14,BWh,gru,3,0.0,2016-01-01 00:00:00,6832,1552,0.023048384115099907,0.015774063766002655,0.993537425994873,0.051490594012866535,-1.0951550400569028,-1.3199712452795498,-0.8847994660640044,3377,12.238193018480493,5.264544832306639,0.3008720340701683,151809,59.41837949999899,0.21132030000444502,81167
dkasc_14,BWh,gru,4,0.0,2016-01-01 00:00:00,6832,1552,0.02331436611711979,0.015977615490555763,0.9933874011039734,0.05208480362046165,-1.0808849706999357,-1.2984544643816451,-0.9476987397307417,3377,12.238193018480493,5.264544832306639,0.3008720340701683,151809,51.792227800004184,0.24248099999385886,81167
dkasc_14,BWh,tcn,0,0.0,2016-01-01 00:00:00,6832,1552,0.022394215688109398,0.015560808591544628,0.9938991069793701,0.050029167445086606,-1.1065086889817222,-1.2850998496566026,-0.9377050740190074,3377,12.238193018480493,5.264544832306639,0.30077063475968363,198273,5.813923600013368,0.3737406000000192,81167
dkasc_14,BWh,tcn,1,0.0,2016-01-01 00:00:00,6832,1552,0.02186889946460724,0.014963756315410137,0.9941819310188293,0.04885559951695575,-1.0948918780226347,-1.29622742395058,-0.8977514580474133,3377,12.238193018480493,5.264544832306639,0.3008720340701683,198273,8.193615600001067,0.3740191999968374,81167
dkasc_14,BWh,tcn,2,0.0,2016-01-01 00:00:00,6832,1552,0.02262231335043907,0.015641218051314354,0.9937741756439209,0.050538742609560136,-1.0880094592929879,-1.2843347894490535,-0.9284691208436023,3377,12.238193018480493,5.264544832306639,0.3008720340701683,198273,4.53626950000762,0.3825049000006402,81167
dkasc_14,BWh,tcn,3,0.0,2016-01-01 00:00:00,6832,1552,0.022447960451245308,0.015422292985022068,0.9938697814941406,0.05014923442093746,-1.1994169338490457,-1.3474342994010402,-0.9719167442761245,3377,12.238193018480493,5.264544832306639,0.30086189413911985,198273,5.238291799993021,0.3725114999979269,81167
dkasc_14,BWh,tcn,4,0.0,2016-01-01 00:00:00,6832,1552,0.022174440324306488,0.015453957952558994,0.9940182566642761,0.04953818447746972,-1.0607997773783961,-1.2672496922033205,-0.8475954153759901,3377,12.238193018480493,5.264544832306639,0.3008720340701683,198273,4.583315199997742,0.37919419999525417,81167
dkasc_14,BWh,patchtst,0,0.0,2016-01-01 00:00:00,6832,1552,0.025491660460829735,0.01816423609852791,0.9920946955680847,0.05694892678582628,-1.1110020668860998,-1.3040672231401151,-0.9183482436290212,3376,12.238193018480493,5.263175906913073,0.3007199351044413,25857,15.336081100002048,1.1137847999925725,81167
dkasc_14,BWh,patchtst,1,0.0,2016-01-01 00:00:00,6832,1552,0.025902768597006798,0.0187864750623703,0.9918376207351685,0.05786735134997659,-1.1087254428214375,-1.3107964409081108,-0.8997983855557723,3377,12.238193018480493,5.264544832306639,0.30086189413911985,25857,16.691384200006723,1.4324483999953372,81167
dkasc_14,BWh,patchtst,2,0.0,2016-01-01 00:00:00,6832,1552,0.02647262252867222,0.01933440752327442,0.9914745688438416,0.05914041749185838,-1.0501550698659878,-1.2462203468690551,-0.8036742553857465,3377,12.238193018480493,5.264544832306639,0.3008720340701683,25857,11.580451800007722,1.4280785000009928,81167
dkasc_14,BWh,patchtst,3,0.0,2016-01-01 00:00:00,6832,1552,0.025176141411066055,0.018241221085190773,0.9922891855239868,0.05624405033055827,-1.0334276573607744,-1.2578637102452557,-0.8334634256734599,3377,12.238193018480493,5.264544832306639,0.300801054552829,25857,30.739174000002095,1.503948899990064,81167
dkasc_14,BWh,patchtst,4,0.0,2016-01-01 00:00:00,6832,1552,0.0257005263119936,0.018619434908032417,0.99196457862854,0.05741553766369622,-1.1002047864316578,-1.309346537321221,-0.8819409198794759,3376,12.238193018480493,5.263175906913073,0.30064895558710203,25857,25.92620590000297,1.5167221999872709,81167
dkasc_14,BWh,informer,0,0.0,2016-01-01 00:00:00,6832,1552,0.023224644362926483,0.016181940212845802,0.9934382438659668,0.05188436326003469,-1.1233550811962867,-1.3373076217310875,-0.9371854793184531,3377,12.238193018480493,5.264544832306639,0.3008720340701683,81537,11.0064604000072,0.6985175000008894,81167
dkasc_14,BWh,informer,1,0.0,2016-01-01 00:00:00,6832,1552,0.023034242913126945,0.01609671674668789,0.9935453534126282,0.05145900225849419,-1.0920611081173315,-1.2561767261905274,-0.9164955931889628,3377,12.238193018480493,5.264544832306639,0.3008720340701683,81537,16.10833279999497,0.6890622999926563,81167
dkasc_14,BWh,informer,2,0.0,2016-01-01 00:00:00,6832,1552,0.024949194863438606,0.0180218443274498,0.9924275279045105,0.05573704678149598,-1.1464380744402285,-1.3217821138335972,-0.9402811474485295,3377,12.238193018480493,5.264544832306639,0.3008720340701683,81537,8.17632150001009,0.4442071999947075,81167
dkasc_14,BWh,informer,3,0.0,2016-01-01 00:00:00,6832,1552,0.02357413060963154,0.01639566384255886,0.9932392835617065,0.052665123175884114,-1.0701760060126353,-1.254159569468627,-0.8960607145915234,3377,12.238193018480493,5.264544832306639,0.3008720340701683,81537,14.398547300006612,0.666221499996027,81167
dkasc_14,BWh,informer,4,0.0,2016-01-01 00:00:00,6832,1552,0.026579327881336212,0.01981978304684162,0.9914056658744812,0.05937879958257605,-1.1072122509555102,-1.3569306564023202,-0.8783237936412843,3377,12.238193018480493,5.264544832306639,0.3008720340701683,81537,5.875642899991362,0.6973156000021845,81167
dkasc_14,BWh,xgboost,0,-0.25,2016-01-01 00:00:00,6832,1552,0.020617296919226646,0.013984832912683487,0.9947897791862488,0.04623560287122527,-1.2881510492122439,-1.5127619120186675,-1.119717170987952,3377,12.238193018480493,5.264544832306639,0.3009937132427499,982,2.8303266000002623,0.08663140000135172,81167
dkasc_14,BWh,xgboost,1,-0.25,2016-01-01 00:00:00,6832,1552,0.020601538941264153,0.013949868269264698,0.9947977662086487,0.04620026460093786,-1.2846776405694482,-1.484524541249499,-1.1256696824519756,3377,12.238193018480493,5.264544832306639,0.3009937132427499,1291,3.447677999996813,0.12290000000211876,81167
dkasc_14,BWh,xgboost,2,-0.25,2016-01-01 00:00:00,6832,1552,0.02054913528263569,0.013945029117166996,0.9948241710662842,0.04608274605527995,-1.2924496600647373,-1.487254360365431,-1.1102649787387153,3377,12.238193018480493,5.264544832306639,0.3009937132427499,957,2.5093752999964636,0.09637849999126047,81167
dkasc_14,BWh,xgboost,3,-0.25,2016-01-01 00:00:00,6832,1552,0.020621122792363167,0.014020757749676704,0.994787871837616,0.04624418263566621,-1.308208066543223,-1.5239939350326859,-1.118139700150357,3377,12.238193018480493,5.264544832306639,0.3009835733117015,1013,2.750567700000829,0.09224600000015926,81167
dkasc_14,BWh,xgboost,4,-0.25,2016-01-01 00:00:00,6832,1552,0.02057630382478237,0.013941806741058826,0.9948105216026306,0.04614367324327193,-1.2871619554060687,-1.5146077676394754,-1.1263735412396094,3377,12.238193018480493,5.264544832306639,0.3009937132427499,1184,3.907781800007797,0.12078729999484494,81167
dkasc_14,BWh,random_forest,0,-0.25,2016-01-01 00:00:00,6832,1552,0.0210293997079134,0.014300372451543808,0.9945794343948364,0.04715976964994962,-1.2237138235045355,-1.3544781284581087,-1.0840797216055131,3377,12.238193018480493,5.264544832306639,0.3009835733117015,3398772,0.7210477000044193,0.282989200000884,81167
dkasc_14,BWh,random_forest,1,-0.25,2016-01-01 00:00:00,6832,1552,0.020987020805478096,0.014227925799787045,0.9946012496948242,0.04706473225921923,-1.204615250500293,-1.3541724257728445,-1.0636932489145434,3377,12.238193018480493,5.264544832306639,0.3009835733117015,3400148,0.7509142999915639,0.3084421000094153,81167
dkasc_14,BWh,random_forest,2,-0.25,2016-01-01 00:00:00,6832,1552,0.020975202322006226,0.014224501326680183,0.9946073293685913,0.04703822855650367,-1.2119626651812925,-1.3760050517281464,-1.0771961773058483,3377,12.238193018480493,5.264544832306639,0.3009937132427499,3402610,0.7446358000015607,0.2800911999947857,81167
dkasc_14,BWh,random_forest,3,-0.25,2016-01-01 00:00:00,6832,1552,0.02088221162557602,0.014161082915961742,0.9946550130844116,0.04682969099080289,-1.1882674518379766,-1.3532877985511906,-1.048650200786061,3377,12.238193018480493,5.264544832306639,0.3009835733117015,3399832,0.7304986999952234,0.293113000006997,81167
dkasc_14,BWh,random_forest,4,-0.25,2016-01-01 00:00:00,6832,1552,0.02087029069662094,0.014160129241645336,0.9946611523628235,0.04680295754755946,-1.2087229618379824,-1.3366758029462245,-1.0739648194756757,3377,12.238193018480493,5.264544832306639,0.3009937132427499,3399022,0.7717350000020815,0.2732380999950692,81167
dkasc_14,BWh,lstm,0,-0.25,2016-01-01 00:00:00,6832,1552,0.023178068920969963,0.016376540064811707,0.9934151768684387,0.051978297356356534,-1.337950364248498,-1.5100729917365538,-1.173946000148507,3377,12.238193018480493,5.264544832306639,0.3009937132427499,13729,70.63994900000398,0.08225609999499284,81167
dkasc_14,BWh,lstm,1,-0.25,2016-01-01 00:00:00,6832,1552,0.02365531027317047,0.01679730974137783,0.9931411743164062,0.05304854151690369,-1.3585817762259491,-1.542052869692836,-1.191361575167904,3377,12.238193018480493,5.264544832306639,0.3009937132427499,13729,54.88989510000101,0.08632780000334606,81167
dkasc_14,BWh,lstm,2,-0.25,2016-01-01 00:00:00,6832,1552,0.024668648838996887,0.017661724239587784,0.9925409555435181,0.05532101785981143,-1.409298988215308,-1.6422024021342463,-1.2406083007474034,3377,12.238193018480493,5.264544832306639,0.3009937132427499,13729,41.47955840000941,0.12420309998560697,81167
dkasc_14,BWh,lstm,3,-0.25,2016-01-01 00:00:00,6832,1552,0.023695776239037514,0.01682872883975506,0.9931176900863647,0.053139289025413615,-1.3204516967123436,-1.5358490579450441,-1.1379995194275128,3377,12.238193018480493,5.264544832306639,0.3009937132427499,13729,70.5479495000036,0.08690730000671465,81167
dkasc_14,BWh,lstm,4,-0.25,2016-01-01 00:00:00,6832,1552,0.023553883656859398,0.016664640977978706,0.99319988489151,0.052821085863007676,-1.3537887331069254,-1.5702661387784755,-1.1664275669617974,3377,12.238193018480493,5.264544832306639,0.3009937132427499,13729,70.04932129998633,0.10132070000690874,81167
dkasc_14,BWh,gru,0,-0.25,2016-01-01 00:00:00,6832,1552,0.023859988898038864,0.016666153445839882,0.9930219650268555,0.05350754638319236,-1.3096353558366414,-1.501819501504803,-1.1299170465010056,3377,12.238193018480493,5.264544832306639,0.3009937132427499,151809,56.589490600003046,0.23912790000031237,81167
dkasc_14,BWh,gru,1,-0.25,2016-01-01 00:00:00,6832,1552,0.023988857865333557,0.016767527908086777,0.9929463863372803,0.05379654325885485,-1.356043815585902,-1.5227835006696666,-1.1374616975787135,3377,12.238193018480493,5.264544832306639,0.3009937132427499,151809,60.080615299986675,0.28624680000939406,81167
dkasc_14,BWh,gru,2,-0.25,2016-01-01 00:00:00,6832,1552,0.023148875683546066,0.01599944941699505,0.9934317469596863,0.05191282966011367,-1.307303617658201,-1.52639955921233,-1.154754718173743,3377,12.238193018480493,5.264544832306639,0.3009937132427499,151809,74.88836209999863,0.32434599999396596,81167
dkasc_14,BWh,gru,3,-0.25,2016-01-01 00:00:00,6832,1552,0.023320404812693596,0.016063474118709564,0.9933340549468994,0.05229749466868308,-1.2930239635769447,-1.531609097551856,-1.1095496701283736,3377,12.238193018480493,5.264544832306639,0.3009937132427499,151809,87.48440950000077,0.26766159999533556,81167
dkasc_14,BWh,gru,4,-0.25,2016-01-01 00:00:00,6832,1552,0.023461127653717995,0.016177793964743614,0.9932533502578735,0.052613074611970755,-1.310647563037426,-1.5140103824089646,-1.164325538476768,3377,12.238193018480493,5.264544832306639,0.3009937132427499,151809,56.918643600001815,0.266958699998213,81167
dkasc_14,BWh,tcn,0,-0.25,2016-01-01 00:00:00,6832,1552,0.022518569603562355,0.015726028010249138,0.9937845468521118,0.05049932808832088,-1.353810267894484,-1.519733396562223,-1.1800853886118512,3377,12.238193018480493,5.264544832306639,0.3009024538633137,198273,5.422184900002321,0.4327117999928305,81167
dkasc_14,BWh,tcn,1,-0.25,2016-01-01 00:00:00,6832,1552,0.022809449583292007,0.016020214185118675,0.9936229586601257,0.051151644988963095,-1.302815788841688,-1.4666326075155047,-1.136153264696993,3377,12.238193018480493,5.264544832306639,0.3009937132427499,198273,4.579992500002845,0.43688269999984186,81167
dkasc_14,BWh,tcn,2,-0.25,2016-01-01 00:00:00,6832,1552,0.022932879626750946,0.016135387122631073,0.9935537576675415,0.05142844473114577,-1.3191678016727493,-1.4892311669049882,-1.1283627842113362,3377,12.238193018480493,5.264544832306639,0.3009937132427499,198273,3.9537234000017634,0.3265747000114061,81167
dkasc_14,BWh,tcn,3,-0.25,2016-01-01 00:00:00,6832,1552,0.022552745416760445,0.015672029927372932,0.993765652179718,0.05057596952841939,-1.337873067737022,-1.542417370144186,-1.1947073429994015,3377,12.238193018480493,5.264544832306639,0.3009835733117015,198273,5.197374900002615,0.33138400000461843,81167
dkasc_14,BWh,tcn,4,-0.25,2016-01-01 00:00:00,6832,1552,0.022659581154584885,0.015907857567071915,0.993706464767456,0.05081555548218711,-1.299617920256535,-1.499671936822139,-1.132458866626153,3377,12.238193018480493,5.264544832306639,0.3009937132427499,198273,6.434881099994527,0.327046699996572,81167
dkasc_14,BWh,patchtst,0,-0.25,2016-01-01 00:00:00,6832,1552,0.02578519470989704,0.01849115826189518,0.9918504953384399,0.05782494316469967,-1.336639399212658,-1.529741132075746,-1.1411887731304526,3376,12.238193018480493,5.263175906913073,0.30084161427702294,25857,13.81066259999352,1.099477099996875,81167
dkasc_14,BWh,patchtst,1,-0.25,2016-01-01 00:00:00,6832,1552,0.025894904509186745,0.018638217821717262,0.9917809963226318,0.058070974384549355,-1.3534002658949218,-1.5579974351854653,-1.1515726237312625,3377,12.238193018480493,5.264544832306639,0.3009835733117015,25857,14.814501000000746,1.1090231999987736,81167
dkasc_14,BWh,patchtst,2,-0.25,2016-01-01 00:00:00,6832,1552,0.025582194328308105,0.018540019169449806,0.9919782876968384,0.057369701865967605,-1.3284647402649787,-1.5455361820652875,-1.1529293684516193,3377,12.238193018480493,5.264544832306639,0.3009937132427499,25857,31.131895299999996,1.07661870000004,81167
dkasc_14,BWh,patchtst,3,-0.25,2016-01-01 00:00:00,6832,1552,0.02532625012099743,0.018492959439754486,0.9921380281448364,0.05679573066243066,-1.259072585038723,-1.4781027827765858,-1.0565534394321396,3377,12.238193018480493,5.264544832306639,0.3009227337254107,25857,35.70388259999993,1.0665576999999757,81167
dkasc_14,BWh,patchtst,4,-0.25,2016-01-01 00:00:00,6832,1552,0.026149818673729897,0.01895025372505188,0.9916183948516846,0.05864263565150604,-1.3520377683762075,-1.541904400968841,-1.2011348386832488,3376,12.238193018480493,5.263175906913073,0.30077063475968363,25857,22.679705199999944,1.0627743999999666,81167
dkasc_14,BWh,informer,0,-0.25,2016-01-01 00:00:00,6832,1552,0.023767052218317986,0.01670978218317032,0.9930762648582458,0.053299129953406285,-1.3799924713099432,-1.5900789048654218,-1.207732348218632,3377,12.238193018480493,5.264544832306639,0.3009937132427499,81537,33.7886039,0.48423990000003414,81167
dkasc_14,BWh,informer,1,-0.25,2016-01-01 00:00:00,6832,1552,0.023103123530745506,0.01606678031384945,0.9934576749801636,0.051810227540365496,-1.3154514067649314,-1.5109067538200238,-1.1240017767150612,3377,12.238193018480493,5.264544832306639,0.3009937132427499,81537,30.779577700000004,0.5018893999999818,81167
dkasc_14,BWh,informer,2,-0.25,2016-01-01 00:00:00,6832,1552,0.024675296619534492,0.01765245944261551,0.9925369620323181,0.05533592593152015,-1.3610794170144658,-1.5522410520395713,-1.1994304675085665,3377,12.238193018480493,5.264544832306639,0.3009937132427499,81537,16.710982999999942,0.5003705999999966,81167
dkasc_14,BWh,informer,3,-0.25,2016-01-01 00:00:00,6832,1552,0.02346033602952957,0.01631619781255722,0.993253767490387,0.05261129934425537,-1.2924931258603245,-1.4687600559909364,-1.1179016808969322,3377,12.238193018480493,5.264544832306639,0.3009937132427499,81537,27.302615400000036,0.55700360000003,81167
dkasc_14,BWh,informer,4,-0.25,2016-01-01 00:00:00,6832,1552,0.023760776966810226,0.016830915585160255,0.9930799007415771,0.05328505730179892,-1.3411265633871912,-1.5446561992460957,-1.0970451097715284,3377,12.238193018480493,5.264544832306639,0.3009937132427499,81537,30.92215829999998,0.5450942999999597,81167
dkasc_14,BWh,xgboost,0,-0.5,2016-01-01 00:00:00,6832,1552,0.020868252962827682,0.014280302450060844,0.9946218729019165,0.04697801690939879,-1.5242079164776934,-1.7053144354721161,-1.3436881388991024,3377,12.238193018480493,5.264544832306639,0.3016325288988035,948,7.299099299999966,0.32000379999999495,81167
dkasc_14,BWh,xgboost,1,-0.5,2016-01-01 00:00:00,6832,1552,0.020830485969781876,0.014204040169715881,0.9946413040161133,0.04689299692995521,-1.496691226319447,-1.6927055600803664,-1.3258859086952275,3377,12.238193018480493,5.264544832306639,0.3016325288988035,1034,7.752319899999975,0.34331239999994523,81167
dkasc_14,BWh,xgboost,2,-0.5,2016-01-01 00:00:00,6832,1552,0.020836634561419487,0.014262980781495571,0.9946381449699402,0.046906838464387215,-1.4973345713098807,-1.691742866785484,-1.3268635212825397,3377,12.238193018480493,5.264544832306639,0.3016325288988035,963,7.4863308999999845,0.3145789999999806,81167
dkasc_14,BWh,xgboost,3,-0.5,2016-01-01 00:00:00,6832,1552,0.02087492123246193,0.014336633495986462,0.9946184158325195,0.046993028328140556,-1.5461276881130526,-1.7276583761882982,-1.3529710951508567,3377,12.238193018480493,5.264544832306639,0.301622388967755,1047,8.078865699999938,0.35583550000001196,81167
dkasc_14,BWh,xgboost,4,-0.5,2016-01-01 00:00:00,6832,1552,0.020909324288368225,0.014305094256997108,0.9946006536483765,0.047070475508073625,-1.528720595402607,-1.7063727634520354,-1.3569731766951114,3377,12.238193018480493,5.264544832306639,0.3016325288988035,980,7.815935300000092,0.34391709999999875,81167
dkasc_14,BWh,random_forest,0,-0.5,2016-01-01 00:00:00,6832,1552,0.021068217232823372,0.014447181485593319,0.9945182800292969,0.04742817078063403,-1.445040435448225,-1.6069697436646158,-1.2997339759521331,3377,12.238193018480493,5.264544832306639,0.3016325288988035,3398082,3.7398357999999234,0.7602626000000328,81167
dkasc_14,BWh,random_forest,1,-0.5,2016-01-01 00:00:00,6832,1552,0.02115614339709282,0.014473074115812778,0.9944724440574646,0.047626107658205255,-1.4283395622738504,-1.5824886993707432,-1.2956786815440435,3377,12.238193018480493,5.264544832306639,0.3016325288988035,3397268,2.4263009999999667,0.7500268000000005,81167
dkasc_14,BWh,random_forest,2,-0.5,2016-01-01 00:00:00,6832,1552,0.021251700818538666,0.0144920963793993,0.9944223761558533,0.047841223804654984,-1.4255807039630461,-1.6240636763354117,-1.2809377649184384,3377,12.238193018480493,5.264544832306639,0.3016325288988035,3400476,2.437274499999944,0.7905471999999918,81167
dkasc_14,BWh,random_forest,3,-0.5,2016-01-01 00:00:00,6832,1552,0.021166743710637093,0.0144980913028121,0.9944669008255005,0.04764997078224419,-1.4025582443868145,-1.582671014147732,-1.234561950543378,3377,12.238193018480493,5.264544832306639,0.3016325288988035,3397388,2.427950200000055,0.7931063999999424,81167
dkasc_14,BWh,random_forest,4,-0.5,2016-01-01 00:00:00,6832,1552,0.021042050793766975,0.014375978149473667,0.9945318698883057,0.04736926563804065,-1.4511624024720382,-1.613774170943616,-1.3006064529763273,3377,12.238193018480493,5.264544832306639,0.301622388967755,3397626,2.350025599999981,0.7372657999999319,81167
dkasc_14,BWh,lstm,0,-0.5,2016-01-01 00:00:00,6832,1552,0.023426750674843788,0.016637267544865608,0.9932222366333008,0.052737634113189116,-1.569946402814415,-1.7430515565667357,-1.388267115938653,3377,12.238193018480493,5.264544832306639,0.3016325288988035,13729,99.73277770000016,0.13409490000003643,81167
dkasc_14,BWh,lstm,1,-0.5,2016-01-01 00:00:00,6832,1552,0.02386758290231228,0.017088335007429123,0.9929648041725159,0.053730023072299016,-1.5194468520632842,-1.7704816570602744,-1.349389517166497,3377,12.238193018480493,5.264544832306639,0.3016325288988035,13729,99.35442970000008,0.12821320000011838,81167
dkasc_14,BWh,lstm,2,-0.5,2016-01-01 00:00:00,6832,1552,0.024157430976629257,0.017391135916113853,0.9927928447723389,0.0543825208046523,-1.5905778627415343,-1.8155048034571353,-1.389275638612908,3377,12.238193018480493,5.264544832306639,0.3016325288988035,13729,101.05984940000008,0.1308220999999321,81167
dkasc_14,BWh,lstm,3,-0.5,2016-01-01 00:00:00,6832,1552,0.023895923048257828,0.01706288941204548,0.992948055267334,0.053793821601951515,-1.5615678667958988,-1.744267388090279,-1.3562922503081285,3377,12.238193018480493,5.264544832306639,0.3016325288988035,13729,111.16218290000006,0.14395249999984117,81167
dkasc_14,BWh,lstm,4,-0.5,2016-01-01 00:00:00,6832,1552,0.023757826536893845,0.016929611563682556,0.9930293560028076,0.05348294266745028,-1.5710779856913626,-1.8005983858468855,-1.3998357200493265,3377,12.238193018480493,5.264544832306639,0.3016325288988035,13729,101.11093370000003,0.11574370000016643,81167
dkasc_14,BWh,gru,0,-0.5,2016-01-01 00:00:00,6832,1552,0.024021338671445847,0.016857599839568138,0.9928738474845886,0.054076153682041044,-1.5394520888830476,-1.7297337792254452,-1.365488107753965,3377,12.238193018480493,5.264544832306639,0.3016325288988035,151809,82.39587090000009,0.2413209999999708,81167
dkasc_14,BWh,gru,1,-0.5,2016-01-01 00:00:00,6832,1552,0.024253718554973602,0.017219776287674904,0.9927353262901306,0.05459928065952291,-1.571715412908098,-1.761682671083481,-1.4142575854220092,3377,12.238193018480493,5.264544832306639,0.3016325288988035,151809,78.97278879999999,0.20449810000013713,81167
dkasc_14,BWh,gru,2,-0.5,2016-01-01 00:00:00,6832,1552,0.023544790223240852,0.016453485935926437,0.9931538105010986,0.053003361383720714,-1.5740381647553703,-1.7488683479049305,-1.3836302247553074,3377,12.238193018480493,5.264544832306639,0.3016325288988035,151809,112.87742309999999,0.3484406999998555,81167
dkasc_14,BWh,gru,3,-0.5,2016-01-01 00:00:00,6832,1552,0.023578384891152382,0.016481168568134308,0.9931342601776123,0.05307898874361637,-1.5741799508029257,-1.7653692738729854,-1.386927503947094,3377,12.238193018480493,5.264544832306639,0.3016325288988035,151809,124.4424371,0.24230229999989206,81167
dkasc_14,BWh,gru,4,-0.5,2016-01-01 00:00:00,6832,1552,0.023651711642742157,0.01642531529068947,0.9930914640426636,0.053244059839037336,-1.5386875710233148,-1.7458133770380253,-1.3840618673080443,3377,12.238193018480493,5.264544832306639,0.3016325288988035,151809,97.37315480000007,0.24761869999997543,81167
dkasc_14,BWh,tcn,0,-0.5,2016-01-01 00:00:00,6832,1552,0.022712232545018196,0.01593567430973053,0.9936293959617615,0.051129131243072945,-1.5467097968455468,-1.7405795670544308,-1.3927378396148882,3377,12.238193018480493,5.264544832306639,0.3015311295883188,198273,10.746867900000098,0.3324974999998176,81167
dkasc_14,BWh,tcn,1,-0.5,2016-01-01 00:00:00,6832,1552,0.022818541154265404,0.016188640147447586,0.9935696125030518,0.05136845015739347,-1.6076471039178475,-1.7980120545484535,-1.4176891158909182,3377,12.238193018480493,5.264544832306639,0.3016325288988035,198273,12.34214709999992,0.43189540000003035,81167
dkasc_14,BWh,tcn,2,-0.5,2016-01-01 00:00:00,6832,1552,0.0222534891217947,0.0156949944794178,0.9938841462135315,0.05009642111004661,-1.5057302212306403,-1.681326867015126,-1.324616771242652,3377,12.238193018480493,5.264544832306639,0.3016325288988035,198273,18.487324700000045,0.322021500000119,81167
dkasc_14,BWh,tcn,3,-0.5,2016-01-01 00:00:00,6832,1552,0.022961759939789772,0.016089672222733498,0.9934886693954468,0.051690860209643266,-1.6291846345468375,-1.8173142614720472,-1.4636088076882992,3377,12.238193018480493,5.264544832306639,0.3016325288988035,198273,10.388849100000016,0.3168921000001319,81167
dkasc_14,BWh,tcn,4,-0.5,2016-01-01 00:00:00,6832,1552,0.02268807590007782,0.015973184257745743,0.9936429262161255,0.05107475049177072,-1.56238727301524,-1.7625545101081275,-1.3608636136686656,3377,12.238193018480493,5.264544832306639,0.3016325288988035,198273,9.219738499999949,0.3162858000000597,81167
dkasc_14,BWh,patchtst,0,-0.5,2016-01-01 00:00:00,6832,1552,0.0259097833186388,0.018727445974946022,0.9917093515396118,0.05832736650404017,-1.5528693762348333,-1.769074248493474,-1.3843736093077985,3376,12.238193018480493,5.263175906913073,0.30148042993307644,25857,26.18437730000028,0.7060900999999831,81167
dkasc_14,BWh,patchtst,1,-0.5,2016-01-01 00:00:00,6832,1552,0.02610187605023384,0.019075360149145126,0.9915859699249268,0.05875980019214616,-1.5538219341690196,-1.7696369169577397,-1.3506016721003655,3377,12.238193018480493,5.264544832306639,0.3016325288988035,25857,28.777669799999785,1.0414640999997573,81167
dkasc_14,BWh,patchtst,2,-0.5,2016-01-01 00:00:00,6832,1552,0.025717010721564293,0.018756652250885963,0.9918322563171387,0.057893402322123914,-1.5313895600458372,-1.762906666926649,-1.3811963073840636,3377,12.238193018480493,5.264544832306639,0.3016325288988035,25857,24.746111800000108,1.0360098999999536,81167
dkasc_14,BWh,patchtst,3,-0.5,2016-01-01 00:00:00,6832,1552,0.0256448183208704,0.01858239248394966,0.9918780326843262,0.05773088484514254,-1.509957080052798,-1.7121025981529203,-1.3214751283118553,3377,12.238193018480493,5.264544832306639,0.30156154938146423,25857,38.1400321000001,1.0428914999997687,81167
dkasc_14,BWh,patchtst,4,-0.5,2016-01-01 00:00:00,6832,1552,0.026402868330478668,0.019383102655410767,0.9913908243179321,0.059437385443586586,-1.5875564870280363,-1.743159889750682,-1.3964466261975783,3376,12.238193018480493,5.263175906913073,0.3014094504157372,25857,21.980644100000063,1.0602151000002777,81167
dkasc_14,BWh,informer,0,-0.5,2016-01-01 00:00:00,6832,1552,0.02357223443686962,0.016692375764250755,0.9931378364562988,0.05306514301605064,-1.538143005345335,-1.744864703738075,-1.3839836032493604,3377,12.238193018480493,5.264544832306639,0.3016325288988035,81537,27.56180089999998,0.48530399999981455,81167
dkasc_14,BWh,informer,1,-0.5,2016-01-01 00:00:00,6832,1552,0.023452935740351677,0.01656317710876465,0.9932070970535278,0.052796581187119766,-1.574137945547438,-1.727810756068486,-1.3841767574642505,3377,12.238193018480493,5.264544832306639,0.3016325288988035,81537,39.67667580000034,0.48089180000033593,81167
dkasc_14,BWh,informer,2,-0.5,2016-01-01 00:00:00,6832,1552,0.02490919642150402,0.017941789701581,0.9923373460769653,0.05607487376990229,-1.5676323920852053,-1.7697931667217095,-1.4299435366748443,3377,12.238193018480493,5.264544832306639,0.3016325288988035,81537,19.945511500000066,0.47841779999998835,81167
dkasc_14,BWh,informer,3,-0.5,2016-01-01 00:00:00,6832,1552,0.023756569251418114,0.01667698286473751,0.9930300712585449,0.053480112302184725,-1.5233874818706274,-1.6956777183563905,-1.3473471058061524,3377,12.238193018480493,5.264544832306639,0.3016325288988035,81537,33.1739563000001,0.4783938999999009,81167
dkasc_14,BWh,informer,4,-0.5,2016-01-01 00:00:00,6832,1552,0.02395770139992237,0.01697857864201069,0.9929115772247314,0.05393289526826663,-1.5763761387919073,-1.7560331309776522,-1.3332912859960682,3377,12.238193018480493,5.264544832306639,0.3016325288988035,81537,33.26611830000002,0.48409540000011475,81167
dkasc_14,BWh,xgboost,0,-1.0,2016-01-01 00:00:00,6832,1552,0.021514736115932465,0.014988096430897713,0.9941967129707336,0.048808037293743944,-1.9981270491645053,-2.154925744004239,-1.8360054742390806,3377,12.238193018480493,5.264544832306639,0.30278848103832895,961,9.491564800000106,0.3397312000001875,81167
dkasc_14,BWh,xgboost,1,-1.0,2016-01-01 00:00:00,6832,1552,0.02148403972387314,0.014946669340133667,0.9942132234573364,0.04873839987684318,-2.011820164981554,-2.1727029343361126,-1.8685996859548575,3377,12.238193018480493,5.264544832306639,0.30278848103832895,964,8.48980870000014,0.36804439999968963,81167
dkasc_14,BWh,xgboost,2,-1.0,2016-01-01 00:00:00,6832,1552,0.021542351692914963,0.015048754401504993,0.994181752204895,0.04887068561552614,-2.013383223096632,-2.1569847627470926,-1.826227473616332,3377,12.238193018480493,5.264544832306639,0.30278848103832895,785,6.88664129999961,0.2853042000001551,81167
dkasc_14,BWh,xgboost,3,-1.0,2016-01-01 00:00:00,6832,1552,0.021561598405241966,0.015073014423251152,0.9941713809967041,0.04891434844494577,-2.001285108113758,-2.1600732452387064,-1.850413029797232,3377,12.238193018480493,5.264544832306639,0.30278848103832895,946,8.107801800000288,0.34476600000016333,81167
dkasc_14,BWh,xgboost,4,-1.0,2016-01-01 00:00:00,6832,1552,0.02164900302886963,0.015090246684849262,0.9941240549087524,0.04911263338354214,-1.9694669257800446,-2.1850141961735625,-1.793487982030677,3377,12.238193018480493,5.264544832306639,0.30278848103832895,691,6.405682199999774,0.26662850000002436,81167
dkasc_14,BWh,random_forest,0,-1.0,2016-01-01 00:00:00,6832,1552,0.02178817428648472,0.01518439780920744,0.9940482378005981,0.049428355402873075,-1.8906690413476257,-2.100274869604357,-1.710776341337028,3377,12.238193018480493,5.264544832306639,0.30278848103832895,3396834,2.46169830000008,0.8884840999999142,81167
dkasc_14,BWh,random_forest,1,-1.0,2016-01-01 00:00:00,6832,1552,0.021757720038294792,0.015162015333771706,0.9940648674964905,0.049359267310256125,-1.8943836910694734,-2.1149037624878417,-1.72654554751005,3377,12.238193018480493,5.264544832306639,0.30277834110728047,3394622,2.540624299999763,0.962200799999664,81167
dkasc_14,BWh,random_forest,2,-1.0,2016-01-01 00:00:00,6832,1552,0.021808907389640808,0.015191727317869663,0.9940369129180908,0.049475390238280986,-1.8645395613574867,-2.0866975746703043,-1.7298871683536605,3377,12.238193018480493,5.264544832306639,0.30278848103832895,3398088,2.657191199999943,0.7973007000000507,81167
dkasc_14,BWh,random_forest,3,-1.0,2016-01-01 00:00:00,6832,1552,0.021804150193929672,0.015220400877296925,0.9940395355224609,0.04946459812888993,-1.8813597614884587,-2.080437005825564,-1.6953133705660708,3377,12.238193018480493,5.264544832306639,0.30278848103832895,3394136,2.541631999999936,0.8207339000000502,81167
dkasc_14,BWh,random_forest,4,-1.0,2016-01-01 00:00:00,6832,1552,0.02178199216723442,0.015153840184211731,0.9940516352653503,0.04941433073135041,-1.8595280889483035,-2.0974571013893994,-1.7087950309657263,3377,12.238193018480493,5.264544832306639,0.30278848103832895,3397902,2.5540076000002045,0.854235200000403,81167
dkasc_14,BWh,lstm,0,-1.0,2016-01-01 00:00:00,6832,1552,0.023960499092936516,0.01717081107199192,0.9928022623062134,0.05435646186888302,-2.0156455672471485,-2.2318434307963764,-1.8290936368531805,3377,12.238193018480493,5.264544832306639,0.30278848103832895,13729,115.07586399999991,0.15718759999981557,81167
dkasc_14,BWh,lstm,1,-1.0,2016-01-01 00:00:00,6832,1552,0.024347972124814987,0.01765470579266548,0.9925675988197327,0.055235477911112774,-1.9661575062626344,-2.200253148942921,-1.8126687662016971,3377,12.238193018480493,5.264544832306639,0.30278848103832895,13729,118.43122339999991,0.15466520000018136,81167
dkasc_14,BWh,lstm,2,-1.0,2016-01-01 00:00:00,6832,1552,0.025203537195920944,0.018556460738182068,0.9920361042022705,0.05717640117750787,-2.0878871995677635,-2.256745188886237,-1.873774423858987,3377,12.238193018480493,5.264544832306639,0.30278848103832895,13729,84.08837929999981,0.16562960000010207,81167
dkasc_14,BWh,lstm,3,-1.0,2016-01-01 00:00:00,6832,1552,0.024419942870736122,0.017650431022047997,0.9925236105918884,0.05539874976497372,-1.9934157261921603,-2.173484237700316,-1.8272379580717812,3377,12.238193018480493,5.264544832306639,0.30278848103832895,13729,130.0044472000004,0.1556590000000142,81167
dkasc_14,BWh,lstm,4,-1.0,2016-01-01 00:00:00,6832,1552,0.02434774488210678,0.017544690519571304,0.9925677180290222,0.05523496239140028,-2.0227474459682258,-2.2575775786386085,-1.864431059950496,3377,12.238193018480493,5.264544832306639,0.30278848103832895,13729,117.38157739999997,0.153727699999763,81167
dkasc_14,BWh,gru,0,-1.0,2016-01-01 00:00:00,6832,1552,0.02420775592327118,0.017417367547750473,0.992652952671051,0.05491738534621864,-2.043365791340601,-2.213654421553705,-1.87618423052451,3377,12.238193018480493,5.264544832306639,0.30278848103832895,151809,118.24015399999962,0.2343550000000505,81167
dkasc_14,BWh,gru,1,-1.0,2016-01-01 00:00:00,6832,1552,0.025727223604917526,0.018615471199154854,0.9917016625404358,0.05836442903166332,-2.021422571166853,-2.2157542317794254,-1.8697218504571622,3377,12.238193018480493,5.264544832306639,0.30278848103832895,151809,82.1125035,0.2522073999998611,81167
dkasc_14,BWh,gru,2,-1.0,2016-01-01 00:00:00,6832,1552,0.024214819073677063,0.017249004915356636,0.9926486611366272,0.054933408713020083,-2.022993492788844,-2.253919611037279,-1.8678843426844838,3377,12.238193018480493,5.264544832306639,0.30278848103832895,151809,119.59917130000031,0.31968159999996715,81167
dkasc_14,BWh,gru,3,-1.0,2016-01-01 00:00:00,6832,1552,0.0249481163918972,0.017879799008369446,0.9921966791152954,0.05659695702066521,-2.0899049769484703,-2.286523196926122,-1.8712872182308327,3377,12.238193018480493,5.264544832306639,0.30278848103832895,151809,99.3937590999999,0.2415209999999206,81167
dkasc_14,BWh,gru,4,-1.0,2016-01-01 00:00:00,6832,1552,0.02396797016263008,0.017003972083330154,0.9927977919578552,0.0543734106358241,-1.9748709722081148,-2.1890641287013124,-1.7880867860127745,3377,12.238193018480493,5.264544832306639,0.30278848103832895,151809,104.0365541000001,0.24027220000016314,81167
dkasc_14,BWh,tcn,0,-1.0,2016-01-01 00:00:00,6832,1552,0.023302095010876656,0.016552703455090523,0.9931924343109131,0.05286281533664722,-2.0356032255259615,-2.193103264958496,-1.7924023921592038,3377,12.238193018480493,5.264544832306639,0.3027580612451835,198273,10.847408000000087,0.370240300000205,81167
dkasc_14,BWh,tcn,1,-1.0,2016-01-01 00:00:00,6832,1552,0.023785997182130814,0.017160387709736824,0.9929067492485046,0.05396058921097359,-2.0733546550521846,-2.265878778894903,-1.893758412888974,3377,12.238193018480493,5.264544832306639,0.30278848103832895,198273,8.078850500000044,0.3762576999997691,81167
dkasc_14,BWh,tcn,2,-1.0,2016-01-01 00:00:00,6832,1552,0.023693332448601723,0.01696730963885784,0.9929618835449219,0.053750371258704424,-2.0317731537115415,-2.2055293097286564,-1.8369822313614836,3377,12.238193018480493,5.264544832306639,0.30278848103832895,198273,9.606518600000072,0.3770243999997547,81167
dkasc_14,BWh,tcn,3,-1.0,2016-01-01 00:00:00,6832,1552,0.0235104039311409,0.016925813630223274,0.993070125579834,0.05333538211571859,-2.059651474149582,-2.2605088658181893,-1.899863851323036,3377,12.238193018480493,5.264544832306639,0.30278848103832895,198273,11.741967199999635,0.3736852000001818,81167
dkasc_14,BWh,tcn,4,-1.0,2016-01-01 00:00:00,6832,1552,0.023477613925933838,0.01669791340827942,0.9930894374847412,0.053260995156548634,-1.9837275950485134,-2.1439802634104685,-1.8024889347469264,3377,12.238193018480493,5.264544832306639,0.30278848103832895,198273,8.784948400000303,0.37452010000015434,81167
dkasc_14,BWh,patchtst,0,-1.0,2016-01-01 00:00:00,6832,1552,0.026455769315361977,0.019465386867523193,0.9912250638008118,0.06001719790663164,-2.042522970550585,-2.208421358119239,-1.8120668427804576,3376,12.238193018480493,5.263175906913073,0.3026363820726019,25857,24.8576465000001,0.9318828999998914,81167
dkasc_14,BWh,patchtst,1,-1.0,2016-01-01 00:00:00,6832,1552,0.02675391174852848,0.019810551777482033,0.9910261631011963,0.060693559769423075,-2.031328220426636,-2.2345705706587595,-1.8116040404281617,3377,12.238193018480493,5.264544832306639,0.30278848103832895,25857,23.46230629999991,0.9565280000001621,81167
dkasc_14,BWh,patchtst,2,-1.0,2016-01-01 00:00:00,6832,1552,0.02617672085762024,0.019369272515177727,0.991409182548523,0.0593841523764039,-2.000952230485122,-2.2034184053261514,-1.8254796910460227,3377,12.238193018480493,5.264544832306639,0.30278848103832895,25857,31.941725600000154,1.124512699999741,81167
dkasc_14,BWh,patchtst,3,-1.0,2016-01-01 00:00:00,6832,1552,0.026148289442062378,0.01912263035774231,0.9914278388023376,0.059319653254342415,-1.9877975655228475,-2.1685669790542326,-1.8045294085395684,3377,12.238193018480493,5.264544832306639,0.302768201176232,25857,37.67353719999983,1.124166999999943,81167
dkasc_14,BWh,patchtst,4,-1.0,2016-01-01 00:00:00,6832,1552,0.02664981037378311,0.01989864371716976,0.9910958409309387,0.06045739680867269,-1.9799400573060844,-2.2084886249065323,-1.7712099893069322,3376,12.238193018480493,5.263175906913073,0.3025654025552626,25857,28.201585700000123,1.111670299999787,81167
dkasc_14,BWh,informer,0,-1.0,2016-01-01 00:00:00,6832,1552,0.024323202669620514,0.017548875883221626,0.9925827383995056,0.055179286262450986,-2.0185494767151035,-2.185676137169589,-1.8104453721025648,3377,12.238193018480493,5.264544832306639,0.30278848103832895,81537,28.0834447000002,0.4864537999997083,81167
dkasc_14,BWh,informer,1,-1.0,2016-01-01 00:00:00,6832,1552,0.02378156967461109,0.01687302626669407,0.9929093718528748,0.05395054502772279,-2.0163423200706063,-2.17335639239623,-1.820689558061095,3377,12.238193018480493,5.264544832306639,0.30278848103832895,81537,40.05802709999989,0.5231554000001779,81167
dkasc_14,BWh,informer,2,-1.0,2016-01-01 00:00:00,6832,1552,0.025791089981794357,0.01869123801589012,0.9916604161262512,0.058509315424302474,-2.0545683299980357,-2.2763658041739077,-1.884698690184472,3377,12.238193018480493,5.264544832306639,0.30278848103832895,81537,16.481152199999997,0.5255489000001035,81167
dkasc_14,BWh,informer,3,-1.0,2016-01-01 00:00:00,6832,1552,0.024510681629180908,0.017400532960891724,0.9924679398536682,0.05560459847640093,-1.9608254297638124,-2.147355644929252,-1.818908079267012,3377,12.238193018480493,5.264544832306639,0.30278848103832895,81537,33.52434799999992,0.6665654000003087,81167
dkasc_14,BWh,informer,4,-1.0,2016-01-01 00:00:00,6832,1552,0.025123054161667824,0.018651075661182404,0.9920868873596191,0.05699381846228549,-2.029860114137994,-2.215013518613701,-1.8388597547033925,3377,12.238193018480493,5.264544832306639,0.30278848103832895,81537,25.613550600000053,0.65907019999986,81167
dkasc_14,BWh,xgboost,0,-2.0,2016-01-01 00:00:00,6832,1552,0.02330131269991398,0.016740767285227776,0.9929844737052917,0.05369174921510059,-2.979730807903219,-3.112277008158759,-2.8144626988920396,3377,12.238193018480493,5.264544832306639,0.3038835935915636,758,7.497264800000266,0.2967087000001811,81167
dkasc_14,BWh,xgboost,1,-2.0,2016-01-01 00:00:00,6832,1552,0.02315971627831459,0.016622798517346382,0.9930694699287415,0.05336547748714347,-2.9731509909199816,-3.141880891597859,-2.791870705721622,3377,12.238193018480493,5.264544832306639,0.3038835935915636,831,8.002727599999616,0.3041419000001042,81167
dkasc_14,BWh,xgboost,2,-2.0,2016-01-01 00:00:00,6832,1552,0.023210925981402397,0.016622422263026237,0.9930387735366821,0.053483476784907516,-2.934711943155366,-3.108220747977175,-2.7400533790389314,3377,12.238193018480493,5.264544832306639,0.3038835935915636,785,7.981553099999928,0.2900171000001137,81167
dkasc_14,BWh,xgboost,3,-2.0,2016-01-01 00:00:00,6832,1552,0.023304853588342667,0.016736101359128952,0.9929823279380798,0.053699908261586944,-2.944161822846146,-3.117787883659053,-2.757687036018419,3377,12.238193018480493,5.264544832306639,0.3038835935915636,739,6.9563891999996486,0.29932110000027023,81167
dkasc_14,BWh,xgboost,4,-2.0,2016-01-01 00:00:00,6832,1552,0.02323487028479576,0.016709553077816963,0.9930244088172913,0.053538650137133784,-2.9099518965210622,-3.0959483232221032,-2.7447848973698132,3377,12.238193018480493,5.264544832306639,0.3038835935915636,642,6.7076922000001105,0.2454502999999022,81167
dkasc_14,BWh,random_forest,0,-2.0,2016-01-01 00:00:00,6832,1552,0.023369865491986275,0.016672886908054352,0.9929431080818176,0.05384971110194116,-2.856075104301267,-3.045845987277318,-2.6905026768273306,3377,12.238193018480493,5.264544832306639,0.3038835935915636,3387568,2.5346819000001233,0.8919657999999799,81167
dkasc_14,BWh,random_forest,1,-2.0,2016-01-01 00:00:00,6832,1552,0.023471439257264137,0.016777485609054565,0.9928816556930542,0.054083761140338894,-2.8606967584750493,-3.030371620359412,-2.6555998501982314,3377,12.238193018480493,5.264544832306639,0.3038835935915636,3388970,2.5219434000000547,0.8349871000000348,81167
dkasc_14,BWh,random_forest,2,-2.0,2016-01-01 00:00:00,6832,1552,0.023361166939139366,0.016680268570780754,0.9929483532905579,0.05382966757375005,-2.8399472245073083,-3.021502174755799,-2.6575806996469775,3377,12.238193018480493,5.264544832306639,0.3038835935915636,3393330,2.510036100000434,0.8502247000001262,81167
dkasc_14,BWh,random_forest,3,-2.0,2016-01-01 00:00:00,6832,1552,0.023338481783866882,0.016685018315911293,0.9929620623588562,0.05377739559733903,-2.864780844095721,-3.050763345528934,-2.6792892928155685,3377,12.238193018480493,5.264544832306639,0.3038835935915636,3388238,2.591268300000138,0.8453341999997974,81167
dkasc_14,BWh,random_forest,4,-2.0,2016-01-01 00:00:00,6832,1552,0.02327018417418003,0.016624052077531815,0.9930031895637512,0.05362002171121841,-2.878066184509259,-3.0245231384867197,-2.648831319605226,3377,12.238193018480493,5.264544832306639,0.3038835935915636,3388542,2.557901700000002,0.8499390000001767,81167
dkasc_14,BWh,lstm,0,-2.0,2016-01-01 00:00:00,6832,1552,0.025426771491765976,0.018658651039004326,0.9916462302207947,0.05858931021901645,-2.9014951910914055,-3.078908237962048,-2.7600750827209426,3377,12.238193018480493,5.264544832306639,0.3038835935915636,13729,113.19519200000013,0.15083980000053998,81167
dkasc_14,BWh,lstm,1,-2.0,2016-01-01 00:00:00,6832,1552,0.025999588891863823,0.019263852387666702,0.991265594959259,0.05990921732417336,-2.9274201366169423,-3.102989163896325,-2.757813238278187,3377,12.238193018480493,5.264544832306639,0.3038835935915636,13729,126.54956049999964,0.15211490000001504,81167
dkasc_14,BWh,lstm,2,-2.0,2016-01-01 00:00:00,6832,1552,0.026563508436083794,0.019983697682619095,0.9908825755119324,0.06120862165970096,-3.0203281373524407,-3.182375666054449,-2.7965986906673845,3377,12.238193018480493,5.264544832306639,0.3038835935915636,13729,85.3661619000004,0.15346970000064175,81167
dkasc_14,BWh,lstm,3,-2.0,2016-01-01 00:00:00,6832,1552,0.02590814046561718,0.01917119324207306,0.9913269281387329,0.0596984984676272,-2.895181586065271,-3.0964081827291596,-2.7609938992005976,3377,12.238193018480493,5.264544832306639,0.3038835935915636,13729,119.67194999999992,0.1475377999995544,81167
dkasc_14,BWh,lstm,4,-2.0,2016-01-01 00:00:00,6832,1552,0.025938300415873528,0.019173981621861458,0.991306722164154,0.0597679941439592,-2.97439985663962,-3.193900903041469,-2.7810885568750887,3377,12.238193018480493,5.264544832306639,0.3038835935915636,13729,105.22002309999971,0.16985010000007605,81167
dkasc_14,BWh,gru,0,-2.0,2016-01-01 00:00:00,6832,1552,0.02569814771413803,0.018902253359556198,0.9914669394493103,0.05921462537881839,-2.935507016359462,-3.1209652102616445,-2.767136888344701,3377,12.238193018480493,5.264544832306639,0.3038835935915636,151809,120.87866980000035,0.2399663000005603,81167
dkasc_14,BWh,gru,1,-2.0,2016-01-01 00:00:00,6832,1552,0.025726238265633583,0.018793519586324692,0.9914482831954956,0.05927935266974989,-2.953369507677545,-3.147514183417614,-2.786570483146422,3377,12.238193018480493,5.264544832306639,0.3038835935915636,151809,117.7729188000003,0.21151300000019546,81167
dkasc_14,BWh,gru,2,-2.0,2016-01-01 00:00:00,6832,1552,0.02565142512321472,0.01872425153851509,0.9914979338645935,0.059106965451378196,-2.917799680719217,-3.1087468254160533,-2.7619529616010885,3377,12.238193018480493,5.264544832306639,0.3038835935915636,151809,105.30204419999973,0.33149259999936476,81167
dkasc_14,BWh,gru,3,-2.0,2016-01-01 00:00:00,6832,1552,0.026228368282318115,0.019317088648676872,0.991111159324646,0.0604363792835037,-2.9110956474459027,-3.1017239806898522,-2.7809358080998163,3377,12.238193018480493,5.264544832306639,0.3038835935915636,151809,103.18721909999931,0.3316803000006985,81167
dkasc_14,BWh,gru,4,-2.0,2016-01-01 00:00:00,6832,1552,0.025689397007226944,0.01873568631708622,0.9914727210998535,0.05919446167529766,-2.900234779008559,-3.084151421440604,-2.7291576491546676,3377,12.238193018480493,5.264544832306639,0.3038835935915636,151809,103.24410249999983,0.2456707000001188,81167
dkasc_14,BWh,tcn,0,-2.0,2016-01-01 00:00:00,6832,1552,0.024813849478960037,0.018290983512997627,0.9920440912246704,0.0571769925773536,-3.0094881961323927,-3.1509274587914264,-2.8115415135829416,3377,12.238193018480493,5.264544832306639,0.30382275400527275,198273,10.52528860000075,0.37205269999958546,81167
dkasc_14,BWh,tcn,1,-2.0,2016-01-01 00:00:00,6832,1552,0.025277389213442802,0.018432369455695152,0.9917441010475159,0.05824509803113667,-3.0105894622340976,-3.184509729693204,-2.8262555061294274,3377,12.238193018480493,5.264544832306639,0.3038835935915636,198273,7.786584000000403,0.37804920000053244,81167
dkasc_14,BWh,tcn,2,-2.0,2016-01-01 00:00:00,6832,1552,0.02501128613948822,0.018327344208955765,0.9919170141220093,0.057631933455555076,-2.926144141891526,-3.109303712780348,-2.705343298480595,3377,12.238193018480493,5.264544832306639,0.3038835935915636,198273,9.565063899999586,0.41189789999953064,81167
dkasc_14,BWh,tcn,3,-2.0,2016-01-01 00:00:00,6832,1552,0.02514866180717945,0.018442759290337563,0.9918279647827148,0.05794847956576465,-3.0119929389295974,-3.175607008125695,-2.8165802303005067,3377,12.238193018480493,5.264544832306639,0.3038835935915636,198273,12.011981200000264,0.4085618999997678,81167
dkasc_14,BWh,tcn,4,-2.0,2016-01-01 00:00:00,6832,1552,0.025352269411087036,0.018515797331929207,0.9916951060295105,0.058417639760646456,-2.9234422269153235,-3.0897692682519406,-2.7340225613006277,3377,12.238193018480493,5.264544832306639,0.3038835935915636,198273,8.969269000000168,0.40827380000064295,81167
dkasc_14,BWh,patchtst,0,-2.0,2016-01-01 00:00:00,6832,1552,0.02791474759578705,0.021101543679833412,0.9899314045906067,0.06432219706323083,-2.9550462006980527,-3.1238904964224434,-2.7384107293141335,3376,12.238193018480493,5.263175906913073,0.303741634556885,25857,24.10739680000006,1.2689829999999347,81167
dkasc_14,BWh,patchtst,1,-2.0,2016-01-01 00:00:00,6832,1552,0.028181608766317368,0.021436922252178192,0.9897379875183105,0.06493710847306805,-2.93177101831526,-3.140293852240801,-2.777399554506575,3377,12.238193018480493,5.264544832306639,0.3038835935915636,25857,24.740289800000028,1.510660299999472,81167
dkasc_14,BWh,patchtst,2,-2.0,2016-01-01 00:00:00,6832,1552,0.028554249554872513,0.021631302312016487,0.9894648194313049,0.0657957612032421,-2.9192590392014175,-3.08781526011028,-2.72495177449259,3377,12.238193018480493,5.264544832306639,0.3038835935915636,25857,19.300257699999747,1.25814470000023,81167
dkasc_14,BWh,patchtst,3,-2.0,2016-01-01 00:00:00,6832,1552,0.028102261945605278,0.02124871127307415,0.9897956848144531,0.06475427458497107,-2.94937418006606,-3.1337144396458294,-2.7681166795090864,3377,12.238193018480493,5.264544832306639,0.30382275400527275,25857,24.02813479999986,1.2148467999995773,81167
dkasc_14,BWh,patchtst,4,-2.0,2016-01-01 00:00:00,6832,1552,0.028172604739665985,0.021524760872125626,0.9897445440292358,0.06491636106080342,-2.91030627077441,-3.127848334745109,-2.7012000099122746,3376,12.238193018480493,5.263175906913073,0.3036706550395457,25857,33.92098410000017,0.8107270000000426,81167
dkasc_14,BWh,informer,0,-2.0,2016-01-01 00:00:00,6832,1552,0.02548488974571228,0.018732285127043724,0.9916079640388489,0.05872322845597981,-2.975076914989044,-3.125071849989347,-2.8040756788152987,3377,12.238193018480493,5.264544832306639,0.3038835935915636,81537,29.779096799999934,0.656847000000198,81167
dkasc_14,BWh,informer,1,-2.0,2016-01-01 00:00:00,6832,1552,0.025359386578202248,0.018617546185851097,0.991690456867218,0.058434039401164276,-2.9239920694346058,-3.1041839922693057,-2.729529236788064,3377,12.238193018480493,5.264544832306639,0.3038835935915636,81537,40.02162969999972,0.49686709999969025,81167
dkasc_14,BWh,informer,2,-2.0,2016-01-01 00:00:00,6832,1552,0.02689824439585209,0.020176105201244354,0.9906513690948486,0.061979932677093626,-2.952599673622042,-3.169550019825675,-2.7672404952889536,3377,12.238193018480493,5.264544832306639,0.3038835935915636,81537,20.11512060000041,0.49399840000023687,81167
dkasc_14,BWh,informer,3,-2.0,2016-01-01 00:00:00,6832,1552,0.027409810572862625,0.020752696320414543,0.9902923703193665,0.06315870244155754,-2.9800424127078506,-3.1844922273671306,-2.799488510076875,3377,12.238193018480493,5.264544832306639,0.3038835935915636,81537,19.197504800000388,0.4925493999999162,81167
dkasc_14,BWh,informer,4,-2.0,2016-01-01 00:00:00,6832,1552,0.026029745116829872,0.019367793574929237,0.9912453293800354,0.05997870441655324,-2.939861047529339,-3.1069983549280034,-2.726109050523699,3377,12.238193018480493,5.264544832306639,0.3038835935915636,81537,33.12947540000005,0.4904896000007284,81167
pvdaq_1423,BWh,xgboost,0,0.0,2017-12-01 00:00:00,6467,1638,0.05561962351202965,0.025881865993142128,0.9623020887374878,0.11911373727660887,-0.3313193249237136,-0.48000271217330526,-0.11988186243531151,2121,7.260780287474333,4.298083504449007,0.3501355847452738,352,3.3958081999999195,0.05203270000038174,26834
pvdaq_1423,BWh,xgboost,1,0.0,2017-12-01 00:00:00,6467,1638,0.05528629571199417,0.02499738708138466,0.9627525806427002,0.11839988994192081,-0.3147849825373263,-0.47949711783872434,-0.15012496851530832,2121,7.260780287474333,4.298083504449007,0.3501355847452738,364,3.5032099000000017,0.0515056000003824,26834
pvdaq_1423,BWh,xgboost,2,0.0,2017-12-01 00:00:00,6467,1638,0.05566911771893501,0.024716131389141083,0.9622349143028259,0.11921973295917161,-0.3362961110057072,-0.48685787242748674,-0.15374276970922837,2121,7.260780287474333,4.298083504449007,0.3501355847452738,371,3.763155600000573,0.052168999999594234,26834
pvdaq_1423,BWh,xgboost,3,0.0,2017-12-01 00:00:00,6467,1638,0.055150751024484634,0.02453610487282276,0.9629349708557129,0.11810961048158324,-0.30541503530749115,-0.473618288874888,-0.15848916993526016,2121,7.260780287474333,4.298083504449007,0.3501355847452738,371,3.487470199999734,0.053667700000005425,26834
pvdaq_1423,BWh,xgboost,4,0.0,2017-12-01 00:00:00,6467,1638,0.05552099645137787,0.024414626881480217,0.9624356627464294,0.1189025197772977,-0.32076068690319315,-0.4678171842697365,-0.15672359888271314,2121,7.260780287474333,4.298083504449007,0.3501355847452738,375,3.578403200000139,0.05706129999998666,26834
pvdaq_1423,BWh,random_forest,0,0.0,2017-12-01 00:00:00,6467,1638,0.05232677608728409,0.02055143192410469,0.9666335582733154,0.1120618491429492,-0.22874130012792115,-0.35416503020486534,-0.0920190249006414,2121,7.260780287474333,4.298083504449007,0.3501355847452738,3224816,2.358126899999661,0.4261952000006204,26834
pvdaq_1423,BWh,random_forest,1,0.0,2017-12-01 00:00:00,6467,1638,0.051716044545173645,0.0203871913254261,0.9674079418182373,0.11075392018083122,-0.2318721055156625,-0.3394694529917808,-0.13552910601438706,2121,7.260780287474333,4.298083504449007,0.3501355847452738,3227360,2.331043399999544,0.4327843999999459,26834
pvdaq_1423,BWh,random_forest,2,0.0,2017-12-01 00:00:00,6467,1638,0.05161067843437195,0.020327329635620117,0.9675405621528625,0.11052827048298354,-0.24746933327988718,-0.3606950020639235,-0.11426782398406593,2121,7.260780287474333,4.298083504449007,0.3501355847452738,3229360,2.458321000000069,0.46089819999997417,26834
pvdaq_1423,BWh,random_forest,3,0.0,2017-12-01 00:00:00,6467,1638,0.0514274425804615,0.020443344488739967,0.9677706360816956,0.11013585669115657,-0.227996742369806,-0.34428744055787774,-0.08972360552514043,2121,7.260780287474333,4.298083504449007,0.3501355847452738,3225792,2.393212699999822,0.47807169999941834,26834
pvdaq_1423,BWh,random_forest,4,0.0,2017-12-01 00:00:00,6467,1638,0.052495092153549194,0.02057918719947338,0.9664185643196106,0.1124223110524441,-0.24095709898569292,-0.3454510072467396,-0.12331377135345456,2121,7.260780287474333,4.298083504449007,0.3501355847452738,3228926,2.5336488000002646,0.4828661000001375,26834
pvdaq_1423,BWh,lstm,0,0.0,2017-12-01 00:00:00,6467,1638,0.04845710098743439,0.025133749470114708,0.9713861346244812,0.10377463980774684,-0.4776668659180583,-0.6139731393224241,-0.3514815432462126,2121,7.260780287474333,4.298083504449007,0.3501355847452738,13729,103.97223800000029,0.060575299999982235,26834
pvdaq_1423,BWh,lstm,1,0.0,2017-12-01 00:00:00,6467,1638,0.049644019454717636,0.02587864361703396,0.969967246055603,0.1063165177557368,-0.38994751086106616,-0.5424912625410838,-0.21370306264765748,2121,7.260780287474333,4.298083504449007,0.35011635286651155,13729,89.73628100000042,0.05639809999956924,26834
pvdaq_1423,BWh,lstm,2,0.0,2017-12-01 00:00:00,6467,1638,0.047218795865774155,0.0237505491822958,0.9728298783302307,0.10112271335416675,-0.5037651433679124,-0.6435625152661939,-0.3284890470548252,2121,7.260780287474333,4.298083504449007,0.35005865723022483,13729,106.32376790000035,0.057323600000017905,26834
pvdaq_1423,BWh,lstm,3,0.0,2017-12-01 00:00:00,6467,1638,0.04870877042412758,0.025559628382325172,0.971088171005249,0.10431360942440275,-0.45195439659512054,-0.6235512138894783,-0.31963023115585965,2121,7.260780287474333,4.298083504449007,0.3500971209877493,13729,86.8094645000001,0.05896779999966384,26834
pvdaq_1423,BWh,lstm,4,0.0,2017-12-01 00:00:00,6467,1638,0.048222411423921585,0.022988419979810715,0.9716626405715942,0.10327203390636422,-0.4194177668232768,-0.5873814515316396,-0.2713377862268517,2121,7.260780287474333,4.298083504449007,0.3501355847452738,13729,102.61673229999997,0.06397539999943547,26834
pvdaq_1423,BWh,gru,0,0.0,2017-12-01 00:00:00,6467,1638,0.049493491649627686,0.02510918118059635,0.9701490998268127,0.10599415078709971,-0.48352105524597344,-0.6490974022468399,-0.35094304901858164,2121,7.260780287474333,4.298083504449007,0.3500778891089871,151809,86.67166980000002,0.08891779999976279,26834
pvdaq_1423,BWh,gru,1,0.0,2017-12-01 00:00:00,6467,1638,0.04902758449316025,0.024983113631606102,0.970708429813385,0.10499637447855006,-0.5095505656429776,-0.6328091616280229,-0.34821862552971705,2121,7.260780287474333,4.298083504449007,0.35011635286651155,151809,77.42974559999948,0.08626209999965795,26834
pvdaq_1423,BWh,gru,2,0.0,2017-12-01 00:00:00,6467,1638,0.05041947215795517,0.027420971542596817,0.9690216779708862,0.10797720985919727,-0.4433313383659043,-0.5935353594277548,-0.302081070773208,2121,7.260780287474333,4.298083504449007,0.34996249783641364,151809,58.89910229999987,0.11827750000065862,26834
pvdaq_1423,BWh,gru,3,0.0,2017-12-01 00:00:00,6467,1638,0.04911104589700699,0.025371043011546135,0.9706085920333862,0.10517511354765555,-0.543217696406284,-0.6812164691370803,-0.355612190420317,2121,7.260780287474333,4.298083504449007,0.3501355847452738,151809,88.02889200000027,0.11900999999943451,26834
pvdaq_1423,BWh,gru,4,0.0,2017-12-01 00:00:00,6467,1638,0.04833444580435753,0.024627629667520523,0.9715307950973511,0.10351196422078478,-0.47960614117188993,-0.6053778462069781,-0.3315619963706697,2121,7.260780287474333,4.298083504449007,0.3501355847452738,151809,80.08655739999995,0.08809310000015103,26834
pvdaq_1423,BWh,tcn,0,0.0,2017-12-01 00:00:00,6467,1638,0.04805523902177811,0.02231009304523468,0.97185879945755,0.10291402124228152,-0.4853405318614811,-0.6331046893208847,-0.3541137530525346,2121,7.260780287474333,4.298083504449007,0.35011635286651155,198273,13.842248900000413,0.13677929999994376,26834
pvdaq_1423,BWh,tcn,1,0.0,2017-12-01 00:00:00,6467,1638,0.04844445735216141,0.022898104041814804,0.9714010953903198,0.10374756248224497,-0.5143896306311901,-0.6632179695826579,-0.3786030597345946,2121,7.260780287474333,4.298083504449007,0.3501355847452738,198273,9.074916200000189,0.12121760000081849,26834
pvdaq_1423,BWh,tcn,2,0.0,2017-12-01 00:00:00,6467,1638,0.05003253370523453,0.025188861414790154,0.9694952964782715,0.1071485511540621,-0.5312017311196959,-0.709825628919847,-0.3759874447488376,2121,7.260780287474333,4.298083504449007,0.35011635286651155,198273,8.498577299999852,0.1239770000001954,26834
pvdaq_1423,BWh,tcn,3,0.0,2017-12-01 00:00:00,6467,1638,0.04974175617098808,0.02628347836434841,0.9698488712310791,0.10652582851350557,-0.5261918457559644,-0.662096298836834,-0.35901958836214126,2121,7.260780287474333,4.298083504449007,0.35005865723022483,198273,7.829320000000735,0.172545600000376,26834
pvdaq_1423,BWh,tcn,4,0.0,2017-12-01 00:00:00,6467,1638,0.04971381649374962,0.02534269168972969,0.9698827266693115,0.10646599352786501,-0.5003438035882546,-0.6226533946301632,-0.3658406590401663,2121,7.260780287474333,4.298083504449007,0.35011635286651155,198273,9.24675229999957,0.10624050000023999,26834
pvdaq_1423,BWh,patchtst,0,0.0,2017-12-01 00:00:00,6467,1638,0.05476418510079384,0.029774965718388557,0.9634527564048767,0.11728174957625662,-0.32791860470562373,-0.4969708985000598,-0.20171321566654354,2121,7.260780287474333,4.298083504449007,0.3501355847452738,25857,19.47905940000055,0.29772030000003724,26834
pvdaq_1423,BWh,patchtst,1,0.0,2017-12-01 00:00:00,6467,1638,0.05485192686319351,0.029686802998185158,0.9633355140686035,0.11746965536516223,-0.373834340374139,-0.5375821683227144,-0.17660183161920529,2121,7.260780287474333,4.298083504449007,0.3501355847452738,25857,18.791204799999832,0.3010409999997137,26834
pvdaq_1423,BWh,patchtst,2,0.0,2017-12-01 00:00:00,6467,1638,0.05476336553692818,0.029978150501847267,0.9634538292884827,0.11727999441667782,-0.42154798202570004,-0.5933667005328989,-0.26697296674809134,2121,7.260780287474333,4.298083504449007,0.35011635286651155,25857,28.730334900000344,0.3748318999996627,26834
pvdaq_1423,BWh,patchtst,3,0.0,2017-12-01 00:00:00,6467,1638,0.054987650364637375,0.02958628349006176,0.9631538987159729,0.1177603177694079,-0.45025868012747994,-0.6374173934508565,-0.23458934956599195,2121,7.260780287474333,4.298083504449007,0.3500778891089871,25857,27.369004199999836,0.3724302999999054,26834
pvdaq_1423,BWh,patchtst,4,0.0,2017-12-01 00:00:00,6467,1638,0.05570977181196213,0.029831286519765854,0.9621797800064087,0.11930679685227766,-0.2975519679340122,-0.48785734786722657,-0.145905745639624,2121,7.260780287474333,4.298083504449007,0.3501355847452738,25857,17.97259529999974,0.4729420999992726,26834
pvdaq_1423,BWh,informer,0,0.0,2017-12-01 00:00:00,6467,1638,0.051753632724285126,0.027268648147583008,0.9673604965209961,0.11083441818151299,-0.4566814696201421,-0.6315024476794884,-0.2830136778576464,2121,7.260780287474333,4.298083504449007,0.35005865723022483,81537,25.801352899999983,0.21694899999965855,26834
pvdaq_1423,BWh,informer,1,0.0,2017-12-01 00:00:00,6467,1638,0.050024185329675674,0.027221428230404854,0.9695054888725281,0.1071306724603527,-0.5576964018952246,-0.6939715190799944,-0.3761242844853274,2121,7.260780287474333,4.298083504449007,0.35005865723022483,81537,32.691654899999776,0.21937109999998938,26834
pvdaq_1423,BWh,informer,2,0.0,2017-12-01 00:00:00,6467,1638,0.05479903519153595,0.02841670624911785,0.9634062051773071,0.1173563837483456,-0.3727569522300189,-0.553967328145064,-0.2140231107365831,2121,7.260780287474333,4.298083504449007,0.3501355847452738,81537,17.95249429999967,0.21786340000016935,26834
pvdaq_1423,BWh,informer,3,0.0,2017-12-01 00:00:00,6467,1638,0.05426999181509018,0.028746599331498146,0.9641093611717224,0.11622339632824445,-0.5276979595249948,-0.6829142039900593,-0.30928186950426234,2121,7.260780287474333,4.298083504449007,0.3500394253514626,81537,17.21152290000009,0.2185872999998537,26834
pvdaq_1423,BWh,informer,4,0.0,2017-12-01 00:00:00,6467,1638,0.05240292474627495,0.027965251356363297,0.9665364027023315,0.11222492740181302,-0.6122432255497245,-0.7710810661638257,-0.4058601273006085,2121,7.260780287474333,4.298083504449007,0.3500971209877493,81537,25.610807200000636,0.21646380000038334,26834
pvdaq_1423,BWh,xgboost,0,-0.25,2017-12-01 00:00:00,6467,1638,0.05524715781211853,0.025835305452346802,0.9626023173332214,0.11862867919944982,-0.5071808319250748,-0.7338121695317228,-0.37286921675298246,2121,7.260780287474333,4.298083504449007,0.3505202223205185,352,3.4382117000004655,0.04996420000043145,26834
pvdaq_1423,BWh,xgboost,1,-0.25,2017-12-01 00:00:00,6467,1638,0.05520748719573021,0.02507610432803631,0.9626560211181641,0.11854349702879086,-0.5573439971798433,-0.7186675250944519,-0.3480508226599177,2121,7.260780287474333,4.298083504449007,0.3505202223205185,364,3.374362200000178,0.05230120000032912,26834
pvdaq_1423,BWh,xgboost,2,-0.25,2017-12-01 00:00:00,6467,1638,0.05521181598305702,0.02462724596261978,0.9626501798629761,0.11855279195623059,-0.5748193492662312,-0.6990684935881181,-0.3688625224357922,2121,7.260780287474333,4.298083504449007,0.3505202223205185,371,3.495116500000222,0.05282340000030672,26834
pvdaq_1423,BWh,xgboost,3,-0.25,2017-12-01 00:00:00,6467,1638,0.054987113922834396,0.024481208994984627,0.9629535675048828,0.11807030363152335,-0.5381220659388175,-0.672084071980017,-0.3880859105494294,2121,7.260780287474333,4.298083504449007,0.3505202223205185,372,3.814933900000142,0.05430960000012419,26834
pvdaq_1423,BWh,xgboost,4,-0.25,2017-12-01 00:00:00,6467,1638,0.055335961282253265,0.02330925315618515,0.9624820351600647,0.11881936119627284,-0.5801543965124389,-0.700609981111805,-0.3617149150887289,2121,7.260780287474333,4.298083504449007,0.3505202223205185,402,3.878695499999594,0.055405099999916274,26834
pvdaq_1423,BWh,random_forest,0,-0.25,2017-12-01 00:00:00,6467,1638,0.05147656053304672,0.020447252318263054,0.9675328731536865,0.11053231745482425,-0.3972303928552523,-0.5053397782790915,-0.2728536972301405,2121,7.260780287474333,4.298083504449007,0.3505202223205185,3227566,2.383103000000119,0.4334436999997706,26834
pvdaq_1423,BWh,random_forest,1,-0.25,2017-12-01 00:00:00,6467,1638,0.051502078771591187,0.02048819325864315,0.9675006866455078,0.11058711113207224,-0.3874469542285409,-0.5124633564781655,-0.2776139666227917,2121,7.260780287474333,4.298083504449007,0.3505202223205185,3226940,2.3902134999998452,0.42558220000046276,26834
pvdaq_1423,BWh,random_forest,2,-0.25,2017-12-01 00:00:00,6467,1638,0.05136802792549133,0.02040085941553116,0.967669665813446,0.11029927234636541,-0.3805835108436961,-0.523988772056357,-0.2739811610666887,2121,7.260780287474333,4.298083504449007,0.3505202223205185,3228362,2.36371440000039,0.4664620000003197,26834
pvdaq_1423,BWh,random_forest,3,-0.25,2017-12-01 00:00:00,6467,1638,0.05177006497979164,0.02046012692153454,0.9671615958213806,0.11116254073209984,-0.3732647398833,-0.4986465722365163,-0.2756029360529211,2121,7.260780287474333,4.298083504449007,0.3505202223205185,3228966,2.340654700000414,0.4372245999993538,26834
pvdaq_1423,BWh,random_forest,4,-0.25,2017-12-01 00:00:00,6467,1638,0.05158001556992531,0.020473424345254898,0.9674022793769836,0.11075445982137229,-0.39938462257292795,-0.5125741066487444,-0.2720124070725638,2121,7.260780287474333,4.298083504449007,0.3505202223205185,3226118,2.392643500000304,0.4353587999994488,26834
pvdaq_1423,BWh,lstm,0,-0.25,2017-12-01 00:00:00,6467,1638,0.048216599971055984,0.025075849145650864,0.971514880657196,0.10353241318777744,-0.7200404348179479,-0.864351159105079,-0.5756901844325313,2121,7.260780287474333,4.298083504449007,0.3505202223205185,13729,91.61193470000035,0.061277200000404264,26834
pvdaq_1423,BWh,lstm,1,-0.25,2017-12-01 00:00:00,6467,1638,0.04946592450141907,0.02591283805668354,0.9700196385383606,0.10621500763783866,-0.6312203908363272,-0.7745340213281531,-0.44955162049330477,2121,7.260780287474333,4.298083504449007,0.35050099044175625,13729,99.64290279999932,0.057275799999843,26834
pvdaq_1423,BWh,lstm,2,-0.25,2017-12-01 00:00:00,6467,1638,0.04699205607175827,0.023759691044688225,0.9729433655738831,0.10090302859772406,-0.7349653094271047,-0.8840531007246355,-0.5764891801568472,2121,7.260780287474333,4.298083504449007,0.35044329480546954,13729,104.17717270000048,0.058895099999972444,26834
pvdaq_1423,BWh,lstm,3,-0.25,2017-12-01 00:00:00,6467,1638,0.04856393486261368,0.02556191384792328,0.9711030125617981,0.1042782231272769,-0.690229954361854,-0.8558616625471915,-0.56365402086343,2121,7.260780287474333,4.298083504449007,0.350481758562994,13729,86.82470569999987,0.05936500000007072,26834
pvdaq_1423,BWh,lstm,4,-0.25,2017-12-01 00:00:00,6467,1638,0.04795874282717705,0.02293919213116169,0.971818745136261,0.10297873307803267,-0.6329154057743647,-0.7941256519938447,-0.497559722168597,2121,7.260780287474333,4.298083504449007,0.3505202223205185,13729,102.04442500000005,0.05939899999975751,26834
pvdaq_1423,BWh,gru,0,-0.25,2017-12-01 00:00:00,6467,1638,0.049588643014431,0.025163577869534492,0.9698706865310669,0.1064785132314012,-0.7208400822102168,-0.8501660676190403,-0.5896949439085342,2121,7.260780287474333,4.298083504449007,0.3504625266842318,151809,88.75378040000032,0.08742679999977554,26834
pvdaq_1423,BWh,gru,1,-0.25,2017-12-01 00:00:00,6467,1638,0.04890473559498787,0.025133822113275528,0.9706960320472717,0.10501000268577008,-0.7387508417396993,-0.8619726639772725,-0.5655769197096427,2121,7.260780287474333,4.298083504449007,0.35050099044175625,151809,76.57911699999931,0.09574659999998403,26834
pvdaq_1423,BWh,gru,2,-0.25,2017-12-01 00:00:00,6467,1638,0.05024440586566925,0.027606312185525894,0.9690685868263245,0.10788659075052012,-0.6869476422293352,-0.8247656498991451,-0.5440796616475341,2121,7.260780287474333,4.298083504449007,0.35034713541165835,151809,61.05334800000037,0.13094869999986258,26834
pvdaq_1423,BWh,gru,3,-0.25,2017-12-01 00:00:00,6467,1638,0.048904404044151306,0.025467516854405403,0.9706964492797852,0.1050092907679197,-0.7678571601891948,-0.9230368770237759,-0.6059849908596149,2121,7.260780287474333,4.298083504449007,0.3505202223205185,151809,87.73202869999932,0.07888530000036553,26834
pvdaq_1423,BWh,gru,4,-0.25,2017-12-01 00:00:00,6467,1638,0.04810056462883949,0.024586012586951256,0.9716518521308899,0.10328325793829998,-0.6546391223929804,-0.7826074532123029,-0.48755002674088016,2121,7.260780287474333,4.298083504449007,0.35050099044175625,151809,62.90301140000065,0.07911390000026586,26834
pvdaq_1423,BWh,tcn,0,-0.25,2017-12-01 00:00:00,6467,1638,0.04757358506321907,0.02226417139172554,0.972269594669342,0.1021517085100516,-0.739742071227889,-0.8656015714620963,-0.5961759155377222,2121,7.260780287474333,4.298083504449007,0.35050099044175625,198273,13.75656009999966,0.10556559999986348,26834
pvdaq_1423,BWh,tcn,1,-0.25,2017-12-01 00:00:00,6467,1638,0.04788050428032875,0.022926656529307365,0.9719105958938599,0.102810736463498,-0.7901437633578368,-0.9452457274616077,-0.6326149741393061,2121,7.260780287474333,4.298083504449007,0.35050099044175625,198273,9.758432800000264,0.08841909999955533,26834
pvdaq_1423,BWh,tcn,2,-0.25,2017-12-01 00:00:00,6467,1638,0.04795069247484207,0.0226940605789423,0.9718282222747803,0.10296144707269939,-0.7491878826415721,-0.8756017367312461,-0.6008274794473467,2121,7.260780287474333,4.298083504449007,0.35050099044175625,198273,15.306431599999996,0.09236939999937022,26834
pvdaq_1423,BWh,tcn,3,-0.25,2017-12-01 00:00:00,6467,1638,0.04990775138139725,0.02662292681634426,0.9694817066192627,0.10716371416469511,-0.7884347839090922,-0.9322750381529188,-0.5955882914976174,2121,7.260780287474333,4.298083504449007,0.3504625266842318,198273,8.4050888999991,0.0892946000003576,26834
pvdaq_1423,BWh,tcn,4,-0.25,2017-12-01 00:00:00,6467,1638,0.04927768185734749,0.02509213797748089,0.9702473878860474,0.1058108062794418,-0.7773219308539581,-0.9159924046485143,-0.6339187921752698,2121,7.260780287474333,4.298083504449007,0.35050099044175625,198273,9.84734589999971,0.09244639999997162,26834
pvdaq_1423,BWh,patchtst,0,-0.25,2017-12-01 00:00:00,6467,1638,0.054679010063409805,0.030254708603024483,0.9633675813674927,0.11740873197160033,-0.5946234592689592,-0.7875544834312409,-0.4420587286264599,2121,7.260780287474333,4.298083504449007,0.3505202223205185,25857,24.77225300000009,0.2959079999991445,26834
pvdaq_1423,BWh,patchtst,1,-0.25,2017-12-01 00:00:00,6467,1638,0.05455869436264038,0.029376422986388206,0.963528573513031,0.11715038578268376,-0.6017067009437066,-0.7924748736255816,-0.44171111234209137,2121,7.260780287474333,4.298083504449007,0.3505202223205185,25857,17.90112229999977,0.2961199999999735,26834
pvdaq_1423,BWh,patchtst,2,-0.25,2017-12-01 00:00:00,6467,1638,0.054554082453250885,0.029930492863059044,0.9635347723960876,0.11714048292539428,-0.6365208593052507,-0.8484674740330489,-0.49467743495034133,2121,7.260780287474333,4.298083504449007,0.3505202223205185,25857,23.61768049999955,0.2987766999995074,26834
pvdaq_1423,BWh,patchtst,3,-0.25,2017-12-01 00:00:00,6467,1638,0.05477193742990494,0.029874231666326523,0.9632429480552673,0.11760826894662971,-0.6621589633473424,-0.8490601097749846,-0.4959713740166349,2121,7.260780287474333,4.298083504449007,0.350481758562994,25857,26.046594299999924,0.29936199999974633,26834
pvdaq_1423,BWh,patchtst,4,-0.25,2017-12-01 00:00:00,6467,1638,0.05547929182648659,0.02982555329799652,0.962287425994873,0.11912712568271322,-0.541838122835514,-0.7078940941326132,-0.381486851060123,2121,7.260780287474333,4.298083504449007,0.3505202223205185,25857,18.005141900000126,0.2989348000000973,26834
pvdaq_1423,BWh,informer,0,-0.25,2017-12-01 00:00:00,6467,1638,0.05430718883872032,0.029277566820383072,0.9638640880584717,0.1166103440991737,-0.7312594399378092,-0.8699580810237533,-0.5954449165607778,2121,7.260780287474333,4.298083504449007,0.3504625266842318,81537,17.117072299999563,0.1392636999999013,26834
pvdaq_1423,BWh,informer,1,-0.25,2017-12-01 00:00:00,6467,1638,0.05004117637872696,0.0271209254860878,0.9693182706832886,0.1074502091054709,-0.8327293794253898,-0.9451330951433579,-0.6818836344507861,2121,7.260780287474333,4.298083504449007,0.35044329480546954,81537,32.307952600000135,0.14742480000040814,26834
pvdaq_1423,BWh,informer,2,-0.25,2017-12-01 00:00:00,6467,1638,0.054771408438682556,0.028962943702936172,0.9632436633110046,0.1176071330776999,-0.6394737823141705,-0.8238106921422739,-0.510361626778777,2121,7.260780287474333,4.298083504449007,0.3505202223205185,81537,18.06543099999999,0.11882729999979347,26834
pvdaq_1423,BWh,informer,3,-0.25,2017-12-01 00:00:00,6467,1638,0.052455514669418335,0.026357168331742287,0.9662862420082092,0.11263436289559675,-0.7809510497083116,-0.9600214539544738,-0.6093969610147857,2121,7.260780287474333,4.298083504449007,0.3504625266842318,81537,26.343845899999906,0.14871929999935674,26834
pvdaq_1423,BWh,informer,4,-0.25,2017-12-01 00:00:00,6467,1638,0.05177030339837074,0.02757435478270054,0.9671612977981567,0.11116305267302595,-0.8598057546294121,-1.0404279622982868,-0.658027605318596,2121,7.260780287474333,4.298083504449007,0.35050099044175625,81537,25.861691100000826,0.11884790000021894,26834
pvdaq_1423,BWh,xgboost,0,-0.5,2017-12-01 00:00:00,6467,1638,0.05476837232708931,0.02453945204615593,0.963047206401825,0.11791215272642579,-0.7604317590566441,-0.9496781414914062,-0.5974316841943037,2121,7.260780287474333,4.298083504449007,0.3503663672904206,374,3.7916688000004797,0.05486139999993611,26834
pvdaq_1423,BWh,xgboost,1,-0.5,2017-12-01 00:00:00,6467,1638,0.05510067194700241,0.02516843006014824,0.9625974297523499,0.1186275686109827,-0.7752399401535492,-0.9174035949088055,-0.5916434090596825,2121,7.260780287474333,4.298083504449007,0.3503663672904206,364,3.6521820999996635,0.05201320000014675,26834
pvdaq_1423,BWh,xgboost,2,-0.5,2017-12-01 00:00:00,6467,1638,0.054779764264822006,0.02441132441163063,0.9630318284034729,0.11793667870455356,-0.7846376191186888,-0.9361887022544535,-0.5934009775039439,2121,7.260780287474333,4.298083504449007,0.3503663672904206,375,4.108653799999956,0.05207610000070417,26834
pvdaq_1423,BWh,xgboost,3,-0.5,2017-12-01 00:00:00,6467,1638,0.054772261530160904,0.02491030842065811,0.9630419611930847,0.11792052588573429,-0.7974714325109933,-0.9076873075540306,-0.6237192974465455,2121,7.260780287474333,4.298083504449007,0.3503663672904206,366,3.5908682999997836,0.055354300000544754,26834
pvdaq_1423,BWh,xgboost,4,-0.5,2017-12-01 00:00:00,6467,1638,0.05487488955259323,0.024429278448224068,0.9629033207893372,0.1181414762361077,-0.762872420276467,-0.9224450751402435,-0.6050498956286676,2121,7.260780287474333,4.298083504449007,0.3503663672904206,374,3.775259100000767,0.05271730000004027,26834
pvdaq_1423,BWh,random_forest,0,-0.5,2017-12-01 00:00:00,6467,1638,0.05100857466459274,0.02061084471642971,0.9679465889930725,0.10981759345135532,-0.5713097122383048,-0.6867219693725835,-0.44454470336144913,2121,7.260780287474333,4.298083504449007,0.3503663672904206,3225694,2.308165100000224,0.42502839999997377,26834
pvdaq_1423,BWh,random_forest,1,-0.5,2017-12-01 00:00:00,6467,1638,0.05102785304188728,0.02061442844569683,0.9679223895072937,0.10985909833585865,-0.597041176320243,-0.7263531567624604,-0.4594722461162992,2121,7.260780287474333,4.298083504449007,0.3503663672904206,3227680,2.3386775999997553,0.46910469999966153,26834
pvdaq_1423,BWh,random_forest,2,-0.5,2017-12-01 00:00:00,6467,1638,0.050939809530973434,0.020517412573099136,0.968032956123352,0.10966954733289211,-0.5696299815976746,-0.7137561022363237,-0.42805548615928446,2121,7.260780287474333,4.298083504449007,0.3503663672904206,3227904,2.651684899999964,0.5075296999993952,26834
pvdaq_1423,BWh,random_forest,3,-0.5,2017-12-01 00:00:00,6467,1638,0.05097595974802971,0.020613597705960274,0.967987596988678,0.10974737600906996,-0.5809108514648109,-0.7152358932769576,-0.4638602337536657,2121,7.260780287474333,4.298083504449007,0.3503663672904206,3227374,2.331764000000476,0.42888570000013715,26834
pvdaq_1423,BWh,random_forest,4,-0.5,2017-12-01 00:00:00,6467,1638,0.05160638689994812,0.02071516402065754,0.9671908617019653,0.11110463786406802,-0.5786036285104823,-0.6955491632993693,-0.4423262466866196,2121,7.260780287474333,4.298083504449007,0.3503663672904206,3228110,2.3262220999995407,0.4563633999996455,26834
pvdaq_1423,BWh,lstm,0,-0.5,2017-12-01 00:00:00,6467,1638,0.04798564687371254,0.02503582090139389,0.9716331958770752,0.10330945913561407,-0.9643330583120058,-1.0896874483919383,-0.7891453134537929,2121,7.260780287474333,4.298083504449007,0.3503663672904206,13729,94.09383219999927,0.060813299999608716,26834
pvdaq_1423,BWh,lstm,1,-0.5,2017-12-01 00:00:00,6467,1638,0.049280572682619095,0.025962144136428833,0.9700815677642822,0.10609733621250245,-0.8712603019255305,-1.0162437163166782,-0.7004035251483964,2121,7.260780287474333,4.298083504449007,0.35034713541165835,13729,83.14288370000031,0.061168399999587564,26834
pvdaq_1423,BWh,lstm,2,-0.5,2017-12-01 00:00:00,6467,1638,0.046778637915849686,0.023799169808626175,0.9730423092842102,0.10071086037259597,-0.9801098300148032,-1.111954591873478,-0.819613320583823,2121,7.260780287474333,4.298083504449007,0.35028943977537164,13729,116.16450280000026,0.06239409999943746,26834
pvdaq_1423,BWh,lstm,3,-0.5,2017-12-01 00:00:00,6467,1638,0.04843338578939438,0.025602787733078003,0.9711013436317444,0.1042734070706037,-0.9264814355216048,-1.1080954090223194,-0.8205503946586146,2121,7.260780287474333,4.298083504449007,0.3503279035328961,13729,86.4244106999995,0.056283399999301764,26834
pvdaq_1423,BWh,lstm,4,-0.5,2017-12-01 00:00:00,6467,1638,0.047704774886369705,0.02291131392121315,0.9719642996788025,0.10270476304440374,-0.8805046920756177,-1.014128893457622,-0.7439801210723684,2121,7.260780287474333,4.298083504449007,0.3503663672904206,13729,100.12159599999904,0.05936649999966903,26834
pvdaq_1423,BWh,gru,0,-0.5,2017-12-01 00:00:00,6467,1638,0.04927739500999451,0.025818772614002228,0.9700853824615479,0.10609049492429348,-0.8911076679090302,-1.0575626651747494,-0.7733261698283046,2121,7.260780287474333,4.298083504449007,0.3503663672904206,151809,78.40414149999924,0.07742789999974775,26834
pvdaq_1423,BWh,gru,1,-0.5,2017-12-01 00:00:00,6467,1638,0.04880254715681076,0.02526763640344143,0.9706591367721558,0.105068183502438,-0.9858899758669768,-1.1091269890090192,-0.8164741959883648,2121,7.260780287474333,4.298083504449007,0.35034713541165835,151809,77.08770949999962,0.09852389999832667,26834
pvdaq_1423,BWh,gru,2,-0.5,2017-12-01 00:00:00,6467,1638,0.04860011860728264,0.023535946384072304,0.9709020256996155,0.10463237018475167,-1.0212198474530365,-1.1419235363835045,-0.8620873855712641,2121,7.260780287474333,4.298083504449007,0.3503663672904206,151809,91.43322579999949,0.10135709999849496,26834
pvdaq_1423,BWh,gru,3,-0.5,2017-12-01 00:00:00,6467,1638,0.04868820682168007,0.025461800396442413,0.9707964658737183,0.10482201743092866,-1.0195582378023649,-1.1592361166860043,-0.8506521761659777,2121,7.260780287474333,4.298083504449007,0.3503663672904206,151809,86.08979660000114,0.08062790000076347,26834
pvdaq_1423,BWh,gru,4,-0.5,2017-12-01 00:00:00,6467,1638,0.04786546528339386,0.024833260104060173,0.9717751145362854,0.1030507172846069,-0.9086412991263004,-1.021655457492232,-0.7425901823794157,2121,7.260780287474333,4.298083504449007,0.35034713541165835,151809,63.24922010000046,0.07589279999956489,26834
pvdaq_1423,BWh,tcn,0,-0.5,2017-12-01 00:00:00,6467,1638,0.047079890966415405,0.022037534043192863,0.9726939797401428,0.10135943534750055,-0.9553096164396258,-1.099178232526854,-0.7983392017937851,2121,7.260780287474333,4.298083504449007,0.3503663672904206,198273,14.292845799998759,0.06258830000115267,26834
pvdaq_1423,BWh,tcn,1,-0.5,2017-12-01 00:00:00,6467,1638,0.04796134680509567,0.023076167330145836,0.9716619253158569,0.10325714293047102,-1.0084008481650697,-1.1921650026825736,-0.8886550950887306,2121,7.260780287474333,4.298083504449007,0.3503663672904206,198273,10.874698100000387,0.0906063999991602,26834
pvdaq_1423,BWh,tcn,2,-0.5,2017-12-01 00:00:00,6467,1638,0.048150546848773956,0.022834960371255875,0.9714378714561462,0.1036644762781339,-0.9900163684806309,-1.1463407307928906,-0.8316017624816707,2121,7.260780287474333,4.298083504449007,0.3503663672904206,198273,20.117361399999936,0.11122710000017832,26834
pvdaq_1423,BWh,tcn,3,-0.5,2017-12-01 00:00:00,6467,1638,0.048175495117902756,0.022749681025743484,0.9714083075523376,0.10371818800982836,-1.045129369145711,-1.1799663213305278,-0.8774227483987984,2121,7.260780287474333,4.298083504449007,0.35028943977537164,198273,12.127425700000458,0.10986780000166618,26834
pvdaq_1423,BWh,tcn,4,-0.5,2017-12-01 00:00:00,6467,1638,0.04885666072368622,0.025033896788954735,0.970594048500061,0.10518468590867867,-0.958254885141727,-1.1149240905933167,-0.8242933855642454,2121,7.260780287474333,4.298083504449007,0.35034713541165835,198273,8.782809100001032,0.11039399999935995,26834
pvdaq_1423,BWh,patchtst,0,-0.5,2017-12-01 00:00:00,6467,1638,0.05455264076590538,0.030414341017603874,0.9633377194404602,0.11744769903336527,-0.8519184421649673,-1.0279030937981104,-0.6901800256019941,2121,7.260780287474333,4.298083504449007,0.3503663672904206,25857,17.679261100000076,0.31524589999935415,26834
pvdaq_1423,BWh,patchtst,1,-0.5,2017-12-01 00:00:00,6467,1638,0.05435546487569809,0.029490608721971512,0.9636023044586182,0.11702319429290595,-0.8936842890113131,-1.0483475859583313,-0.6768310428727309,2121,7.260780287474333,4.298083504449007,0.3503663672904206,25857,17.65257340000062,0.3180309999988822,26834
pvdaq_1423,BWh,patchtst,2,-0.5,2017-12-01 00:00:00,6467,1638,0.05442419648170471,0.029981102794408798,0.9635101556777954,0.11717116822896131,-0.8887292365249932,-1.050488336557398,-0.6958267190740774,2121,7.260780287474333,4.298083504449007,0.3503663672904206,25857,23.321135599999252,0.3155380000007426,26834
pvdaq_1423,BWh,patchtst,3,-0.5,2017-12-01 00:00:00,6467,1638,0.05462285503745079,0.0298672653734684,0.963243305683136,0.11759886503590032,-0.9108517005308339,-1.1017560751450057,-0.7375714165030411,2121,7.260780287474333,4.298083504449007,0.35034713541165835,25857,25.64300970000113,0.31567119999999704,26834
pvdaq_1423,BWh,patchtst,4,-0.5,2017-12-01 00:00:00,6467,1638,0.0553177073597908,0.029694050550460815,0.9623022079467773,0.11909482939768111,-0.7858033102117634,-0.9488772282030156,-0.6018645870666028,2121,7.260780287474333,4.298083504449007,0.3503663672904206,25857,17.701063099999374,0.31702930000028573,26834
pvdaq_1423,BWh,informer,0,-0.5,2017-12-01 00:00:00,6467,1638,0.05205796658992767,0.029605863615870476,0.9666141867637634,0.11207685469488816,-0.9088017327177456,-1.1214410601951386,-0.7555338205979534,2121,7.260780287474333,4.298083504449007,0.35028943977537164,81537,25.565047199999754,0.13984419999906095,26834
pvdaq_1423,BWh,informer,1,-0.5,2017-12-01 00:00:00,6467,1638,0.05219675227999687,0.028935233131051064,0.9664359092712402,0.1123756497619745,-0.9452152962266036,-1.1567305120350817,-0.7280889046577865,2121,7.260780287474333,4.298083504449007,0.3503279035328961,81537,17.174443800000518,0.1369286999997712,26834
pvdaq_1423,BWh,informer,2,-0.5,2017-12-01 00:00:00,6467,1638,0.05456780642271042,0.02905120700597763,0.963317334651947,0.1174803495425079,-0.8893438281210475,-1.101512681358785,-0.718780111569003,2121,7.260780287474333,4.298083504449007,0.3503663672904206,81537,18.006403299999874,0.14532730000064475,26834
pvdaq_1423,BWh,informer,3,-0.5,2017-12-01 00:00:00,6467,1638,0.052420713007450104,0.027104588225483894,0.9661473035812378,0.11285782022602397,-0.9930354131521213,-1.2169506684795977,-0.8415923477379961,2121,7.260780287474333,4.298083504449007,0.3503086716541339,81537,26.89462319999984,0.14750410000124248,26834
pvdaq_1423,BWh,informer,4,-0.5,2017-12-01 00:00:00,6467,1638,0.05097709223628044,0.028002681210637093,0.9679861664772034,0.10974981417040117,-1.058562939420321,-1.2215137522787578,-0.836143742138995,2121,7.260780287474333,4.298083504449007,0.3503279035328961,81537,33.42828879999979,0.2047879000001558,26834
pvdaq_1423,BWh,xgboost,0,-1.0,2017-12-01 00:00:00,6467,1638,0.0541224367916584,0.02601693943142891,0.9635188579559326,0.1171421512398391,-1.2419589542434495,-1.3985287074857882,-1.1067135475241574,2121,7.260780287474333,4.298083504449007,0.35065484547185416,351,3.284378399999696,0.047900099998514634,26834
pvdaq_1423,BWh,xgboost,1,-1.0,2017-12-01 00:00:00,6467,1638,0.054351381957530975,0.0252228956669569,0.9632095694541931,0.11763767824926616,-1.2324347066961927,-1.4101572297706075,-1.0793705476674345,2121,7.260780287474333,4.298083504449007,0.35065484547185416,364,3.4366131000006135,0.051269600000523496,26834
pvdaq_1423,BWh,xgboost,2,-1.0,2017-12-01 00:00:00,6467,1638,0.0543600469827652,0.025107279419898987,0.9631978273391724,0.11765643275768549,-1.239281558351607,-1.4021447306823365,-1.081477518441426,2121,7.260780287474333,4.298083504449007,0.35065484547185416,365,3.5616002999995544,0.05135109999901033,26834
pvdaq_1423,BWh,xgboost,3,-1.0,2017-12-01 00:00:00,6467,1638,0.05403205752372742,0.02496381662786007,0.963640570640564,0.11694653510537582,-1.260400129451389,-1.4262376146645153,-1.099585653729085,2121,7.260780287474333,4.298083504449007,0.35065484547185416,366,3.2965354999996634,0.053217699998640455,26834
pvdaq_1423,BWh,xgboost,4,-1.0,2017-12-01 00:00:00,6467,1638,0.054204605519771576,0.02465762570500374,0.9634079933166504,0.11731999655033153,-1.2362279083967809,-1.3864451361566998,-1.0540563864640307,2121,7.260780287474333,4.298083504449007,0.35065484547185416,373,3.3975597000007838,0.05468569999902684,26834
pvdaq_1423,BWh,random_forest,0,-1.0,2017-12-01 00:00:00,6467,1638,0.05039800703525543,0.020942505449056625,0.9683669805526733,0.10908102650729645,-0.9186991335639272,-1.0817932426614107,-0.7883943701040136,2121,7.260780287474333,4.298083504449007,0.35065484547185416,3226988,2.3136520000007295,0.42519259999971837,26834
pvdaq_1423,BWh,random_forest,1,-1.0,2017-12-01 00:00:00,6467,1638,0.05061805993318558,0.02091623842716217,0.9680901169776917,0.10955730716607993,-0.9287167464767543,-1.0982458932297559,-0.7645925123284325,2121,7.260780287474333,4.298083504449007,0.35065484547185416,3226920,2.308705800000098,0.4426532999987103,26834
pvdaq_1423,BWh,random_forest,2,-1.0,2017-12-01 00:00:00,6467,1638,0.050554268062114716,0.020938383415341377,0.9681705236434937,0.1094192365718526,-0.9065217640642553,-1.064953032593563,-0.8005586254131057,2121,7.260780287474333,4.298083504449007,0.35065484547185416,3228850,2.3515255999991496,0.43556680000074266,26834
pvdaq_1423,BWh,random_forest,3,-1.0,2017-12-01 00:00:00,6467,1638,0.050569117069244385,0.020877664908766747,0.9681518077850342,0.10945137563916106,-0.9247276622144196,-1.0560987451018689,-0.7860750994358068,2121,7.260780287474333,4.298083504449007,0.35065484547185416,3226486,2.3616280000005645,0.42292450000059034,26834
pvdaq_1423,BWh,random_forest,4,-1.0,2017-12-01 00:00:00,6467,1638,0.05025631934404373,0.020883217453956604,0.968544602394104,0.10877435884898987,-0.9187105438838938,-1.085020059521935,-0.7668188484179772,2121,7.260780287474333,4.298083504449007,0.35065484547185416,3226278,2.3390288000009605,0.4529904000009992,26834
pvdaq_1423,BWh,lstm,0,-1.0,2017-12-01 00:00:00,6467,1638,0.04756081849336624,0.025006717070937157,0.9718283414840698,0.10294023926688997,-1.43814133388768,-1.5797371922241945,-1.2742337038077256,2121,7.260780287474333,4.298083504449007,0.35065484547185416,13729,93.59767780000038,0.061461100000087754,26834
pvdaq_1423,BWh,lstm,1,-1.0,2017-12-01 00:00:00,6467,1638,0.04894411191344261,0.02607659064233303,0.9701657891273499,0.10593422801960325,-1.3444943865411951,-1.5135168376929964,-1.1735454530128364,2121,7.260780287474333,4.298083504449007,0.3506356135930919,13729,87.1254039000014,0.06166339999981574,26834
pvdaq_1423,BWh,lstm,2,-1.0,2017-12-01 00:00:00,6467,1638,0.04635165259242058,0.022655529901385307,0.9732425808906555,0.10032313066574022,-1.4062585028108476,-1.5502733308646655,-1.2600781875411808,2121,7.260780287474333,4.298083504449007,0.3506356135930919,13729,108.67496030000075,0.06589420000091195,26834
pvdaq_1423,BWh,lstm,3,-1.0,2017-12-01 00:00:00,6467,1638,0.04821490868926048,0.02577999234199524,0.97104811668396,0.10435594663695703,-1.4369274332590498,-1.597945391612882,-1.3233979992178901,2121,7.260780287474333,4.298083504449007,0.3506163817143297,13729,88.99394610000127,0.05974419999984093,26834
pvdaq_1423,BWh,lstm,4,-1.0,2017-12-01 00:00:00,6467,1638,0.04721769317984581,0.022926226258277893,0.9722333550453186,0.10219758169725109,-1.3723829783761854,-1.513918429108263,-1.2263764212036194,2121,7.260780287474333,4.298083504449007,0.35065484547185416,13729,104.78990349999913,0.062264299998787465,26834
pvdaq_1423,BWh,gru,0,-1.0,2017-12-01 00:00:00,6467,1638,0.04925445094704628,0.026678279042243958,0.9697862267494202,0.10660592323816794,-1.4223037241885284,-1.600294682671799,-1.2857235838834968,2121,7.260780287474333,4.298083504449007,0.3506356135930919,151809,81.92677539999931,0.06950679999863496,26834
pvdaq_1423,BWh,gru,1,-1.0,2017-12-01 00:00:00,6467,1638,0.04843452200293541,0.025055496022105217,0.9707837700843811,0.10483127586324116,-1.3910188350008068,-1.5342592500430368,-1.2167957503024796,2121,7.260780287474333,4.298083504449007,0.3506356135930919,151809,70.17780309999944,0.074065700000574,26834
pvdaq_1423,BWh,gru,2,-1.0,2017-12-01 00:00:00,6467,1638,0.049582771956920624,0.02729915641248226,0.969382107257843,0.10731653849634576,-1.4383758433574034,-1.5679043853078167,-1.295180168328522,2121,7.260780287474333,4.298083504449007,0.35059714983556745,151809,55.18013040000005,0.07717420000153652,26834
pvdaq_1423,BWh,gru,3,-1.0,2017-12-01 00:00:00,6467,1638,0.0482814647257328,0.02540147304534912,0.9709681272506714,0.10449999996774804,-1.48314947734971,-1.6588718637197937,-1.3261290528390035,2121,7.260780287474333,4.298083504449007,0.3506356135930919,151809,91.82153950000065,0.06988479999927222,26834
pvdaq_1423,BWh,gru,4,-1.0,2017-12-01 00:00:00,6467,1638,0.04745092988014221,0.024296119809150696,0.971958339214325,0.1027023972680277,-1.4238222805614482,-1.5275625303523925,-1.2508979030602967,2121,7.260780287474333,4.298083504449007,0.35065484547185416,151809,81.90959259999909,0.07122609999896667,26834
pvdaq_1423,BWh,tcn,0,-1.0,2017-12-01 00:00:00,6467,1638,0.0471646785736084,0.023704852908849716,0.9722956418991089,0.10208283732523234,-1.4978463397070874,-1.6226847812334708,-1.3125275257627758,2121,7.260780287474333,4.298083504449007,0.3506356135930919,198273,14.371655700000701,0.06186570000136271,26834
pvdaq_1423,BWh,tcn,1,-1.0,2017-12-01 00:00:00,6467,1638,0.04790877923369408,0.02365480177104473,0.9714146256446838,0.10369336259402169,-1.468841595396736,-1.6137118775953752,-1.3779958338141163,2121,7.260780287474333,4.298083504449007,0.3506356135930919,198273,9.388053599999694,0.14094420000037644,26834
pvdaq_1423,BWh,tcn,2,-1.0,2017-12-01 00:00:00,6467,1638,0.04762086272239685,0.0228813998401165,0.971757173538208,0.103070198495911,-1.4189721870413174,-1.5993734980803587,-1.2666537747597795,2121,7.260780287474333,4.298083504449007,0.35065484547185416,198273,17.815977300000668,0.15055849999953352,26834
pvdaq_1423,BWh,tcn,3,-1.0,2017-12-01 00:00:00,6467,1638,0.048062004148960114,0.024262452498078346,0.9712314605712891,0.10402500132394252,-1.4796604118327783,-1.6392059799894443,-1.3341689011981073,2121,7.260780287474333,4.298083504449007,0.3506163817143297,198273,14.077857199999926,0.14680399999997462,26834
pvdaq_1423,BWh,tcn,4,-1.0,2017-12-01 00:00:00,6467,1638,0.04827019199728966,0.02441413700580597,0.9709817171096802,0.10447560136823089,-1.5311562016177644,-1.714738114216352,-1.3646626222207892,2121,7.260780287474333,4.298083504449007,0.3506356135930919,198273,13.96286069999951,0.1594401000002108,26834
pvdaq_1423,BWh,patchtst,0,-1.0,2017-12-01 00:00:00,6467,1638,0.054126039147377014,0.03032035566866398,0.963513970375061,0.11714994814854138,-1.3205732765751044,-1.5142080024733384,-1.1526590321726204,2121,7.260780287474333,4.298083504449007,0.35065484547185416,25857,20.664915299999848,0.2483633000010741,26834
pvdaq_1423,BWh,patchtst,1,-1.0,2017-12-01 00:00:00,6467,1638,0.054147567600011826,0.02969083935022354,0.9634849429130554,0.11719654415204755,-1.3808406595140776,-1.553190504986191,-1.1974464930102346,2121,7.260780287474333,4.298083504449007,0.35065484547185416,25857,18.84585209999932,0.24699349999900733,26834
pvdaq_1423,BWh,patchtst,2,-1.0,2017-12-01 00:00:00,6467,1638,0.05400782451033592,0.0299109797924757,0.9636731743812561,0.11689408537310247,-1.3788294640951224,-1.590465119446978,-1.224026129707717,2121,7.260780287474333,4.298083504449007,0.35065484547185416,25857,24.47518929999933,0.24792039999920235,26834
pvdaq_1423,BWh,patchtst,3,-1.0,2017-12-01 00:00:00,6467,1638,0.054163068532943726,0.029543552547693253,0.9634640216827393,0.11723009424213048,-1.401319004295798,-1.6146291278990144,-1.2028760287318585,2121,7.260780287474333,4.298083504449007,0.3506163817143297,25857,29.1893927000001,0.24996160000046075,26834
pvdaq_1423,BWh,patchtst,4,-1.0,2017-12-01 00:00:00,6467,1638,0.05494452267885208,0.02971978858113289,0.9624021649360657,0.11892146708440252,-1.2560947377608545,-1.4572775697924794,-1.116530822142714,2121,7.260780287474333,4.298083504449007,0.35065484547185416,25857,18.379254699999365,0.24756539999907545,26834
pvdaq_1423,BWh,informer,0,-1.0,2017-12-01 00:00:00,6467,1638,0.05146433040499687,0.02921530231833458,0.9670142531394958,0.11138896792408201,-1.4340769544699317,-1.6430868901823659,-1.2587360507359646,2121,7.260780287474333,4.298083504449007,0.3505779179568052,81537,26.269056800001636,0.11821270000109507,26834
pvdaq_1423,BWh,informer,1,-1.0,2017-12-01 00:00:00,6467,1638,0.051668908447027206,0.028323130682110786,0.9667514562606812,0.11183175493369354,-1.4491982684160798,-1.6330489391612903,-1.221736543862345,2121,7.260780287474333,4.298083504449007,0.3506163817143297,81537,17.730317699999432,0.118800199999896,26834
pvdaq_1423,BWh,informer,2,-1.0,2017-12-01 00:00:00,6467,1638,0.054067909717559814,0.02845310978591442,0.9635922908782959,0.11702413329498361,-1.406533496665476,-1.605330945964878,-1.262905531171009,2121,7.260780287474333,4.298083504449007,0.35065484547185416,81537,18.519738199998756,0.11672170000019833,26834
pvdaq_1423,BWh,informer,3,-1.0,2017-12-01 00:00:00,6467,1638,0.051725395023822784,0.02571840025484562,0.9666787385940552,0.11195401400985967,-1.4611084837991395,-1.679842802618944,-1.3376137454865358,2121,7.260780287474333,4.298083504449007,0.35059714983556745,81537,26.831945899999482,0.11838079999870388,26834
pvdaq_1423,BWh,informer,4,-1.0,2017-12-01 00:00:00,6467,1638,0.050604138523340225,0.029256142675876617,0.9681077003479004,0.10952717578260483,-1.5516854599221874,-1.725815732614927,-1.3711648866719883,2121,7.260780287474333,4.298083504449007,0.35065484547185416,81537,29.2284008000006,0.11741099999926519,26834
pvdaq_1423,BWh,xgboost,0,-2.0,2017-12-01 00:00:00,6467,1638,0.05278937146067619,0.026388734579086304,0.9645304083824158,0.11548715437240066,-2.2207589491304356,-2.3433409651875348,-2.0400110490994106,2121,7.260780287474333,4.298083504449007,0.3504625266842318,351,3.551991199999975,0.056561100000180886,26834
pvdaq_1423,BWh,xgboost,1,-2.0,2017-12-01 00:00:00,6467,1638,0.05316353589296341,0.025708923116326332,0.9640257954597473,0.1163057128124155,-2.2012180715833605,-2.3572250920070923,-2.024733737163485,2121,7.260780287474333,4.298083504449007,0.3504625266842318,364,3.695455999999467,0.05233020000014221,26834
pvdaq_1423,BWh,xgboost,2,-2.0,2017-12-01 00:00:00,6467,1638,0.053001128137111664,0.02459580823779106,0.9642452597618103,0.11595041383740692,-2.1954403260387227,-2.3583893861646112,-2.0151606440431458,2121,7.260780287474333,4.298083504449007,0.3504625266842318,386,3.9547600999994756,0.06207110000104876,26834
pvdaq_1423,BWh,xgboost,3,-2.0,2017-12-01 00:00:00,6467,1638,0.05325249955058098,0.026241950690746307,0.9639052748680115,0.11650033834737697,-2.1979676875314933,-2.360524529480873,-2.028538917020406,2121,7.260780287474333,4.298083504449007,0.3504625266842318,354,3.5989183000001503,0.04972540000017034,26834
pvdaq_1423,BWh,xgboost,4,-2.0,2017-12-01 00:00:00,6467,1638,0.05282290652394295,0.025081753730773926,0.9644852876663208,0.11556051893275086,-2.169175543336599,-2.308889684729704,-1.9918820281498717,2121,7.260780287474333,4.298083504449007,0.3504625266842318,374,3.79778559999977,0.05082569999831321,26834
pvdaq_1423,BWh,random_forest,0,-2.0,2017-12-01 00:00:00,6467,1638,0.04960918799042702,0.021779708564281464,0.9686752557754517,0.1085298762461625,-1.699721012071128,-1.8883105054581906,-1.54032573119951,2121,7.260780287474333,4.298083504449007,0.3504625266842318,3224276,2.2114303999987897,0.47640789999968547,26834
pvdaq_1423,BWh,random_forest,1,-2.0,2017-12-01 00:00:00,6467,1638,0.04978254809975624,0.02180015668272972,0.9684559106826782,0.10890913565301175,-1.6716579583313407,-1.8965449850346539,-1.545062644861539,2121,7.260780287474333,4.298083504449007,0.3504625266842318,3224654,2.2656487000003835,0.476997300000221,26834
pvdaq_1423,BWh,random_forest,2,-2.0,2017-12-01 00:00:00,6467,1638,0.04900513216853142,0.021671965718269348,0.9694334268569946,0.10720838508188958,-1.695621836372746,-1.9082393992305584,-1.5261595547658768,2121,7.260780287474333,4.298083504449007,0.3504625266842318,3229988,2.278032500000336,0.46934760000112874,26834
pvdaq_1423,BWh,random_forest,3,-2.0,2017-12-01 00:00:00,6467,1638,0.049065813422203064,0.021721450611948967,0.9693576693534851,0.10734113728401627,-1.7068289954825178,-1.8739439436566752,-1.501756941703497,2121,7.260780287474333,4.298083504449007,0.3504625266842318,3227110,2.2628351999992447,0.4621532000001025,26834
pvdaq_1423,BWh,random_forest,4,-2.0,2017-12-01 00:00:00,6467,1638,0.04955216124653816,0.02174263261258602,0.9687471985816956,0.10840511900445612,-1.6908921998859905,-1.8739671915566114,-1.556522502183283,2121,7.260780287474333,4.298083504449007,0.3504625266842318,3225774,2.2173574000007648,0.4650018000011187,26834
pvdaq_1423,BWh,lstm,0,-2.0,2017-12-01 00:00:00,6467,1638,0.04680897295475006,0.025104772299528122,0.972111701965332,0.10240385395885339,-2.417434807089041,-2.554201538387252,-2.2405795847126964,2121,7.260780287474333,4.298083504449007,0.3504625266842318,13729,94.70932970000104,0.06673310000041965,26834
pvdaq_1423,BWh,lstm,1,-2.0,2017-12-01 00:00:00,6467,1638,0.04838455840945244,0.02648143284022808,0.9702026844024658,0.10585075767449371,-2.3201498803883505,-2.5042950321957025,-2.147005525108753,2121,7.260780287474333,4.298083504449007,0.3504625266842318,13729,92.10578050000004,0.06322410000029777,26834
pvdaq_1423,BWh,lstm,2,-2.0,2017-12-01 00:00:00,6467,1638,0.04555796459317207,0.022996561601758003,0.9735824465751648,0.09966702660559831,-2.4255325765624844,-2.524355429784597,-2.2798699999681094,2121,7.260780287474333,4.298083504449007,0.3504625266842318,13729,112.11555509999926,0.0558826999986195,26834
pvdaq_1423,BWh,lstm,3,-2.0,2017-12-01 00:00:00,6467,1638,0.04788924753665924,0.02637123316526413,0.9708096385002136,0.10476716751901692,-2.4334741084431846,-2.598709418876189,-2.2919326098573105,2121,7.260780287474333,4.298083504449007,0.3504240629267073,13729,86.37579890000052,0.06522310000036668,26834
pvdaq_1423,BWh,lstm,4,-2.0,2017-12-01 00:00:00,6467,1638,0.04860253259539604,0.026889409869909286,0.9699336290359497,0.10632761916696326,-2.4440487258732544,-2.5665259809613983,-2.258227712193096,2121,7.260780287474333,4.298083504449007,0.3504625266842318,13729,78.55047120000017,0.060485899999548565,26834
pvdaq_1423,BWh,gru,0,-2.0,2017-12-01 00:00:00,6467,1638,0.047794148325920105,0.025796175003051758,0.9709254503250122,0.10455911925234064,-2.42832237306329,-2.628702028076335,-2.258899522968905,2121,7.260780287474333,4.298083504449007,0.35044329480546954,151809,80.49344460000066,0.06612369999857037,26834
pvdaq_1423,BWh,gru,1,-2.0,2017-12-01 00:00:00,6467,1638,0.04781368747353554,0.02558542601764202,0.9709016680717468,0.10460186498873664,-2.3572005607144177,-2.5375816516510774,-2.216920502869324,2121,7.260780287474333,4.298083504449007,0.35044329480546954,151809,71.1697280999997,0.0710691999993287,26834
pvdaq_1423,BWh,gru,2,-2.0,2017-12-01 00:00:00,6467,1638,0.04939558357000351,0.028992393985390663,0.9689444303512573,0.10806257447700897,-2.3666651292508503,-2.49638923254899,-2.236907517386272,2121,7.260780287474333,4.298083504449007,0.3504240629267073,151809,56.920056700000714,0.07227199999942968,26834
pvdaq_1423,BWh,gru,3,-2.0,2017-12-01 00:00:00,6467,1638,0.04736635461449623,0.025004776194691658,0.9714435935020447,0.10362323619437407,-2.4308373278630953,-2.5648446333657087,-2.307393159703017,2121,7.260780287474333,4.298083504449007,0.3504625266842318,151809,83.93238349999956,0.083512500001234,26834
pvdaq_1423,BWh,gru,4,-2.0,2017-12-01 00:00:00,6467,1638,0.04669083654880524,0.025230661034584045,0.9722523093223572,0.10214540728724424,-2.3762213166781896,-2.5326528623213025,-2.2699733263803648,2121,7.260780287474333,4.298083504449007,0.3504625266842318,151809,82.06081880000056,0.06813899999906425,26834
pvdaq_1423,BWh,tcn,0,-2.0,2017-12-01 00:00:00,6467,1638,0.04619042947888374,0.023465856909751892,0.9728438854217529,0.10105066819613547,-2.3840389174627274,-2.5160852140210244,-2.2395287821522016,2121,7.260780287474333,4.298083504449007,0.35044329480546954,198273,14.227434800000992,0.09031049999975949,26834
pvdaq_1423,BWh,tcn,1,-2.0,2017-12-01 00:00:00,6467,1638,0.04684140905737877,0.023910485208034515,0.9720730781555176,0.10247481432621278,-2.517296574060196,-2.615574158073946,-2.376891093901723,2121,7.260780287474333,4.298083504449007,0.3504625266842318,198273,9.699412300000404,0.08822049999980663,26834
pvdaq_1423,BWh,tcn,2,-2.0,2017-12-01 00:00:00,6467,1638,0.04663842171430588,0.023833701387047768,0.9723145961761475,0.10203073950629253,-2.467248685727929,-2.591993534442855,-2.317940325788453,2121,7.260780287474333,4.298083504449007,0.35044329480546954,198273,15.085209099999702,0.08951039999919885,26834
pvdaq_1423,BWh,tcn,3,-2.0,2017-12-01 00:00:00,6467,1638,0.04761197790503502,0.026130564510822296,0.9711466431617737,0.10416058555253115,-2.3905668511745306,-2.531765248184464,-2.231975588964758,2121,7.260780287474333,4.298083504449007,0.3504240629267073,198273,8.591167599999608,0.0883869000008417,26834
pvdaq_1423,BWh,tcn,4,-2.0,2017-12-01 00:00:00,6467,1638,0.04691289737820625,0.024524254724383354,0.9719877243041992,0.10263120911771692,-2.4897230098529066,-2.613822298928359,-2.365753089556477,2121,7.260780287474333,4.298083504449007,0.35044329480546954,198273,13.301906800001234,0.09025520000068354,26834
pvdaq_1423,BWh,patchtst,0,-2.0,2017-12-01 00:00:00,6467,1638,0.053387969732284546,0.030279584228992462,0.9637213945388794,0.116796706069787,-2.3278103836009922,-2.5308433265363086,-2.159186584879997,2121,7.260780287474333,4.298083504449007,0.3504625266842318,25857,19.9102331999984,0.23809500000061234,26834
pvdaq_1423,BWh,patchtst,1,-2.0,2017-12-01 00:00:00,6467,1638,0.053354810923337936,0.029720544815063477,0.9637664556503296,0.11672416463991839,-2.3688410451540576,-2.5210841566682154,-2.178670571088526,2121,7.260780287474333,4.298083504449007,0.3504625266842318,25857,19.66714999999931,0.2265915000007226,26834
pvdaq_1423,BWh,patchtst,2,-2.0,2017-12-01 00:00:00,6467,1638,0.053265031427145004,0.02997417002916336,0.9638882875442505,0.116527754297279,-2.3685430408932504,-2.549320835536867,-2.2018033231869127,2121,7.260780287474333,4.298083504449007,0.3504625266842318,25857,25.31684199999836,0.21184660000108124,26834
pvdaq_1423,BWh,patchtst,3,-2.0,2017-12-01 00:00:00,6467,1638,0.05355490744113922,0.03008037433028221,0.9634941816329956,0.11716191520980178,-2.3364065083352603,-2.545485600491648,-2.1858030204462753,2121,7.260780287474333,4.298083504449007,0.3504625266842318,25857,28.20063780000055,0.23782270000083372,26834
pvdaq_1423,BWh,patchtst,4,-2.0,2017-12-01 00:00:00,6467,1638,0.05437174066901207,0.029926693066954613,0.9623721241950989,0.11894889888613006,-2.2641188813958655,-2.4223443418525226,-2.0928604009128158,2121,7.260780287474333,4.298083504449007,0.3504625266842318,25857,19.760630000000674,0.21976189999986673,26834
pvdaq_1423,BWh,informer,0,-2.0,2017-12-01 00:00:00,6467,1638,0.05093889683485031,0.02968612313270569,0.9669734835624695,0.11143887641678686,-2.4591286998241855,-2.5707597129492,-2.2536620812100394,2121,7.260780287474333,4.298083504449007,0.3503855991691828,81537,29.785053600000538,0.2749876999987464,26834
pvdaq_1423,BWh,informer,1,-2.0,2017-12-01 00:00:00,6467,1638,0.04855061322450638,0.027544932439923286,0.9699978232383728,0.10621403531030911,-2.533164933176341,-2.660283513419659,-2.3735722743819245,2121,7.260780287474333,4.298083504449007,0.35040483104794506,81537,38.15472109999973,0.39071449999937613,26834
pvdaq_1423,BWh,informer,2,-2.0,2017-12-01 00:00:00,6467,1638,0.053383760154247284,0.029079124331474304,0.9637271165847778,0.11678749678816117,-2.384277294006617,-2.5369428749249137,-2.2131096939696837,2121,7.260780287474333,4.298083504449007,0.3504625266842318,81537,21.38211670000055,0.4817172000002756,26834
pvdaq_1423,BWh,informer,3,-2.0,2017-12-01 00:00:00,6467,1638,0.05113491415977478,0.02628144808113575,0.966718852519989,0.1118677029482806,-2.458811427670943,-2.6160271519420686,-2.3101624445698246,2121,7.260780287474333,4.298083504449007,0.3504240629267073,81537,32.0375456999991,0.30793500000072527,26834
pvdaq_1423,BWh,informer,4,-2.0,2017-12-01 00:00:00,6467,1638,0.05021699517965317,0.027882272377610207,0.9679029583930969,0.10985957426583118,-2.493583611226452,-2.681738609443424,-2.3255249149146118,2121,7.260780287474333,4.298083504449007,0.35044329480546954,81537,30.78621159999966,0.38875499999994645,26834
