system_id,climate,model,seed,injection,ref_end,n_train,n_val,val_rmse,val_mae,val_r2,val_nrmse_mean,plr,ci_low,ci_high,days,span_years,t_center_years,points_kept_fraction,parameters,train_seconds,inference_seconds,inference_samples
dkasc_7,BWh,xgboost,4,-1.0,2017-03-01 00:00:00,6770,1623,0.02102867141366005,0.014301477931439877,0.9932367205619812,0.05560137421706726,-1.8941396677719544,-2.093453700148988,-1.7162784876334491,2839,12.216290212183436,6.4486652977412735,0.2533177598324506,632,3.5543152000027476,0.10075690000667237,82028
dkasc_7,BWh,random_forest,0,-1.0,2017-03-01 00:00:00,6770,1623,0.02118467353284359,0.014290936291217804,0.9931359887123108,0.056013855445041796,-1.8796296760251718,-2.0460545995101054,-1.716643764584957,2839,12.216290212183436,6.4486652977412735,0.2533177598324506,3335512,1.651084199998877,0.45863060001283884,82028
dkasc_7,BWh,random_forest,1,-1.0,2017-03-01 00:00:00,6770,1623,0.02108418010175228,0.014241095632314682,0.993200957775116,0.05574814332473945,-1.8740129928471183,-2.0419883296323813,-1.6873359166924895,2839,12.216290212183436,6.4486652977412735,0.2533177598324506,3335634,1.251351999992039,0.45309049999923445,82028
dkasc_7,BWh,random_forest,2,-1.0,2017-03-01 00:00:00,6770,1623,0.021231627091765404,0.01432743202894926,0.9931055307388306,0.05613800415368247,-1.9063834186845763,-2.09403784780795,-1.704612787799109,2839,12.216290212183436,6.4486652977412735,0.2533177598324506,3338754,1.2502685000072233,0.4291488000017125,82028
dkasc_7,BWh,random_forest,3,-1.0,2017-03-01 00:00:00,6770,1623,0.02115623839199543,0.0142807736992836,0.9931544065475464,0.055938670813729975,-1.8910216706338634,-2.0895358967254585,-1.7120021928920148,2839,12.216290212183436,6.4486652977412735,0.2533177598324506,3337416,1.2857274999987567,0.48646859999280423,82028
dkasc_7,BWh,random_forest,4,-1.0,2017-03-01 00:00:00,6770,1623,0.021196629852056503,0.014296933077275753,0.99312824010849,0.0560454688439931,-1.890698562479809,-2.0914081820711194,-1.6975093389552276,2839,12.216290212183436,6.4486652977412735,0.2533177598324506,3336672,1.217931099992711,0.43910060000780504,82028
dkasc_7,BWh,lstm,0,-1.0,2017-03-01 00:00:00,6770,1623,0.023173848167061806,0.016813140362501144,0.9917864799499512,0.06127338140579363,-1.9261607015766335,-2.168113619341172,-1.7777630018269264,2839,12.216290212183436,6.4486652977412735,0.2533177598324506,13729,73.35225519999221,1.7754686000116635,82028
dkasc_7,BWh,lstm,1,-1.0,2017-03-01 00:00:00,6770,1623,0.022705161944031715,0.016521690413355827,0.992115318775177,0.060034140106880574,-1.9266137164539288,-2.152171855389662,-1.7324239149619116,2839,12.216290212183436,6.4486652977412735,0.25326741446321765,13729,75.21659630000067,0.11230609999620356,82028
dkasc_7,BWh,lstm,2,-1.0,2017-03-01 00:00:00,6770,1623,0.02335767075419426,0.017293842509388924,0.9916556477546692,0.06175942202413063,-1.940237356626251,-2.1522584190322918,-1.7457979346382269,2839,12.216290212183436,6.4486652977412735,0.2533177598324506,13729,74.41166899999371,0.884641399999964,82028
dkasc_7,BWh,lstm,3,-1.0,2017-03-01 00:00:00,6770,1623,0.022917645052075386,0.016635393723845482,0.9919670820236206,0.06059596127821083,-1.998699785458199,-2.163674828647255,-1.7906865864704282,2839,12.216290212183436,6.4486652977412735,0.2533177598324506,13729,75.74874389999604,0.09502730000531301,82028
dkasc_7,BWh,lstm,4,-1.0,2017-03-01 00:00:00,6770,1623,0.023151740431785583,0.01676288992166519,0.9918020963668823,0.06121492690631505,-2.008502543571722,-2.180793664939445,-1.7528543416698517,2839,12.216290212183436,6.4486652977412735,0.2533177598324506,13729,76.47584500000812,0.11625990000902675,82028
dkasc_7,BWh,gru,0,-1.0,2017-03-01 00:00:00,6770,1623,0.022519957274198532,0.01617220975458622,0.9922434091567993,0.0595444451588938,-1.925282471535661,-2.113863571756147,-1.7206289172713496,2839,12.216290212183436,6.4486652977412735,0.25330769075860404,151809,58.91282769999816,1.0723746000003302,82028
dkasc_7,BWh,gru,1,-1.0,2017-03-01 00:00:00,6770,1623,0.022512365132570267,0.016281932592391968,0.9922486543655396,0.05952437097068294,-1.8834038030358768,-2.0407641914917614,-1.7115782258728118,2839,12.216290212183436,6.4486652977412735,0.2533177598324506,151809,76.10371999999916,0.2535256999981357,82028
dkasc_7,BWh,gru,2,-1.0,2017-03-01 00:00:00,6770,1623,0.022245604544878006,0.01589088700711727,0.9924312829971313,0.058819036098551776,-1.93788526183295,-2.108517997626602,-1.7783871358955872,2839,12.216290212183436,6.4486652977412735,0.25330769075860404,151809,79.48434819999966,0.2582595999992918,82028
dkasc_7,BWh,gru,3,-1.0,2017-03-01 00:00:00,6770,1623,0.022281918674707413,0.015838077291846275,0.9924065470695496,0.058915053363850826,-1.8999424814462595,-2.085715640338892,-1.7431983867318923,2839,12.216290212183436,6.4486652977412735,0.25330769075860404,151809,82.76775339999585,0.25772690000303555,82028
dkasc_7,BWh,gru,4,-1.0,2017-03-01 00:00:00,6770,1623,0.02209630236029625,0.015696287155151367,0.9925325512886047,0.05842426999692524,-1.9561798763218619,-2.1714694649853192,-1.7967355278793784,2839,12.216290212183436,6.4486652977412735,0.2533177598324506,151809,81.27546160000202,0.4040163999889046,82028
dkasc_7,BWh,tcn,0,-1.0,2017-03-01 00:00:00,6770,1623,0.022091081365942955,0.016056766733527184,0.9925360679626465,0.05841046529880085,-1.933065999902872,-2.0826852922074424,-1.7188660715736215,2839,12.216290212183436,6.4486652977412735,0.2531969309462916,198273,5.115495499994722,0.6337985999998637,82028
dkasc_7,BWh,tcn,1,-1.0,2017-03-01 00:00:00,6770,1623,0.021441379562020302,0.015407158061861992,0.9929686188697815,0.05669260531521952,-1.8377582494988776,-1.9976664620710793,-1.6759501163960442,2839,12.216290212183436,6.4486652977412735,0.2533177598324506,198273,8.711808200008818,0.46117519999097567,82028
dkasc_7,BWh,tcn,2,-1.0,2017-03-01 00:00:00,6770,1623,0.021825304254889488,0.015650982037186623,0.9927145838737488,0.057707730812188655,-1.8615686165684364,-2.0195957172450485,-1.6547030883079406,2839,12.216290212183436,6.4486652977412735,0.2533177598324506,198273,8.555919199992786,0.6565173999988474,82028
dkasc_7,BWh,tcn,3,-1.0,2017-03-01 00:00:00,6770,1623,0.022033823654055595,0.016187848523259163,0.9925746917724609,0.05825907164188184,-1.880178979745739,-2.04651962315221,-1.6631624366615982,2839,12.216290212183436,6.4486652977412735,0.2532271381678313,198273,6.895862699995632,0.645692300007795,82028
dkasc_7,BWh,tcn,4,-1.0,2017-03-01 00:00:00,6770,1623,0.02205006591975689,0.016133392229676247,0.9925637245178223,0.05830201740272549,-1.8771084443862658,-2.0218461757613455,-1.6867543685806563,2839,12.216290212183436,6.4486652977412735,0.25307610206013254,198273,7.7365976000000956,0.6824409999971977,82028
dkasc_7,BWh,patchtst,0,-1.0,2017-03-01 00:00:00,6770,1623,0.024580931290984154,0.01840914599597454,0.9907587170600891,0.06499381403744839,-1.9375754356527386,-2.1413996188133777,-1.7432815060754225,2839,12.216290212183436,6.4486652977412735,0.2531465855770586,25857,21.843273899998167,1.9695042999956058,82028
dkasc_7,BWh,patchtst,1,-1.0,2017-03-01 00:00:00,6770,1623,0.025261931121349335,0.01958383619785309,0.9902396202087402,0.06679442833518749,-1.921414163833306,-2.140863113065161,-1.7200105442055746,2839,12.216290212183436,6.4486652977412735,0.25330769075860404,25857,23.066460899994127,2.0358526000054553,82028
dkasc_7,BWh,patchtst,2,-1.0,2017-03-01 00:00:00,6770,1623,0.023774806410074234,0.017690934240818024,0.9913549423217773,0.06286235978209084,-1.9175948843594526,-2.084961850542688,-1.7048173647204679,2839,12.216290212183436,6.4486652977412735,0.2533177598324506,25857,35.336608700003126,2.1022845999978017,82028
dkasc_7,BWh,patchtst,3,-1.0,2017-03-01 00:00:00,6770,1623,0.02532847225666046,0.019181346520781517,0.9901881217956543,0.06697036805541437,-1.8962335109511619,-2.0976130261588843,-1.7131633623449938,2839,12.216290212183436,6.4486652977412735,0.2532472763155245,25857,18.393678500011447,1.6813645999936853,82028
dkasc_7,BWh,patchtst,4,-1.0,2017-03-01 00:00:00,6770,1623,0.024775324389338493,0.019035499542951584,0.9906119704246521,0.06550780387514178,-1.9470347218054185,-2.0848892293929615,-1.7905123372365828,2839,12.216290212183436,6.4486652977412735,0.2531767927985984,25857,18.53949320000538,1.6689464999944903,82028
dkasc_7,BWh,informer,0,-1.0,2017-03-01 00:00:00,6770,1623,0.023988036438822746,0.0180729441344738,0.9911991357803345,0.0634261558674232,-1.9458285692514954,-2.1523928603113918,-1.7479295355255942,2839,12.216290212183436,6.4486652977412735,0.2533177598324506,81537,11.393626699995366,0.7771963999985019,82028
dkasc_7,BWh,informer,1,-1.0,2017-03-01 00:00:00,6770,1623,0.02281082235276699,0.0167800672352314,0.9920417666435242,0.060313514101102673,-1.841419985471509,-2.0122923953426226,-1.6889800859046455,2839,12.216290212183436,6.4486652977412735,0.25326741446321765,81537,13.307233499988797,0.6536819000029936,82028
dkasc_7,BWh,informer,2,-1.0,2017-03-01 00:00:00,6770,1623,0.022942205891013145,0.01647172123193741,0.9919498562812805,0.06066090196656913,-1.800931840257869,-1.930844591331926,-1.6372535022333785,2839,12.216290212183436,6.4486652977412735,0.25326741446321765,81537,17.072346900007688,0.37534020000020973,82028
dkasc_7,BWh,informer,3,-1.0,2017-03-01 00:00:00,6770,1623,0.02307114563882351,0.016890794038772583,0.9918590784072876,0.06100182826801874,-2.0157154835484414,-2.15694160097446,-1.8200520229685906,2839,12.216290212183436,6.4486652977412735,0.2533177598324506,81537,26.33256280000205,0.39717019999807235,82028
dkasc_7,BWh,informer,4,-1.0,2017-03-01 00:00:00,6770,1623,0.027437366545200348,0.02067733183503151,0.9884861707687378,0.07254644170337544,-2.009011497169122,-2.1783154171089922,-1.8344854609299133,2839,12.216290212183436,6.4486652977412735,0.2533177598324506,81537,7.933991099998821,0.49719829999958165,82028
dkasc_7,BWh,xgboost,0,-2.0,2017-03-01 00:00:00,6768,1623,0.024919599294662476,0.017297198995947838,0.9900981187820435,0.067401674605106,-2.81770536891377,-2.98974703598619,-2.6216579270731177,2839,12.216290212183436,6.4486652977412735,0.2542743218478764,533,4.917336400001659,0.10068319999845698,82028
dkasc_7,BWh,xgboost,1,-2.0,2017-03-01 00:00:00,6768,1623,0.024752015247941017,0.017159631475806236,0.9902308583259583,0.06694839904266363,-2.807134091921004,-3.0369074198390633,-2.6028588363011362,2839,12.216290212183436,6.4486652977412735,0.2542743218478764,593,3.720904400004656,0.09706200000073295,82028
dkasc_7,BWh,xgboost,2,-2.0,2017-03-01 00:00:00,6768,1623,0.02481013722717762,0.01722003147006035,0.9901849031448364,0.0671056053719303,-2.8324181205938825,-3.021850902606371,-2.6069805750375763,2839,12.216290212183436,6.4486652977412735,0.2542743218478764,575,2.4922521999978926,0.10544830000435468,82028
dkasc_7,BWh,xgboost,3,-2.0,2017-03-01 00:00:00,6768,1623,0.02480810321867466,0.017265982925891876,0.9901865124702454,0.06710010385572857,-2.80316778751335,-2.95747337863268,-2.6230839731687716,2839,12.216290212183436,6.4486652977412735,0.2542743218478764,541,2.2621469000005163,0.10546179999073502,82028
dkasc_7,BWh,xgboost,4,-2.0,2017-03-01 00:00:00,6768,1623,0.024767622351646423,0.017197608947753906,0.9902185201644897,0.06699061259967316,-2.7643020698779557,-2.9897143117816105,-2.5976110441916833,2839,12.216290212183436,6.4486652977412735,0.2542743218478764,563,2.283886799996253,0.10326360000181012,82028
dkasc_7,BWh,random_forest,0,-2.0,2017-03-01 00:00:00,6768,1623,0.0247093103826046,0.017024291679263115,0.9902645349502563,0.06683289239251952,-2.8022054207680474,-3.005853967944716,-2.6197705426465934,2839,12.216290212183436,6.4486652977412735,0.2542743218478764,3324472,1.228424000000814,0.4556490999966627,82028
dkasc_7,BWh,random_forest,1,-2.0,2017-03-01 00:00:00,6768,1623,0.024732358753681183,0.016987036913633347,0.9902463555335999,0.06689523283343561,-2.834660329804506,-3.002860075994254,-2.6124465519571705,2839,12.216290212183436,6.4486652977412735,0.2542743218478764,3321224,1.2354311000090092,0.42240109998965636,82028
dkasc_7,BWh,random_forest,2,-2.0,2017-03-01 00:00:00,6768,1623,0.024830738082528114,0.017036769539117813,0.9901686310768127,0.06716132585653771,-2.8087747636215465,-3.0010220982252145,-2.600334671062554,2839,12.216290212183436,6.4486652977412735,0.2542743218478764,3325002,1.212805200004368,0.35987119999481365,82028
dkasc_7,BWh,random_forest,3,-2.0,2017-03-01 00:00:00,6768,1623,0.02478683553636074,0.017059210687875748,0.9902033805847168,0.06704257976049824,-2.8248039918492562,-3.026559712348365,-2.642552645859164,2839,12.216290212183436,6.4486652977412735,0.2542743218478764,3324260,1.1725020000012591,0.36585980000381824,82028
dkasc_7,BWh,random_forest,4,-2.0,2017-03-01 00:00:00,6768,1623,0.024820957332849503,0.017057929188013077,0.9901763796806335,0.06713487122139544,-2.8519957147023045,-3.03838400197283,-2.672862941055265,2839,12.216290212183436,6.4486652977412735,0.2542743218478764,3320024,1.2165499000111595,0.3996709000057308,82028
dkasc_7,BWh,lstm,0,-2.0,2017-03-01 00:00:00,6768,1623,0.026250818744301796,0.019188839942216873,0.9890119433403015,0.07100231116075865,-2.7930067590306376,-2.954154393326579,-2.6152475406874376,2839,12.216290212183436,6.4486652977412735,0.2542743218478764,13729,74.134604699997,0.11863820000144187,82028
dkasc_7,BWh,lstm,1,-2.0,2017-03-01 00:00:00,6768,1623,0.02607901580631733,0.019146893173456192,0.9891552925109863,0.07053762448641432,-2.778251215929148,-2.9712437664742852,-2.589184557662172,2839,12.216290212183436,6.4486652977412735,0.2542743218478764,13729,74.98931849999644,0.1138788999960525,82028
dkasc_7,BWh,lstm,2,-2.0,2017-03-01 00:00:00,6768,1623,0.026921100914478302,0.020089054480195045,0.9884436130523682,0.07281526730799165,-2.8066220659629937,-2.958719776192553,-2.6252422674396203,2839,12.216290212183436,6.4486652977412735,0.2542743218478764,13729,66.07466620000196,0.10973489999014419,82028
dkasc_7,BWh,lstm,3,-2.0,2017-03-01 00:00:00,6768,1623,0.026634719222784042,0.019736237823963165,0.9886882305145264,0.07204067196365276,-2.8324665896385715,-2.9809540293521897,-2.6499611738192264,2839,12.216290212183436,6.4486652977412735,0.2542743218478764,13729,74.76588309998624,0.11659820000932086,82028
dkasc_7,BWh,lstm,4,-2.0,2017-03-01 00:00:00,6768,1623,0.026812035590410233,0.019568633288145065,0.988537073135376,0.07252027117275639,-2.810979484123585,-3.013879756312232,-2.6551402130486457,2839,12.216290212183436,6.4486652977412735,0.2542743218478764,13729,76.57281729999522,0.12995580000279006,82028
dkasc_7,BWh,gru,0,-2.0,2017-03-01 00:00:00,6768,1623,0.026075271889567375,0.018943175673484802,0.9891583919525146,0.0705274980692298,-2.7783115367128297,-2.9488999342887845,-2.6162964453981252,2839,12.216290212183436,6.4486652977412735,0.2542743218478764,151809,80.57196460000705,0.2503468999930192,82028
dkasc_7,BWh,gru,1,-2.0,2017-03-01 00:00:00,6768,1623,0.026278700679540634,0.01934053562581539,0.9889885783195496,0.07107772525968165,-2.8050506353567424,-2.9617430793531074,-2.640961044328327,2839,12.216290212183436,6.4486652977412735,0.2542743218478764,151809,70.1216257000051,0.2568750999926124,82028
dkasc_7,BWh,gru,2,-2.0,2017-03-01 00:00:00,6768,1623,0.02698839083313942,0.020205717533826828,0.988385796546936,0.07299727076431416,-2.8245901301227283,-2.9925339004193625,-2.6120374854876505,2839,12.216290212183436,6.4486652977412735,0.2542743218478764,151809,54.84793199998967,0.2560929000028409,82028
dkasc_7,BWh,gru,3,-2.0,2017-03-01 00:00:00,6768,1623,0.026095056906342506,0.018990952521562576,0.9891419410705566,0.0705810119017343,-2.841818017071085,-2.948055383749964,-2.6655447394600404,2839,12.216290212183436,6.4486652977412735,0.25426425277402986,151809,82.19971380000061,0.25717989999975543,82028
dkasc_7,BWh,gru,4,-2.0,2017-03-01 00:00:00,6768,1623,0.02609412372112274,0.0187656469643116,0.9891427159309387,0.07057848785446591,-2.737876357016933,-2.920489806797011,-2.591880037278203,2839,12.216290212183436,6.4486652977412735,0.25426425277402986,151809,89.86306390000391,0.39975399999821093,82028
dkasc_7,BWh,tcn,0,-2.0,2017-03-01 00:00:00,6768,1623,0.026369109749794006,0.019439740106463432,0.9889127016067505,0.07132226060162324,-2.7803527229179217,-2.9886026082487582,-2.6159437340946834,2839,12.216290212183436,6.4486652977412735,0.2541434238878708,198273,4.207732799986843,0.5650140000070678,82028
dkasc_7,BWh,tcn,1,-2.0,2017-03-01 00:00:00,6768,1623,0.026412755250930786,0.019568031653761864,0.9888759255409241,0.07144031145110974,-2.7199768628635934,-2.9356633689214755,-2.528195206255568,2839,12.216290212183436,6.4486652977412735,0.2542743218478764,198273,4.366952299998957,0.7047628000000259,82028
dkasc_7,BWh,tcn,2,-2.0,2017-03-01 00:00:00,6768,1623,0.02560403198003769,0.01877979002892971,0.9895467162132263,0.06925290457888171,-2.7353594494304523,-2.900995481768165,-2.5618674751691217,2839,12.216290212183436,6.4486652977412735,0.2542743218478764,198273,4.614089099995908,0.5770325000048615,82028
dkasc_7,BWh,tcn,3,-2.0,2017-03-01 00:00:00,6768,1623,0.02652464434504509,0.01967964693903923,0.9887815117835999,0.07174294522239064,-2.7301568489807027,-2.9434659743758473,-2.5483532218674276,2839,12.216290212183436,6.4486652977412735,0.2542340455524901,198273,4.42052749999857,0.5984272999921814,82028
dkasc_7,BWh,tcn,4,-2.0,2017-03-01 00:00:00,6768,1623,0.026214255020022392,0.01962420530617237,0.9890425205230713,0.07090341485760826,-2.7051285187065455,-2.872676152310294,-2.546970581496122,2839,12.216290212183436,6.4486652977412735,0.25401252592786516,198273,5.282671900000423,0.6457445999985794,82028
dkasc_7,BWh,patchtst,0,-2.0,2017-03-01 00:00:00,6768,1623,0.027234388515353203,0.02073332667350769,0.9881731271743774,0.07366263682955965,-2.82472400003625,-3.0008182106886765,-2.646935629962588,2839,12.216290212183436,6.4486652977412735,0.254113216666331,25857,29.137671700009378,1.9581470000121044,82028
dkasc_7,BWh,patchtst,1,-2.0,2017-03-01 00:00:00,6768,1623,0.027589840814471245,0.02110651507973671,0.9878623485565186,0.07462405197590682,-2.812375068615658,-2.990545381925558,-2.606903020675433,2839,12.216290212183436,6.4486652977412735,0.2542139074047969,25857,25.556038399998215,1.7228477000026032,82028
dkasc_7,BWh,patchtst,2,-2.0,2017-03-01 00:00:00,6768,1623,0.026459215208888054,0.020273402333259583,0.9888367652893066,0.07156597474654938,-2.70251590228644,-2.9348732971915092,-2.5406834134387157,2839,12.216290212183436,6.4486652977412735,0.2542743218478764,25857,37.76745630000369,1.2427006999932928,82028
dkasc_7,BWh,patchtst,3,-2.0,2017-03-01 00:00:00,6768,1623,0.026880236342549324,0.020257847383618355,0.9884787201881409,0.0727047382201253,-2.7342100459882612,-2.919626598608649,-2.5534227033324086,2839,12.216290212183436,6.4486652977412735,0.25419376925710374,25857,35.297993800006225,1.0637389000039548,82028
dkasc_7,BWh,patchtst,4,-2.0,2017-03-01 00:00:00,6768,1623,0.026943011209368706,0.020554525777697563,0.9884248375892639,0.07287452951960438,-2.754644274578699,-2.9513894895937463,-2.5946926361357203,2839,12.216290212183436,6.4486652977412735,0.2541333548140242,25857,23.469546300009824,0.8712864000117406,82028
dkasc_7,BWh,informer,0,-2.0,2017-03-01 00:00:00,6768,1623,0.026076314970850945,0.019300267100334167,0.9891575574874878,0.07053031935958966,-2.7603915624464626,-2.9286448437394252,-2.5727763931427607,2839,12.216290212183436,6.4486652977412735,0.2542743218478764,81537,23.10051889999886,0.5916158000036376,82028
dkasc_7,BWh,informer,1,-2.0,2017-03-01 00:00:00,6768,1623,0.02658984623849392,0.019983818754553795,0.9887262582778931,0.0719193010599749,-2.7225254241904926,-2.877115469929286,-2.5370779370293035,2839,12.216290212183436,6.4486652977412735,0.2542239764786435,81537,14.878243900006055,0.5689253000018653,82028
dkasc_7,BWh,informer,2,-2.0,2017-03-01 00:00:00,6768,1623,0.027289781719446182,0.020617293193936348,0.9881249666213989,0.07381246246172415,-2.7264591812704353,-2.835810893459368,-2.5436424474761608,2839,12.216290212183436,6.4486652977412735,0.2542743218478764,81537,10.711110799995367,0.6467929999926127,82028
dkasc_7,BWh,informer,3,-2.0,2017-03-01 00:00:00,6768,1623,0.029459558427333832,0.023047788068652153,0.9861615300178528,0.07968119983191559,-2.853853673637463,-3.037410842941106,-2.6622267090757616,2839,12.216290212183436,6.4486652977412735,0.2542743218478764,81537,5.488077900008648,0.5877801000024192,82028
dkasc_7,BWh,informer,4,-2.0,2017-03-01 00:00:00,6768,1623,0.02682497352361679,0.020538045093417168,0.9885260462760925,0.07255526524925576,-2.7125813956479172,-2.8908632864763972,-2.5794594368968693,2839,12.216290212183436,6.4486652977412735,0.2542743218478764,81537,18.019694799993886,0.4425695999962045,82028
dkasc_8,BWh,xgboost,0,0.0,2016-01-01 00:00:00,6884,1617,0.018716514110565186,0.012362468987703323,0.9950234889984131,0.04580922962370349,-0.9571626184577686,-1.1660792598908851,-0.7474997275983198,3380,12.238193018480493,5.268651608487337,0.3017445988436961,819,3.951551500009373,0.14353369998570997,81260
dkasc_8,BWh,xgboost,1,0.0,2016-01-01 00:00:00,6884,1617,0.018727626651525497,0.012374776415526867,0.9950175881385803,0.04583642790098667,-0.9713942510667706,-1.1880040154726799,-0.7912307536216635,3380,12.238193018480493,5.268651608487337,0.301734455827163,770,3.8304848999978276,0.11961540000629611,81260
dkasc_8,BWh,xgboost,2,0.0,2016-01-01 00:00:00,6884,1617,0.018721139058470726,0.012340945191681385,0.9950210452079773,0.04582054932241186,-0.9728508696248581,-1.1547972189355493,-0.7868518257326669,3380,12.238193018480493,5.268651608487337,0.301734455827163,814,5.599447400003555,0.13007919999654405,81260
dkasc_8,BWh,xgboost,3,0.0,2016-01-01 00:00:00,6884,1617,0.018636351451277733,0.012306619435548782,0.9950660467147827,0.045613029110891504,-0.9287512182694392,-1.130600801865056,-0.7785095033352452,3380,12.238193018480493,5.268651608487337,0.301734455827163,863,5.296244600001955,0.13376979999884497,81260
dkasc_8,BWh,xgboost,4,0.0,2016-01-01 00:00:00,6884,1617,0.018696758896112442,0.012364992871880531,0.9950339794158936,0.04576087814384003,-0.9318240810018419,-1.1446984786339653,-0.7626359433494747,3380,12.238193018480493,5.268651608487337,0.301734455827163,746,3.0226704999950016,0.12422110000625253,81260
dkasc_8,BWh,random_forest,0,0.0,2016-01-01 00:00:00,6884,1617,0.0184822715818882,0.011845028959214687,0.9951472878456116,0.04523591400945971,-0.8211943202181352,-0.9942531325949198,-0.6771436537447606,3380,12.238193018480493,5.268651608487337,0.3017445988436961,3430088,1.198057500005234,0.3662937999906717,81260
dkasc_8,BWh,random_forest,1,0.0,2016-01-01 00:00:00,6884,1617,0.018365545198321342,0.011781606823205948,0.9952083826065063,0.044950222684869506,-0.8311393356198016,-1.0068511105978395,-0.67149832376846,3380,12.238193018480493,5.268651608487337,0.3017445988436961,3431844,1.1540502999996534,0.44790199999988545,81260
dkasc_8,BWh,random_forest,2,0.0,2016-01-01 00:00:00,6884,1617,0.018402589485049248,0.01179539691656828,0.9951890707015991,0.04504088968765327,-0.8332072363724963,-0.9998755084556407,-0.6704318571965677,3380,12.238193018480493,5.268651608487337,0.3017445988436961,3433442,1.1531058000109624,0.37547080000513233,81260
dkasc_8,BWh,random_forest,3,0.0,2016-01-01 00:00:00,6884,1617,0.018416130915284157,0.01181334350258112,0.9951819777488708,0.04507403274428229,-0.839504195042512,-1.0183393174048372,-0.6299675497412307,3380,12.238193018480493,5.268651608487337,0.3017445988436961,3431214,1.1203494999936083,0.3530693000066094,81260
dkasc_8,BWh,random_forest,4,0.0,2016-01-01 00:00:00,6884,1617,0.018492354080080986,0.011877568438649178,0.9951419830322266,0.045260591226176754,-0.8642664810257439,-1.017290725642732,-0.6657002257353939,3380,12.238193018480493,5.268651608487337,0.3017445988436961,3432254,1.093891500000609,0.36886769998818636,81260
dkasc_8,BWh,lstm,0,0.0,2016-01-01 00:00:00,6884,1617,0.01940975710749626,0.013604694046080112,0.9946480393409729,0.047505962650154915,-1.0032116250368817,-1.2868066257391786,-0.7902845182571783,3380,12.238193018480493,5.268651608487337,0.30164316867836494,13729,75.65929529999266,0.10667490000196267,81260
dkasc_8,BWh,lstm,1,0.0,2016-01-01 00:00:00,6884,1617,0.019662540405988693,0.01378624513745308,0.9945077300071716,0.04812465735458924,-0.9799709108906707,-1.2706456661852994,-0.7264744569135203,3380,12.238193018480493,5.268651608487337,0.30171416979409676,13729,75.71685089998937,0.10035609999613371,81260
dkasc_8,BWh,lstm,2,0.0,2016-01-01 00:00:00,6884,1617,0.0195354912430048,0.013711817562580109,0.99457848072052,0.047813700717779226,-1.0199621210810805,-1.2816843667586266,-0.7548897377219902,3380,12.238193018480493,5.268651608487337,0.30165331169489806,13729,75.05802309999126,0.10648370000126306,81260
dkasc_8,BWh,lstm,3,0.0,2016-01-01 00:00:00,6884,1617,0.019749583676457405,0.013992352411150932,0.9944589734077454,0.048337698369627854,-1.0614354226939005,-1.2843619917715765,-0.7893080439774658,3380,12.238193018480493,5.268651608487337,0.30171416979409676,13729,77.39478479999525,0.10279380000429228,81260
dkasc_8,BWh,lstm,4,0.0,2016-01-01 00:00:00,6884,1617,0.019863953813910484,0.014028268866240978,0.9943946003913879,0.04861762271118701,-1.0720058445644876,-1.3135537517936058,-0.8334901068868916,3380,12.238193018480493,5.268651608487337,0.3017243128106299,13729,72.22622820000106,0.10688970000774134,81260
dkasc_8,BWh,gru,0,0.0,2016-01-01 00:00:00,6884,1617,0.018756484612822533,0.012651648372411728,0.9950022101402283,0.04590705862675743,-0.973850681266264,-1.194231625179036,-0.7408694253124443,3380,12.238193018480493,5.268651608487337,0.30164316867836494,151809,82.16453800001182,0.24544300000707153,81260
dkasc_8,BWh,gru,1,0.0,2016-01-01 00:00:00,6884,1617,0.019116388633847237,0.013165568932890892,0.9948086142539978,0.046787934512310725,-1.0037313040114348,-1.2063000369187042,-0.7805359795470744,3380,12.238193018480493,5.268651608487337,0.30170402677756364,151809,81.29747269999643,0.24621009999827947,81260
dkasc_8,BWh,gru,2,0.0,2016-01-01 00:00:00,6884,1617,0.01899365521967411,0.012859653681516647,0.9948750138282776,0.04648754080015125,-0.9475463598850367,-1.2375350920855162,-0.757946173129892,3380,12.238193018480493,5.268651608487337,0.3016735977279643,151809,82.76393600000301,0.32520069999736734,81260
dkasc_8,BWh,gru,3,0.0,2016-01-01 00:00:00,6884,1617,0.019823823124170303,0.013896334916353226,0.9944172501564026,0.048519401644464555,-1.068940763516669,-1.3383690339276333,-0.7812795384259219,3380,12.238193018480493,5.268651608487337,0.3016938837610305,151809,80.4963609999977,0.38785830000415444,81260
dkasc_8,BWh,gru,4,0.0,2016-01-01 00:00:00,6884,1617,0.018607530742883682,0.012539353221654892,0.9950813055038452,0.04554248956271808,-0.99554057720187,-1.237574550488895,-0.7805330783219766,3380,12.238193018480493,5.268651608487337,0.3015620245461,151809,109.09201219999522,0.17362790000333916,81260
dkasc_8,BWh,tcn,0,0.0,2016-01-01 00:00:00,6884,1617,0.01805207133293152,0.011968097649514675,0.9953705668449402,0.04418298599774696,-0.948107099605187,-1.1677226531190996,-0.7421819268415988,3379,12.238193018480493,5.267282683093772,0.3013591642154377,198273,13.639927600001101,0.44928210000216495,81260
dkasc_8,BWh,tcn,1,0.0,2016-01-01 00:00:00,6884,1617,0.018927356228232384,0.012979855760931969,0.9949107766151428,0.04632527203018518,-0.9710571586058246,-1.1703957464772041,-0.7521659792224944,3380,12.238193018480493,5.268651608487337,0.3017243128106299,198273,5.519951199996285,0.2760781999968458,81260
dkasc_8,BWh,tcn,2,0.0,2016-01-01 00:00:00,6884,1617,0.01849965937435627,0.012667695060372353,0.9951381683349609,0.04527847115301293,-0.96580832089046,-1.187906665530064,-0.730571324431939,3380,12.238193018480493,5.268651608487337,0.301734455827163,198273,7.79163900000276,0.41404489999695215,81260
dkasc_8,BWh,tcn,3,0.0,2016-01-01 00:00:00,6884,1617,0.018170742318034172,0.012209171429276466,0.9953095316886902,0.04447343679291773,-1.040005744028183,-1.2693868249660456,-0.7960467856966332,3379,12.238193018480493,5.267282683093772,0.3015113094634344,198273,6.181174600002123,0.4215958999993745,81260
dkasc_8,BWh,tcn,4,0.0,2016-01-01 00:00:00,6884,1617,0.018898654729127884,0.013117028400301933,0.9949261546134949,0.046255024250323205,-1.0320061997841634,-1.3083981250038512,-0.7938708986769627,3379,12.238193018480493,5.267282683093772,0.3014301653311695,198273,4.526991599996109,0.41777479999291245,81260
dkasc_8,BWh,patchtst,0,0.0,2016-01-01 00:00:00,6884,1617,0.021175488829612732,0.015402967110276222,0.9936299920082092,0.05182764399714417,-0.9539934220671307,-1.22710894219187,-0.6737865702642842,3380,12.238193018480493,5.268651608487337,0.3016228826452987,25857,16.408542900011525,1.2170401999901515,81260
dkasc_8,BWh,patchtst,1,0.0,2016-01-01 00:00:00,6884,1617,0.021344201639294624,0.015415269881486893,0.9935280680656433,0.05224057365880672,-0.9964730470154692,-1.283190557653242,-0.7476180590086368,3380,12.238193018480493,5.268651608487337,0.3017243128106299,25857,17.2159096999967,1.2122893999912776,81260
dkasc_8,BWh,patchtst,2,0.0,2016-01-01 00:00:00,6884,1617,0.020615777000784874,0.01494470052421093,0.993962287902832,0.050457732509437976,-1.0159752913650744,-1.2653663740569636,-0.7060365683432978,3380,12.238193018480493,5.268651608487337,0.301734455827163,25857,15.487182299999404,0.9316497999971034,81260
dkasc_8,BWh,patchtst,3,0.0,2016-01-01 00:00:00,6884,1617,0.020860645920038223,0.015000548213720322,0.9938179850578308,0.051057056533319795,-0.9769831547814232,-1.24940780045672,-0.7098693646926031,3380,12.238193018480493,5.268651608487337,0.3016938837610305,25857,18.26134430000093,0.9309677999990527,81260
dkasc_8,BWh,patchtst,4,0.0,2016-01-01 00:00:00,6884,1617,0.02117287553846836,0.015332247130572796,0.9936315417289734,0.05182124788869156,-1.042864455938064,-1.336556012084464,-0.7631177001694778,3380,12.238193018480493,5.268651608487337,0.30152145247996753,25857,11.27533720000065,0.9066218000079971,81260
dkasc_8,BWh,informer,0,0.0,2016-01-01 00:00:00,6884,1617,0.02038726955652237,0.014008251018822193,0.9940953850746155,0.04989845368630297,-1.0056813079790032,-1.251451300686518,-0.813127825993363,3380,12.238193018480493,5.268651608487337,0.3017243128106299,81537,11.802169499991578,0.4884091999992961,81260
dkasc_8,BWh,informer,1,0.0,2016-01-01 00:00:00,6884,1617,0.02013157680630684,0.014204331673681736,0.9942425489425659,0.04927263801151726,-0.9264422938904493,-1.1796672512926685,-0.6942890585913877,3380,12.238193018480493,5.268651608487337,0.30158231057916624,81537,14.185658900009003,0.49816059999284334,81260
dkasc_8,BWh,informer,2,0.0,2016-01-01 00:00:00,6884,1617,0.020779956132173538,0.014867914840579033,0.9938657283782959,0.05085956585750561,-1.0005347685324126,-1.2257297045799087,-0.7738431929532055,3380,12.238193018480493,5.268651608487337,0.30140987929810326,81537,8.536920600003214,0.48743589999503456,81260
dkasc_8,BWh,informer,3,0.0,2016-01-01 00:00:00,6884,1617,0.022078150883316994,0.01610887609422207,0.9930753111839294,0.05403693644585933,-1.094990466852348,-1.322649372078688,-0.8811466163044636,3380,12.238193018480493,5.268651608487337,0.3017243128106299,81537,7.427547600003891,0.491498400006094,81260
dkasc_8,BWh,informer,4,0.0,2016-01-01 00:00:00,6884,1617,0.0199885293841362,0.014126756228506565,0.9943240880966187,0.04892252515553439,-0.9804973296192177,-1.258060883581905,-0.7599411519738962,3380,12.238193018480493,5.268651608487337,0.3016127396287656,81537,13.686824900010834,0.4923712999880081,81260
dkasc_8,BWh,xgboost,0,-0.25,2016-01-01 00:00:00,6884,1617,0.018971869722008705,0.012582557275891304,0.9948493242263794,0.0466078687301542,-1.194913320948153,-1.3885578505073244,-1.0183329070693525,3380,12.238193018480493,5.268651608487337,0.30189674409169287,820,3.4149892999994336,0.1411962999991374,81260
dkasc_8,BWh,xgboost,1,-0.25,2016-01-01 00:00:00,6884,1617,0.018931690603494644,0.01258391235023737,0.9948711395263672,0.04650916137506287,-1.1862366565150508,-1.4151731729714734,-1.0081222342024243,3380,12.238193018480493,5.268651608487337,0.30188660107515974,706,2.76061430000118,0.1177492999995593,81260
dkasc_8,BWh,xgboost,2,-0.25,2016-01-01 00:00:00,6884,1617,0.018914030864834785,0.012543046846985817,0.9948806762695312,0.046465776996331205,-1.1966451946747225,-1.3815213756519507,-1.0327645975092725,3380,12.238193018480493,5.268651608487337,0.30189674409169287,814,3.353650799996103,0.18231390000437386,81260
dkasc_8,BWh,xgboost,3,-0.25,2016-01-01 00:00:00,6884,1617,0.01890784688293934,0.012557907961308956,0.9948840141296387,0.046450584913492986,-1.2023930789803017,-1.3740520914259757,-1.0232697565523141,3380,12.238193018480493,5.268651608487337,0.30188660107515974,807,3.3771581999899354,0.1266788000066299,81260
dkasc_8,BWh,xgboost,4,-0.25,2016-01-01 00:00:00,6884,1617,0.018900038674473763,0.012533077038824558,0.9948882460594177,0.04643140262094545,-1.186919134311295,-1.3523202581172455,-0.9837725060312996,3380,12.238193018480493,5.268651608487337,0.30189674409169287,803,3.1230900999944424,0.11954859999241307,81260
dkasc_8,BWh,random_forest,0,-0.25,2016-01-01 00:00:00,6884,1617,0.01864347979426384,0.01200132817029953,0.9950261116027832,0.045801118796230604,-1.0686870677548421,-1.2498371233465733,-0.8928868312400033,3380,12.238193018480493,5.268651608487337,0.30188660107515974,3433040,1.1552796000032686,0.39189150001038797,81260
dkasc_8,BWh,random_forest,1,-0.25,2016-01-01 00:00:00,6884,1617,0.018703598529100418,0.012037476524710655,0.9949939846992493,0.04594881146661805,-1.0350211829592837,-1.1977373114235856,-0.8758460907956844,3380,12.238193018480493,5.268651608487337,0.30189674409169287,3430616,1.1841355999931693,0.3764508000022033,81260
dkasc_8,BWh,random_forest,2,-0.25,2016-01-01 00:00:00,6884,1617,0.018629007041454315,0.011989581398665905,0.9950338006019592,0.0457655638312749,-1.0473143264753522,-1.2299384477638398,-0.8632078084008843,3380,12.238193018480493,5.268651608487337,0.30188660107515974,3432804,1.1516144000052009,0.37282419999246486,81260
dkasc_8,BWh,random_forest,3,-0.25,2016-01-01 00:00:00,6884,1617,0.018746865913271904,0.012039215303957462,0.9949707984924316,0.04605510571127135,-1.0318606000335906,-1.2043238148456883,-0.8585397063479605,3380,12.238193018480493,5.268651608487337,0.30188660107515974,3429882,1.243405500004883,0.4427302999974927,81260
dkasc_8,BWh,random_forest,4,-0.25,2016-01-01 00:00:00,6884,1617,0.018605681136250496,0.011981801129877567,0.9950462579727173,0.045708259477846284,-1.0387244212224145,-1.2230695154309823,-0.8895648489088859,3380,12.238193018480493,5.268651608487337,0.30188660107515974,3431548,1.1253068999940297,0.47302670001226943,81260
dkasc_8,BWh,lstm,0,-0.25,2016-01-01 00:00:00,6884,1617,0.0196611937135458,0.013796113431453705,0.9944682121276855,0.048301319221901784,-1.251131319294132,-1.4945570824394212,-1.0255817751556076,3380,12.238193018480493,5.268651608487337,0.3018054569428948,13729,75.55110949999653,0.10031480000179727,81260
dkasc_8,BWh,lstm,1,-0.25,2016-01-01 00:00:00,6884,1617,0.01985265128314495,0.01390027068555355,0.9943599700927734,0.04877166976731586,-1.2122671562954799,-1.4707866669536163,-0.9834301255332967,3380,12.238193018480493,5.268651608487337,0.30188660107515974,13729,79.03343609999865,0.16100329998880625,81260
dkasc_8,BWh,lstm,2,-0.25,2016-01-01 00:00:00,6884,1617,0.019744940102100372,0.01385913509875536,0.9944210052490234,0.048507057546145496,-1.2270981689635696,-1.5010570347127328,-0.9762808256360738,3380,12.238193018480493,5.268651608487337,0.3018155999594279,13729,93.66179880000709,0.11385599999630358,81260
dkasc_8,BWh,lstm,3,-0.25,2016-01-01 00:00:00,6884,1617,0.01998860016465187,0.014183886349201202,0.9942824840545654,0.049105653065542675,-1.2986410037911775,-1.4904651827986393,-1.035032458425761,3380,12.238193018480493,5.268651608487337,0.3018663150420935,13729,118.10564199999499,0.121904400002677,81260
dkasc_8,BWh,lstm,4,-0.25,2016-01-01 00:00:00,6884,1617,0.020102161914110184,0.014214030466973782,0.9942173361778259,0.04938463827833799,-1.2937972041663968,-1.529560149906846,-1.0653532453756878,3380,12.238193018480493,5.268651608487337,0.3018764580586266,13729,73.77058779999788,0.1366509999934351,81260
dkasc_8,BWh,gru,0,-0.25,2016-01-01 00:00:00,6884,1617,0.018911920487880707,0.012780684046447277,0.994881808757782,0.04646059246926623,-1.2222567936372941,-1.4126965866675056,-0.9878178636147594,3380,12.238193018480493,5.268651608487337,0.30177502789329547,151809,81.21095100000093,0.24621979999938048,81260
dkasc_8,BWh,gru,1,-0.25,2016-01-01 00:00:00,6884,1617,0.019370252266526222,0.013359159231185913,0.994630753993988,0.04758656833179216,-1.2489337925678856,-1.4393998537937325,-1.0290292613237297,3380,12.238193018480493,5.268651608487337,0.3018460290090273,151809,81.68364879999717,0.22569449999718927,81260
dkasc_8,BWh,gru,2,-0.25,2016-01-01 00:00:00,6884,1617,0.019385000690817833,0.013517494313418865,0.9946225881576538,0.0476228005341756,-1.2089839486416898,-1.4733329879978205,-0.9971336470293413,3380,12.238193018480493,5.268651608487337,0.3017243128106299,151809,104.15152310000849,0.4749124999943888,81260
dkasc_8,BWh,gru,3,-0.25,2016-01-01 00:00:00,6884,1617,0.02006665989756584,0.014104104600846767,0.9942377209663391,0.04929742107987521,-1.296292128165899,-1.553089679314379,-1.0285165471545676,3380,12.238193018480493,5.268651608487337,0.3018460290090273,151809,88.48409979999997,0.3193041000049561,81260
dkasc_8,BWh,gru,4,-0.25,2016-01-01 00:00:00,6884,1617,0.019730597734451294,0.013654492795467377,0.9944291114807129,0.048471822896189384,-1.180222715930849,-1.4363805478431413,-0.9783462627655157,3380,12.238193018480493,5.268651608487337,0.3018561720255604,151809,81.48943580000196,0.23616469999251422,81260
dkasc_8,BWh,tcn,0,-0.25,2016-01-01 00:00:00,6884,1617,0.01916704885661602,0.013188036158680916,0.9947428107261658,0.0470873619808426,-1.2177601858262,-1.4496478886842357,-0.9663017625019688,3379,12.238193018480493,5.267282683093772,0.30159245359569936,198273,6.2348531000025105,0.5337427000049502,81260
dkasc_8,BWh,tcn,1,-0.25,2016-01-01 00:00:00,6884,1617,0.01946336217224598,0.013266068883240223,0.994579017162323,0.04781530984893578,-1.2435113316491109,-1.438508131950278,-1.041425591044992,3380,12.238193018480493,5.268651608487337,0.30188660107515974,198273,5.99234240000078,0.4792832999955863,81260
dkasc_8,BWh,tcn,2,-0.25,2016-01-01 00:00:00,6884,1617,0.018621839582920074,0.012851634062826633,0.9950376152992249,0.045747955658153976,-1.1764471471108449,-1.4026996541183536,-0.9733513721356822,3380,12.238193018480493,5.268651608487337,0.30188660107515974,198273,8.45633749999979,0.4746327000029851,81260
dkasc_8,BWh,tcn,3,-0.25,2016-01-01 00:00:00,6884,1617,0.018602922558784485,0.012663205154240131,0.9950476884841919,0.04570148252764044,-1.1910031335732318,-1.432291306580158,-0.9986671544016335,3379,12.238193018480493,5.267282683093772,0.3016127396287656,198273,7.005917799993767,0.44641889999911655,81260
dkasc_8,BWh,tcn,4,-0.25,2016-01-01 00:00:00,6884,1617,0.018809285014867783,0.012936433777213097,0.9949372410774231,0.046208449653437476,-1.2676205723769818,-1.5042978347356781,-1.0351382998039982,3379,12.238193018480493,5.267282683093772,0.3015518815295669,198273,6.4127147999970475,0.5447461000003386,81260
dkasc_8,BWh,patchtst,0,-0.25,2016-01-01 00:00:00,6884,1617,0.021233418956398964,0.015413478948175907,0.9935481548309326,0.05216377815751884,-1.2488469056462224,-1.5031984182022562,-0.9796773999731383,3380,12.238193018480493,5.268651608487337,0.3018155999594279,25857,20.20393120001245,1.0794396999990568,81260
dkasc_8,BWh,patchtst,1,-0.25,2016-01-01 00:00:00,6884,1617,0.02066459320485592,0.014846120029687881,0.9938892126083374,0.050766353636545344,-1.184295784106204,-1.469773889647591,-0.975160687332588,3380,12.238193018480493,5.268651608487337,0.3018764580586266,25857,29.01921040000161,1.268513000002713,81260
dkasc_8,BWh,patchtst,2,-0.25,2016-01-01 00:00:00,6884,1617,0.020887278020381927,0.015202267095446587,0.9937568306922913,0.05131341962436385,-1.2030249837747293,-1.478384347911088,-0.9610215379433629,3380,12.238193018480493,5.268651608487337,0.30188660107515974,25857,16.556515600008424,1.0685645999910776,81260
dkasc_8,BWh,patchtst,3,-0.25,2016-01-01 00:00:00,6884,1617,0.021070873364806175,0.015188442543148994,0.9936465620994568,0.051764455175301996,-1.2084095044072818,-1.4622506754283957,-0.9619460168126981,3380,12.238193018480493,5.268651608487337,0.3018663150420935,25857,21.587091399997007,1.2587463999952888,81260
dkasc_8,BWh,patchtst,4,-0.25,2016-01-01 00:00:00,6884,1617,0.021393397822976112,0.015524834394454956,0.9934505820274353,0.05255679551017211,-1.2525902483108142,-1.5501637690413292,-0.9822085905156097,3380,12.238193018480493,5.268651608487337,0.3016634547114312,25857,13.223513300006744,1.120381799992174,81260
dkasc_8,BWh,informer,0,-0.25,2016-01-01 00:00:00,6884,1617,0.020606204867362976,0.014211447909474373,0.9939237236976624,0.050622912003795456,-1.260426503960086,-1.467826691008367,-1.0350368455154801,3380,12.238193018480493,5.268651608487337,0.3018764580586266,81537,12.976395700010471,0.6122626000142191,81260
dkasc_8,BWh,informer,1,-0.25,2016-01-01 00:00:00,6884,1617,0.020117564126849174,0.014193259179592133,0.9942084550857544,0.049422476631648,-1.173200752564857,-1.4067832695485394,-0.9353141453514069,3380,12.238193018480493,5.268651608487337,0.301734455827163,81537,15.541046199999982,0.495235499998671,81260
dkasc_8,BWh,informer,2,-0.25,2016-01-01 00:00:00,6884,1617,0.021415388211607933,0.015442054718732834,0.9934371113777161,0.052610818922819096,-1.2523224983163939,-1.4556697394950024,-1.0151294032676759,3380,12.238193018480493,5.268651608487337,0.3015620245461,81537,10.445363299993915,0.4865579000033904,81260
dkasc_8,BWh,informer,3,-0.25,2016-01-01 00:00:00,6884,1617,0.020554350689053535,0.014361719600856304,0.9939542412757874,0.05049552272845415,-1.3147598256032678,-1.5735163892712838,-1.0469407460404256,3380,12.238193018480493,5.268651608487337,0.3018764580586266,81537,14.145607600003132,0.6193469999998342,81260
dkasc_8,BWh,informer,4,-0.25,2016-01-01 00:00:00,6884,1617,0.0212731771171093,0.015444141812622547,0.9935239553451538,0.052261451352754305,-1.2301803206636097,-1.4693995051879107,-0.9829316428237145,3380,12.238193018480493,5.268651608487337,0.3017851709098286,81537,11.692614100000355,0.7163976000010734,81260
dkasc_8,BWh,xgboost,0,-0.5,2016-01-01 00:00:00,6884,1617,0.019202249124646187,0.012809444218873978,0.9946848154067993,0.04735092156077414,-1.4152933872113223,-1.6055760123030005,-1.236640324068437,3380,12.238193018480493,5.268651608487337,0.3021503195050208,748,3.66966240000329,0.1359701000037603,81260
dkasc_8,BWh,xgboost,1,-0.5,2016-01-01 00:00:00,6884,1617,0.019224856048822403,0.012825370766222477,0.9946722984313965,0.047406668087467435,-1.4209461575686477,-1.6387835114849498,-1.228823547579161,3380,12.238193018480493,5.268651608487337,0.30213003347195455,771,3.3427137000107905,0.12312129999918398,81260
dkasc_8,BWh,xgboost,2,-0.5,2016-01-01 00:00:00,6884,1617,0.0192397590726614,0.012818634510040283,0.9946640133857727,0.04744341752802713,-1.4326983906814195,-1.5989025571334226,-1.2554516770758795,3380,12.238193018480493,5.268651608487337,0.3021401764884877,814,3.628306099999463,0.13629070000024512,81260
dkasc_8,BWh,xgboost,3,-0.5,2016-01-01 00:00:00,6884,1617,0.019215399399399757,0.01282404363155365,0.9946775436401367,0.04738334888865209,-1.4273526279759592,-1.6260701375136022,-1.262843921393264,3380,12.238193018480493,5.268651608487337,0.30213003347195455,831,3.5178356999967946,0.15712650000932626,81260
dkasc_8,BWh,xgboost,4,-0.5,2016-01-01 00:00:00,6884,1617,0.019167320802807808,0.012818737886846066,0.9947041273117065,0.04726479163834251,-1.4093311242154405,-1.604230833588599,-1.2354833583411051,3380,12.238193018480493,5.268651608487337,0.3021401764884877,804,3.7515836999955354,0.1420016000047326,81260
dkasc_8,BWh,random_forest,0,-0.5,2016-01-01 00:00:00,6884,1617,0.018817665055394173,0.01215397659689188,0.9948955774307251,0.0464025737928399,-1.2762806952153445,-1.4557416173513804,-1.0844053236415019,3380,12.238193018480493,5.268651608487337,0.3021401764884877,3429614,1.235334500001045,0.45535869999730494,81260
dkasc_8,BWh,random_forest,1,-0.5,2016-01-01 00:00:00,6884,1617,0.018861008808016777,0.01219639740884304,0.9948720335960388,0.04650945536787104,-1.2473380608371998,-1.4383931896485236,-1.0692602703663678,3380,12.238193018480493,5.268651608487337,0.3021401764884877,3431674,1.2071791000053054,0.506915799996932,81260
dkasc_8,BWh,random_forest,2,-0.5,2016-01-01 00:00:00,6884,1617,0.0189614649862051,0.012230264954268932,0.9948172569274902,0.046757170756980604,-1.2574828432364127,-1.4288388541464003,-1.0727565312646792,3380,12.238193018480493,5.268651608487337,0.3021401764884877,3430336,1.2841652000061003,0.41725270000461023,81260
dkasc_8,BWh,random_forest,3,-0.5,2016-01-01 00:00:00,6884,1617,0.01893112249672413,0.012255145236849785,0.9948338270187378,0.04668234906135287,-1.2441032075108271,-1.4258663987249727,-1.0758490292062273,3380,12.238193018480493,5.268651608487337,0.3021401764884877,3430394,1.242859399993904,0.4024918999930378,81260
dkasc_8,BWh,random_forest,4,-0.5,2016-01-01 00:00:00,6884,1617,0.018900234252214432,0.012237551622092724,0.9948506951332092,0.04660618158568715,-1.2615544549245739,-1.4307810642912422,-1.062211298337672,3380,12.238193018480493,5.268651608487337,0.3021401764884877,3430566,1.2499711000127718,0.4501782000006642,81260
dkasc_8,BWh,lstm,0,-0.5,2016-01-01 00:00:00,6884,1617,0.01997196488082409,0.014020689763128757,0.9942501783370972,0.04924896746978655,-1.484111189321686,-1.7197154707338602,-1.2288097542873744,3380,12.238193018480493,5.268651608487337,0.30209960442235523,13729,87.24407980000251,0.08401140000205487,81260
dkasc_8,BWh,lstm,1,-0.5,2016-01-01 00:00:00,6884,1617,0.020093383267521858,0.014052760787308216,0.9941800236701965,0.0495483736730517,-1.4471969060887706,-1.6942366458105993,-1.2216552333935482,3380,12.238193018480493,5.268651608487337,0.3021401764884877,13729,90.4243065000046,0.09163840000110213,81260
dkasc_8,BWh,lstm,2,-0.5,2016-01-01 00:00:00,6884,1617,0.01999436691403389,0.01403964962810278,0.9942372441291809,0.049304208754827356,-1.4697152624018384,-1.7417639719454536,-1.199440863931395,3380,12.238193018480493,5.268651608487337,0.30206917537275585,13729,90.21313419999206,0.12025390000781044,81260
dkasc_8,BWh,lstm,3,-0.5,2016-01-01 00:00:00,6884,1617,0.020255638286471367,0.014392652548849583,0.9940856695175171,0.04994847913076389,-1.5130683558246711,-1.7234599161667188,-1.2687037353458945,3380,12.238193018480493,5.268651608487337,0.30213003347195455,13729,92.18557899999723,0.11923970001225825,81260
dkasc_8,BWh,lstm,4,-0.5,2016-01-01 00:00:00,6884,1617,0.020346956327557564,0.014453225769102573,0.9940322041511536,0.05017366074217243,-1.5540018157837732,-1.7772090216367276,-1.2876482378310623,3380,12.238193018480493,5.268651608487337,0.3021198904554214,13729,90.39126420000684,0.12158389999240171,81260
dkasc_8,BWh,gru,0,-0.5,2016-01-01 00:00:00,6884,1617,0.019037656486034393,0.012856719084084034,0.9947755336761475,0.04694505175511764,-1.4423329396559308,-1.6436270110555578,-1.2003469805368079,3380,12.238193018480493,5.268651608487337,0.3020590323562227,151809,95.12978119999752,0.29624820000026375,81260
dkasc_8,BWh,gru,1,-0.5,2016-01-01 00:00:00,6884,1617,0.019654463976621628,0.013569853268563747,0.9944314956665039,0.04846604041198323,-1.4840917430499316,-1.656951811686136,-1.2694138029095716,3380,12.238193018480493,5.268651608487337,0.3021097474388883,151809,100.70521040000312,0.3714856000005966,81260
dkasc_8,BWh,gru,2,-0.5,2016-01-01 00:00:00,6884,1617,0.02034580707550049,0.014277540147304535,0.9940329194068909,0.050170826795812556,-1.5390516370006497,-1.7507336834072185,-1.2527164597443519,3380,12.238193018480493,5.268651608487337,0.3021198904554214,151809,103.13787649999722,0.40078799999901094,81260
dkasc_8,BWh,gru,3,-0.5,2016-01-01 00:00:00,6884,1617,0.02037370577454567,0.01436790730804205,0.9940165281295776,0.05023962233645787,-1.5253215292760913,-1.7876072786477293,-1.2710992536243526,3380,12.238193018480493,5.268651608487337,0.3021198904554214,151809,92.65630790000432,0.3451482000091346,81260
dkasc_8,BWh,gru,4,-0.5,2016-01-01 00:00:00,6884,1617,0.019958144053816795,0.013748959638178349,0.9942581057548523,0.04921488662377318,-1.4611460739193678,-1.6488561742108998,-1.2334238180199775,3380,12.238193018480493,5.268651608487337,0.30213003347195455,151809,80.05942700000014,0.2897361000068486,81260
dkasc_8,BWh,tcn,0,-0.5,2016-01-01 00:00:00,6884,1617,0.01881321147084236,0.01255787443369627,0.9948980212211609,0.04639159167655715,-1.4396967884855139,-1.6478443223383765,-1.244963963915957,3379,12.238193018480493,5.267282683093772,0.3018561720255604,198273,11.770768299989868,0.48663980000128504,81260
dkasc_8,BWh,tcn,1,-0.5,2016-01-01 00:00:00,6884,1617,0.01954597793519497,0.013418879359960556,0.9944928288459778,0.04819852414320202,-1.4263598211883,-1.6082350837724055,-1.23104180438236,3380,12.238193018480493,5.268651608487337,0.3021503195050208,198273,5.695422000004328,0.4653087999904528,81260
dkasc_8,BWh,tcn,2,-0.5,2016-01-01 00:00:00,6884,1617,0.018929770216345787,0.012890642508864403,0.9948346018791199,0.04667901446644644,-1.4254406707680531,-1.6461001303369804,-1.2176406648539029,3380,12.238193018480493,5.268651608487337,0.3021503195050208,198273,10.667469799998798,0.534861499996623,81260
dkasc_8,BWh,tcn,3,-0.5,2016-01-01 00:00:00,6884,1617,0.018733633682131767,0.012614755891263485,0.9949410557746887,0.04619536041183625,-1.4222276689197177,-1.7040231842879283,-1.2056504844789595,3379,12.238193018480493,5.267282683093772,0.301906887108226,198273,7.054180599996471,0.3782742000039434,81260
dkasc_8,BWh,tcn,4,-0.5,2016-01-01 00:00:00,6884,1617,0.01942473091185093,0.013501414097845554,0.994560956954956,0.04789954050568259,-1.5059036328908149,-1.702569032147061,-1.2772217700564248,3379,12.238193018480493,5.267282683093772,0.3018155999594279,198273,6.697823200011044,0.37372440000763163,81260
dkasc_8,BWh,patchtst,0,-0.5,2016-01-01 00:00:00,6884,1617,0.021508987993001938,0.015636630356311798,0.9933310747146606,0.05303912040184165,-1.4993767957108655,-1.7219165728905916,-1.2292617487160804,3380,12.238193018480493,5.268651608487337,0.3020894614058221,25857,19.415946900000563,0.9093616000027396,81260
dkasc_8,BWh,patchtst,1,-0.5,2016-01-01 00:00:00,6884,1617,0.02093758061528206,0.0151052949950099,0.9936807155609131,0.05163008410895582,-1.434145380681252,-1.7107666778865775,-1.1916987910410404,3380,12.238193018480493,5.268651608487337,0.3021503195050208,25857,27.586268600003677,1.2543981999915559,81260
dkasc_8,BWh,patchtst,2,-0.5,2016-01-01 00:00:00,6884,1617,0.021271491423249245,0.015573660843074322,0.9934775829315186,0.052453476430017604,-1.4610987678002996,-1.7234679735915286,-1.1939524905833276,3380,12.238193018480493,5.268651608487337,0.3021503195050208,25857,17.71152379999694,1.2711902000010014,81260
dkasc_8,BWh,patchtst,3,-0.5,2016-01-01 00:00:00,6884,1617,0.021422361955046654,0.015623282641172409,0.9933847188949585,0.052825508824275114,-1.4614834192350394,-1.7463841919497236,-1.2405856518102054,3380,12.238193018480493,5.268651608487337,0.3021503195050208,25857,21.640165900011198,1.4734986999974353,81260
dkasc_8,BWh,patchtst,4,-0.5,2016-01-01 00:00:00,6884,1617,0.021635396406054497,0.01573835127055645,0.9932525157928467,0.053350831535897876,-1.46489724439637,-1.7839655709428248,-1.203126583370039,3380,12.238193018480493,5.268651608487337,0.3019373161578253,25857,12.55769980000332,1.2598762000125134,81260
dkasc_8,BWh,informer,0,-0.5,2016-01-01 00:00:00,6884,1617,0.022535594180226326,0.016230134293437004,0.9926792979240417,0.055570633701639185,-1.567088886592186,-1.7812719675923794,-1.3036992926579423,3380,12.238193018480493,5.268651608487337,0.3021401764884877,81537,9.936974399999599,0.6008393999945838,81260
dkasc_8,BWh,informer,1,-0.5,2016-01-01 00:00:00,6884,1617,0.02027978003025055,0.014309697784483433,0.9940715432167053,0.05000801037674492,-1.419867101561667,-1.6419079948514765,-1.1974668943382838,3380,12.238193018480493,5.268651608487337,0.30200831727355715,81537,15.162896100009675,0.5830791999906069,81260
dkasc_8,BWh,informer,2,-0.5,2016-01-01 00:00:00,6884,1617,0.02119656838476658,0.015182037837803364,0.9935234189033508,0.05226872333702007,-1.4222683095473823,-1.6255587180525295,-1.1723701071758685,3380,12.238193018480493,5.268651608487337,0.3019880312404909,81537,11.565872000006493,0.5727875000011409,81260
dkasc_8,BWh,informer,3,-0.5,2016-01-01 00:00:00,6884,1617,0.022590653970837593,0.016554513946175575,0.9926434755325317,0.05570640591298085,-1.5540676229006267,-1.7767270044526002,-1.3439620036892557,3380,12.238193018480493,5.268651608487337,0.3021503195050208,81537,9.847226400001091,0.6779097000107868,81260
dkasc_8,BWh,informer,4,-0.5,2016-01-01 00:00:00,6884,1617,0.020092779770493507,0.014193045906722546,0.9941803812980652,0.04954688550672982,-1.4609281341184812,-1.7030622192899303,-1.2427007980773674,3380,12.238193018480493,5.268651608487337,0.30189674409169287,81537,19.644478800008073,0.5805821999965701,81260
dkasc_8,BWh,xgboost,0,-1.0,2016-01-01 00:00:00,6884,1617,0.01992565207183361,0.013370122760534286,0.9941926002502441,0.04950644437434794,-1.8841179258081653,-2.074348918315361,-1.7017011839019154,3380,12.238193018480493,5.268651608487337,0.30307333400953446,821,3.6982414000085555,0.12359210000431631,81260
dkasc_8,BWh,xgboost,1,-1.0,2016-01-01 00:00:00,6884,1617,0.019873131066560745,0.013371103443205357,0.9942231774330139,0.049375952874413466,-1.9277465320213183,-2.1012228184575057,-1.7247882289537109,3380,12.238193018480493,5.268651608487337,0.30307333400953446,660,3.2241443999955663,0.11291280000295956,81260
dkasc_8,BWh,xgboost,2,-1.0,2016-01-01 00:00:00,6884,1617,0.01993398554623127,0.013418348506093025,0.9941877722740173,0.04952714937738751,-1.9256735260301516,-2.110411108122512,-1.7329319401208372,3380,12.238193018480493,5.268651608487337,0.30307333400953446,629,3.3728465999884065,0.09433950000675395,81260
dkasc_8,BWh,xgboost,3,-1.0,2016-01-01 00:00:00,6884,1617,0.019884148612618446,0.013400591909885406,0.9942167401313782,0.04940332660999216,-1.910819759434229,-2.0790230326236525,-1.7390916061334134,3380,12.238193018480493,5.268651608487337,0.30307333400953446,778,3.709472399990773,0.16427150000527035,81260
dkasc_8,BWh,xgboost,4,-1.0,2016-01-01 00:00:00,6884,1617,0.019967095926404,0.01344321295619011,0.9941684007644653,0.04960941404748841,-1.9061837775639225,-2.082029423671109,-1.763498754896862,3380,12.238193018480493,5.268651608487337,0.30307333400953446,653,2.9423787999985507,0.11353119999694172,81260
dkasc_8,BWh,random_forest,0,-1.0,2016-01-01 00:00:00,6884,1617,0.019574513658881187,0.012789152562618256,0.9943954944610596,0.048634020513595146,-1.6431882801197384,-1.856038620009487,-1.4708621156803436,3380,12.238193018480493,5.268651608487337,0.3030530479764682,3430630,1.2205653999990318,0.4193665999919176,81260
dkasc_8,BWh,random_forest,1,-1.0,2016-01-01 00:00:00,6884,1617,0.019518526270985603,0.012745995074510574,0.994427502155304,0.0484949165839207,-1.6874552208718194,-1.8999359184137816,-1.4924382605471698,3380,12.238193018480493,5.268651608487337,0.30306319099300133,3430890,1.1999788999964949,0.4842471000010846,81260
dkasc_8,BWh,random_forest,2,-1.0,2016-01-01 00:00:00,6884,1617,0.019531400874257088,0.012769539840519428,0.9944201111793518,0.048526904286426184,-1.6945558282527453,-1.8885717336718906,-1.4739534869907445,3380,12.238193018480493,5.268651608487337,0.30306319099300133,3428978,1.2303366999985883,0.40156529999512713,81260
dkasc_8,BWh,random_forest,3,-1.0,2016-01-01 00:00:00,6884,1617,0.0196321289986372,0.012841860763728619,0.9943624138832092,0.048777169184587556,-1.6839002293979666,-1.8363517916292782,-1.4602683035603663,3380,12.238193018480493,5.268651608487337,0.3030530479764682,3428268,1.2537462000036612,0.3825727000075858,81260
dkasc_8,BWh,random_forest,4,-1.0,2016-01-01 00:00:00,6884,1617,0.01956598274409771,0.012786392122507095,0.9944003820419312,0.04861282495840488,-1.6709619210299398,-1.863334021109142,-1.4820812674204986,3380,12.238193018480493,5.268651608487337,0.30306319099300133,3431020,1.2527407000015955,0.4870494999922812,81260
dkasc_8,BWh,lstm,0,-1.0,2016-01-01 00:00:00,6884,1617,0.020840320736169815,0.014693372882902622,0.9936472177505493,0.05177899200233392,-1.9351514868331088,-2.194887078762886,-1.7162133223832479,3380,12.238193018480493,5.268651608487337,0.3030530479764682,13729,90.02740530000301,0.1314010999922175,81260
dkasc_8,BWh,lstm,1,-1.0,2016-01-01 00:00:00,6884,1617,0.020729249343276024,0.014505385421216488,0.9937147498130798,0.05150302865046697,-1.8903028923116794,-2.185398449599729,-1.7049360584090072,3380,12.238193018480493,5.268651608487337,0.30307333400953446,13729,90.44104429999425,0.12464670000190381,81260
dkasc_8,BWh,lstm,2,-1.0,2016-01-01 00:00:00,6884,1617,0.020613357424736023,0.01450403779745102,0.9937848448753357,0.051215088421562374,-1.9108129699095395,-2.162982899751842,-1.7023939233123064,3380,12.238193018480493,5.268651608487337,0.30300233289380263,13729,92.07044749999477,0.11995710000337567,81260
dkasc_8,BWh,lstm,3,-1.0,2016-01-01 00:00:00,6884,1617,0.02090202085673809,0.014875940047204494,0.9936095476150513,0.051932289549425074,-1.9665519553454747,-2.1713829179383692,-1.7390440069730142,3380,12.238193018480493,5.268651608487337,0.3030429049599351,13729,86.41007289999106,0.11344539999845438,81260
dkasc_8,BWh,lstm,4,-1.0,2016-01-01 00:00:00,6884,1617,0.020979993045330048,0.014891953207552433,0.9935617446899414,0.05212601599829399,-1.984807186219606,-2.1946083260153015,-1.7397763680711922,3380,12.238193018480493,5.268651608487337,0.30306319099300133,13729,78.59303400000499,0.11099370000010822,81260
dkasc_8,BWh,gru,0,-1.0,2016-01-01 00:00:00,6884,1617,0.019969074055552483,0.013636304996907711,0.9941672682762146,0.04961432882469628,-1.8640243406969292,-2.1017170560706835,-1.6868454107758906,3380,12.238193018480493,5.268651608487337,0.3030226189268688,151809,81.12527240000782,0.310492400007206,81260
dkasc_8,BWh,gru,1,-1.0,2016-01-01 00:00:00,6884,1617,0.02033456228673458,0.014087220653891563,0.9939517974853516,0.05052240564553331,-1.9525654949388516,-2.112600516282007,-1.7372413998306087,3380,12.238193018480493,5.268651608487337,0.3030530479764682,151809,116.56205310000223,0.3855653000064194,81260
dkasc_8,BWh,gru,2,-1.0,2016-01-01 00:00:00,6884,1617,0.02098916843533516,0.014786125160753727,0.9935561418533325,0.05214881278974972,-1.9629799962369854,-2.1960151085795743,-1.7064605584707837,3380,12.238193018480493,5.268651608487337,0.3030530479764682,151809,78.11857469999813,0.29517319999285974,81260
dkasc_8,BWh,gru,3,-1.0,2016-01-01 00:00:00,6884,1617,0.020524609833955765,0.014237799681723118,0.9938381910324097,0.050994589857676936,-1.8703492266489388,-2.0857892378453924,-1.6537528652021152,3380,12.238193018480493,5.268651608487337,0.3029617608276701,151809,82.06336290000763,0.23194499999226537,81260
dkasc_8,BWh,gru,4,-1.0,2016-01-01 00:00:00,6884,1617,0.02074274607002735,0.014426475390791893,0.9937065243721008,0.051536562055032174,-1.9334915219629585,-2.1106167807296794,-1.7039791150729655,3380,12.238193018480493,5.268651608487337,0.3030530479764682,151809,67.67463579999458,0.2471611000073608,81260
dkasc_8,BWh,tcn,0,-1.0,2016-01-01 00:00:00,6884,1617,0.02004651166498661,0.013717909343540668,0.9941219091415405,0.04980672708047795,-1.9537320505343272,-2.167165754273838,-1.7603172742185378,3380,12.238193018480493,5.268651608487337,0.30282990161273965,198273,5.747552400003769,0.3758644000045024,81260
dkasc_8,BWh,tcn,1,-1.0,2016-01-01 00:00:00,6884,1617,0.02019605226814747,0.013991565443575382,0.994033932685852,0.05017826942827165,-1.854511156711311,-2.09654220380745,-1.6578229349472229,3380,12.238193018480493,5.268651608487337,0.3030834770260675,198273,4.848259900012636,0.36630580000928603,81260
dkasc_8,BWh,tcn,2,-1.0,2016-01-01 00:00:00,6884,1617,0.020513786002993584,0.01418287679553032,0.9938446879386902,0.05096769741854798,-1.9118355121003416,-2.0909020329071715,-1.6631611470508345,3380,12.238193018480493,5.268651608487337,0.30309362004260065,198273,6.516057600005297,0.3643517000018619,81260
dkasc_8,BWh,tcn,3,-1.0,2016-01-01 00:00:00,6884,1617,0.01944451779127121,0.013325278647243977,0.9944696426391602,0.04831103820086945,-1.959256249137431,-2.2073372970679572,-1.7395560857432768,3379,12.238193018480493,5.267282683093772,0.3029414747946039,198273,6.442870699989726,0.36800159999984317,81260
dkasc_8,BWh,tcn,4,-1.0,2016-01-01 00:00:00,6884,1617,0.019737092778086662,0.013522403314709663,0.994301974773407,0.04903795781473641,-1.8990039171033941,-2.1010317253968513,-1.650854632074698,3380,12.238193018480493,5.268651608487337,0.302779186530074,198273,6.775992700000643,0.3657238000014331,81260
dkasc_8,BWh,patchtst,0,-1.0,2016-01-01 00:00:00,6884,1617,0.02219388447701931,0.01624300144612789,0.9927951693534851,0.05514200003850372,-1.937451764725029,-2.204631193001089,-1.7047486896215491,3380,12.238193018480493,5.268651608487337,0.30300233289380263,25857,14.994032200003858,1.0704438999964623,81260
dkasc_8,BWh,patchtst,1,-1.0,2016-01-01 00:00:00,6884,1617,0.021735569462180138,0.015962589532136917,0.9930896759033203,0.05400328966123394,-1.921279678246618,-2.1879198370708006,-1.6958232197055079,3380,12.238193018480493,5.268651608487337,0.30307333400953446,25857,23.247810700006085,1.0603645999945002,81260
dkasc_8,BWh,patchtst,2,-1.0,2016-01-01 00:00:00,6884,1617,0.021955236792564392,0.01614473946392536,0.9929493069648743,0.05454906595168228,-1.9282445055631758,-2.209160160532584,-1.6864556945926563,3380,12.238193018480493,5.268651608487337,0.3030834770260675,25857,13.526783499997691,1.074968799992348,81260
dkasc_8,BWh,patchtst,3,-1.0,2016-01-01 00:00:00,6884,1617,0.021969592198729515,0.015956779941916466,0.9929400682449341,0.05458473279531795,-1.898575375199707,-2.1437827485758176,-1.6756402764565692,3380,12.238193018480493,5.268651608487337,0.30307333400953446,25857,16.3401995000022,1.0602980999974534,81260
dkasc_8,BWh,patchtst,4,-1.0,2016-01-01 00:00:00,6884,1617,0.022408757358789444,0.016410397365689278,0.9926549792289734,0.05567586424182111,-1.9239897261454422,-2.221800518673678,-1.6588616996397616,3380,12.238193018480493,5.268651608487337,0.30285018764580585,25857,10.633809999999357,1.0617265999899246,81260
dkasc_8,BWh,informer,0,-1.0,2016-01-01 00:00:00,6884,1617,0.023301266133785248,0.01692744717001915,0.992058277130127,0.057893354332667665,-2.017181565577218,-2.2341920396548125,-1.8217217499816991,3380,12.238193018480493,5.268651608487337,0.30307333400953446,81537,7.629267300013453,0.4888814000005368,81260
dkasc_8,BWh,informer,1,-1.0,2016-01-01 00:00:00,6884,1617,0.020909318700432777,0.014766856096684933,0.9936050772666931,0.051950421467598755,-1.884622236873118,-2.1182800729610856,-1.6915407399750282,3380,12.238193018480493,5.268651608487337,0.3029414747946039,81537,14.532212799997069,0.5140423999982886,81260
dkasc_8,BWh,informer,2,-1.0,2016-01-01 00:00:00,6884,1617,0.021442780271172523,0.015410235151648521,0.9932745695114136,0.05327583784456198,-1.8655811868905097,-2.086051946923728,-1.6675233977590742,3380,12.238193018480493,5.268651608487337,0.3029009027284714,81537,10.41687090000778,0.5162964999908581,81260
dkasc_8,BWh,informer,3,-1.0,2016-01-01 00:00:00,6884,1617,0.02155480906367302,0.015189141035079956,0.9932041168212891,0.05355417991157473,-1.9594839461723574,-2.2251784809481645,-1.7418971098104308,3380,12.238193018480493,5.268651608487337,0.3030834770260675,81537,12.444093800004339,0.5177670999983093,81260
dkasc_8,BWh,informer,4,-1.0,2016-01-01 00:00:00,6884,1617,0.020919812843203545,0.014767535030841827,0.9935986399650574,0.051976494777193065,-1.8794232713075836,-2.14864353486604,-1.691420526327747,3380,12.238193018480493,5.268651608487337,0.302860330662339,81537,19.775337899991428,0.5192567999911262,81260
dkasc_8,BWh,xgboost,0,-2.0,2016-01-01 00:00:00,6884,1617,0.021699368953704834,0.014768554829061031,0.9929085373878479,0.05474152371363321,-2.8374662766014302,-3.0151330834337613,-2.636875658771609,3380,12.238193018480493,5.268651608487337,0.3040166345471143,748,4.115407599994796,0.12162470001203474,81260
dkasc_8,BWh,xgboost,1,-2.0,2016-01-01 00:00:00,6884,1617,0.02169567532837391,0.01475292257964611,0.9929109215736389,0.05473220571553504,-2.832597121985075,-3.038654399496965,-2.6566205778352336,3380,12.238193018480493,5.268651608487337,0.3040064915305812,656,3.666905299993232,0.09803059999831021,81260
dkasc_8,BWh,xgboost,2,-2.0,2016-01-01 00:00:00,6884,1617,0.021736091002821922,0.014839385636150837,0.9928845167160034,0.05483416331651038,-2.8283731544196877,-3.0457548774878314,-2.6647468945250887,3380,12.238193018480493,5.268651608487337,0.3040064915305812,632,3.6723798000020906,0.11465070000849664,81260
dkasc_8,BWh,xgboost,3,-2.0,2016-01-01 00:00:00,6884,1617,0.021703924983739853,0.014795894734561443,0.9929055571556091,0.054753017320969634,-2.885765038766919,-3.063391152044609,-2.704426427487583,3380,12.238193018480493,5.268651608487337,0.3040064915305812,607,3.192936599996756,0.10351269999227952,81260
dkasc_8,BWh,xgboost,4,-2.0,2016-01-01 00:00:00,6884,1617,0.021710079163312912,0.014789684675633907,0.9929015040397644,0.054768542618859876,-2.8685408610121144,-3.0367015774694845,-2.6672659116145185,3380,12.238193018480493,5.268651608487337,0.3040064915305812,642,3.4740708000026643,0.11233299999730662,81260
dkasc_8,BWh,random_forest,0,-2.0,2016-01-01 00:00:00,6884,1617,0.02121693268418312,0.014098376035690308,0.993220329284668,0.0535244700497832,-2.5808097300518695,-2.7807505034935396,-2.396154768696351,3380,12.238193018480493,5.268651608487337,0.3040166345471143,3430330,1.3491175999952247,0.4741356000013184,81260
dkasc_8,BWh,random_forest,1,-2.0,2016-01-01 00:00:00,6884,1617,0.021286295726895332,0.014144506305456161,0.9931759834289551,0.05369945387791116,-2.567228132440908,-2.7559569447275445,-2.3871121112162696,3380,12.238193018480493,5.268651608487337,0.3040166345471143,3428606,1.4197654000017792,0.48262499998963904,81260
dkasc_8,BWh,random_forest,2,-2.0,2016-01-01 00:00:00,6884,1617,0.021260473877191544,0.014174047857522964,0.9931924939155579,0.05363431247214468,-2.5889969015485015,-2.829045247837736,-2.4183074429438163,3380,12.238193018480493,5.268651608487337,0.3040166345471143,3431214,1.4091348000074504,0.4586096999992151,81260
dkasc_8,BWh,random_forest,3,-2.0,2016-01-01 00:00:00,6884,1617,0.021370207890868187,0.014237510971724987,0.9931220412254333,0.05391114112668703,-2.5657202116775704,-2.7635980991526186,-2.31785664390058,3380,12.238193018480493,5.268651608487337,0.3040166345471143,3426016,1.2456234999990556,0.43871439999202266,81260
dkasc_8,BWh,random_forest,4,-2.0,2016-01-01 00:00:00,6884,1617,0.021205704659223557,0.014137369580566883,0.9932275414466858,0.05349614483922558,-2.533755683536691,-2.7316606029660684,-2.3646617147744267,3380,12.238193018480493,5.268651608487337,0.3040166345471143,3429344,1.2679207000037422,0.46167289999721106,81260
dkasc_8,BWh,lstm,0,-2.0,2016-01-01 00:00:00,6884,1617,0.02258271910250187,0.016111042350530624,0.9923194050788879,0.056969972532627935,-2.884478592878492,-3.189740599048613,-2.721949270405899,3380,12.238193018480493,5.268651608487337,0.30399634851404805,13729,78.52159519999987,0.14357849999214523,81260
dkasc_8,BWh,lstm,1,-2.0,2016-01-01 00:00:00,6884,1617,0.02251471020281315,0.01595614291727543,0.9923655986785889,0.05679840483390863,-2.8559982882522394,-3.1383317620755107,-2.6483311495466686,3380,12.238193018480493,5.268651608487337,0.303986205497515,13729,80.69923650000419,0.10374520000186749,81260
dkasc_8,BWh,lstm,2,-2.0,2016-01-01 00:00:00,6884,1617,0.022386612370610237,0.015998896211385727,0.9924522042274475,0.05647524932951764,-2.816875036666902,-3.105474533006125,-2.6381193448704487,3380,12.238193018480493,5.268651608487337,0.3039456334313825,13729,92.69834149999951,0.1616143999999622,81260
dkasc_8,BWh,lstm,3,-2.0,2016-01-01 00:00:00,6884,1617,0.02264569327235222,0.01617581397294998,0.9922765493392944,0.05712883899642068,-2.9073843605514713,-3.1256642153374257,-2.694220429461841,3380,12.238193018480493,5.268651608487337,0.30397606248098186,13729,133.71916120000242,0.18137920000299346,81260
dkasc_8,BWh,lstm,4,-2.0,2016-01-01 00:00:00,6884,1617,0.02272637188434601,0.01636405661702156,0.9922214150428772,0.05733236888528812,-2.9600586360086254,-3.192840965088463,-2.7253871925103432,3380,12.238193018480493,5.268651608487337,0.30397606248098186,13729,106.06023940000159,0.17767959999036975,81260
dkasc_8,BWh,gru,0,-2.0,2016-01-01 00:00:00,6884,1617,0.022069768980145454,0.01548693235963583,0.9926643967628479,0.05567594083305215,-2.8495678644413824,-3.0468848774636754,-2.6331213362203183,3380,12.238193018480493,5.268651608487337,0.30387463231565065,151809,126.79678190000413,0.31540920000406913,81260
dkasc_8,BWh,gru,1,-2.0,2016-01-01 00:00:00,6884,1617,0.02230004407465458,0.0158280897885561,0.9925104975700378,0.05625686139224556,-2.832386626947793,-3.0327222778659624,-2.6756043736031754,3380,12.238193018480493,5.268651608487337,0.3038239172329851,151809,138.55372189999616,0.2319934999977704,81260
dkasc_8,BWh,gru,2,-2.0,2016-01-01 00:00:00,6884,1617,0.02217206358909607,0.015398812480270863,0.9925962090492249,0.05593400192107705,-2.847989516479549,-3.0316505526141624,-2.6193903746313114,3380,12.238193018480493,5.268651608487337,0.30393549041484935,151809,140.19503569998778,0.23755619999428745,81260
dkasc_8,BWh,gru,3,-2.0,2016-01-01 00:00:00,6884,1617,0.023342369124293327,0.01707446202635765,0.9917939901351929,0.05888636004466474,-2.9522589958740855,-3.152905991512611,-2.747705446657627,3380,12.238193018480493,5.268651608487337,0.3037224870676539,151809,68.59168629998749,0.20633850000740495,81260
dkasc_8,BWh,gru,4,-2.0,2016-01-01 00:00:00,6884,1617,0.022181928157806396,0.015606466680765152,0.9925895929336548,0.055958887507525826,-2.8348384396889967,-3.046228709051829,-2.626209376871187,3380,12.238193018480493,5.268651608487337,0.30385434628258445,151809,116.49185429999488,0.24947129999054596,81260
dkasc_8,BWh,tcn,0,-2.0,2016-01-01 00:00:00,6884,1617,0.02173016034066677,0.014962293207645416,0.9928883910179138,0.05481920189142486,-2.8879130715059866,-3.0951644627726846,-2.6881926176904125,3380,12.238193018480493,5.268651608487337,0.3038340602495182,198273,12.7956511000084,0.35272189999523107,81260
dkasc_8,BWh,tcn,1,-2.0,2016-01-01 00:00:00,6884,1617,0.02193036861717701,0.015404361300170422,0.992756724357605,0.05532427216050196,-2.8041635232856255,-3.051191457527573,-2.6193628806626985,3380,12.238193018480493,5.268651608487337,0.30399634851404805,198273,8.570220000008703,0.36625080001249444,81260
dkasc_8,BWh,tcn,2,-2.0,2016-01-01 00:00:00,6884,1617,0.022374432533979416,0.01577116921544075,0.9924604296684265,0.056444522960599874,-2.899519373079375,-3.1214376798803176,-2.6974780848258435,3380,12.238193018480493,5.268651608487337,0.3040166345471143,198273,8.762952900011442,0.36692410000250675,81260
dkasc_8,BWh,tcn,3,-2.0,2016-01-01 00:00:00,6884,1617,0.021303590387105942,0.014771923422813416,0.9931648373603821,0.053743083536177176,-2.9056778406739037,-3.1173580325242063,-2.702708771018256,3379,12.238193018480493,5.267282683093772,0.3038239172329851,198273,9.312136499996996,0.39431669999612495,81260
dkasc_8,BWh,tcn,4,-2.0,2016-01-01 00:00:00,6884,1617,0.021373650059103966,0.014700275845825672,0.9931198358535767,0.05391982476787988,-2.835543321355721,-3.0449669066553176,-2.685419376872754,3380,12.238193018480493,5.268651608487337,0.30375291611725325,198273,8.414074399988749,0.39012039999943227,81260
dkasc_8,BWh,patchtst,0,-2.0,2016-01-01 00:00:00,6884,1617,0.023727919906377792,0.017534559592604637,0.9915207028388977,0.05985899834236432,-2.857475787728017,-3.0513722475243146,-2.6355070105887597,3380,12.238193018480493,5.268651608487337,0.30390506136525003,25857,25.34857760000159,1.0757319999975152,81260
dkasc_8,BWh,patchtst,1,-2.0,2016-01-01 00:00:00,6884,1617,0.02379531040787697,0.017674308270215988,0.9914724230766296,0.06002900599299053,-2.856241589127878,-3.1092867287961456,-2.689506332974214,3380,12.238193018480493,5.268651608487337,0.30396591946444873,25857,30.806270900007803,1.0554944000032265,81260
dkasc_8,BWh,patchtst,2,-2.0,2016-01-01 00:00:00,6884,1617,0.023617886006832123,0.017383702099323273,0.9915991425514221,0.05958141315847563,-2.9723020535852376,-3.1841125583069365,-2.7365258631598888,3380,12.238193018480493,5.268651608487337,0.3039456334313825,25857,20.089969199994812,1.1059327999973902,81260
dkasc_8,BWh,patchtst,3,-2.0,2016-01-01 00:00:00,6884,1617,0.024644549936056137,0.018461626023054123,0.9908528923988342,0.06217140312304336,-2.88855481056682,-3.1253421729013056,-2.684038368275107,3380,12.238193018480493,5.268651608487337,0.3039456334313825,25857,17.468170799998916,1.1133027000032598,81260
dkasc_8,BWh,patchtst,4,-2.0,2016-01-01 00:00:00,6884,1617,0.02345529943704605,0.01729988306760788,0.9917144179344177,0.059171252080314735,-2.86740313304437,-3.0394265124087605,-2.654720908155772,3380,12.238193018480493,5.268651608487337,0.30385434628258445,25857,23.1304325999954,1.1278219999949215,81260
dkasc_8,BWh,informer,0,-2.0,2016-01-01 00:00:00,6884,1617,0.023035313934087753,0.016339784488081932,0.9920084476470947,0.058111744478106395,-2.8507612292681874,-3.066213125739578,-2.661975893730651,3380,12.238193018480493,5.268651608487337,0.303986205497515,81537,16.64571509999223,0.49495870000100695,81260
dkasc_8,BWh,informer,1,-2.0,2016-01-01 00:00:00,6884,1617,0.022704388946294785,0.01615879125893116,0.9922364354133606,0.057276911994942885,-2.842639497790848,-3.1155380976509663,-2.62032716599727,3380,12.238193018480493,5.268651608487337,0.3038644892991176,81537,20.08234029999585,0.5045471000048565,81260
dkasc_8,BWh,informer,2,-2.0,2016-01-01 00:00:00,6884,1617,0.023429308086633682,0.016892649233341217,0.9917327761650085,0.05910568307100467,-2.8223971729067925,-3.019042452380925,-2.61942636121939,3380,12.238193018480493,5.268651608487337,0.3038644892991176,81537,14.55056859999604,0.5297140999900876,81260
dkasc_8,BWh,informer,3,-2.0,2016-01-01 00:00:00,6884,1617,0.022290578112006187,0.01576620526611805,0.9925168752670288,0.05623298137896523,-2.8741299013298915,-3.115866801561229,-2.679398389683346,3380,12.238193018480493,5.268651608487337,0.30399634851404805,81537,24.20694370000274,0.5350871000118786,81260
dkasc_8,BWh,informer,4,-2.0,2016-01-01 00:00:00,6884,1617,0.02263174019753933,0.016386624425649643,0.9922860264778137,0.05709363923658539,-2.878957931555224,-3.07243298204982,-2.6276376785908218,3380,12.238193018480493,5.268651608487337,0.3036616289684552,81537,26.457230300002266,0.5410139000014169,81260
dkasc_10,BWh,xgboost,0,0.0,2016-01-01 00:00:00,6885,1617,0.01912664994597435,0.012361233122646809,0.9953631162643433,0.045123522594635396,-1.1972902589814371,-1.3195428237401385,-1.0551796433215577,3341,12.216290212183436,5.22621492128679,0.2904374415353202,872,4.258589899996878,0.1404890000121668,82400
dkasc_10,BWh,xgboost,1,0.0,2016-01-01 00:00:00,6885,1617,0.019123369827866554,0.012340361252427101,0.9953646659851074,0.04511578415199289,-1.2089439776496458,-1.3421187759332653,-1.066607722128642,3341,12.216290212183436,5.22621492128679,0.290477675293455,906,4.9103535000031115,0.1526183999958448,82400
dkasc_10,BWh,xgboost,2,0.0,2016-01-01 00:00:00,6885,1617,0.01910441368818283,0.012415740638971329,0.9953738451004028,0.0450710628965853,-1.1814810445667068,-1.321961584675105,-1.073886088576692,3341,12.216290212183436,5.22621492128679,0.2903770908981181,992,5.041690900005051,0.15252619999228045,82400
dkasc_10,BWh,xgboost,3,0.0,2016-01-01 00:00:00,6885,1617,0.01911967620253563,0.012379415333271027,0.9953664541244507,0.04510707016462203,-1.1924572474410589,-1.3267555915561002,-1.0729953032078576,3341,12.216290212183436,5.22621492128679,0.290346915579517,908,4.346348999999464,0.17054340000322554,82400
dkasc_10,BWh,xgboost,4,0.0,2016-01-01 00:00:00,6885,1617,0.01913958415389061,0.012399064376950264,0.9953567981719971,0.04515403693064309,-1.2011671118847633,-1.3179980828314397,-1.072817461956392,3341,12.216290212183436,5.22621492128679,0.2903972077771855,930,4.869827399990754,0.16240440000547096,82400
dkasc_10,BWh,random_forest,0,0.0,2016-01-01 00:00:00,6885,1617,0.019259728491306305,0.012261309660971165,0.9952983260154724,0.045437481012032564,-1.056505138375724,-1.1938388380672715,-0.9483789449270423,3341,12.216290212183436,5.22621492128679,0.2904173246562528,3432380,1.302594399996451,0.44427740000537597,82400
dkasc_10,BWh,random_forest,1,0.0,2016-01-01 00:00:00,6885,1617,0.019220922142267227,0.012258528731763363,0.995317280292511,0.04534592921531822,-1.0882954714418809,-1.1995531600849167,-0.9596644047105121,3341,12.216290212183436,5.22621492128679,0.29042738309578653,3433376,1.2220634999976028,0.38301980000687763,82400
dkasc_10,BWh,random_forest,2,0.0,2016-01-01 00:00:00,6885,1617,0.019284529611468315,0.012281044386327267,0.995286226272583,0.04549599172400585,-1.0739953090282084,-1.1994063330893978,-0.941433834472982,3341,12.216290212183436,5.22621492128679,0.2904474999748539,3435874,1.344358899994404,0.48557800000708085,82400
dkasc_10,BWh,random_forest,3,0.0,2016-01-01 00:00:00,6885,1617,0.01923265866935253,0.012249885126948357,0.9953115582466125,0.045373617987090185,-1.0652219210792624,-1.1998366330664425,-0.9419073560609503,3341,12.216290212183436,5.22621492128679,0.29042738309578653,3434250,1.2332688000024064,0.44150459999218583,82400
dkasc_10,BWh,random_forest,4,0.0,2016-01-01 00:00:00,6885,1617,0.019312748685479164,0.012292196974158287,0.9952723979949951,0.045562566060197755,-1.0854908866332451,-1.1938415224975123,-0.9616801989322834,3341,12.216290212183436,5.22621492128679,0.2904173246562528,3432138,1.3703906000009738,0.49944040000264067,82400
dkasc_10,BWh,lstm,0,0.0,2016-01-01 00:00:00,6885,1617,0.020834028720855713,0.01411550771445036,0.9944983124732971,0.049151564355402584,-1.303068266489436,-1.451824191104889,-1.1495239633998695,3341,12.216290212183436,5.22621492128679,0.2909101881934037,13729,82.35638810000091,0.15188939998915885,82400
dkasc_10,BWh,lstm,1,0.0,2016-01-01 00:00:00,6885,1617,0.02040695771574974,0.013760223984718323,0.994721531867981,0.04814402000221756,-1.3210976900649984,-1.4715996597705219,-1.1651652740453933,3341,12.216290212183436,5.22621492128679,0.29169474647703153,13729,79.74737680000544,0.14243390000774525,82400
dkasc_10,BWh,lstm,2,0.0,2016-01-01 00:00:00,6885,1617,0.02284463867545128,0.015962684527039528,0.9933851361274719,0.05389498800624883,-1.3234727338637402,-1.4562612715762313,-1.178327388751238,3341,12.216290212183436,5.22621492128679,0.29159416208169464,13729,58.4934518999944,0.18453230000159238,82400
dkasc_10,BWh,lstm,3,0.0,2016-01-01 00:00:00,6885,1617,0.021122116595506668,0.01467355340719223,0.9943450689315796,0.0498312202155648,-1.3129712634700654,-1.4733609245417834,-1.168356557796945,3341,12.216290212183436,5.22621492128679,0.29148351924682403,13729,75.60909700000775,0.10779129998991266,82400
dkasc_10,BWh,lstm,4,0.0,2016-01-01 00:00:00,6885,1617,0.021337373182177544,0.014456601813435555,0.994229257106781,0.05033905276751317,-1.3375112911445164,-1.4822511802496976,-1.1877602129803713,3341,12.216290212183436,5.22621492128679,0.2915237530049588,13729,96.99144119999255,0.12835759999870788,82400
dkasc_10,BWh,gru,0,0.0,2016-01-01 00:00:00,6885,1617,0.01985570415854454,0.013374377973377705,0.9950028657913208,0.04684350462633192,-1.3091889448912313,-1.4395956541485178,-1.1804668859866292,3341,12.216290212183436,5.22621492128679,0.29151369456542514,151809,96.7209884999902,0.22170759999426082,82400
dkasc_10,BWh,gru,1,0.0,2016-01-01 00:00:00,6885,1617,0.020454874262213707,0.01396299246698618,0.9946967363357544,0.04825706454337511,-1.3463308263745923,-1.4670982252642073,-1.170764246403718,3341,12.216290212183436,5.22621492128679,0.2916444542793631,151809,81.01233189999766,0.23693139999522828,82400
dkasc_10,BWh,gru,2,0.0,2016-01-01 00:00:00,6885,1617,0.021202512085437775,0.014543532393872738,0.994301974773407,0.05002088896135458,-1.36622384188974,-1.4969976238909455,-1.1998082383733677,3341,12.216290212183436,5.22621492128679,0.2917148633560989,151809,66.10286159999669,0.26349529999424703,82400
dkasc_10,BWh,gru,3,0.0,2016-01-01 00:00:00,6885,1617,0.020520996302366257,0.013826127164065838,0.9946624040603638,0.04841305941865409,-1.335297232278021,-1.475874532238176,-1.1664073148060727,3341,12.216290212183436,5.22621492128679,0.29169474647703153,151809,61.64384659999632,0.24596739999833517,82400
dkasc_10,BWh,gru,4,0.0,2016-01-01 00:00:00,6885,1617,0.020713722333312035,0.013887796550989151,0.9945616722106934,0.04886773796594389,-1.367294213423944,-1.5058926647381177,-1.2173542638511763,3341,12.216290212183436,5.22621492128679,0.2909101881934037,151809,78.13543480000226,0.25180109999200795,82400
dkasc_10,BWh,tcn,0,0.0,2016-01-01 00:00:00,6885,1617,0.01879243738949299,0.012780536897480488,0.9955237507820129,0.04433504955380518,-1.2774685845737765,-1.4248479178383973,-1.14542574992169,3341,12.216290212183436,5.22621492128679,0.29155392832355986,198273,11.621433399996022,0.38837099999364,82400
dkasc_10,BWh,tcn,1,0.0,2016-01-01 00:00:00,6885,1617,0.02022191695868969,0.013696229085326195,0.9948168396949768,0.0477074725249692,-1.3108254585971608,-1.4638348032600168,-1.1869093385284635,3341,12.216290212183436,5.22621492128679,0.29106106478640903,198273,5.5311743000056595,0.38417560000380035,82400
dkasc_10,BWh,tcn,2,0.0,2016-01-01 00:00:00,6885,1617,0.02062423899769783,0.014301592484116554,0.9946085214614868,0.04865662920785838,-1.337361640759331,-1.4928946393739484,-1.188114989888262,3341,12.216290212183436,5.22621492128679,0.2917550971142337,198273,4.439279300000635,0.3785777000011876,82400
dkasc_10,BWh,tcn,3,0.0,2016-01-01 00:00:00,6885,1617,0.01993105746805668,0.013338509947061539,0.9949648380279541,0.04702127787851962,-1.331572353647456,-1.4658893757056148,-1.18011384408368,3341,12.216290212183436,5.22621492128679,0.2896730001307597,198273,5.674361299999873,0.3781357999978354,82400
dkasc_10,BWh,tcn,4,0.0,2016-01-01 00:00:00,6885,1617,0.019981253892183304,0.013563736341893673,0.9949394464492798,0.04713970109872,-1.2852258035574406,-1.4253600147783207,-1.1274245382143389,3341,12.216290212183436,5.22621492128679,0.2917550971142337,198273,6.495500999997603,0.4321820999903139,82400
dkasc_10,BWh,patchtst,0,0.0,2016-01-01 00:00:00,6885,1617,0.026336589828133583,0.01841229945421219,0.9912083745002747,0.06213318639344664,-1.4024524370893423,-1.558405370918614,-1.2214476532017349,3340,12.216290212183436,5.224845995893224,0.2915438698840262,25857,15.608590100004221,1.1007800999941537,82400
dkasc_10,BWh,patchtst,1,0.0,2016-01-01 00:00:00,6885,1617,0.025883454829454422,0.017730122432112694,0.9915083050727844,0.0610641519619558,-1.3465243725103104,-1.5303707286912216,-1.1824399123408658,3341,12.216290212183436,5.22621492128679,0.2916645711584305,25857,25.325396200001705,1.0983567999937804,82400
dkasc_10,BWh,patchtst,2,0.0,2016-01-01 00:00:00,6885,1617,0.026890184730291367,0.018704524263739586,0.9908348917961121,0.06343922546178069,-1.3834230564626293,-1.547779870129662,-1.201101560851242,3341,12.216290212183436,5.22621492128679,0.2917550971142337,25857,15.294500000003609,1.1150583999988157,82400
dkasc_10,BWh,patchtst,3,0.0,2016-01-01 00:00:00,6885,1617,0.02598012425005436,0.01801549457013607,0.9914447665214539,0.06129221410545572,-1.3868221359444153,-1.5537956648563345,-1.2290808322370728,3341,12.216290212183436,5.22621492128679,0.2916746295979642,25857,19.221630600004573,1.1056991999939783,82400
dkasc_10,BWh,patchtst,4,0.0,2016-01-01 00:00:00,6885,1617,0.02632385492324829,0.018602615222334862,0.9912168383598328,0.06210314225242063,-1.3968633127149124,-1.6107844581471742,-1.2428113702984325,3340,12.216290212183436,5.224845995893224,0.29147346080729036,25857,23.940658899999107,1.098017800002708,82400
dkasc_10,BWh,informer,0,0.0,2016-01-01 00:00:00,6885,1617,0.02107894979417324,0.014649671502411366,0.9943681955337524,0.04972938125574648,-1.3188414434308016,-1.4517762203885454,-1.1932193820680461,3341,12.216290212183436,5.22621492128679,0.2892606041098784,81537,19.549279300001217,0.5180044000007911,82400
dkasc_10,BWh,informer,1,0.0,2016-01-01 00:00:00,6885,1617,0.021604377776384354,0.015091481618583202,0.9940839409828186,0.050968969029566075,-1.3468780120329094,-1.4669838916463451,-1.2083774019856164,3341,12.216290212183436,5.22621492128679,0.29140305173055453,81537,17.670816100013326,0.515072100010002,82400
dkasc_10,BWh,informer,2,0.0,2016-01-01 00:00:00,6885,1617,0.019833683967590332,0.013379991985857487,0.995013952255249,0.046791554672374114,-1.3213181429297949,-1.465133092916945,-1.2133960728103999,3341,12.216290212183436,5.22621492128679,0.29146340236775664,81537,25.871154699998442,0.509191599994665,82400
dkasc_10,BWh,informer,3,0.0,2016-01-01 00:00:00,6885,1617,0.02409202791750431,0.016766108572483063,0.9926430583000183,0.056837824143631685,-1.3755640209541835,-1.5285066371218514,-1.2265541715741481,3341,12.216290212183436,5.22621492128679,0.29160422052122836,81537,13.084887599994545,0.5060038000083296,82400
dkasc_10,BWh,informer,4,0.0,2016-01-01 00:00:00,6885,1617,0.0217527337372303,0.014881209470331669,0.9940024018287659,0.051318969869764954,-1.322330009686477,-1.4650694474806558,-1.1687688246994121,3341,12.216290212183436,5.22621492128679,0.2909504219515384,81537,16.59164569999848,0.5120231000037165,82400
dkasc_10,BWh,xgboost,0,-0.25,2016-01-01 00:00:00,6885,1617,0.01935753971338272,0.0126121761277318,0.9952152967453003,0.04583924909959673,-1.4004344060597695,-1.5112432766822226,-1.3020279524164478,3341,12.216290212183436,5.22621492128679,0.29061849344692664,785,2.8587247999967076,0.14710489999561105,82400
dkasc_10,BWh,xgboost,1,-0.25,2016-01-01 00:00:00,6885,1617,0.01939111016690731,0.012548928149044514,0.995198667049408,0.04591874496551177,-1.4283432319256717,-1.5532171661441052,-1.3162499454870829,3341,12.216290212183436,5.22621492128679,0.2905883181283256,733,2.8710080000018934,0.1291096000059042,82400
dkasc_10,BWh,xgboost,2,-0.25,2016-01-01 00:00:00,6885,1617,0.01942289061844349,0.012685613706707954,0.9951829314231873,0.04599400205169289,-1.411871875685461,-1.5073811687701333,-1.2972318270681626,3341,12.216290212183436,5.22621492128679,0.29050785061205603,835,2.899504300003173,0.12964119999378454,82400
dkasc_10,BWh,xgboost,3,-0.25,2016-01-01 00:00:00,6885,1617,0.0193684920668602,0.0125942537561059,0.9952098727226257,0.04586518460931101,-1.4436163334979768,-1.535871812317391,-1.3214389726992626,3341,12.216290212183436,5.22621492128679,0.2906587272050614,770,3.185388400001102,0.12491629998839926,82400
dkasc_10,BWh,xgboost,4,-0.25,2016-01-01 00:00:00,6885,1617,0.019358787685632706,0.01257529016584158,0.9952146410942078,0.045842204336247847,-1.4377902392368969,-1.5187821380739541,-1.3095756275811081,3341,12.216290212183436,5.22621492128679,0.29059837656785925,821,3.2435175999999046,0.13101289999030996,82400
dkasc_10,BWh,random_forest,0,-0.25,2016-01-01 00:00:00,6885,1617,0.019436584785580635,0.012424287386238575,0.9951761364936829,0.046026430260437685,-1.2607104907803102,-1.3933003248639664,-1.155978906027122,3341,12.216290212183436,5.22621492128679,0.29061849344692664,3431038,1.1324940000049537,0.42867360000673216,82400
dkasc_10,BWh,random_forest,1,-0.25,2016-01-01 00:00:00,6885,1617,0.01935083232820034,0.012424062006175518,0.9952185750007629,0.04582336580529722,-1.2761902919151658,-1.399758902765656,-1.15327022934487,3341,12.216290212183436,5.22621492128679,0.29061849344692664,3434546,1.2038954000017839,0.3659235999948578,82400
dkasc_10,BWh,random_forest,2,-0.25,2016-01-01 00:00:00,6885,1617,0.0195181742310524,0.012408846989274025,0.9951355457305908,0.046219636575406134,-1.2645088226875267,-1.419598652621271,-1.1590416181195136,3341,12.216290212183436,5.22621492128679,0.29059837656785925,3435972,1.1306789999944158,0.3736826999956975,82400
dkasc_10,BWh,random_forest,3,-0.25,2016-01-01 00:00:00,6885,1617,0.019436627626419067,0.012452002614736557,0.9951760768890381,0.046026531708860036,-1.2948618108964234,-1.4117512000396606,-1.182038066447057,3341,12.216290212183436,5.22621492128679,0.29059837656785925,3430874,1.2102741999988211,0.3949029000068549,82400
dkasc_10,BWh,random_forest,4,-0.25,2016-01-01 00:00:00,6885,1617,0.01945730485022068,0.01245961245149374,0.9951658248901367,0.046075496010448164,-1.269144057641615,-1.408314337413885,-1.1375475747086083,3341,12.216290212183436,5.22621492128679,0.29061849344692664,3433010,1.1314504000038141,0.4040627999929711,82400
dkasc_10,BWh,lstm,0,-0.25,2016-01-01 00:00:00,6885,1617,0.02109326235949993,0.014366676099598408,0.9943187236785889,0.049949493682392127,-1.5206155496041092,-1.6789847565808742,-1.3712134630611383,3341,12.216290212183436,5.22621492128679,0.2910811816654764,13729,80.77850619998935,0.09730259999923874,82400
dkasc_10,BWh,lstm,1,-0.25,2016-01-01 00:00:00,6885,1617,0.02057466469705105,0.013961149379611015,0.9945946931838989,0.04872143847581914,-1.526173966081934,-1.68127125821661,-1.394837391347692,3341,12.216290212183436,5.22621492128679,0.2918858568281717,13729,87.98081629999797,0.09956489999603946,82400
dkasc_10,BWh,lstm,2,-0.25,2016-01-01 00:00:00,6885,1617,0.023031573742628098,0.01616070047020912,0.9932266473770142,0.0545394746220861,-1.5455622550780201,-1.6824728672613725,-1.3795396520130931,3341,12.216290212183436,5.22621492128679,0.2917752139933011,13729,55.549862400002894,0.1308044999896083,82400
dkasc_10,BWh,lstm,3,-0.25,2016-01-01 00:00:00,6885,1617,0.021401628851890564,0.01493421383202076,0.9941514134407043,0.05067971501567916,-1.5182299589237835,-1.6825139081093181,-1.3940603535661622,3341,12.216290212183436,5.22621492128679,0.29168468803749786,13729,73.55721740001172,0.10281179999583401,82400
dkasc_10,BWh,lstm,4,-0.25,2016-01-01 00:00:00,6885,1617,0.02151334099471569,0.0146420793607831,0.99409019947052,0.05094425280396382,-1.5438466478276236,-1.6911138601007973,-1.4071493452136208,3341,12.216290212183436,5.22621492128679,0.2917148633560989,13729,87.11696480000683,0.09084370000346098,82400
dkasc_10,BWh,gru,0,-0.25,2016-01-01 00:00:00,6885,1617,0.020063886418938637,0.013587519526481628,0.9948596954345703,0.04751189981172584,-1.53386507281968,-1.6575053659834622,-1.4110656209672687,3341,12.216290212183436,5.22621492128679,0.29170480491656525,151809,77.34050510000088,0.24842910000006668,82400
dkasc_10,BWh,gru,1,-0.25,2016-01-01 00:00:00,6885,1617,0.02058596722781658,0.014144164510071278,0.9945887327194214,0.04874820321611612,-1.5761892581099946,-1.7031061743309206,-1.4014760832305608,3341,12.216290212183436,5.22621492128679,0.2918456230700369,151809,78.67855799999961,0.24880069999198895,82400
dkasc_10,BWh,gru,2,-0.25,2016-01-01 00:00:00,6885,1617,0.021470315754413605,0.01475304551422596,0.9941138029098511,0.050842367712315845,-1.5408207512142835,-1.684774505793104,-1.4091293349652854,3341,12.216290212183436,5.22621492128679,0.2918355646305032,151809,68.55035609999322,0.24403180000081193,82400
dkasc_10,BWh,gru,3,-0.25,2016-01-01 00:00:00,6885,1617,0.020708613097667694,0.01404543686658144,0.9945240616798401,0.049038632406105336,-1.5461540752639529,-1.685791960339167,-1.3768243577363715,3341,12.216290212183436,5.22621492128679,0.29189591526770536,151809,62.17924029999995,0.21555069999885745,82400
dkasc_10,BWh,gru,4,-0.25,2016-01-01 00:00:00,6885,1617,0.02101018838584423,0.01431956235319376,0.9943634271621704,0.04975277195904913,-1.5633475919774726,-1.7013889866260623,-1.4145157535376374,3341,12.216290212183436,5.22621492128679,0.2916545127188968,151809,78.54505099999369,0.2513413999986369,82400
dkasc_10,BWh,tcn,0,-0.25,2016-01-01 00:00:00,6885,1617,0.01934458315372467,0.013069912791252136,0.9952216744422913,0.04580856756803678,-1.5226889920423259,-1.656456638683107,-1.372484365990101,3341,12.216290212183436,5.22621492128679,0.28998481175630414,198273,11.690867500001332,0.32813149999128655,82400
dkasc_10,BWh,tcn,1,-0.25,2016-01-01 00:00:00,6885,1617,0.020709523931145668,0.014340861700475216,0.9945235848426819,0.04904078928778056,-1.5354913322628894,-1.6966889326925785,-1.413019450147901,3341,12.216290212183436,5.22621492128679,0.28956235729588914,198273,5.960536600003252,0.38401509998948313,82400
dkasc_10,BWh,tcn,2,-0.25,2016-01-01 00:00:00,6885,1617,0.021113721653819084,0.014632286503911018,0.9943076968193054,0.04999794192026655,-1.518490947757413,-1.6552122512466516,-1.381870361886334,3341,12.216290212183436,5.22621492128679,0.2919059737072391,198273,4.731401800003368,0.39568850000796374,82400
dkasc_10,BWh,tcn,3,-0.25,2016-01-01 00:00:00,6885,1617,0.02007635496556759,0.013463734649121761,0.9948533177375793,0.04754142571343118,-1.5751369588619557,-1.6945997944737607,-1.4422837661481565,3341,12.216290212183436,5.22621492128679,0.290608435007393,198273,5.789563400001498,0.3880942999967374,82400
dkasc_10,BWh,tcn,4,-0.25,2016-01-01 00:00:00,6885,1617,0.01941804215312004,0.013109986670315266,0.9951853156089783,0.045982520736763254,-1.539140553611057,-1.6666425459681289,-1.4180462129672389,3341,12.216290212183436,5.22621492128679,0.28900914312153614,198273,8.3865000000078,0.3841911999916192,82400
dkasc_10,BWh,patchtst,0,-0.25,2016-01-01 00:00:00,6885,1617,0.02646881714463234,0.018563287332654,0.9910540580749512,0.0626789726602324,-1.6199405395562199,-1.7815812253674568,-1.46002619415483,3340,12.216290212183436,5.224845995893224,0.29174503867470003,25857,15.726041399990208,1.1152040000015404,82400
dkasc_10,BWh,patchtst,1,-0.25,2016-01-01 00:00:00,6885,1617,0.027850063517689705,0.01970728114247322,0.9900960326194763,0.06594980653168345,-1.5813377020242936,-1.7497149007512094,-1.425457796590901,3341,12.216290212183436,5.22621492128679,0.2919059737072391,25857,16.567288699996425,1.1106714999914402,82400
dkasc_10,BWh,patchtst,2,-0.25,2016-01-01 00:00:00,6885,1617,0.02707984484732151,0.018690550699830055,0.9906362891197205,0.0641259050434298,-1.582960849328402,-1.7690146712477675,-1.3544899654737153,3341,12.216290212183436,5.22621492128679,0.29195626590490753,25857,14.098329899992677,1.114925799993216,82400
dkasc_10,BWh,patchtst,3,-0.25,2016-01-01 00:00:00,6885,1617,0.026433009654283524,0.01862589456140995,0.99107825756073,0.06259417942235021,-1.6085175629126551,-1.7600456595475267,-1.4598274749093498,3341,12.216290212183436,5.22621492128679,0.2918657399491043,25857,19.646718200005125,1.120833999986644,82400
dkasc_10,BWh,patchtst,4,-0.25,2016-01-01 00:00:00,6885,1617,0.026522524654865265,0.018826985731720924,0.9910176992416382,0.06280615369545374,-1.6478884476299338,-1.8221850691264265,-1.4567536306567745,3340,12.216290212183436,5.224845995893224,0.29168468803749786,25857,25.778062100012903,1.3448601000127383,82400
dkasc_10,BWh,informer,0,-0.25,2016-01-01 00:00:00,6885,1617,0.02097429893910885,0.014443340711295605,0.9943826198577881,0.04966778464592419,-1.5686715152129327,-1.6953615845560321,-1.427490097642109,3341,12.216290212183436,5.22621492128679,0.2900351039539726,81537,17.378271599998698,0.6077357000031043,82400
dkasc_10,BWh,informer,1,-0.25,2016-01-01 00:00:00,6885,1617,0.021257787942886353,0.014596788212656975,0.994229793548584,0.05033909532143165,-1.523690310811774,-1.669255448609518,-1.4031392644146983,3341,12.216290212183436,5.22621492128679,0.2916444542793631,81537,15.598649299994577,0.7049305999971693,82400
dkasc_10,BWh,informer,2,-0.25,2016-01-01 00:00:00,6885,1617,0.020865624770522118,0.014562876895070076,0.9944407343864441,0.04941044087402456,-1.5253308557792111,-1.6441581237304381,-1.386468911306371,3341,12.216290212183436,5.22621492128679,0.29193614902584014,81537,16.530650700005936,0.69457509998756,82400
dkasc_10,BWh,informer,3,-0.25,2016-01-01 00:00:00,6885,1617,0.023892419412732124,0.01664361171424389,0.9927108287811279,0.05657798363162345,-1.5888593801869522,-1.7466248428708762,-1.4354360861051907,3341,12.216290212183436,5.22621492128679,0.29189591526770536,81537,11.443176099986886,0.6979002000007313,82400
dkasc_10,BWh,informer,4,-0.25,2016-01-01 00:00:00,6885,1617,0.022076334804296494,0.015252550132572651,0.9937768578529358,0.052277439451700033,-1.5454250301156054,-1.683851215615395,-1.404214218465455,3341,12.216290212183436,5.22621492128679,0.2904474999748539,81537,14.284411000000546,0.6717171000054805,82400
dkasc_10,BWh,xgboost,0,-0.5,2016-01-01 00:00:00,6885,1617,0.019662346690893173,0.012889782898128033,0.9950268268585205,0.04673605221219887,-1.6109895469514635,-1.7267343739500565,-1.5018545340832263,3341,12.216290212183436,5.22621492128679,0.2907794284794657,851,3.8943658999924082,0.16032229999837,82400
dkasc_10,BWh,xgboost,1,-0.5,2016-01-01 00:00:00,6885,1617,0.019602743908762932,0.012812918983399868,0.9950569272041321,0.04659438047883851,-1.6489027052920935,-1.7725285957523762,-1.5349566419331042,3341,12.216290212183436,5.22621492128679,0.2906788440841288,904,4.009451200006879,0.1648918999999296,82400
dkasc_10,BWh,xgboost,2,-0.5,2016-01-01 00:00:00,6885,1617,0.01968700997531414,0.012926357798278332,0.9950143098831177,0.04679467515108523,-1.6317531002718404,-1.7419150418801432,-1.5379977606648998,3341,12.216290212183436,5.22621492128679,0.29071907784226353,977,4.833696399990004,0.18053490000602324,82400
dkasc_10,BWh,xgboost,3,-0.5,2016-01-01 00:00:00,6885,1617,0.019581614062190056,0.01281028613448143,0.9950675964355469,0.04654415627985604,-1.6149058035728692,-1.7267642776747638,-1.5298685495991309,3341,12.216290212183436,5.22621492128679,0.2907391947213309,874,4.018319199996768,0.17430609998700675,82400
dkasc_10,BWh,xgboost,4,-0.5,2016-01-01 00:00:00,6885,1617,0.01962669938802719,0.012860295362770557,0.9950448274612427,0.04665132101331607,-1.6352389240949616,-1.7436295010545755,-1.516877981462043,3341,12.216290212183436,5.22621492128679,0.2906788440841288,821,3.6668777000013506,0.16891700000269338,82400
dkasc_10,BWh,random_forest,0,-0.5,2016-01-01 00:00:00,6885,1617,0.019732395187020302,0.012740242294967175,0.9949913024902344,0.046902552692728985,-1.5019311637696098,-1.6111110892439717,-1.37236069202091,3341,12.216290212183436,5.22621492128679,0.29070901940272986,3430774,1.2333424000098603,0.4204334999958519,82400
dkasc_10,BWh,random_forest,1,-0.5,2016-01-01 00:00:00,6885,1617,0.019793536514043808,0.012759088538587093,0.9949602484703064,0.047047881441988466,-1.5105736914383938,-1.6422798623057733,-1.383737436771465,3341,12.216290212183436,5.22621492128679,0.2907794284794657,3431532,1.239002399990568,0.4047346000006655,82400
dkasc_10,BWh,random_forest,2,-0.5,2016-01-01 00:00:00,6885,1617,0.0197600107640028,0.012738465331494808,0.9949772953987122,0.04696819302895202,-1.4921345919373274,-1.6260884617246034,-1.3343992944440775,3341,12.216290212183436,5.22621492128679,0.2907391947213309,3435040,1.2422685000055935,0.40450809999310877,82400
dkasc_10,BWh,random_forest,3,-0.5,2016-01-01 00:00:00,6885,1617,0.019765406847000122,0.01273776963353157,0.9949745535850525,0.04698101914887905,-1.4899479284395238,-1.5904574572599148,-1.3586322857860655,3341,12.216290212183436,5.22621492128679,0.2907593116003983,3431952,1.25215770000068,0.44457590000820346,82400
dkasc_10,BWh,random_forest,4,-0.5,2016-01-01 00:00:00,6885,1617,0.01973823644220829,0.01273308414965868,0.9949883222579956,0.046916436956481546,-1.5079095504190732,-1.6330996581145545,-1.375267467115937,3341,12.216290212183436,5.22621492128679,0.2907391947213309,3431842,1.3049410999956308,0.4371813000034308,82400
dkasc_10,BWh,lstm,0,-0.5,2016-01-01 00:00:00,6885,1617,0.021403823047876358,0.014652678743004799,0.9941068291664124,0.05087542231007089,-1.7369024878643218,-1.8952141522018406,-1.5888841797825681,3341,12.216290212183436,5.22621492128679,0.2911616491817459,13729,74.7173344999901,0.12358669999230187,82400
dkasc_10,BWh,lstm,1,-0.5,2016-01-01 00:00:00,6885,1617,0.020787911489605904,0.014208517968654633,0.9944411516189575,0.049411442694720246,-1.7301933889585905,-1.880355593747003,-1.6019026382748494,3341,12.216290212183436,5.22621492128679,0.29203673342117703,13729,78.81731240000227,0.10337549999530893,82400
dkasc_10,BWh,lstm,2,-0.5,2016-01-01 00:00:00,6885,1617,0.023258795961737633,0.016399508342146873,0.9930411577224731,0.05528456595489272,-1.7530178130563845,-1.8939211139071397,-1.5899594528986376,3341,12.216290212183436,5.22621492128679,0.2919059737072391,13729,67.76395910000429,0.09762600000249222,82400
dkasc_10,BWh,lstm,3,-0.5,2016-01-01 00:00:00,6885,1617,0.021736662834882736,0.015236892737448215,0.9939221739768982,0.05166655970116531,-1.7400153181142852,-1.9011157176977656,-1.614497001408389,3341,12.216290212183436,5.22621492128679,0.29182550619096953,13729,65.38885509999818,0.12617869999667164,82400
dkasc_10,BWh,lstm,4,-0.5,2016-01-01 00:00:00,6885,1617,0.021729212254285812,0.014870628714561462,0.9939262866973877,0.05164885018107276,-1.7631190420122789,-1.904267907341839,-1.6310800419151006,3341,12.216290212183436,5.22621492128679,0.2918657399491043,13729,74.53478200000245,0.11215989998891018,82400
dkasc_10,BWh,gru,0,-0.5,2016-01-01 00:00:00,6885,1617,0.02034987322986126,0.013886094093322754,0.994672954082489,0.04837025573467909,-1.7420560229429283,-1.8661847967981537,-1.6038538008997127,3341,12.216290212183436,5.22621492128679,0.2918456230700369,151809,78.34067580000556,0.24475850000453647,82400
dkasc_10,BWh,gru,1,-0.5,2016-01-01 00:00:00,6885,1617,0.020977044478058815,0.01441966462880373,0.9943395256996155,0.04986099886226959,-1.7584410187363564,-1.8715949887315564,-1.597024820480376,3341,12.216290212183436,5.22621492128679,0.2920669087397781,151809,77.44768860000477,0.2478211999987252,82400
dkasc_10,BWh,gru,2,-0.5,2016-01-01 00:00:00,6885,1617,0.021676387637853622,0.014928583055734634,0.9939557909965515,0.05152328968361659,-1.7684322432602484,-1.9126495364791694,-1.619082791141091,3341,12.216290212183436,5.22621492128679,0.2919763827839749,151809,73.0538341000065,0.2626025999925332,82400
dkasc_10,BWh,gru,3,-0.5,2016-01-01 00:00:00,6885,1617,0.020955130457878113,0.014327356591820717,0.994351327419281,0.04980891073629738,-1.7602099312940804,-1.897309283956694,-1.61054277558067,3341,12.216290212183436,5.22621492128679,0.29203673342117703,151809,85.9893599999923,0.2581735999992816,82400
dkasc_10,BWh,gru,4,-0.5,2016-01-01 00:00:00,6885,1617,0.021245192736387253,0.014510339125990868,0.9941939115524292,0.05049836891778044,-1.7530152130284637,-1.9045520682410388,-1.604348431005404,3341,12.216290212183436,5.22621492128679,0.2918556815095706,151809,80.22738870000467,0.24973490000411402,82400
dkasc_10,BWh,tcn,0,-0.5,2016-01-01 00:00:00,6885,1617,0.020319638773798943,0.01409143302589655,0.9946887493133545,0.048298390502143525,-1.730173345953605,-1.8698424355143517,-1.607620925545028,3341,12.216290212183436,5.22621492128679,0.2893410716261479,198273,7.451111800008221,0.3880370999977458,82400
dkasc_10,BWh,tcn,1,-0.5,2016-01-01 00:00:00,6885,1617,0.02000264823436737,0.013458915054798126,0.9948531985282898,0.04754492568766598,-1.7618566606702746,-1.8829620513723722,-1.610415453915487,3341,12.216290212183436,5.22621492128679,0.2899144026795683,198273,10.908646600000793,0.38390369999979157,82400
dkasc_10,BWh,tcn,2,-0.5,2016-01-01 00:00:00,6885,1617,0.02109474129974842,0.014792407862842083,0.9942758083343506,0.050140756151171584,-1.7838284530286852,-1.9284634716830913,-1.6630029250069844,3341,12.216290212183436,5.22621492128679,0.2920568503002444,198273,4.542735700000776,0.38269679999211803,82400
dkasc_10,BWh,tcn,3,-0.5,2016-01-01 00:00:00,6885,1617,0.020185209810733795,0.013647837564349174,0.9947587847709656,0.04797886205849369,-1.797978050768323,-1.9075960625584143,-1.6564880969033196,3341,12.216290212183436,5.22621492128679,0.2900351039539726,198273,5.523081399995135,0.38752930000191554,82400
dkasc_10,BWh,tcn,4,-0.5,2016-01-01 00:00:00,6885,1617,0.020602406933903694,0.014155548065900803,0.9945399165153503,0.04897051106345597,-1.7123289210800974,-1.8712386437048658,-1.6167969935214965,3341,12.216290212183436,5.22621492128679,0.28943159758195114,198273,5.61001179998857,0.39343700000608806,82400
dkasc_10,BWh,patchtst,0,-0.5,2016-01-01 00:00:00,6885,1617,0.02670886553823948,0.018896887078881264,0.9908235669136047,0.06348514518370829,-1.8241513814130084,-1.9951007581459401,-1.694154809196069,3340,12.216290212183436,5.224845995893224,0.291875798388638,25857,15.703040599997621,1.1366733000031672,82400
dkasc_10,BWh,patchtst,1,-0.5,2016-01-01 00:00:00,6885,1617,0.026270652189850807,0.018360255286097527,0.9911221861839294,0.062443542049944956,-1.7781857255287545,-1.9602183485311306,-1.6232626268445807,3341,12.216290212183436,5.22621492128679,0.292006558102576,25857,30.564389599996503,1.4973733000078937,82400
dkasc_10,BWh,patchtst,2,-0.5,2016-01-01 00:00:00,6885,1617,0.027337856590747833,0.019059734418988228,0.9903862476348877,0.0649802138615814,-1.7710212609032454,-1.9586271184736437,-1.6075910265442694,3341,12.216290212183436,5.22621492128679,0.29210714249791286,25857,17.676657899995917,1.5581498999963515,82400
dkasc_10,BWh,patchtst,3,-0.5,2016-01-01 00:00:00,6885,1617,0.026692068204283714,0.01892220228910446,0.9908350706100464,0.06344521907065964,-1.8450474567372188,-1.9904943605932082,-1.696565414514828,3341,12.216290212183436,5.22621492128679,0.29199649966304225,25857,27.10165450000204,1.5365231000032509,82400
dkasc_10,BWh,patchtst,4,-0.5,2016-01-01 00:00:00,6885,1617,0.026551328599452972,0.01874449849128723,0.9909314513206482,0.06311069066349143,-1.8882293666569572,-2.042956763856618,-1.6915100274794357,3340,12.216290212183436,5.224845995893224,0.2918657399491043,25857,35.34125969999877,1.5478492000111146,82400
dkasc_10,BWh,informer,0,-0.5,2016-01-01 00:00:00,6885,1617,0.0213199220597744,0.014762857928872108,0.9941529631614685,0.0506759954043087,-1.767958168807855,-1.910006972603161,-1.6337296256634992,3341,12.216290212183436,5.22621492128679,0.29030668182138225,81537,15.251537899996038,0.7029700999992201,82400
dkasc_10,BWh,informer,1,-0.5,2016-01-01 00:00:00,6885,1617,0.02206079475581646,0.015490884892642498,0.9937395453453064,0.05243699909065156,-1.7832550805014946,-1.9028567006041164,-1.6212610255779445,3341,12.216290212183436,5.22621492128679,0.29176515555376736,81537,14.359451800002716,0.7234408999938751,82400
dkasc_10,BWh,informer,2,-0.5,2016-01-01 00:00:00,6885,1617,0.021112505346536636,0.014732424169778824,0.9942662119865417,0.05018298007445224,-1.772313560945099,-1.8889188832366415,-1.6205008062802446,3341,12.216290212183436,5.22621492128679,0.2920970840583792,81537,14.75577859999612,0.704163399990648,82400
dkasc_10,BWh,informer,3,-0.5,2016-01-01 00:00:00,6885,1617,0.024575920775532722,0.01743720844388008,0.9922306537628174,0.05841528148113359,-1.8131585430767094,-1.9553650321309235,-1.6458270955054302,3341,12.216290212183436,5.22621492128679,0.2919864412235086,81537,10.214236200001324,0.4402946000045631,82400
dkasc_10,BWh,informer,4,-0.5,2016-01-01 00:00:00,6885,1617,0.02257840894162655,0.015953876078128815,0.9934422969818115,0.05366733258004119,-1.7632890647313049,-1.909496680313281,-1.6223488498328886,3341,12.216290212183436,5.22621492128679,0.29130246733521764,81537,12.588608099991689,0.5783473000046797,82400
dkasc_10,BWh,xgboost,0,-1.0,2016-01-01 00:00:00,6885,1617,0.02034880220890045,0.013569260016083717,0.9945942163467407,0.04873406382890644,-2.0423062298945527,-2.1442981997248314,-1.9491557750664468,3341,12.216290212183436,5.22621492128679,0.291453343928223,783,2.2589460000017425,0.08729799999855459,82400
dkasc_10,BWh,xgboost,1,-1.0,2016-01-01 00:00:00,6885,1617,0.020255016162991524,0.013468040153384209,0.9946439266204834,0.048509452321031675,-2.0660350579243403,-2.196939008642196,-1.977108473988476,3341,12.216290212183436,5.22621492128679,0.2914332270491556,846,2.4453552999912063,0.09755399999266956,82400
dkasc_10,BWh,xgboost,2,-1.0,2016-01-01 00:00:00,6885,1617,0.02036331407725811,0.013585942797362804,0.9945864677429199,0.04876881881406765,-2.062176922330672,-2.1810956841236626,-1.953279270691925,3341,12.216290212183436,5.22621492128679,0.2914131101700882,891,2.6086337999877287,0.09887509999680333,82400
dkasc_10,BWh,xgboost,3,-1.0,2016-01-01 00:00:00,6885,1617,0.020311135798692703,0.013530070893466473,0.9946141839027405,0.04864385521513028,-2.070395291646393,-2.1758357317080463,-1.9785551676957835,3341,12.216290212183436,5.22621492128679,0.2915338114444925,770,2.0239474999980303,0.09211530000902712,82400
dkasc_10,BWh,xgboost,4,-1.0,2016-01-01 00:00:00,6885,1617,0.020359404385089874,0.013562620617449284,0.9945885539054871,0.048759455354453564,-2.0697936967848083,-2.1727421883700715,-1.9569006700305749,3341,12.216290212183436,5.22621492128679,0.29138293485148714,809,2.2524914000096032,0.08335060000536032,82400
dkasc_10,BWh,random_forest,0,-1.0,2016-01-01 00:00:00,6885,1617,0.020443502813577652,0.013422681018710136,0.9945437908172607,0.048960865645819085,-1.9382902567197497,-2.051321012540952,-1.8386874765816033,3341,12.216290212183436,5.22621492128679,0.2915036361258914,3428058,0.7630228999914834,0.2943336000025738,82400
dkasc_10,BWh,random_forest,1,-1.0,2016-01-01 00:00:00,6885,1617,0.020425505936145782,0.013373815454542637,0.9945533871650696,0.04891776428955832,-1.9328500195675336,-2.0890825890203946,-1.8165888483646753,3341,12.216290212183436,5.22621492128679,0.29151369456542514,3429814,0.7715008999948623,0.29933779999555554,82400
dkasc_10,BWh,random_forest,2,-1.0,2016-01-01 00:00:00,6885,1617,0.020373456180095673,0.013330359011888504,0.9945811033248901,0.04879310849372403,-1.9289405481399957,-2.0847914382073562,-1.7952727055105682,3341,12.216290212183436,5.22621492128679,0.2915036361258914,3428652,0.735635100005311,0.29345050000119954,82400
dkasc_10,BWh,random_forest,3,-1.0,2016-01-01 00:00:00,6885,1617,0.020442668348550797,0.013407991267740726,0.9945442080497742,0.04895886715610631,-1.9206161408652545,-2.041732489535637,-1.7907500619153471,3341,12.216290212183436,5.22621492128679,0.2915036361258914,3428194,0.786194100001012,0.2987698999932036,82400
dkasc_10,BWh,random_forest,4,-1.0,2016-01-01 00:00:00,6885,1617,0.020420202985405922,0.013426335528492928,0.994556188583374,0.048905064065870224,-1.9437763749017622,-2.0877437434448276,-1.834372836080783,3341,12.216290212183436,5.22621492128679,0.2915237530049588,3427784,0.7431666000047699,0.28915409999899566,82400
dkasc_10,BWh,lstm,0,-1.0,2016-01-01 00:00:00,6885,1617,0.022102555260062218,0.015465209260582924,0.9936222434043884,0.05293418884157544,-2.200368721049675,-2.351021657278529,-2.0447004977733054,3341,12.216290212183436,5.22621492128679,0.2923083112885867,13729,84.74333290000504,0.0856435000023339,82400
dkasc_10,BWh,lstm,1,-1.0,2016-01-01 00:00:00,6885,1617,0.021359266713261604,0.014836898073554039,0.9940440058708191,0.05115406089540904,-2.181930492186118,-2.302497822292759,-2.025166701761716,3341,12.216290212183436,5.22621492128679,0.2928212917048049,13729,84.01020309999876,0.11994370000320487,82400
dkasc_10,BWh,lstm,2,-1.0,2016-01-01 00:00:00,6885,1617,0.023828012868762016,0.016992934048175812,0.9925876259803772,0.057066548101506145,-2.177862443945008,-2.324334322076588,-2.032295347210705,3341,12.216290212183436,5.22621492128679,0.2926502982327322,13729,47.14468969999871,0.10895480000181124,82400
dkasc_10,BWh,lstm,3,-1.0,2016-01-01 00:00:00,6885,1617,0.021410396322607994,0.01506283599883318,0.9940154552459717,0.051276512999461836,-2.22201899271132,-2.3612803947971535,-2.1154382821884647,3341,12.216290212183436,5.22621492128679,0.29248936320019314,13729,74.58974339999259,0.11429549999593291,82400
dkasc_10,BWh,lstm,4,-1.0,2016-01-01 00:00:00,6885,1617,0.022319387644529343,0.01548871211707592,0.9934964776039124,0.05345348836379365,-2.1936150153171523,-2.3352628047836927,-2.0602210079173773,3341,12.216290212183436,5.22621492128679,0.2926201229141311,13729,74.79721620000782,0.11446379999688361,82400
dkasc_10,BWh,gru,0,-1.0,2016-01-01 00:00:00,6885,1617,0.02158835344016552,0.015019307844340801,0.9939155578613281,0.05170270877436908,-2.2126839391591586,-2.3286073793581608,-2.05580049003205,3341,12.216290212183436,5.22621492128679,0.2923686619257888,151809,67.03287880000426,0.24601909999910276,82400
dkasc_10,BWh,gru,1,-1.0,2016-01-01 00:00:00,6885,1617,0.02187769114971161,0.015358148142695427,0.9937513470649719,0.05239565385587178,-2.239826717523802,-2.3536623802340597,-2.086195305617189,3341,12.216290212183436,5.22621492128679,0.29280117482573753,151809,93.14531100000022,0.2566379999916535,82400
dkasc_10,BWh,gru,2,-1.0,2016-01-01 00:00:00,6885,1617,0.021561671048402786,0.015047882683575153,0.9939305782318115,0.051638806173620225,-2.2054980384696448,-2.3410622062464803,-2.054079022830596,3341,12.216290212183436,5.22621492128679,0.29287158390247336,151809,118.42039469999145,0.270000100004836,82400
dkasc_10,BWh,gru,3,-1.0,2016-01-01 00:00:00,6885,1617,0.021733049303293228,0.015068896114826202,0.9938337206840515,0.052049245998381226,-2.2247278291166683,-2.347415110284723,-2.09062686904391,3341,12.216290212183436,5.22621492128679,0.29280117482573753,151809,86.38097779999953,0.2521759000082966,82400
dkasc_10,BWh,gru,4,-1.0,2016-01-01 00:00:00,6885,1617,0.02200351469218731,0.015320279635488987,0.9936792850494385,0.05269699309379055,-2.236733554854786,-2.33736785418312,-2.076988261187551,3341,12.216290212183436,5.22621492128679,0.29274082418853536,151809,117.89622949999466,0.2565744000021368,82400
dkasc_10,BWh,tcn,0,-1.0,2016-01-01 00:00:00,6885,1617,0.02042277157306671,0.014071198180317879,0.9945548176765442,0.04891121566701735,-2.178466064574219,-2.3202241309556375,-2.0284030887590565,3341,12.216290212183436,5.22621492128679,0.29051790905158975,198273,18.735351499999524,0.38846919999923557,82400
dkasc_10,BWh,tcn,1,-1.0,2016-01-01 00:00:00,6885,1617,0.020749898627400398,0.014265577308833599,0.9943789839744568,0.049694663782655676,-2.186798347303072,-2.3099435754527664,-2.054047653401103,3341,12.216290212183436,5.22621492128679,0.2904575584143876,198273,20.050224899998284,0.32533380000677425,82400
dkasc_10,BWh,tcn,2,-1.0,2016-01-01 00:00:00,6885,1617,0.021765142679214478,0.015415099449455738,0.9938154816627502,0.052126107555861355,-2.2293446176993745,-2.358265717106751,-2.0807722026107003,3341,12.216290212183436,5.22621492128679,0.29274082418853536,198273,8.487974000003305,0.40132390000508167,82400
dkasc_10,BWh,tcn,3,-1.0,2016-01-01 00:00:00,6885,1617,0.020898884162306786,0.014204269275069237,0.994297981262207,0.050051474492847546,-2.2628303642441834,-2.4010191813082784,-2.119204337942293,3341,12.216290212183436,5.22621492128679,0.29270059043040064,198273,10.37776550000126,0.39234430000942666,82400
dkasc_10,BWh,tcn,4,-1.0,2016-01-01 00:00:00,6885,1617,0.021434109658002853,0.015090717934072018,0.9940021634101868,0.051333304902438016,-2.1711218951267597,-2.28279369846378,-2.0576907623153335,3341,12.216290212183436,5.22621492128679,0.2928816423420071,198273,12.163776100001996,0.4041416999971261,82400
dkasc_10,BWh,patchtst,0,-1.0,2016-01-01 00:00:00,6885,1617,0.027207009494304657,0.019447913393378258,0.9903362989425659,0.06515902625016237,-2.2903626107086406,-2.4500520357375266,-2.121644781555143,3340,12.216290212183436,5.224845995893224,0.29266035667226586,25857,24.539499299993622,1.1555386000109138,82400
dkasc_10,BWh,patchtst,1,-1.0,2016-01-01 00:00:00,6885,1617,0.02760823257267475,0.019679035991430283,0.9900491833686829,0.06611992954610016,-2.269102363934705,-2.4597632285303965,-2.106851622144279,3341,12.216290212183436,5.22621492128679,0.2928212917048049,25857,32.00611210000352,1.6385226000129478,82400
dkasc_10,BWh,patchtst,2,-1.0,2016-01-01 00:00:00,6885,1617,0.027873435989022255,0.0197017602622509,0.9898570775985718,0.06675507455794122,-2.222018330390429,-2.4070581850321195,-2.0324377766824133,3341,12.216290212183436,5.22621492128679,0.29289170078154075,25857,22.215423799993005,1.4507260999962455,82400
dkasc_10,BWh,patchtst,3,-1.0,2016-01-01 00:00:00,6885,1617,0.02704830840229988,0.019369367510080338,0.9904487133026123,0.06477894740974321,-2.290758527554739,-2.44169750389447,-2.0893739698782943,3341,12.216290212183436,5.22621492128679,0.29279111638620386,25857,31.613563400009298,1.2777258999994956,82400
dkasc_10,BWh,patchtst,4,-1.0,2016-01-01 00:00:00,6885,1617,0.02698267623782158,0.019217602908611298,0.990494966506958,0.06462176262510189,-2.308464422914472,-2.4273437683869137,-2.127432488446901,3341,12.216290212183436,5.22621492128679,0.29268047355133325,25857,41.09067370000412,1.5953544000076363,82400
dkasc_10,BWh,informer,0,-1.0,2016-01-01 00:00:00,6885,1617,0.022024905309081078,0.015510758385062218,0.9936670064926147,0.052748222236338536,-2.2080949998957946,-2.3080591130107044,-2.0484430027861267,3341,12.216290212183436,5.22621492128679,0.2909705388306058,81537,25.156254700006684,0.8921986999921501,82400
dkasc_10,BWh,informer,1,-1.0,2016-01-01 00:00:00,6885,1617,0.023017626255750656,0.016403215005993843,0.9930832386016846,0.05512572463095746,-2.1861452348841035,-2.3517827018189665,-2.0305743016557285,3341,12.216290212183436,5.22621492128679,0.2922680775304519,81537,17.999402199988253,0.811834899999667,82400
dkasc_10,BWh,informer,2,-1.0,2016-01-01 00:00:00,6885,1617,0.021617654711008072,0.015487638302147388,0.9938990473747253,0.051772883420957594,-2.207006269827394,-2.3251390373904806,-2.0687737582747614,3341,12.216290212183436,5.22621492128679,0.2928414085838723,81537,27.874435000005178,0.822089599998435,82400
dkasc_10,BWh,informer,3,-1.0,2016-01-01 00:00:00,6885,1617,0.024934295564889908,0.017784791067242622,0.9918833374977112,0.05971602353364386,-2.2272173107499182,-2.4290864489057102,-2.0962889610894764,3341,12.216290212183436,5.22621492128679,0.29278105794667014,81537,12.441577100005816,0.8487844000046607,82400
dkasc_10,BWh,informer,4,-1.0,2016-01-01 00:00:00,6885,1617,0.023219894617795944,0.016595914959907532,0.9929611086845398,0.05561014426240741,-2.184974499124542,-2.336217987859124,-2.0441639251252752,3341,12.216290212183436,5.22621492128679,0.291875798388638,81537,14.853737400000682,0.8197938000084832,82400
dkasc_10,BWh,xgboost,0,-2.0,2016-01-01 00:00:00,6885,1617,0.022135639563202858,0.015238302759826183,0.993411123752594,0.05382886838673881,-2.9626407860711863,-3.072336810292425,-2.855183187449828,3341,12.216290212183436,5.22621492128679,0.2923083112885867,745,1.8979045000014594,0.0716110000066692,82400
dkasc_10,BWh,xgboost,1,-2.0,2016-01-01 00:00:00,6885,1617,0.022028237581253052,0.015145046636462212,0.9934749007225037,0.05356769106071921,-2.983109953204091,-3.1008275034792865,-2.8833463649645377,3341,12.216290212183436,5.22621492128679,0.29223790221185086,779,1.9103737999976147,0.08194889999867883,82400
dkasc_10,BWh,xgboost,2,-2.0,2016-01-01 00:00:00,6885,1617,0.022212384268641472,0.01533608790487051,0.9933653473854065,0.05401549415088892,-2.9793979701685567,-3.111743328817467,-2.8693674000970653,3341,12.216290212183436,5.22621492128679,0.2922177853327835,801,1.9710155000066152,0.08527470000262838,82400
dkasc_10,BWh,xgboost,3,-2.0,2016-01-01 00:00:00,6885,1617,0.022149870172142982,0.015224847942590714,0.9934026598930359,0.053863474008750044,-2.99666966090113,-3.1008019571113987,-2.921176936855241,3341,12.216290212183436,5.22621492128679,0.2926402397931985,599,1.581207600000198,0.07173160000820644,82400
dkasc_10,BWh,xgboost,4,-2.0,2016-01-01 00:00:00,6885,1617,0.022197702899575233,0.015261774882674217,0.9933741092681885,0.053979792382211886,-3.003966729761779,-3.0887251156294147,-2.9141500568350676,3341,12.216290212183436,5.22621492128679,0.2924189541234573,625,1.5927162999869324,0.06946900000912137,82400
dkasc_10,BWh,random_forest,0,-2.0,2016-01-01 00:00:00,6885,1617,0.022202927619218826,0.015061644837260246,0.9933710098266602,0.053992497718565485,-2.9031840434324607,-3.0198646805310716,-2.754621848331068,3341,12.216290212183436,5.22621492128679,0.2923284281676541,3421816,0.7269949000037741,0.2745928999938769,82400
dkasc_10,BWh,random_forest,1,-2.0,2016-01-01 00:00:00,6885,1617,0.022178176790475845,0.015017123892903328,0.9933857917785645,0.053932309301643326,-2.913865015008732,-3.0288555389430125,-2.7262858294479733,3341,12.216290212183436,5.22621492128679,0.29235860348625514,3424188,1.1288314999983413,0.962902999992366,82400
dkasc_10,BWh,random_forest,2,-2.0,2016-01-01 00:00:00,6885,1617,0.0221963319927454,0.01499237958341837,0.9933749437332153,0.053976458646897714,-2.9047224040262773,-3.0452934435297414,-2.7453367400648148,3341,12.216290212183436,5.22621492128679,0.29235860348625514,3425514,2.7863567999884253,0.9100674999936018,82400
dkasc_10,BWh,random_forest,3,-2.0,2016-01-01 00:00:00,6885,1617,0.0222302433103323,0.015058748424053192,0.9933546781539917,0.05405892330060668,-2.8858996855643237,-3.029829626816159,-2.7463207402420546,3341,12.216290212183436,5.22621492128679,0.2923284281676541,3421882,0.7263982000004034,0.2731861000065692,82400
dkasc_10,BWh,random_forest,4,-2.0,2016-01-01 00:00:00,6885,1617,0.022251302376389503,0.015030335634946823,0.9933421015739441,0.0541101341857453,-2.904051721912042,-3.0199154965896904,-2.7494083263272686,3341,12.216290212183436,5.22621492128679,0.2923284281676541,3423114,0.728723699998227,0.28225810000731144,82400
dkasc_10,BWh,lstm,0,-2.0,2016-01-01 00:00:00,6885,1617,0.02361835353076458,0.01683993823826313,0.9924988746643066,0.057434493369345405,-3.069918446198241,-3.2057206019215023,-2.954995228682822,3341,12.216290212183436,5.22621492128679,0.29279111638620386,13729,74.02384579999489,0.1045105999946827,82400
dkasc_10,BWh,lstm,1,-2.0,2016-01-01 00:00:00,6885,1617,0.02295735664665699,0.016438649967312813,0.9929128289222717,0.05582709846317701,-3.0462996532769795,-3.1800803267022664,-2.9315645582145673,3341,12.216290212183436,5.22621492128679,0.29369637594423603,13729,78.91112229999271,0.11516020000271965,82400
dkasc_10,BWh,lstm,2,-2.0,2016-01-01 00:00:00,6885,1617,0.025380931794643402,0.018497535958886147,0.9913374781608582,0.06172068501593236,-3.0501870624605463,-3.2111182169508314,-2.9218637366026514,3341,12.216290212183436,5.22621492128679,0.29346503183496114,13729,61.3209327999939,0.11954970000078902,82400
dkasc_10,BWh,lstm,3,-2.0,2016-01-01 00:00:00,6885,1617,0.023714013397693634,0.017099659889936447,0.9924379587173462,0.05766711652767406,-3.055822704100585,-3.1881752588487355,-2.9377767851990253,3341,12.216290212183436,5.22621492128679,0.29371649282330337,13729,70.81290869999793,0.11368779999611434,82400
dkasc_10,BWh,lstm,4,-2.0,2016-01-01 00:00:00,6885,1617,0.024087121710181236,0.017198076471686363,0.9921981692314148,0.05857443154739818,-3.085042119569492,-3.226983162003001,-2.9302474888762142,3341,12.216290212183436,5.22621492128679,0.29335438900009053,13729,101.22504109999863,0.11108020000392571,82400
dkasc_10,BWh,gru,0,-2.0,2016-01-01 00:00:00,6885,1617,0.02482064813375473,0.017895866185426712,0.9917157292366028,0.060358201887531944,-3.0663947406124326,-3.206545340296812,-2.955118687401327,3341,12.216290212183436,5.22621492128679,0.29350526559309587,151809,46.22973599999386,0.25860719999764115,82400
dkasc_10,BWh,gru,1,-2.0,2016-01-01 00:00:00,6885,1617,0.023561788722872734,0.017000142484903336,0.9925347566604614,0.05729694055138243,-3.1292493408058553,-3.2173015168931007,-2.9887638727186947,3341,12.216290212183436,5.22621492128679,0.2936662006256349,151809,81.4360549999983,0.2750151999935042,82400
dkasc_10,BWh,gru,2,-2.0,2016-01-01 00:00:00,6885,1617,0.02451007254421711,0.01771659031510353,0.9919217228889465,0.059602952305263475,-3.0856296003408445,-3.21879814857971,-2.9477698634867378,3341,12.216290212183436,5.22621492128679,0.29350526559309587,151809,66.5074450999964,0.3120896000036737,82400
dkasc_10,BWh,gru,3,-2.0,2016-01-01 00:00:00,6885,1617,0.024840766564011574,0.01787610538303852,0.9917023181915283,0.060407125359173745,-3.0461797969340507,-3.1535844343352277,-2.935800227335116,3341,12.216290212183436,5.22621492128679,0.29365614218610125,151809,61.26741200000106,0.35879990000103135,82400
dkasc_10,BWh,gru,4,-2.0,2016-01-01 00:00:00,6885,1617,0.0237564817070961,0.01714564487338066,0.9924108386039734,0.05777038984990654,-3.121803659939669,-3.254080124769722,-2.9857253145953635,3341,12.216290212183436,5.22621492128679,0.2935857331093654,151809,78.13771059999999,0.2771735000133049,82400
dkasc_10,BWh,tcn,0,-2.0,2016-01-01 00:00:00,6885,1617,0.02290135994553566,0.016435006633400917,0.9929473996162415,0.055690927152375475,-3.0884954851209567,-3.204890417627426,-2.971283143762006,3341,12.216290212183436,5.22621492128679,0.2906788440841288,198273,7.72270369999751,0.40145200000551995,82400
dkasc_10,BWh,tcn,1,-2.0,2016-01-01 00:00:00,6885,1617,0.022382238879799843,0.016003763303160667,0.9932634830474854,0.05442854214450206,-3.0706016809143533,-3.204321643957564,-2.9712951079322796,3341,12.216290212183436,5.22621492128679,0.293535440911697,198273,10.695593999989796,0.3809822000039276,82400
dkasc_10,BWh,tcn,2,-2.0,2016-01-01 00:00:00,6885,1617,0.023637088015675545,0.017109476029872894,0.9924869537353516,0.05748005139895129,-3.0890170500692173,-3.207266751419946,-2.9517317252494513,3341,12.216290212183436,5.22621492128679,0.2934549733954274,198273,4.828764799996861,0.41251460000057705,82400
dkasc_10,BWh,tcn,3,-2.0,2016-01-01 00:00:00,6885,1617,0.022832384333014488,0.016147824004292488,0.9929897785186768,0.05552319406484956,-3.1167066281124587,-3.259982010790544,-2.967919296699717,3341,12.216290212183436,5.22621492128679,0.2915338114444925,198273,6.960424199991394,0.41230219999852125,82400
dkasc_10,BWh,tcn,4,-2.0,2016-01-01 00:00:00,6885,1617,0.022084936499595642,0.01586170680820942,0.9934412837028503,0.05370557000496292,-3.031280351910315,-3.170783199033847,-2.9135483146465964,3341,12.216290212183436,5.22621492128679,0.2935756746698317,198273,10.661655599993537,0.3828748999949312,82400
dkasc_10,BWh,patchtst,0,-2.0,2016-01-01 00:00:00,6885,1617,0.028731519356369972,0.021084187552332878,0.9888994097709656,0.06986855607081897,-3.182005098557977,-3.350314868325172,-2.9978084628298505,3341,12.216290212183436,5.22621492128679,0.29352538247216325,25857,16.455369899995276,1.171126600005664,82400
dkasc_10,BWh,patchtst,1,-2.0,2016-01-01 00:00:00,6885,1617,0.0299775842577219,0.0220520980656147,0.9879156947135925,0.07289870405388012,-3.1471921266056775,-3.2812080234260077,-2.9630695732195096,3341,12.216290212183436,5.22621492128679,0.29369637594423603,25857,20.30788659999962,1.878711099998327,82400
dkasc_10,BWh,patchtst,2,-2.0,2016-01-01 00:00:00,6885,1617,0.029039684683084488,0.021220842376351357,0.9886600375175476,0.07061794443909758,-3.112018862163335,-3.26106886488713,-2.9496175991337474,3341,12.216290212183436,5.22621492128679,0.2937466681419045,25857,21.999804000006407,1.9508182999998098,82400
dkasc_10,BWh,patchtst,3,-2.0,2016-01-01 00:00:00,6885,1617,0.028383851051330566,0.02089339680969715,0.9891664385795593,0.06902310539473745,-3.172257275966972,-3.3138754938585873,-3.0133221451806134,3341,12.216290212183436,5.22621492128679,0.29365614218610125,25857,34.261413199987146,2.0827010000066366,82400
dkasc_10,BWh,patchtst,4,-2.0,2016-01-01 00:00:00,6885,1617,0.02786065824329853,0.020218264311552048,0.9895621538162231,0.06775081883061841,-3.178226918154232,-3.294628821865919,-3.0318749835956758,3341,12.216290212183436,5.22621492128679,0.2936058499884328,25857,47.423075300001074,2.12342040000658,82400
dkasc_10,BWh,informer,0,-2.0,2016-01-01 00:00:00,6885,1617,0.023692524060606956,0.017212044447660446,0.9924516677856445,0.057614859320718095,-3.1238938053292866,-3.2438430629679162,-2.976523611640547,3341,12.216290212183436,5.22621492128679,0.2918657399491043,81537,19.54350169999816,0.886965900004725,82400
dkasc_10,BWh,informer,1,-2.0,2016-01-01 00:00:00,6885,1617,0.024173002690076828,0.017472732812166214,0.9921424388885498,0.058783274664423305,-3.0734623155380403,-3.1884076934369348,-2.974853731357157,3341,12.216290212183436,5.22621492128679,0.2933242136814895,81537,18.01410689999466,0.8876457000005757,82400
dkasc_10,BWh,informer,2,-2.0,2016-01-01 00:00:00,6885,1617,0.023415913805365562,0.017174353823065758,0.9926269054412842,0.05694220574857722,-3.0646012638323894,-3.1985517424494123,-2.9515520382536136,3341,12.216290212183436,5.22621492128679,0.2937466681419045,81537,18.43109579999873,0.7739960000035353,82400
dkasc_10,BWh,informer,3,-2.0,2016-01-01 00:00:00,6885,1617,0.02596626989543438,0.019265789538621902,0.990933358669281,0.06314409487491825,-3.1638455310586897,-3.2867087102755432,-3.005119775641041,3341,12.216290212183436,5.22621492128679,0.291453343928223,81537,13.446556000009878,0.6796304999879794,82400
dkasc_10,BWh,informer,4,-2.0,2016-01-01 00:00:00,6885,1617,0.024341536685824394,0.017646584659814835,0.9920324683189392,0.05919311122007755,-3.078114177099997,-3.200111851146074,-2.9537967077733795,3341,12.216290212183436,5.22621492128679,0.2925396553978616,81537,14.296320199995534,0.6710414999979548,82400
dkasc_11,BWh,xgboost,0,0.0,2016-01-01 00:00:00,6845,1608,0.017313746735453606,0.011147226206958294,0.9959964752197266,0.04140911726572195,-1.2020896520783693,-1.3214710942803465,-1.0947763801789079,3385,12.216290212183436,5.275496235455167,0.3021663257934206,905,2.571508199995151,0.09367060000658967,81369
dkasc_11,BWh,xgboost,1,0.0,2016-01-01 00:00:00,6845,1608,0.017212428152561188,0.011034647934138775,0.9960431456565857,0.04116679461053388,-1.2148153192114264,-1.34947941486165,-1.0838290641715598,3385,12.216290212183436,5.275496235455167,0.3021968517557516,851,2.3038140999997267,0.08769010000105482,81369
dkasc_11,BWh,xgboost,2,0.0,2016-01-01 00:00:00,6845,1608,0.01725044660270214,0.011050119064748287,0.9960256814956665,0.04125772296268102,-1.2065964151200759,-1.3263273684601007,-1.1009036448914822,3385,12.216290212183436,5.275496235455167,0.30217650111419764,1110,3.2888824000110617,0.11122650001198053,81369
dkasc_11,BWh,xgboost,3,0.0,2016-01-01 00:00:00,6845,1608,0.017222490161657333,0.01104686502367258,0.996038556098938,0.04119085981842663,-1.1940774088078698,-1.3197914108837887,-1.1048172214755294,3385,12.216290212183436,5.275496235455167,0.3022172023973056,912,3.1961600000067847,0.09336559999792371,81369
dkasc_11,BWh,xgboost,4,0.0,2016-01-01 00:00:00,6845,1608,0.017096316441893578,0.010999701917171478,0.9960963726043701,0.04088909137758124,-1.191320185961997,-1.3066953935019665,-1.0683042421982147,3385,12.216290212183436,5.275496235455167,0.3021663257934206,1349,4.244424999997136,0.14637339999899268,81369
dkasc_11,BWh,random_forest,0,0.0,2016-01-01 00:00:00,6845,1608,0.017442427575588226,0.011255794204771519,0.9959366917610168,0.041716881961625395,-1.0886467053893512,-1.2100944140028158,-0.9382767087200761,3385,12.216290212183436,5.275496235455167,0.30212562451031266,3418086,0.8385608000098728,0.2904478999989806,81369
dkasc_11,BWh,random_forest,1,0.0,2016-01-01 00:00:00,6845,1608,0.017448022961616516,0.011302475817501545,0.9959341287612915,0.04173026439119033,-1.075194398829693,-1.1878247260064811,-0.9678089518044941,3385,12.216290212183436,5.275496235455167,0.3021154491895357,3418002,0.7443979000090621,0.2911008000082802,81369
dkasc_11,BWh,random_forest,2,0.0,2016-01-01 00:00:00,6845,1608,0.017372271046042442,0.011266575194895267,0.9959693551063538,0.04154908928201038,-1.070252759452616,-1.2099108422318094,-0.9685202202218135,3385,12.216290212183436,5.275496235455167,0.30212562451031266,3417384,0.8229433999949833,0.2993391999916639,81369
dkasc_11,BWh,random_forest,3,0.0,2016-01-01 00:00:00,6845,1608,0.017428062856197357,0.011259486898779869,0.9959434270858765,0.04168252600396733,-1.0674860721743729,-1.1930234895076473,-0.9465185339504578,3385,12.216290212183436,5.275496235455167,0.3021154491895357,3418074,0.7646589999931166,0.40475770000193734,81369
dkasc_11,BWh,random_forest,4,0.0,2016-01-01 00:00:00,6845,1608,0.0173510629683733,0.011209465563297272,0.9959791898727417,0.04149836613186843,-1.08954655067175,-1.2087214787391882,-0.9755784072124407,3385,12.216290212183436,5.275496235455167,0.3021154491895357,3417134,0.7560559999983525,0.3808327000006102,81369
dkasc_11,BWh,lstm,0,0.0,2016-01-01 00:00:00,6845,1608,0.01843203790485859,0.012744360603392124,0.9954625964164734,0.044083723223558205,-1.3526855214959888,-1.5043443116750543,-1.1983629777864158,3385,12.216290212183436,5.275496235455167,0.3022680790011905,13729,63.96545329999935,0.11461140000028536,81369
dkasc_11,BWh,lstm,1,0.0,2016-01-01 00:00:00,6845,1608,0.018890362232923508,0.013091746717691422,0.9952341318130493,0.04517989299758582,-1.3216949875249335,-1.4442523484000325,-1.176152255013918,3385,12.216290212183436,5.275496235455167,0.3022884296427445,13729,75.06305219999922,0.10343339999963064,81369
dkasc_11,BWh,lstm,2,0.0,2016-01-01 00:00:00,6845,1608,0.020009910687804222,0.014099624007940292,0.9946524500846863,0.04785750599269116,-1.3439955972361028,-1.4799416936629894,-1.1856194587821833,3385,12.216290212183436,5.275496235455167,0.30229860496352146,13729,72.19601479999255,0.10692570000537671,81369
dkasc_11,BWh,lstm,3,0.0,2016-01-01 00:00:00,6845,1608,0.019184518605470657,0.01347743347287178,0.9950845241546631,0.04588342389193127,-1.3249785138402914,-1.470807480329628,-1.1755418134512545,3385,12.216290212183436,5.275496235455167,0.3022782543219675,13729,74.93143370001053,0.10035509998851921,81369
dkasc_11,BWh,lstm,4,0.0,2016-01-01 00:00:00,6845,1608,0.020075831562280655,0.014100689440965652,0.9946171641349792,0.04801516829786188,-1.3061926606120822,-1.4580740108839363,-1.1847791805688512,3385,12.216290212183436,5.275496235455167,0.30229860496352146,13729,63.562778999999864,0.10972429999674205,81369
dkasc_11,BWh,gru,0,0.0,2016-01-01 00:00:00,6845,1608,0.01925264298915863,0.013598506338894367,0.9950495362281799,0.046046356308345436,-1.3125525497344137,-1.4535977103226183,-1.192560378108926,3385,12.216290212183436,5.275496235455167,0.3022884296427445,151809,57.30252189999737,0.24103390000527725,81369
dkasc_11,BWh,gru,1,0.0,2016-01-01 00:00:00,6845,1608,0.019382275640964508,0.01372115034610033,0.9949826598167419,0.046356397442833326,-1.387159549851369,-1.4907976031303338,-1.2346894576219847,3385,12.216290212183436,5.275496235455167,0.3022884296427445,151809,58.154173599992646,0.20611389999976382,81369
dkasc_11,BWh,gru,2,0.0,2016-01-01 00:00:00,6845,1608,0.018501581624150276,0.012880364432930946,0.9954282641410828,0.04425005025093392,-1.3646290409959128,-1.4837470716462202,-1.2542222590940957,3385,12.216290212183436,5.275496235455167,0.3020442219440968,151809,81.21609220000391,0.24069109999982174,81369
dkasc_11,BWh,gru,3,0.0,2016-01-01 00:00:00,6845,1608,0.018468352034687996,0.012758136726915836,0.995444655418396,0.044170575369629476,-1.3205126574746706,-1.4652112100660502,-1.202759641630624,3385,12.216290212183436,5.275496235455167,0.3022375530388596,151809,83.30533049999212,0.324886600006721,81369
dkasc_11,BWh,gru,4,0.0,2016-01-01 00:00:00,6845,1608,0.01940418966114521,0.013600179925560951,0.9949713349342346,0.046408808988715994,-1.3893651085314485,-1.5105333874397608,-1.2353232436011274,3385,12.216290212183436,5.275496235455167,0.30222737771808256,151809,70.69075979999616,0.3208808999916073,81369
dkasc_11,BWh,tcn,0,0.0,2016-01-01 00:00:00,6845,1608,0.0178995318710804,0.012457621283829212,0.9957209825515747,0.04281013379578448,-1.2544929532542615,-1.3611034595927052,-1.1211641141525175,3385,12.216290212183436,5.275496235455167,0.3018203648870031,198273,6.3705957000056515,0.438622799993027,81369
dkasc_11,BWh,tcn,1,0.0,2016-01-01 00:00:00,6845,1608,0.017978113144636154,0.012370617128908634,0.9956833124160767,0.042998075852537385,-1.2231661198223498,-1.3782722192072216,-1.1016778597070893,3385,12.216290212183436,5.275496235455167,0.3022884296427445,198273,9.211704299988924,0.4363733000063803,81369
dkasc_11,BWh,tcn,2,0.0,2016-01-01 00:00:00,6845,1608,0.01730055920779705,0.01187562383711338,0.9960025548934937,0.04137757678592176,-1.2523555468198722,-1.3895819027547662,-1.1290216482340854,3385,12.216290212183436,5.275496235455167,0.3016982610376792,198273,11.027636900005746,0.32539540001016576,81369
dkasc_11,BWh,tcn,3,0.0,2016-01-01 00:00:00,6845,1608,0.017640843987464905,0.01215771771967411,0.995843768119812,0.04219143253651746,-1.2510785781069733,-1.3828536863442042,-1.1394495934113997,3384,12.216290212183436,5.274127310061601,0.30198317001943487,198273,7.267838500003563,0.3606026000052225,81369
dkasc_11,BWh,tcn,4,0.0,2016-01-01 00:00:00,6845,1608,0.018286850303411484,0.012814752757549286,0.9955337643623352,0.043736479469464185,-1.2505876063163113,-1.3836425757993265,-1.1298426134991102,3385,12.216290212183436,5.275496235455167,0.3022680790011905,198273,4.7178608999965945,0.43470739999611396,81369
dkasc_11,BWh,patchtst,0,0.0,2016-01-01 00:00:00,6845,1608,0.020871615037322044,0.0151602141559124,0.9941819906234741,0.0499184357846523,-1.3081083263485818,-1.431176365307557,-1.186097464479254,3384,12.216290212183436,5.274127310061601,0.30212562451031266,25857,23.019187600002624,1.1456962000083877,81369
dkasc_11,BWh,patchtst,1,0.0,2016-01-01 00:00:00,6845,1608,0.02098158746957779,0.015053601004183292,0.9941205382347107,0.050181455765991735,-1.3488346650842087,-1.4728380821730447,-1.2072307054567124,3385,12.216290212183436,5.275496235455167,0.3022884296427445,25857,27.222410000002128,1.5161088999884669,81369
dkasc_11,BWh,patchtst,2,0.0,2016-01-01 00:00:00,6845,1608,0.02068466879427433,0.015032101422548294,0.9942857623100281,0.04947131829939435,-1.342459299149823,-1.4767841601038834,-1.217661201433654,3385,12.216290212183436,5.275496235455167,0.30229860496352146,25857,29.44249870000931,1.4783022999909008,81369
dkasc_11,BWh,patchtst,3,0.0,2016-01-01 00:00:00,6845,1608,0.02231001853942871,0.016159936785697937,0.9933524131774902,0.053358651250678034,-1.4108782369701367,-1.5447051351786478,-1.2285583232415354,3385,12.216290212183436,5.275496235455167,0.3022172023973056,25857,17.019197999994503,1.4775051000033272,81369
dkasc_11,BWh,patchtst,4,0.0,2016-01-01 00:00:00,6845,1608,0.020470106974244118,0.014689086936414242,0.9944036602973938,0.04895815291109719,-1.357427821888069,-1.5023747868387771,-1.1862951644789288,3384,12.216290212183436,5.274127310061601,0.30207474790642774,25857,34.054252000001725,1.4927376999985427,81369
dkasc_11,BWh,informer,0,0.0,2016-01-01 00:00:00,6845,1608,0.02020185813307762,0.014179544523358345,0.9945493936538696,0.04831658480397503,-1.3076195496206824,-1.4470101516094143,-1.1965172155728425,3385,12.216290212183436,5.275496235455167,0.3022782543219675,81537,9.764950899989344,0.6846800000057556,81369
dkasc_11,BWh,informer,1,0.0,2016-01-01 00:00:00,6845,1608,0.01927325688302517,0.013379429467022419,0.9950389266014099,0.04609565835494836,-1.2364369545230944,-1.3841521355452913,-1.129616374873632,3385,12.216290212183436,5.275496235455167,0.30208492322720476,81537,17.729234999991604,0.6797118999966187,81369
dkasc_11,BWh,informer,2,0.0,2016-01-01 00:00:00,6845,1608,0.019219547510147095,0.013605347834527493,0.9950665831565857,0.04596720217768303,-1.273628823003048,-1.435074824052537,-1.1198623550398021,3385,12.216290212183436,5.275496235455167,0.30229860496352146,81537,12.742471600009594,0.5726846999896225,81369
dkasc_11,BWh,informer,3,0.0,2016-01-01 00:00:00,6845,1608,0.01916162483394146,0.013336628675460815,0.9950962662696838,0.04582866908441373,-1.33554178424391,-1.4648154924947088,-1.2223083739622331,3385,12.216290212183436,5.275496235455167,0.30229860496352146,81537,16.552229099994292,0.5685261000035098,81369
dkasc_11,BWh,informer,4,0.0,2016-01-01 00:00:00,6845,1608,0.019806522876024246,0.014020023867487907,0.9947606325149536,0.04737106536969363,-1.2382100553979591,-1.3897421489359552,-1.0953927758411257,3385,12.216290212183436,5.275496235455167,0.30229860496352146,81537,14.825996300001862,0.5585078000003705,81369
dkasc_11,BWh,xgboost,0,-0.25,2016-01-01 00:00:00,6845,1608,0.01750895194709301,0.011337161995470524,0.9958751201629639,0.04203303640629424,-1.4004037583106643,-1.5208427376268707,-1.2866358694423332,3385,12.216290212183436,5.275496235455167,0.30264456586993904,1213,3.292778899995028,0.11372140000457875,81369
dkasc_11,BWh,xgboost,1,-0.25,2016-01-01 00:00:00,6845,1608,0.017380379140377045,0.01121931616216898,0.9959354996681213,0.041724376842781706,-1.4113853399896792,-1.511924698235101,-1.2974286141642493,3385,12.216290212183436,5.275496235455167,0.302664916511493,1094,3.0946672999998555,0.10402080000494607,81369
dkasc_11,BWh,xgboost,2,-0.25,2016-01-01 00:00:00,6845,1608,0.01746116764843464,0.011257553473114967,0.995897650718689,0.04191832256327121,-1.4038719401735067,-1.5356294058695097,-1.3032789156957492,3385,12.216290212183436,5.275496235455167,0.3026343905491621,1134,3.0639898000081303,0.10999630000151228,81369
dkasc_11,BWh,xgboost,3,-0.25,2016-01-01 00:00:00,6845,1608,0.017444061115384102,0.0112492386251688,0.9959056377410889,0.04187725559771716,-1.4205514691900234,-1.5488079115929527,-1.331064093040557,3385,12.216290212183436,5.275496235455167,0.302664916511493,960,2.695128300008946,0.09627250001358334,81369
dkasc_11,BWh,xgboost,4,-0.25,2016-01-01 00:00:00,6845,1608,0.017362874001264572,0.01121552474796772,0.9959436655044556,0.04168235295969406,-1.3994136156635981,-1.5080102653999279,-1.2781421159749573,3385,12.216290212183436,5.275496235455167,0.302685267153047,1198,3.410296500005643,0.13554660000954755,81369
dkasc_11,BWh,random_forest,0,-0.25,2016-01-01 00:00:00,6845,1608,0.01761636696755886,0.01147975493222475,0.99582439661026,0.042290903323712645,-1.2981399748718592,-1.4349368691583675,-1.1607862317435824,3385,12.216290212183436,5.275496235455167,0.3026038645868311,3416414,0.7430676000076346,0.26892339999903925,81369
dkasc_11,BWh,random_forest,1,-0.25,2016-01-01 00:00:00,6845,1608,0.01760951802134514,0.011493374593555927,0.9958276152610779,0.04227446133412834,-1.3245954254566428,-1.4355358505764637,-1.1789990071892742,3385,12.216290212183436,5.275496235455167,0.3026038645868311,3416404,0.7558791000046767,0.2860554999933811,81369
dkasc_11,BWh,random_forest,2,-0.25,2016-01-01 00:00:00,6845,1608,0.017633287236094475,0.011462835595011711,0.9958163499832153,0.04233152313154071,-1.3005431122898203,-1.4403771748730905,-1.201580823878079,3385,12.216290212183436,5.275496235455167,0.3026038645868311,3417698,0.741820999988704,0.2692014000058407,81369
dkasc_11,BWh,random_forest,3,-0.25,2016-01-01 00:00:00,6845,1608,0.01758471317589283,0.011466234922409058,0.9958393573760986,0.042214913339759526,-1.307594873585849,-1.4338354151336354,-1.1927991484412703,3385,12.216290212183436,5.275496235455167,0.3026038645868311,3416732,0.7018080999987433,0.2664208000060171,81369
dkasc_11,BWh,random_forest,4,-0.25,2016-01-01 00:00:00,6845,1608,0.017542539164423943,0.011417752131819725,0.9958593249320984,0.04211366788744303,-1.3199533741144798,-1.435895378858465,-1.1871818243339494,3385,12.216290212183436,5.275496235455167,0.3026038645868311,3415288,0.7262208000029204,0.2777902000088943,81369
dkasc_11,BWh,lstm,0,-0.25,2016-01-01 00:00:00,6845,1608,0.018647734075784683,0.012965583242475986,0.9953211545944214,0.044766864839816296,-1.555074212397,-1.6959486008300106,-1.3883580808284446,3385,12.216290212183436,5.275496235455167,0.3027666697192629,13729,66.53203879999637,0.10727890000271145,81369
dkasc_11,BWh,lstm,1,-0.25,2016-01-01 00:00:00,6845,1608,0.01906176097691059,0.013514853082597256,0.9951110482215881,0.0457608025615484,-1.518229551342289,-1.6456197916782878,-1.3601799595231556,3385,12.216290212183436,5.275496235455167,0.30272596843615496,13729,70.63188340001216,0.10291959998721723,81369
dkasc_11,BWh,lstm,2,-0.25,2016-01-01 00:00:00,6845,1608,0.02018977329134941,0.01432550698518753,0.9945152997970581,0.04846877633535427,-1.5548840958098165,-1.6622458041391641,-1.3941415842106983,3385,12.216290212183436,5.275496235455167,0.3027870203608169,13729,74.58952700000373,0.10367019999830518,81369
dkasc_11,BWh,lstm,3,-0.25,2016-01-01 00:00:00,6845,1608,0.01935647428035736,0.013625134713947773,0.9949586987495422,0.04646830893032646,-1.5184928983552282,-1.692149309589741,-1.3809174785212486,3385,12.216290212183436,5.275496235455167,0.3027666697192629,13729,76.454899999997,0.09980140000698157,81369
dkasc_11,BWh,lstm,4,-0.25,2016-01-01 00:00:00,6845,1608,0.019501276314258575,0.013665497303009033,0.9948830008506775,0.046815929346503665,-1.4866657411181983,-1.6208527696649822,-1.3622356976800698,3385,12.216290212183436,5.275496235455167,0.3027361437569319,13729,76.4581712000072,0.09963260000222363,81369
dkasc_11,BWh,gru,0,-0.25,2016-01-01 00:00:00,6845,1608,0.019424021244049072,0.013785459101200104,0.99492347240448,0.04663046620807601,-1.5323882207151949,-1.6580887360255072,-1.3748910358571798,3385,12.216290212183436,5.275496235455167,0.3027768450400399,151809,58.14292719999503,0.34123649999673944,81369
dkasc_11,BWh,gru,1,-0.25,2016-01-01 00:00:00,6845,1608,0.019586073234677315,0.013901382684707642,0.9948384165763855,0.04701949790125627,-1.588462452602668,-1.7169451113595358,-1.4420201261043577,3385,12.216290212183436,5.275496235455167,0.3027768450400399,151809,63.51477409999643,0.32295760000124574,81369
dkasc_11,BWh,gru,2,-0.25,2016-01-01 00:00:00,6845,1608,0.018694352358579636,0.013006558641791344,0.9952977299690247,0.04487877947547469,-1.5613233864102738,-1.6726283048031962,-1.447730270441694,3385,12.216290212183436,5.275496235455167,0.30264456586993904,151809,86.59208800000488,0.26476379999076016,81369
dkasc_11,BWh,gru,3,-0.25,2016-01-01 00:00:00,6845,1608,0.018675925210118294,0.012959899380803108,0.9953069686889648,0.04483454216164344,-1.5209043823646575,-1.6472762295445489,-1.4117244357631324,3385,12.216290212183436,5.275496235455167,0.30271579311537794,151809,65.56992330000503,0.24310310000146274,81369
dkasc_11,BWh,gru,4,-0.25,2016-01-01 00:00:00,6845,1608,0.019571688026189804,0.01378315594047308,0.994845986366272,0.0469849639100788,-1.5988939857161457,-1.7187694363243189,-1.4656164881871714,3385,12.216290212183436,5.275496235455167,0.30271579311537794,151809,61.609767499990994,0.2891451000032248,81369
dkasc_11,BWh,tcn,0,-0.25,2016-01-01 00:00:00,6845,1608,0.01801983267068863,0.012493559159338474,0.9956309199333191,0.04325948720238165,-1.4792438910517403,-1.6071578161445665,-1.3272471304280664,3385,12.216290212183436,5.275496235455167,0.3025631633037231,198273,7.286998000010499,0.4896926999936113,81369
dkasc_11,BWh,tcn,1,-0.25,2016-01-01 00:00:00,6845,1608,0.01862497255206108,0.01297038234770298,0.9953325390815735,0.04471222216570148,-1.470543817566798,-1.599778023436249,-1.3286536883286515,3385,12.216290212183436,5.275496235455167,0.3027666697192629,198273,6.930839199994807,0.44640159999835305,81369
dkasc_11,BWh,tcn,2,-0.25,2016-01-01 00:00:00,6845,1608,0.01788710430264473,0.012293058447539806,0.9956950545310974,0.0429408515500025,-1.504486507215952,-1.6200701133977313,-1.3832501537474617,3385,12.216290212183436,5.275496235455167,0.30231895560507543,198273,8.208508399999118,0.45395739999366924,81369
dkasc_11,BWh,tcn,3,-0.25,2016-01-01 00:00:00,6845,1608,0.018718888983130455,0.013148880563676357,0.9952853918075562,0.04493768356271809,-1.5112262171202318,-1.6086042222712766,-1.3825756912958176,3385,12.216290212183436,5.275496235455167,0.30255298798294616,198273,4.851428300011321,0.49628790000861045,81369
dkasc_11,BWh,tcn,4,-0.25,2016-01-01 00:00:00,6845,1608,0.01908932253718376,0.013626362197101116,0.9950969219207764,0.04582696849026173,-1.456416210111866,-1.6077017140027405,-1.342119845235934,3385,12.216290212183436,5.275496235455167,0.30267509183227004,198273,3.714810999998008,0.49529659999825526,81369
dkasc_11,BWh,patchtst,0,-0.25,2016-01-01 00:00:00,6845,1608,0.02122466079890728,0.015555329620838165,0.9939386248588562,0.050953189132478954,-1.5205599207374147,-1.662918339774846,-1.4190643570958228,3384,12.216290212183436,5.274127310061601,0.3026140399076081,25857,34.39515819998633,1.4857936000043992,81369
dkasc_11,BWh,patchtst,1,-0.25,2016-01-01 00:00:00,6845,1608,0.021159688010811806,0.015291002579033375,0.9939756989479065,0.050797211574502454,-1.602704066665217,-1.7220504004659687,-1.4453939341270714,3385,12.216290212183436,5.275496235455167,0.3027870203608169,25857,30.494017000004533,1.4890143999946304,81369
dkasc_11,BWh,patchtst,2,-0.25,2016-01-01 00:00:00,6845,1608,0.02085047960281372,0.01523127593100071,0.9941504597663879,0.050054907391488594,-1.5654575771800352,-1.6960159269991282,-1.4058528733545073,3385,12.216290212183436,5.275496235455167,0.3027870203608169,25857,28.82069809999666,1.4759256999968784,81369
dkasc_11,BWh,patchtst,3,-0.25,2016-01-01 00:00:00,6845,1608,0.022469907999038696,0.016320250928401947,0.9932065606117249,0.05394260397901693,-1.5928263359528239,-1.7283665771388956,-1.4299164462933445,3385,12.216290212183436,5.275496235455167,0.302705617794601,25857,16.592335900000762,1.4842284000042127,81369
dkasc_11,BWh,patchtst,4,-0.25,2016-01-01 00:00:00,6845,1608,0.020565828308463097,0.014801929704844952,0.99430912733078,0.049371556483068,-1.562154497059981,-1.7326752151650175,-1.4256661405996418,3384,12.216290212183436,5.274127310061601,0.3025631633037231,25857,34.217390999998315,1.2308052999869687,81369
dkasc_11,BWh,informer,0,-0.25,2016-01-01 00:00:00,6845,1608,0.020435836166143417,0.014335724525153637,0.9943808317184448,0.049059489577683496,-1.4933561869779677,-1.6614386174687166,-1.3760281785985342,3385,12.216290212183436,5.275496235455167,0.3027768450400399,81537,10.290737999996054,0.5808776000048965,81369
dkasc_11,BWh,informer,1,-0.25,2016-01-01 00:00:00,6845,1608,0.020478880032896996,0.01425888855010271,0.9943571090698242,0.04916282325658032,-1.486564464066098,-1.6121495741520964,-1.3442026595169687,3385,12.216290212183436,5.275496235455167,0.3027361437569319,81537,11.265813899997738,0.5595581999950809,81369
dkasc_11,BWh,informer,2,-0.25,2016-01-01 00:00:00,6845,1608,0.019367551431059837,0.013780816458165646,0.9949529767036438,0.046494901400290514,-1.496237384908361,-1.6547946818452508,-1.3689886280112584,3385,12.216290212183436,5.275496235455167,0.3027870203608169,81537,13.576585199989495,0.44898519999696873,81369
dkasc_11,BWh,informer,3,-0.25,2016-01-01 00:00:00,6845,1608,0.019517378881573677,0.013742881827056408,0.9948745369911194,0.04685458613191468,-1.5529698941782577,-1.6787653622306276,-1.4313452797134363,3385,12.216290212183436,5.275496235455167,0.30271579311537794,81537,16.499365199997555,0.5701613999990514,81369
dkasc_11,BWh,informer,4,-0.25,2016-01-01 00:00:00,6845,1608,0.019907232373952866,0.014259302988648415,0.9946677684783936,0.047790491723969035,-1.4718818267936196,-1.6144936333573279,-1.3381107170980955,3385,12.216290212183436,5.275496235455167,0.3027870203608169,81537,14.155198400010704,0.4228140000050189,81369
dkasc_11,BWh,xgboost,0,-0.5,2016-01-01 00:00:00,6845,1608,0.01782797835767269,0.011645641177892685,0.9956915974617004,0.042960024530418923,-1.6268528445967823,-1.7326543798130984,-1.5243230223482729,3385,12.216290212183436,5.275496235455167,0.30267509183227004,1032,3.0415346000081627,0.10108910000417382,81369
dkasc_11,BWh,xgboost,1,-0.5,2016-01-01 00:00:00,6845,1608,0.017687682062387466,0.011480618268251419,0.995759129524231,0.042621952979844814,-1.645830345348298,-1.7725843575891798,-1.5467767618608954,3385,12.216290212183436,5.275496235455167,0.30272596843615496,825,2.5670676000008825,0.09147119999397546,81369
dkasc_11,BWh,xgboost,2,-0.5,2016-01-01 00:00:00,6845,1608,0.017840730026364326,0.011584511026740074,0.9956853985786438,0.04299075218718437,-1.6734285741895505,-1.7720360167307085,-1.567658121827964,3385,12.216290212183436,5.275496235455167,0.30269544247382396,733,2.208472400001483,0.08432799999718554,81369
dkasc_11,BWh,xgboost,3,-0.5,2016-01-01 00:00:00,6845,1608,0.01770745776593685,0.011524456553161144,0.9957496523857117,0.04266960643176984,-1.6412433070837396,-1.7584145942149076,-1.5326834363027386,3385,12.216290212183436,5.275496235455167,0.302685267153047,937,2.788122999991174,0.09769940000842325,81369
dkasc_11,BWh,xgboost,4,-0.5,2016-01-01 00:00:00,6845,1608,0.01766783930361271,0.01147292461246252,0.9957686066627502,0.04257413794514976,-1.6229295562867119,-1.735871824331292,-1.5182010844043137,3385,12.216290212183436,5.275496235455167,0.3027361437569319,941,2.676480199996149,0.10146760000498034,81369
dkasc_11,BWh,random_forest,0,-0.5,2016-01-01 00:00:00,6845,1608,0.01782476156949997,0.011673534289002419,0.9956931471824646,0.04295227304586825,-1.5285984805848316,-1.6461700806755908,-1.3995335756680383,3385,12.216290212183436,5.275496235455167,0.30262421522838506,3413804,0.725079600000754,0.27641370000492316,81369
dkasc_11,BWh,random_forest,1,-0.5,2016-01-01 00:00:00,6845,1608,0.017835136502981186,0.011644477024674416,0.9956881403923035,0.04297727349111855,-1.5333280529413185,-1.6494440708202773,-1.4168881581181367,3385,12.216290212183436,5.275496235455167,0.3026343905491621,3416254,0.7271275000093738,0.32145989999116864,81369
dkasc_11,BWh,random_forest,2,-0.5,2016-01-01 00:00:00,6845,1608,0.017858972772955894,0.011654780246317387,0.995676577091217,0.04303471167745034,-1.5198785603131943,-1.6350260285775908,-1.3917868370292519,3385,12.216290212183436,5.275496235455167,0.3026343905491621,3417236,0.7857014000037452,0.3153399999864632,81369
dkasc_11,BWh,random_forest,3,-0.5,2016-01-01 00:00:00,6845,1608,0.017870036885142326,0.011673547327518463,0.9956712126731873,0.043061372834503626,-1.537815519431729,-1.661107297315989,-1.4159515796977384,3385,12.216290212183436,5.275496235455167,0.3026343905491621,3415326,0.712223599999561,0.3972388999973191,81369
dkasc_11,BWh,random_forest,4,-0.5,2016-01-01 00:00:00,6845,1608,0.017927300184965134,0.011653128080070019,0.9956434369087219,0.04319936003169033,-1.5453465956400514,-1.6636876053859218,-1.443491154659171,3385,12.216290212183436,5.275496235455167,0.3026343905491621,3413480,0.7149926000129199,0.2858806000003824,81369
dkasc_11,BWh,lstm,0,-0.5,2016-01-01 00:00:00,6845,1608,0.01958836242556572,0.013985719531774521,0.9947987198829651,0.047202016596058584,-1.747610971278668,-1.881452705481116,-1.6132529432764553,3385,12.216290212183436,5.275496235455167,0.3027564943984859,13729,67.9427668999997,0.10378999999375083,81369
dkasc_11,BWh,lstm,1,-0.5,2016-01-01 00:00:00,6845,1608,0.019285038113594055,0.013726647943258286,0.9949585199356079,0.04647109693587362,-1.7419276157255248,-1.8698082719305842,-1.589707151847047,3385,12.216290212183436,5.275496235455167,0.3027666697192629,13729,72.87983679999888,0.1024526999972295,81369
dkasc_11,BWh,lstm,2,-0.5,2016-01-01 00:00:00,6845,1608,0.020418476313352585,0.014590012840926647,0.9943485260009766,0.04920233947434037,-1.762679650155885,-1.8768914417051308,-1.6312666602744108,3385,12.216290212183436,5.275496235455167,0.30281754632314783,13729,74.18124370000442,0.09884880000026897,81369
dkasc_11,BWh,lstm,3,-0.5,2016-01-01 00:00:00,6845,1608,0.019579961895942688,0.013830834999680519,0.9948031902313232,0.04718177386570332,-1.7461057193954188,-1.8923441589077659,-1.61112089298395,3385,12.216290212183436,5.275496235455167,0.30279719568159386,13729,76.96821669999918,0.10837289999471977,81369
dkasc_11,BWh,lstm,4,-0.5,2016-01-01 00:00:00,6845,1608,0.019747529178857803,0.013886213302612305,0.9947138428688049,0.04758556023116246,-1.7027723761338542,-1.831639465309065,-1.5838170450672262,3385,12.216290212183436,5.275496235455167,0.3027666697192629,13729,77.26018899999326,0.08060470000782516,81369
dkasc_11,BWh,gru,0,-0.5,2016-01-01 00:00:00,6845,1608,0.019642895087599754,0.014031223952770233,0.9947696924209595,0.047333423783777265,-1.7304514517877179,-1.8619749423937515,-1.5957573485168686,3385,12.216290212183436,5.275496235455167,0.3028073710023709,151809,63.58790699999372,0.3223049000080209,81369
dkasc_11,BWh,gru,1,-0.5,2016-01-01 00:00:00,6845,1608,0.019975047558546066,0.014234447851777077,0.9945913553237915,0.04813381056983995,-1.8001066885647177,-1.9225095030895645,-1.6286562267922708,3385,12.216290212183436,5.275496235455167,0.3028073710023709,151809,66.80263249999552,0.3478657000086969,81369
dkasc_11,BWh,gru,2,-0.5,2016-01-01 00:00:00,6845,1608,0.01893211156129837,0.01325574517250061,0.9951413869857788,0.04562065090997671,-1.786877787335129,-1.8794630493407238,-1.6707259632299465,3385,12.216290212183436,5.275496235455167,0.302705617794601,151809,77.07324730000983,0.20458920000237413,81369
dkasc_11,BWh,gru,3,-0.5,2016-01-01 00:00:00,6845,1608,0.0189286470413208,0.013203554786741734,0.9951431751251221,0.04561230246685902,-1.738795477947519,-1.8621972514393899,-1.6237900728101753,3385,12.216290212183436,5.275496235455167,0.30274631907770894,151809,61.89026010000089,0.23994229998788796,81369
dkasc_11,BWh,gru,4,-0.5,2016-01-01 00:00:00,6845,1608,0.019783681258559227,0.01400708220899105,0.9946944713592529,0.04767267578625458,-1.8157878090229174,-1.9305191518698472,-1.6943218377682534,3385,12.216290212183436,5.275496235455167,0.30274631907770894,151809,64.03688239998883,0.31608230000711046,81369
dkasc_11,BWh,tcn,0,-0.5,2016-01-01 00:00:00,6845,1608,0.017584718763828278,0.012164801359176636,0.9958083629608154,0.042373842636479274,-1.7397053904287474,-1.8768316050806422,-1.6314066985649411,3385,12.216290212183436,5.275496235455167,0.30238000752973737,198273,7.960089000000153,0.49681369999598246,81369
dkasc_11,BWh,tcn,1,-0.5,2016-01-01 00:00:00,6845,1608,0.01901727169752121,0.013277661055326462,0.9950975775718689,0.04582586102790197,-1.7651902231770378,-1.8887343009436242,-1.638155538390873,3385,12.216290212183436,5.275496235455167,0.30254281266216915,198273,4.898433599999407,0.4885976999939885,81369
dkasc_11,BWh,tcn,2,-0.5,2016-01-01 00:00:00,6845,1608,0.018085317686200142,0.012624328024685383,0.9955663084983826,0.04358013431765248,-1.7186522229906798,-1.8402738039991484,-1.6114822519754712,3385,12.216290212183436,5.275496235455167,0.3026343905491621,198273,6.532829699994181,0.4957055999984732,81369
dkasc_11,BWh,tcn,3,-0.5,2016-01-01 00:00:00,6845,1608,0.018267832696437836,0.01271748449653387,0.9954763650894165,0.044019940175595226,-1.7208558898180182,-1.8576439684577783,-1.5915762596504512,3385,12.216290212183436,5.275496235455167,0.3025224620206152,198273,5.911544899994624,0.4949793999985559,81369
dkasc_11,BWh,tcn,4,-0.5,2016-01-01 00:00:00,6845,1608,0.01908380724489689,0.013357365503907204,0.9950631856918335,0.0459861915314542,-1.7066847113195616,-1.8247240795898345,-1.584820989988577,3385,12.216290212183436,5.275496235455167,0.3027870203608169,198273,3.5785309999919264,0.49214990000473335,81369
dkasc_11,BWh,patchtst,0,-0.5,2016-01-01 00:00:00,6845,1608,0.021471213549375534,0.015748824924230576,0.9937507510185242,0.05173911714908819,-1.767236127247479,-1.9000562455003533,-1.6111982120667174,3384,12.216290212183436,5.274127310061601,0.3026343905491621,25857,32.289076200002455,1.4868504000041867,81369
dkasc_11,BWh,patchtst,1,-0.5,2016-01-01 00:00:00,6845,1608,0.021410513669252396,0.015463907271623611,0.9937860369682312,0.051592848834937956,-1.7995703820310858,-1.9312177924977414,-1.6578253620460837,3385,12.216290212183436,5.275496235455167,0.3028073710023709,25857,28.352689699997427,1.4211802000063471,81369
dkasc_11,BWh,patchtst,2,-0.5,2016-01-01 00:00:00,6845,1608,0.021214717999100685,0.015616326592862606,0.9938991665840149,0.051121040611710716,-1.7726652509108431,-1.9249824268055993,-1.6441446098262358,3385,12.216290212183436,5.275496235455167,0.30281754632314783,25857,24.6330839000002,1.2484371999889845,81369
dkasc_11,BWh,patchtst,3,-0.5,2016-01-01 00:00:00,6845,1608,0.022666694596409798,0.016552133485674858,0.9930354952812195,0.05461986414551584,-1.810202831528096,-1.9410740829724937,-1.659844271778066,3385,12.216290212183436,5.275496235455167,0.30274631907770894,25857,13.950422199995955,1.3888731000042753,81369
dkasc_11,BWh,patchtst,4,-0.5,2016-01-01 00:00:00,6845,1608,0.02150624990463257,0.015678491443395615,0.993730366230011,0.051823544146423574,-1.809871551827541,-1.9397470305578992,-1.6916295739668183,3384,12.216290212183436,5.274127310061601,0.3025835139452771,25857,20.066399000003003,0.9133396000106586,81369
dkasc_11,BWh,informer,0,-0.5,2016-01-01 00:00:00,6845,1608,0.019442319869995117,0.013717347756028175,0.994875967502594,0.04685009829977582,-1.675440333511308,-1.8345676193954774,-1.550718862094247,3385,12.216290212183436,5.275496235455167,0.3027666697192629,81537,16.357175400000415,0.5018989000091096,81369
dkasc_11,BWh,informer,1,-0.5,2016-01-01 00:00:00,6845,1608,0.020837608724832535,0.01457341481000185,0.9941141605377197,0.05021232155517025,-1.6986114928452034,-1.8095421579775728,-1.583986346424937,3385,12.216290212183436,5.275496235455167,0.3027768450400399,81537,13.486274300012155,0.4867582000006223,81369
dkasc_11,BWh,informer,2,-0.5,2016-01-01 00:00:00,6845,1608,0.019683342427015305,0.014097263105213642,0.9947481751441956,0.047430889612971205,-1.7215914207046463,-1.8649798934532558,-1.6011805694854822,3385,12.216290212183436,5.275496235455167,0.30281754632314783,81537,16.038659800004098,0.4845863999944413,81369
dkasc_11,BWh,informer,3,-0.5,2016-01-01 00:00:00,6845,1608,0.01993381232023239,0.014266296289861202,0.9946136474609375,0.04803444614309828,-1.7858624099480802,-1.9183956207140418,-1.6487514749877996,3385,12.216290212183436,5.275496235455167,0.30281754632314783,81537,19.04401080000389,0.49126569999498315,81369
dkasc_11,BWh,informer,4,-0.5,2016-01-01 00:00:00,6845,1608,0.020082350820302963,0.014516809023916721,0.9945330619812012,0.048392378909154,-1.7022631135554356,-1.8184110535285125,-1.5668393710897566,3385,12.216290212183436,5.275496235455167,0.30281754632314783,81537,16.441189399993164,0.46237150000524707,81369
dkasc_11,BWh,xgboost,0,-1.0,2016-01-01 00:00:00,6845,1607,0.018469559028744698,0.012276075780391693,0.9953027367591858,0.04481581644315606,-2.0771815947441263,-2.203759927128157,-1.971419679226727,3385,12.216290212183436,5.275496235455167,0.3033568383243282,802,3.336076099993079,0.07676609999907669,81369
dkasc_11,BWh,xgboost,1,-1.0,2016-01-01 00:00:00,6845,1607,0.01835261844098568,0.01215106900781393,0.9953620433807373,0.044532063706688094,-2.10668383570346,-2.198569737363165,-1.9762143715953973,3385,12.216290212183436,5.275496235455167,0.3034178902489901,821,3.169987900007982,0.09298120001039933,81369
dkasc_11,BWh,xgboost,2,-1.0,2016-01-01 00:00:00,6845,1607,0.018478212878108025,0.01222916692495346,0.9952983260154724,0.04483681474224863,-2.097429303277887,-2.214666943819965,-1.9954873605452672,3385,12.216290212183436,5.275496235455167,0.30336701364510515,745,4.0679969000048,0.06997440000122879,81369
dkasc_11,BWh,xgboost,3,-1.0,2016-01-01 00:00:00,6845,1607,0.018385406583547592,0.012181920930743217,0.9953454732894897,0.04461162312531199,-2.075989460768357,-2.1881682210770865,-1.9807403183662586,3385,12.216290212183436,5.275496235455167,0.3033568383243282,912,5.16497340000933,0.08563430000504013,81369
dkasc_11,BWh,xgboost,4,-1.0,2016-01-01 00:00:00,6845,1607,0.0183987095952034,0.012141629122197628,0.9953387379646301,0.04464390247359421,-2.1042744780684464,-2.238890246936339,-1.9937359479254235,3385,12.216290212183436,5.275496235455167,0.3034178902489901,642,3.5283438000042224,0.064814799989108,81369
dkasc_11,BWh,random_forest,0,-1.0,2016-01-01 00:00:00,6845,1607,0.01849372312426567,0.012234460562467575,0.9952904582023621,0.04487444987710526,-1.9851442274423046,-2.1149288827411183,-1.8537648074649526,3385,12.216290212183436,5.275496235455167,0.30329578639966626,3410886,0.779015200008871,0.29545250000956,81369
dkasc_11,BWh,random_forest,1,-1.0,2016-01-01 00:00:00,6845,1607,0.01844274066388607,0.012239298783242702,0.9953163862228394,0.04475074250636421,-1.9977505954665742,-2.124640158852427,-1.8951022266985422,3385,12.216290212183436,5.275496235455167,0.3033059617204432,3410922,0.7244265000044834,0.30810110000311397,81369
dkasc_11,BWh,random_forest,2,-1.0,2016-01-01 00:00:00,6845,1607,0.01841265708208084,0.012211158871650696,0.9953316450119019,0.04467774562116313,-1.9949168393160954,-2.126928800042549,-1.880651103970954,3385,12.216290212183436,5.275496235455167,0.3033059617204432,3412334,0.7675356999970973,0.29741709999507293,81369
dkasc_11,BWh,random_forest,3,-1.0,2016-01-01 00:00:00,6845,1607,0.018441298976540565,0.012192394584417343,0.9953171014785767,0.044747244296399154,-1.9982637902783207,-2.113236574521693,-1.8898390948042874,3385,12.216290212183436,5.275496235455167,0.30329578639966626,3411574,0.766067499993369,0.2868384000030346,81369
dkasc_11,BWh,random_forest,4,-1.0,2016-01-01 00:00:00,6845,1607,0.018489256501197815,0.012258936651051044,0.9952927231788635,0.04486361175372515,-1.9887989125040195,-2.114741178842039,-1.8670970827697864,3385,12.216290212183436,5.275496235455167,0.30329578639966626,3412572,0.735827699987567,0.29109080000489485,81369
dkasc_11,BWh,lstm,0,-1.0,2016-01-01 00:00:00,6845,1607,0.02036110684275627,0.014783237129449844,0.994291365146637,0.04940559898719319,-2.19568144048069,-2.3265751660289276,-2.066122166226006,3385,12.216290212183436,5.275496235455167,0.3034280655697671,13729,67.72949769999832,0.10850420000497252,81369
dkasc_11,BWh,lstm,1,-1.0,2016-01-01 00:00:00,6845,1607,0.019926773384213448,0.014365041628479958,0.9945322871208191,0.048351702219929696,-2.174679471690255,-2.2836733821452904,-2.0401331133242717,3385,12.216290212183436,5.275496235455167,0.30345859153209803,13729,72.4712264000118,0.10533349998877384,81369
dkasc_11,BWh,lstm,2,-1.0,2016-01-01 00:00:00,6845,1607,0.020672330632805824,0.01487749069929123,0.9941155314445496,0.05016077393348708,-2.175295337919103,-2.3121148400452207,-2.05766564074803,3385,12.216290212183436,5.275496235455167,0.30348911749442903,13729,75.53072809999867,0.10847249999642372,81369
dkasc_11,BWh,lstm,3,-1.0,2016-01-01 00:00:00,6845,1607,0.02018658258020878,0.014421568252146244,0.9943888187408447,0.04898212123642324,-2.1844467947102264,-2.3212857897453634,-2.0576759154984137,3385,12.216290212183436,5.275496235455167,0.30346876685287505,13729,77.92693780000263,0.10134079999988899,81369
dkasc_11,BWh,lstm,4,-1.0,2016-01-01 00:00:00,6845,1607,0.020350387319922447,0.014447839930653572,0.9942973852157593,0.049379588395011144,-2.1549446345665024,-2.268777942766299,-2.0303983692706584,3385,12.216290212183436,5.275496235455167,0.3034280655697671,13729,82.45901950000552,0.0664109999925131,81369
dkasc_11,BWh,gru,0,-1.0,2016-01-01 00:00:00,6845,1607,0.02022002823650837,0.01462688110768795,0.9943702220916748,0.049063276091891664,-2.169998766158787,-2.2989114976655847,-2.036848130992419,3385,12.216290212183436,5.275496235455167,0.303478942173652,151809,66.92285009998886,0.3190255000081379,81369
dkasc_11,BWh,gru,1,-1.0,2016-01-01 00:00:00,6845,1607,0.020185014232993126,0.014446573331952095,0.9943896532058716,0.048978315690182184,-2.184797606569,-2.3027464575352976,-2.0792409357552,3385,12.216290212183436,5.275496235455167,0.30343824089054405,151809,68.1736113000079,0.2629153000016231,81369
dkasc_11,BWh,gru,2,-1.0,2016-01-01 00:00:00,6845,1607,0.019551364704966545,0.013892882503569126,0.99473637342453,0.04744078461577289,-2.2069805042642887,-2.328642543165116,-2.0877698798766,3385,12.216290212183436,5.275496235455167,0.30338736428665913,151809,78.26156379999884,0.34043920000840444,81369
dkasc_11,BWh,gru,3,-1.0,2016-01-01 00:00:00,6845,1607,0.01942576840519905,0.01387807261198759,0.994803786277771,0.047136029060561226,-2.215302974521749,-2.3381179486093204,-2.1239284098951017,3385,12.216290212183436,5.275496235455167,0.30337718896588217,151809,130.5975469,0.2664357999999538,81369
dkasc_11,BWh,gru,4,-1.0,2016-01-01 00:00:00,6845,1607,0.02032496966421604,0.014569630846381187,0.9943116307258606,0.04931791323585977,-2.2370549818103713,-2.3551604971336015,-2.111018011811483,3385,12.216290212183436,5.275496235455167,0.3034178902489901,151809,77.69168239999999,0.23953129999995326,81369
dkasc_11,BWh,tcn,0,-1.0,2016-01-01 00:00:00,6845,1607,0.018595311790704727,0.013208777643740177,0.9952386021614075,0.0451209516490616,-2.195099142635664,-2.296083184060449,-2.094239370710349,3385,12.216290212183436,5.275496235455167,0.3033059617204432,198273,12.071969500000023,0.4035930999999664,81369
dkasc_11,BWh,tcn,1,-1.0,2016-01-01 00:00:00,6845,1607,0.01974189467728138,0.014150328934192657,0.9946333169937134,0.04790309972859676,-2.173540467323487,-2.3297208188557628,-2.0783223470720387,3385,12.216290212183436,5.275496235455167,0.30348911749442903,198273,12.5465643,0.3714040999999497,81369
dkasc_11,BWh,tcn,2,-1.0,2016-01-01 00:00:00,6845,1607,0.018910836428403854,0.013204523362219334,0.9950756430625916,0.04588656246978613,-2.2200271330213406,-2.3542656490365137,-2.1060845327367406,3385,12.216290212183436,5.275496235455167,0.30287859824780977,198273,14.370434799999998,0.3124174000000721,81369
dkasc_11,BWh,tcn,3,-1.0,2016-01-01 00:00:00,6845,1607,0.01984429359436035,0.014419128187000751,0.9945774674415588,0.04815156754878927,-2.1700326661820757,-2.30067526669493,-2.0670160448338692,3385,12.216290212183436,5.275496235455167,0.303478942173652,198273,6.853235899999959,0.31267509999997856,81369
dkasc_11,BWh,tcn,4,-1.0,2016-01-01 00:00:00,6845,1607,0.019088665023446083,0.01372598484158516,0.9949826002120972,0.04631805808163878,-2.181080183667772,-2.2918470275864467,-2.0758005087023412,3385,12.216290212183436,5.275496235455167,0.30345859153209803,198273,12.468909800000006,0.31122800000002826,81369
dkasc_11,BWh,patchtst,0,-1.0,2016-01-01 00:00:00,6845,1607,0.021988654509186745,0.016278518363833427,0.9933422803878784,0.05335479329972207,-2.2147817795646896,-2.3435869398001516,-2.0672838772532263,3384,12.216290212183436,5.274127310061601,0.3033059617204432,25857,41.49695000000008,0.9031076999999641,81369
dkasc_11,BWh,patchtst,1,-1.0,2016-01-01 00:00:00,6845,1607,0.02189972996711731,0.016102509573101997,0.993395984172821,0.0531390206357146,-2.1992225981962155,-2.3438223359884214,-2.0993189866253092,3385,12.216290212183436,5.275496235455167,0.30348911749442903,25857,31.558932899999945,1.0455108000001019,81369
dkasc_11,BWh,patchtst,2,-1.0,2016-01-01 00:00:00,6845,1607,0.02225843444466591,0.016527406871318817,0.9931778907775879,0.05400940600864837,-2.225182766781475,-2.3472298468185104,-2.1056899541177843,3385,12.216290212183436,5.275496235455167,0.30348911749442903,25857,20.235420999999974,1.0481053999999403,81369
dkasc_11,BWh,patchtst,3,-1.0,2016-01-01 00:00:00,6845,1607,0.023177994415163994,0.017049262300133705,0.992602527141571,0.05624068997066276,-2.252786752882552,-2.381967899429554,-2.114732603227687,3385,12.216290212183436,5.275496235455167,0.3034178902489901,25857,15.384302400000024,1.056689800000072,81369
dkasc_11,BWh,patchtst,4,-1.0,2016-01-01 00:00:00,6845,1607,0.021397052332758904,0.01570405624806881,0.9936956763267517,0.05191928882964249,-2.2473675410460414,-2.412899720980932,-2.0985170983027617,3384,12.216290212183436,5.274127310061601,0.30328561107888924,25857,29.896067599999924,1.0416913000001387,81369
dkasc_11,BWh,informer,0,-1.0,2016-01-01 00:00:00,6845,1607,0.02117404155433178,0.015118991024792194,0.9938263893127441,0.05137816004062913,-2.180592529865773,-2.298818910328282,-2.0646282264649263,3385,12.216290212183436,5.275496235455167,0.303478942173652,81537,21.471962900000108,0.3920628000000761,81369
dkasc_11,BWh,informer,1,-1.0,2016-01-01 00:00:00,6845,1607,0.02116842195391655,0.015085646882653236,0.9938296675682068,0.0513645242532072,-2.150791106642247,-2.2726849351244693,-2.043932839653273,3385,12.216290212183436,5.275496235455167,0.303478942173652,81537,22.371491100000185,0.4819809999999052,81369
dkasc_11,BWh,informer,2,-1.0,2016-01-01 00:00:00,6845,1607,0.019814828410744667,0.014183136634528637,0.9945935606956482,0.048080071187759255,-2.110307634785036,-2.220184009920534,-2.0122519396149063,3385,12.216290212183436,5.275496235455167,0.30348911749442903,81537,37.42349370000011,0.48337209999999686,81369
dkasc_11,BWh,informer,3,-1.0,2016-01-01 00:00:00,6845,1607,0.02061249502003193,0.014917619526386261,0.9941495060920715,0.05001558466098386,-2.208316613993344,-2.331105043699433,-2.087565343337716,3385,12.216290212183436,5.275496235455167,0.30348911749442903,81537,32.774471000000176,0.49411559999998644,81369
dkasc_11,BWh,informer,4,-1.0,2016-01-01 00:00:00,6845,1607,0.020989185199141502,0.015113754197955132,0.9939337372779846,0.05092961178510961,-2.1427271292968175,-2.2784398360447584,-2.023435968784748,3385,12.216290212183436,5.275496235455167,0.30348911749442903,81537,22.086973899999975,0.4957061000000067,81369
dkasc_11,BWh,xgboost,0,-2.0,2016-01-01 00:00:00,6845,1607,0.020158225670456886,0.013832949101924896,0.9942355751991272,0.04966686689390825,-3.0101768983038624,-3.1381301076590873,-2.891937144388179,3385,12.216290212183436,5.275496235455167,0.3044150716851349,650,5.517259499999909,0.23851510000008602,81369
dkasc_11,BWh,xgboost,1,-2.0,2016-01-01 00:00:00,6845,1607,0.020121483132243156,0.013813937082886696,0.9942566156387329,0.049576338749981366,-3.006044781942563,-3.127139201196927,-2.912248841642928,3385,12.216290212183436,5.275496235455167,0.30442524700591184,795,7.116054700000177,0.3088098999999147,81369
dkasc_11,BWh,xgboost,2,-2.0,2016-01-01 00:00:00,6845,1607,0.020183537155389786,0.013783873058855534,0.9942210912704468,0.049729230624407206,-3.00550047205841,-3.1680764599809175,-2.891328772705426,3385,12.216290212183436,5.275496235455167,0.3044048963643579,658,5.562140900000031,0.25968989999978476,81369
dkasc_11,BWh,xgboost,3,-2.0,2016-01-01 00:00:00,6845,1607,0.020184578374028206,0.013805660419166088,0.994220495223999,0.04973179603211556,-2.9856337091781926,-3.1038100317367374,-2.892370894240126,3385,12.216290212183436,5.275496235455167,0.3044150716851349,673,5.818334199999981,0.2452894999998989,81369
dkasc_11,BWh,xgboost,4,-2.0,2016-01-01 00:00:00,6845,1607,0.020182831212878227,0.013860266655683517,0.9942215085029602,0.049727491287159496,-3.009917157558051,-3.1718300494768092,-2.894850465467036,3385,12.216290212183436,5.275496235455167,0.30443542232668885,608,5.5868840999999065,0.22494460000007166,81369
dkasc_11,BWh,random_forest,0,-2.0,2016-01-01 00:00:00,6845,1607,0.020177163183689117,0.013749686069786549,0.9942247867584229,0.049713526107094126,-2.9017565489541153,-3.0600026195727983,-2.8146073595308407,3385,12.216290212183436,5.275496235455167,0.304313318477365,3403888,2.6922217999999702,0.7596634000001359,81369
dkasc_11,BWh,random_forest,1,-2.0,2016-01-01 00:00:00,6845,1607,0.020151391625404358,0.013702990487217903,0.9942395091056824,0.04965002882435194,-2.928104901149642,-3.0511044202893647,-2.80257794413864,3385,12.216290212183436,5.275496235455167,0.304313318477365,3404402,2.5176845999999387,0.762160200000153,81369
dkasc_11,BWh,random_forest,2,-2.0,2016-01-01 00:00:00,6845,1607,0.020206961780786514,0.013750772923231125,0.9942076802253723,0.04978694541392482,-2.9020613853485755,-3.02331816154664,-2.7873332570394926,3385,12.216290212183436,5.275496235455167,0.304323493798142,3404954,2.4598923999999442,0.7389060000000427,81369
dkasc_11,BWh,random_forest,3,-2.0,2016-01-01 00:00:00,6845,1607,0.020192906260490417,0.013784821145236492,0.994215726852417,0.049752314704502115,-2.9624595150588684,-3.071353580437497,-2.8394444793752527,3385,12.216290212183436,5.275496235455167,0.304323493798142,3402072,2.429959800000006,0.7623783999999887,81369
dkasc_11,BWh,random_forest,4,-2.0,2016-01-01 00:00:00,6845,1607,0.02026286907494068,0.013797147199511528,0.9941756129264832,0.04992469266323868,-2.942647454897329,-3.0767360524023624,-2.821246269615818,3385,12.216290212183436,5.275496235455167,0.304323493798142,3405456,2.394834299999957,0.7449272999999721,81369
dkasc_11,BWh,lstm,0,-2.0,2016-01-01 00:00:00,6845,1607,0.0221499465405941,0.01650381088256836,0.9930402040481567,0.05457417059037897,-3.1241131617246842,-3.228196009219179,-2.983396462855059,3385,12.216290212183436,5.275496235455167,0.3044761236097968,13729,90.70052269999996,0.1355951999998979,81369
dkasc_11,BWh,lstm,1,-2.0,2016-01-01 00:00:00,6845,1607,0.021235423162579536,0.01543295755982399,0.9936030507087708,0.05232092114125783,-3.118598205906231,-3.223550553210186,-2.99879308808072,3385,12.216290212183436,5.275496235455167,0.304343844439696,13729,101.81923830000005,0.1385333000000628,81369
dkasc_11,BWh,lstm,2,-2.0,2016-01-01 00:00:00,6845,1607,0.022218016907572746,0.016416901722550392,0.992997407913208,0.05474188584029319,-3.0810100736655133,-3.186998360295723,-2.9690814726094232,3385,12.216290212183436,5.275496235455167,0.30450664957212775,13729,103.22244509999996,0.12681599999996251,81369
dkasc_11,BWh,lstm,3,-2.0,2016-01-01 00:00:00,6845,1607,0.02179722487926483,0.016016243025660515,0.9932601451873779,0.053705116930090134,-3.0987142402068812,-3.222975290008042,-2.9892731569904196,3385,12.216290212183436,5.275496235455167,0.3044862989305738,13729,103.3235302999999,0.1637898999999834,81369
dkasc_11,BWh,lstm,4,-2.0,2016-01-01 00:00:00,6845,1607,0.021892676129937172,0.016005869954824448,0.993200957775116,0.05394029460095767,-3.1136303589056245,-3.2121111437879546,-2.9690564025542487,3385,12.216290212183436,5.275496235455167,0.3044150716851349,13729,118.57390190000001,0.1598633000000973,81369
dkasc_11,BWh,gru,0,-2.0,2016-01-01 00:00:00,6845,1607,0.021812470629811287,0.01622484251856804,0.9932506680488586,0.05374268018964815,-3.046659760715771,-3.1842016745306956,-2.9451158642810116,3385,12.216290212183436,5.275496235455167,0.3044964742513508,151809,90.1722640999999,0.2364626999999473,81369
dkasc_11,BWh,gru,1,-2.0,2016-01-01 00:00:00,6845,1607,0.021704308688640594,0.015870660543441772,0.9933174252510071,0.0534761852697612,-3.0213117273077295,-3.1684304776915195,-2.9317390166842676,3385,12.216290212183436,5.275496235455167,0.3044964742513508,151809,109.90765009999996,0.3451548999998977,81369
dkasc_11,BWh,gru,2,-2.0,2016-01-01 00:00:00,6845,1607,0.021385062485933304,0.015571833588182926,0.9935125708580017,0.05268961015568822,-3.09719230717711,-3.2132178119236694,-2.9926311053270482,3385,12.216290212183436,5.275496235455167,0.3044150716851349,151809,138.72839879999992,0.3262907999996969,81369
dkasc_11,BWh,gru,3,-2.0,2016-01-01 00:00:00,6845,1607,0.021175142377614975,0.015505395829677582,0.993639349937439,0.05217239826171278,-3.1425006729535188,-3.2685264518029666,-3.0291480020457673,3385,12.216290212183436,5.275496235455167,0.304303143156588,151809,123.58255710000003,0.239323400000103,81369
dkasc_11,BWh,gru,4,-2.0,2016-01-01 00:00:00,6845,1607,0.02115141786634922,0.01542650442570448,0.9936535954475403,0.052113944598060916,-3.1068748445561623,-3.2166164239067596,-3.0023683808277135,3385,12.216290212183436,5.275496235455167,0.304292967835811,151809,125.66857019999998,0.19881379999969795,81369
dkasc_11,BWh,tcn,0,-2.0,2016-01-01 00:00:00,6845,1607,0.020175153389573097,0.014720691367983818,0.9942259192466736,0.04970857427361054,-3.1258487565288706,-3.2336495108229335,-3.0054843860961746,3385,12.216290212183436,5.275496235455167,0.3031736825503424,198273,19.928769000000102,0.31264169999985825,81369
dkasc_11,BWh,tcn,1,-2.0,2016-01-01 00:00:00,6845,1607,0.02113989368081093,0.015327618457376957,0.9936605095863342,0.052085550720616144,-3.146094272944233,-3.24118472596312,-3.0273614348023754,3385,12.216290212183436,5.275496235455167,0.30450664957212775,198273,16.6612169,0.3109260000001086,81369
dkasc_11,BWh,tcn,2,-2.0,2016-01-01 00:00:00,6845,1607,0.02067706733942032,0.015071159228682518,0.9939350485801697,0.0509452155210489,-3.1292298291285436,-3.228915363646989,-2.9834748949783774,3385,12.216290212183436,5.275496235455167,0.304292967835811,198273,19.38001809999969,0.3560308000000987,81369
dkasc_11,BWh,tcn,3,-2.0,2016-01-01 00:00:00,6845,1607,0.021446561440825462,0.01583719812333584,0.9934751987457275,0.05284113442457364,-3.082258697041912,-3.2037358715574467,-2.9618720058084747,3385,12.216290212183436,5.275496235455167,0.3043947210435809,198273,7.051795100000163,0.3546529999998711,81369
dkasc_11,BWh,tcn,4,-2.0,2016-01-01 00:00:00,6845,1607,0.021189309656620026,0.015746373683214188,0.9936308264732361,0.0522073043279557,-3.105639219430563,-3.2002361645378063,-2.968935400206607,3385,12.216290212183436,5.275496235455167,0.3044659482890198,198273,9.535158300000148,0.3545914000001176,81369
dkasc_11,BWh,patchtst,0,-2.0,2016-01-01 00:00:00,6845,1607,0.023888135328888893,0.018049731850624084,0.9919050335884094,0.058856808983064675,-3.1164572066287093,-3.2478369009894497,-2.9740129750297872,3384,12.216290212183436,5.274127310061601,0.30435401976047294,25857,25.449928699999873,1.0151780999999573,81369
dkasc_11,BWh,patchtst,1,-2.0,2016-01-01 00:00:00,6845,1607,0.023154687136411667,0.017263783141970634,0.9923945069313049,0.05704970183262079,-3.153215074091833,-3.2522639448066215,-3.016498497554765,3385,12.216290212183436,5.275496235455167,0.3044964742513508,25857,36.62802069999998,1.0198428999997304,81369
dkasc_11,BWh,patchtst,2,-2.0,2016-01-01 00:00:00,6845,1607,0.02348453924059868,0.017793409526348114,0.9921762943267822,0.05786240830893243,-3.108126734465866,-3.2190483188091146,-2.988492777422902,3385,12.216290212183436,5.275496235455167,0.30450664957212775,25857,26.06812660000014,1.025102799999786,81369
dkasc_11,BWh,patchtst,3,-2.0,2016-01-01 00:00:00,6845,1607,0.024547463282942772,0.018478991463780403,0.9914520382881165,0.06048129490105989,-3.136548571805031,-3.2728440898086517,-3.0004359198205544,3385,12.216290212183436,5.275496235455167,0.30443542232668885,25857,18.478752400000303,1.0144609999997556,81369
dkasc_11,BWh,patchtst,4,-2.0,2016-01-01 00:00:00,6845,1607,0.022966470569372177,0.017177293077111244,0.9925176501274109,0.05658596423313162,-3.146913979950389,-3.2630638671324084,-3.027071584034613,3384,12.216290212183436,5.274127310061601,0.304303143156588,25857,38.11375420000013,1.0163972000000285,81369
dkasc_11,BWh,informer,0,-2.0,2016-01-01 00:00:00,6845,1607,0.023260707035660744,0.017223229631781578,0.992324709892273,0.057310919080120246,-3.097852857607064,-3.2053167550284534,-3.01801359266457,3385,12.216290212183436,5.275496235455167,0.3044964742513508,81537,25.30865159999985,0.4703250000002299,81369
dkasc_11,BWh,informer,1,-2.0,2016-01-01 00:00:00,6845,1607,0.022791365161538124,0.01669291965663433,0.9926313161849976,0.05615453057793431,-3.075410489540753,-3.1762274172178695,-2.952525529024064,3385,12.216290212183436,5.275496235455167,0.30450664957212775,81537,28.05582890000005,0.4697366999998849,81369
dkasc_11,BWh,informer,2,-2.0,2016-01-01 00:00:00,6845,1607,0.02134576253592968,0.015725871548056602,0.9935364127159119,0.05259278092985869,-3.0192027919542896,-3.110907083473695,-2.896369747013061,3385,12.216290212183436,5.275496235455167,0.30450664957212775,81537,42.79485479999994,0.4727695000001404,81369
dkasc_11,BWh,informer,3,-2.0,2016-01-01 00:00:00,6845,1607,0.021977003663778305,0.016330286860466003,0.9931485056877136,0.05414806508965288,-3.132397717829072,-3.258570825656548,-3.0129748775283183,3385,12.216290212183436,5.275496235455167,0.3044455976474658,81537,35.64820340000006,0.47389790000033827,81369
dkasc_11,BWh,informer,4,-2.0,2016-01-01 00:00:00,6845,1607,0.02238357998430729,0.01663326844573021,0.9928926229476929,0.05514980861232425,-3.044481582183542,-3.1630469311557,-2.9451821602895123,3385,12.216290212183436,5.275496235455167,0.30450664957212775,81537,27.826431400000274,0.47462580000001253,81369
pvdaq_1430,Dfb,xgboost,0,0.0,2011-03-01 00:00:00,6334,1470,0.04431823641061783,0.02340618334710598,0.976582944393158,0.10086925411030442,-0.2504175712558343,-0.5756864279654494,0.08767848819862992,2985,8.736481861738536,4.291238877481177,0.33106506511838496,671,5.648380999999972,0.2165151999997761,72886
pvdaq_1430,Dfb,xgboost,1,0.0,2011-03-01 00:00:00,6334,1470,0.04445135220885277,0.023292094469070435,0.9764420390129089,0.10117222851465232,-0.24330533107714958,-0.5888616849679904,0.05681209423069144,2985,8.736481861738536,4.291238877481177,0.3312248648360721,630,5.387461300000268,0.21598850000009406,72886
pvdaq_1430,Dfb,xgboost,2,0.0,2011-03-01 00:00:00,6334,1470,0.04428692162036896,0.023338263854384422,0.9766160249710083,0.10079798097782329,-0.21875184684718718,-0.5363247108723239,0.10584342520649215,2985,8.736481861738536,4.291238877481177,0.3311316483340879,631,5.091348500000095,0.2218348999999762,72886
pvdaq_1430,Dfb,xgboost,3,0.0,2011-03-01 00:00:00,6334,1470,0.04439811781048775,0.023519476875662804,0.9764984250068665,0.10105106588520248,-0.23896270534595754,-0.6191465059526912,0.11730854049651351,2985,8.736481861738536,4.291238877481177,0.330931898686979,648,5.189133399999719,0.23873340000000098,72886
pvdaq_1430,Dfb,xgboost,4,0.0,2011-03-01 00:00:00,6334,1470,0.04454633221030235,0.02352932281792164,0.9763412475585938,0.10138840502972953,-0.25280297393898143,-0.6212460785400276,0.10411311755794128,2985,8.736481861738536,4.291238877481177,0.33115828162036914,557,4.889492799999971,0.18933419999984835,72886
pvdaq_1430,Dfb,random_forest,0,0.0,2011-03-01 00:00:00,6334,1470,0.0444612130522728,0.023153623566031456,0.9764316082000732,0.10119467200521591,-0.2786551722481567,-0.5452318698975889,-0.0047250655386398355,2985,8.736481861738536,4.291238877481177,0.3317442139185554,3106610,2.5325474000001122,0.8650364000000081,72886
pvdaq_1430,Dfb,random_forest,1,0.0,2011-03-01 00:00:00,6334,1470,0.04441564902663231,0.023224517703056335,0.9764798879623413,0.10109096730816895,-0.2984125617933209,-0.6550409288524228,0.050534745194645285,2985,8.736481861738536,4.291238877481177,0.3317974804911178,3105976,2.5024868999998944,0.8233506000001398,72886
pvdaq_1430,Dfb,random_forest,2,0.0,2011-03-01 00:00:00,6334,1470,0.04477447271347046,0.02328064665198326,0.9760982990264893,0.10190765769523955,-0.264956507850985,-0.5791165361178685,-0.011249262907621444,2985,8.736481861738536,4.291238877481177,0.3317442139185554,3111068,2.572996100000182,0.7681566999999632,72886
pvdaq_1430,Dfb,random_forest,3,0.0,2011-03-01 00:00:00,6334,1470,0.044658347964286804,0.023320868611335754,0.9762221574783325,0.10164335528199878,-0.31555475893562207,-0.5709923077089379,0.015635183340982985,2985,8.736481861738536,4.291238877481177,0.3317974804911178,3107938,2.500350900000285,0.8021067999998195,72886
pvdaq_1430,Dfb,random_forest,4,0.0,2011-03-01 00:00:00,6334,1470,0.04453499987721443,0.0232156403362751,0.9763532876968384,0.10136261239720423,-0.3225634908981463,-0.6131129606994389,0.06653374464039574,2985,8.736481861738536,4.291238877481177,0.331757530561696,3107438,2.5218371999999363,0.7864424999997937,72886
pvdaq_1430,Dfb,lstm,0,0.0,2011-03-01 00:00:00,6334,1470,0.04735717549920082,0.025693709030747414,0.9732613563537598,0.10778594448380888,-0.23696648712585588,-0.5322548751818479,0.10901850778372417,2983,8.736481861738536,4.291238877481177,0.33015953338482434,13729,100.11777119999988,0.13951459999998406,72886
pvdaq_1430,Dfb,lstm,1,0.0,2011-03-01 00:00:00,6334,1470,0.0475371778011322,0.025792334228754044,0.973057746887207,0.10819563357354905,-0.2304484897705239,-0.6227031522275106,0.12613554484314837,2981,8.736481861738536,4.285763175906913,0.3284283697765467,13729,87.58882399999993,0.13188609999997425,72886
pvdaq_1430,Dfb,lstm,2,0.0,2011-03-01 00:00:00,6334,1470,0.046517785638570786,0.025735320523381233,0.9742008447647095,0.10587547520508958,-0.2429956357505758,-0.5127493539696548,0.16074385552736853,2981,8.736481861738536,4.288501026694045,0.33002636695341836,13729,109.41723840000031,0.13663790000009612,72886
pvdaq_1430,Dfb,lstm,3,0.0,2011-03-01 00:00:00,6334,1470,0.0455440953373909,0.02473391592502594,0.9752695560455322,0.10365933525077221,-0.2959713005505682,-0.5754177132756055,0.11167076542757393,2980,8.736481861738536,4.287132101300479,0.3280421871254694,13729,110.90608370000018,0.14197409999997035,72886
pvdaq_1430,Dfb,lstm,4,0.0,2011-03-01 00:00:00,6334,1470,0.048408277332782745,0.026591042056679726,0.972061276435852,0.11017827474183288,-0.22826994097129402,-0.5847445526587114,0.06765514049204494,2974,8.736481861738536,4.284394250513348,0.3271899219644712,13729,75.17195899999979,0.1439092000000528,72886
pvdaq_1430,Dfb,gru,0,0.0,2011-03-01 00:00:00,6334,1470,0.04548602178692818,0.026128321886062622,0.9753326177597046,0.1035271586076306,-0.2120705992163394,-0.4960391525109298,0.13767677044398408,2980,8.736481861738536,4.284394250513348,0.3286414360667963,151809,105.36196180000024,0.20997479999959978,72886
pvdaq_1430,Dfb,gru,1,0.0,2011-03-01 00:00:00,6334,1470,0.04505421221256256,0.02528943121433258,0.9757987260818481,0.1025443507792597,-0.29035541049703406,-0.5563516710524907,0.03864920267709904,2976,8.736481861738536,4.281656399726215,0.32745625482728313,151809,115.36520519999976,0.22873970000000554,72886
pvdaq_1430,Dfb,gru,2,0.0,2011-03-01 00:00:00,6334,1470,0.04775810241699219,0.026699114590883255,0.9728066921234131,0.10869846272518613,-0.3127358343375408,-0.6259938890953443,-0.011712206515890333,2982,8.736481861738536,4.287132101300479,0.32929395158068553,151809,68.70251629999984,0.26219029999992927,72886
pvdaq_1430,Dfb,gru,3,0.0,2011-03-01 00:00:00,6334,1470,0.04938465356826782,0.027471192181110382,0.9709228873252869,0.1124005279400854,-0.2527111472565513,-0.7145005803764544,0.15627931268005213,2985,8.736481861738536,4.291238877481177,0.3310916984046662,151809,51.98128799999995,0.3085120000000643,72886
pvdaq_1430,Dfb,gru,4,0.0,2011-03-01 00:00:00,6334,1470,0.04531349614262581,0.025525236502289772,0.9755193591117859,0.10313448655059201,-0.28398223155347097,-0.6448870129396433,0.029411350491992394,2980,8.736481861738536,4.284394250513348,0.32894771885903,151809,99.88615200000004,0.21261029999959646,72886
pvdaq_1430,Dfb,tcn,0,0.0,2011-03-01 00:00:00,6334,1470,0.04564603045582771,0.025943605229258537,0.9751587510108948,0.10389134176089372,-0.1548812885327655,-0.5377648521252076,0.21395399640875912,2985,8.736481861738536,4.291238877481177,0.33151783098516524,198273,11.702502399999958,0.3394078000001173,72886
pvdaq_1430,Dfb,tcn,1,0.0,2011-03-01 00:00:00,6334,1470,0.04593338072299957,0.02554468624293804,0.9748449921607971,0.10454535711587021,-0.14096613925667079,-0.5276091985566722,0.2369050492074365,2984,8.736481861738536,4.289869952087612,0.3313313979811969,198273,8.53747169999997,0.33054470000024594,72886
pvdaq_1430,Dfb,tcn,2,0.0,2011-03-01 00:00:00,6334,1470,0.04543837904930115,0.02513674832880497,0.9753842353820801,0.10341872271763522,-0.10053503468571146,-0.46509438754470667,0.2661850318819159,2984,8.736481861738536,4.289869952087612,0.3308919487575572,198273,11.690953499999978,0.33310400000027585,72886
pvdaq_1430,Dfb,tcn,3,0.0,2011-03-01 00:00:00,6334,1470,0.04526606947183609,0.02504631318151951,0.975570559501648,0.10302654243334038,-0.0865829384089245,-0.503149415992188,0.20232340988857178,2979,8.736481861738536,4.285763175906913,0.3290009854315924,198273,15.326697599999989,0.3305843000002824,72886
pvdaq_1430,Dfb,tcn,4,0.0,2011-03-01 00:00:00,6334,1470,0.047374140471220016,0.026917386800050735,0.9732422232627869,0.10782455712303313,-0.21955423955985037,-0.6299297839441498,0.15390576287310775,2981,8.736481861738536,4.285763175906913,0.32964018430234104,198273,5.944251200000053,0.2932189000002836,72886
pvdaq_1430,Dfb,patchtst,0,0.0,2011-03-01 00:00:00,6334,1470,0.04938143864274025,0.028054308146238327,0.9709266424179077,0.11239321070081211,-0.25668753922680754,-0.5718881283721942,0.10164827489065331,2984,8.736481861738536,4.292607802874743,0.3309185820438384,25857,22.757317499999772,0.9649215999997978,72886
pvdaq_1430,Dfb,patchtst,1,0.0,2011-03-01 00:00:00,6334,1470,0.04947922006249428,0.02835102006793022,0.9708113670349121,0.11261576330387717,-0.34221970542407537,-0.6718824263484691,0.04652455883251694,2984,8.736481861738536,4.292607802874743,0.3311316483340879,25857,24.699382100000093,0.7894433999999819,72886
pvdaq_1430,Dfb,patchtst,2,0.0,2011-03-01 00:00:00,6334,1470,0.048904355615377426,0.028163297101855278,0.9714856743812561,0.11130735952494618,-0.22540006372732124,-0.5874837406483202,0.16878824136262738,2984,8.736481861738536,4.292607802874743,0.33115828162036914,25857,27.00199900000007,0.7913601000000199,72886
pvdaq_1430,Dfb,patchtst,3,0.0,2011-03-01 00:00:00,6334,1470,0.048380691558122635,0.02755710296332836,0.9720931053161621,0.11011548892860151,-0.18088496273043042,-0.5596518318018773,0.16134700980108274,2984,8.736481861738536,4.292607802874743,0.33098516525954136,25857,35.7442130999998,0.7920101999998224,72886
pvdaq_1430,Dfb,patchtst,4,0.0,2011-03-01 00:00:00,6334,1470,0.0491102859377861,0.027794305235147476,0.9712450504302979,0.11177606134393554,-0.09672298066640794,-0.5233608533597759,0.2473593033971988,2985,8.736481861738536,4.291238877481177,0.33150451434202466,25857,22.606489799999963,0.91234170000007,72886
pvdaq_1430,Dfb,informer,0,0.0,2011-03-01 00:00:00,6334,1470,0.047689080238342285,0.028200415894389153,0.972885251045227,0.10854136677008139,-0.24037080818207734,-0.6342741691785267,0.08727618763464562,2983,8.736481861738536,4.288501026694045,0.32878791914134287,81537,17.055495300000075,0.42350470000019413,72886
pvdaq_1430,Dfb,informer,1,0.0,2011-03-01 00:00:00,6334,1470,0.04745388403534889,0.026373524218797684,0.9731520414352417,0.10800605518083603,-0.33724571206798504,-0.7475496579964158,-0.029190657511274365,2981,8.736481861738536,4.285763175906913,0.3296135510160599,81537,17.92015249999986,0.424831599999834,72886
pvdaq_1430,Dfb,informer,2,0.0,2011-03-01 00:00:00,6334,1470,0.046891745179891586,0.026071451604366302,0.9737843871116638,0.10672661512074344,-0.15348722306332552,-0.44453194718555716,0.1675954587651185,2985,8.736481861738536,4.291238877481177,0.33075878232615125,81537,17.695742000000337,0.4251529000002847,72886
pvdaq_1430,Dfb,informer,3,0.0,2011-03-01 00:00:00,6334,1470,0.04610900208353996,0.026386575773358345,0.9746522903442383,0.10494507508928898,-0.1758041111100019,-0.5276260336577037,0.1650823228688037,2985,8.736481861738536,4.291238877481177,0.3312115481929315,81537,29.888984199999868,0.4261112000003777,72886
pvdaq_1430,Dfb,informer,4,0.0,2011-03-01 00:00:00,6334,1470,0.04671882465481758,0.027236828580498695,0.9739773273468018,0.10633304430662145,-0.28247849781833045,-0.6177056756588362,0.09940352872329157,2985,8.736481861738536,4.291238877481177,0.32958691772977866,81537,24.461771299999782,0.4236819999996442,72886
pvdaq_1430,Dfb,xgboost,0,-0.25,2011-03-01 00:00:00,6334,1470,0.0444401390850544,0.02362067997455597,0.9763664603233337,0.1013646649466701,-0.5051093794574477,-0.755751663519347,-0.14179353775168513,2985,8.736481861738536,4.291238877481177,0.3312781314086345,661,6.252342400000089,0.22406490000048507,72886
pvdaq_1430,Dfb,xgboost,1,-0.25,2011-03-01 00:00:00,6334,1470,0.04444879665970802,0.023455465212464333,0.9763572216033936,0.10138441223306666,-0.5044515955474005,-0.8264005059574253,-0.13390735082662097,2985,8.736481861738536,4.291238877481177,0.3313846645537593,630,5.577374899999995,0.2289746999995259,72886
pvdaq_1430,Dfb,xgboost,2,-0.25,2011-03-01 00:00:00,6334,1470,0.04430188611149788,0.023406710475683212,0.9765132665634155,0.10104932015633053,-0.5209354091707752,-0.8056231332044417,-0.13547625113506934,2985,8.736481861738536,4.291238877481177,0.3313047646949157,631,5.677416699999412,0.21663649999936752,72886
pvdaq_1430,Dfb,xgboost,3,-0.25,2011-03-01 00:00:00,6334,1470,0.04440658539533615,0.023600101470947266,0.9764021039009094,0.10128813146621664,-0.4840415074952198,-0.8331904619346322,-0.04288998459807125,2985,8.736481861738536,4.291238877481177,0.3311316483340879,648,5.317471600000317,0.22157739999965997,72886
pvdaq_1430,Dfb,xgboost,4,-0.25,2011-03-01 00:00:00,6334,1470,0.04448804631829262,0.0234726220369339,0.976315438747406,0.1014739377965237,-0.5066711712557403,-0.8345394461619526,-0.14557723302039827,2985,8.736481861738536,4.291238877481177,0.3312648147654939,630,5.144307200000185,0.21079120000013063,72886
pvdaq_1430,Dfb,random_forest,0,-0.25,2011-03-01 00:00:00,6334,1470,0.04444633796811104,0.023273054510354996,0.9763598442077637,0.10137880413968381,-0.5263247892457357,-0.7773497583789339,-0.24233713192817752,2985,8.736481861738536,4.291238877481177,0.33194396356566436,3104656,2.585355399999571,0.8029780999995637,72886
pvdaq_1430,Dfb,random_forest,1,-0.25,2011-03-01 00:00:00,6334,1470,0.04449476674199104,0.02341044507920742,0.976308286190033,0.10148926658510346,-0.5298395261496336,-0.7960291748812324,-0.1950760101919191,2985,8.736481861738536,4.291238877481177,0.33195728020880494,3106964,2.669822099999692,0.824887600000693,72886
pvdaq_1430,Dfb,random_forest,2,-0.25,2011-03-01 00:00:00,6334,1470,0.044685669243335724,0.02347896620631218,0.9761045575141907,0.10192470104783656,-0.5004403780945252,-0.7617809808878002,-0.17759516540501452,2985,8.736481861738536,4.291238877481177,0.331890696993102,3108502,2.697848600000725,0.781909799999994,72886
pvdaq_1430,Dfb,random_forest,3,-0.25,2011-03-01 00:00:00,6334,1470,0.04473904147744179,0.02346751093864441,0.9760474562644958,0.1020464391598002,-0.47400808957624335,-0.7898338007693739,-0.18837979524187737,2985,8.736481861738536,4.291238877481177,0.3319306469225238,3109554,2.7219045000001643,0.8716263000005711,72886
pvdaq_1430,Dfb,random_forest,4,-0.25,2011-03-01 00:00:00,6334,1470,0.04458486661314964,0.023402420803904533,0.9762122631072998,0.10169477771625114,-0.4597165705905659,-0.7703134816363422,-0.16284638381777738,2985,8.736481861738536,4.291238877481177,0.3319705968519456,3105790,2.6412539000002653,0.8332202999999936,72886
pvdaq_1430,Dfb,lstm,0,-0.25,2011-03-01 00:00:00,6334,1470,0.04744967818260193,0.025868315249681473,0.9730570912361145,0.10822920066927326,-0.4799473725678516,-0.7819984678404834,-0.12575149406249697,2983,8.736481861738536,4.291238877481177,0.3303459663887927,13729,101.22021930000028,0.1437276999995447,72886
pvdaq_1430,Dfb,lstm,1,-0.25,2011-03-01 00:00:00,6334,1470,0.047610070556402206,0.025978034362196922,0.972874641418457,0.10859504379139198,-0.4649823184319958,-0.8268037348645954,-0.12273951359753038,2981,8.736481861738536,4.285763175906913,0.3286014861373745,13729,88.75516119999975,0.14105660000041098,72886
pvdaq_1430,Dfb,lstm,2,-0.25,2011-03-01 00:00:00,6334,1470,0.04658393934369087,0.025910980999469757,0.9740312695503235,0.10625451451517319,-0.4372743148491963,-0.7722808129571546,-0.10568300976447897,2981,8.736481861738536,4.288501026694045,0.33006631688284016,13729,111.63400290000027,0.13121329999921727,72886
pvdaq_1430,Dfb,lstm,3,-0.25,2011-03-01 00:00:00,6334,1470,0.04564494267106056,0.024937890470027924,0.9750676155090332,0.10411273266959792,-0.510148289794421,-0.8263908132463502,-0.13230640560927265,2980,8.736481861738536,4.287132101300479,0.3281753535568754,13729,111.2238739000004,0.14276369999970484,72886
pvdaq_1430,Dfb,lstm,4,-0.25,2011-03-01 00:00:00,6334,1470,0.048457857221364975,0.0267365463078022,0.9718999862670898,0.1105287823666861,-0.4479953730358699,-0.8090538650940671,-0.13757645070043845,2974,8.736481861738536,4.284394250513348,0.3272831384664554,13729,73.70083739999973,0.14157800000066345,72886
pvdaq_1430,Dfb,gru,0,-0.25,2011-03-01 00:00:00,6334,1470,0.04555065557360649,0.026265127584338188,0.9751705527305603,0.10389767078547704,-0.4246079574985795,-0.7002271510207254,-0.11733865259430318,2980,8.736481861738536,4.284394250513348,0.32880123578448345,151809,106.19318789999943,0.22789610000018,72886
pvdaq_1430,Dfb,gru,1,-0.25,2011-03-01 00:00:00,6334,1470,0.045074213296175,0.025357995182275772,0.9756872057914734,0.10281094124743846,-0.5186291010494393,-0.7583035523196613,-0.21458354021877124,2976,8.736481861738536,4.281656399726215,0.3276693211175327,151809,115.91831360000015,0.29001489999973273,72886
pvdaq_1430,Dfb,gru,2,-0.25,2011-03-01 00:00:00,6334,1470,0.04782040789723396,0.026829315349459648,0.9726344347000122,0.1090748076831831,-0.550722935965852,-0.8425489435010297,-0.21927688779501686,2982,8.736481861738536,4.287132101300479,0.32941380136895093,151809,66.68631540000024,0.19972490000054677,72886
pvdaq_1430,Dfb,gru,3,-0.25,2011-03-01 00:00:00,6334,1470,0.04946914315223694,0.027623943984508514,0.9707148671150208,0.11283545065482817,-0.4745564161358129,-0.9236837853925095,-0.07262274887515827,2985,8.736481861738536,4.291238877481177,0.3312248648360721,151809,42.015480600000046,0.21991179999986343,72886
pvdaq_1430,Dfb,gru,4,-0.25,2011-03-01 00:00:00,6334,1470,0.04536581039428711,0.025646759197115898,0.9753716588020325,0.10347605262553258,-0.47933554320553906,-0.8192343830701783,-0.18718116588787304,2980,8.736481861738536,4.284394250513348,0.3290009854315924,151809,98.59005909999996,0.2403543999998874,72886
pvdaq_1430,Dfb,tcn,0,-0.25,2011-03-01 00:00:00,6334,1470,0.04583941027522087,0.02700875699520111,0.9748547077178955,0.10455629886773614,-0.29582435664368134,-0.7063950453671964,-0.010137819834421524,2985,8.736481861738536,4.291238877481177,0.33154446427144646,198273,11.945844099999704,0.5370069000000512,72886
pvdaq_1430,Dfb,tcn,1,-0.25,2011-03-01 00:00:00,6334,1470,0.04576953500509262,0.025371510535478592,0.9749313592910767,0.10439691855321795,-0.27328408234678775,-0.6149952871744802,0.048389830686579316,2984,8.736481861738536,4.289869952087612,0.33154446427144646,198273,8.66297780000059,0.290936999999758,72886
pvdaq_1430,Dfb,tcn,2,-0.25,2011-03-01 00:00:00,6334,1470,0.04553033784031868,0.025493554770946503,0.975192666053772,0.10385132754106789,-0.2922533067506463,-0.7722040063945002,0.1029688203781506,2983,8.736481861738536,4.288501026694045,0.33085199882813543,198273,12.020153899999968,0.45562580000023445,72886
pvdaq_1430,Dfb,tcn,3,-0.25,2011-03-01 00:00:00,6334,1470,0.0468018539249897,0.026592914015054703,0.9737877249717712,0.1067515615311169,-0.44292183412725117,-0.8081263364304666,-0.02767597887788293,2977,8.736481861738536,4.280287474332649,0.32826857005885957,198273,6.447939600000609,0.4599719999996523,72886
pvdaq_1430,Dfb,tcn,4,-0.25,2011-03-01 00:00:00,6334,1470,0.047576166689395905,0.027454789727926254,0.9729132652282715,0.10851771158248703,-0.5109441080646815,-0.8432399683055536,-0.14934869824414498,2982,8.736481861738536,4.287132101300479,0.3295602844434975,198273,6.793831599999976,0.4545012999997198,72886
pvdaq_1430,Dfb,patchtst,0,-0.25,2011-03-01 00:00:00,6334,1470,0.0494782030582428,0.028222158551216125,0.9707041382789612,0.11285611562923284,-0.4720639806391591,-0.7954314310622435,-0.1466309293063887,2984,8.736481861738536,4.292607802874743,0.3310517484752444,25857,24.18541809999988,1.3285148999993908,72886
pvdaq_1430,Dfb,patchtst,1,-0.25,2011-03-01 00:00:00,6334,1470,0.049461085349321365,0.028366820886731148,0.9707244038581848,0.11281707140333258,-0.44711451196493,-0.7751671132359095,-0.12590581251907107,2984,8.736481861738536,4.292607802874743,0.3312781314086345,25857,29.10246289999941,1.0931857999994463,72886
pvdaq_1430,Dfb,patchtst,2,-0.25,2011-03-01 00:00:00,6334,1470,0.04905899986624718,0.028424564749002457,0.9711984395980835,0.11189994420456911,-0.4811354048939723,-0.8032774463025544,-0.06801454849300059,2984,8.736481861738536,4.292607802874743,0.3313313979811969,25857,27.396940900000118,1.0961731000006694,72886
pvdaq_1430,Dfb,patchtst,3,-0.25,2011-03-01 00:00:00,6334,1470,0.048378802835941315,0.02752876468002796,0.9719915986061096,0.1103484651702053,-0.4288108940097739,-0.7978435092272806,-0.06996838178185971,2984,8.736481861738536,4.292607802874743,0.33114496497722856,25857,35.23377839999921,0.9413581999997405,72886
pvdaq_1430,Dfb,patchtst,4,-0.25,2011-03-01 00:00:00,6334,1470,0.049249786883592606,0.02812102995812893,0.9709740281105042,0.11233511525685544,-0.3318102485366991,-0.7048403118335878,-0.006746343974652289,2985,8.736481861738536,4.291238877481177,0.33162436413029006,25857,21.751137700000072,0.7940449000006993,72886
pvdaq_1430,Dfb,informer,0,-0.25,2011-03-01 00:00:00,6334,1470,0.04510633647441864,0.025547640398144722,0.9756525754928589,0.10288421183719644,-0.34997078563391293,-0.7016212914326303,0.018671103643965417,2979,8.736481861738536,4.288501026694045,0.3305723493221829,81537,48.69273820000035,0.4356912999992346,72886
pvdaq_1430,Dfb,informer,1,-0.25,2011-03-01 00:00:00,6334,1470,0.04664856567978859,0.02626192755997181,0.9739591479301453,0.10640192240003013,-0.6175186727811977,-0.8960962962674957,-0.21477780174681896,2983,8.736481861738536,4.288501026694045,0.3300929501691214,81537,26.039117700000133,0.4374270999996952,72886
pvdaq_1430,Dfb,informer,2,-0.25,2011-03-01 00:00:00,6334,1470,0.046583142131567,0.025377564132213593,0.9740321636199951,0.10625269613337936,-0.426744942953039,-0.7969781166710457,-0.06288047399241316,2985,8.736481861738536,4.291238877481177,0.3311316483340879,81537,17.867758300000787,0.4374569000001429,72886
pvdaq_1430,Dfb,informer,3,-0.25,2011-03-01 00:00:00,6334,1470,0.0468953400850296,0.02736365981400013,0.9736829400062561,0.10696479653633276,-0.36366170301239675,-0.7008751511252131,-0.040604500690346254,2985,8.736481861738536,4.291238877481177,0.3313047646949157,81537,30.501453100000617,0.37037060000056954,72886
pvdaq_1430,Dfb,informer,4,-0.25,2011-03-01 00:00:00,6334,1470,0.0465887151658535,0.026703303679823875,0.9740259647369385,0.1062654078117138,-0.4467185091976411,-0.8068332095338575,-0.09486520068182606,2985,8.736481861738536,4.291238877481177,0.33002636695341836,81537,30.10742140000002,0.3702330999994956,72886
pvdaq_1430,Dfb,xgboost,0,-0.5,2011-03-01 00:00:00,6334,1470,0.044496096670627594,0.02373751625418663,0.9762189984321594,0.10171150251056292,-0.6864218744114969,-0.9892785170446061,-0.39231451061452205,2985,8.736481861738536,4.291238877481177,0.3318640637068208,694,5.752464300000611,0.23043929999948887,72886
pvdaq_1430,Dfb,xgboost,1,-0.5,2011-03-01 00:00:00,6334,1470,0.044606491923332214,0.023662105202674866,0.9761008620262146,0.1019638497469,-0.7081440781623705,-1.0590509555498895,-0.34846166596946837,2985,8.736481861738536,4.291238877481177,0.33195728020880494,625,5.272121899999547,0.2056657000002815,72886
pvdaq_1430,Dfb,xgboost,2,-0.5,2011-03-01 00:00:00,6334,1470,0.04445476084947586,0.023664254695177078,0.976263165473938,0.10161701493094505,-0.6989927872182657,-1.0452956223386152,-0.36634403462840626,2985,8.736481861738536,4.291238877481177,0.33195728020880494,640,5.227058800000123,0.20888790000026347,72886
pvdaq_1430,Dfb,xgboost,3,-0.5,2011-03-01 00:00:00,6334,1470,0.044582173228263855,0.023771319538354874,0.9761269092559814,0.10190826080315941,-0.7153828696295507,-1.049010061413498,-0.3258537745194523,2985,8.736481861738536,4.291238877481177,0.3318107971342584,648,5.741926899999271,0.22098650000043563,72886
pvdaq_1430,Dfb,xgboost,4,-0.5,2011-03-01 00:00:00,6334,1470,0.04465918242931366,0.023750901222229004,0.9760443568229675,0.10208429245833793,-0.7929106111555451,-1.0427812350931154,-0.36245604614648097,2985,8.736481861738536,4.291238877481177,0.3319306469225238,630,5.050554200000079,0.21637550000014016,72886
pvdaq_1430,Dfb,random_forest,0,-0.5,2011-03-01 00:00:00,6334,1470,0.04465748369693756,0.023643994703888893,0.9760462045669556,0.10208040940712075,-0.6626046702500497,-0.994538770992461,-0.39536524957751173,2985,8.736481861738536,4.291238877481177,0.33254321250699126,3106968,2.4704681000002893,0.8300054999999702,72886
pvdaq_1430,Dfb,random_forest,1,-0.5,2011-03-01 00:00:00,6334,1470,0.04479129984974861,0.02355988509953022,0.9759023785591125,0.10238629336056829,-0.7182940960868633,-1.016640066822172,-0.46693169366192055,2985,8.736481861738536,4.291238877481177,0.33254321250699126,3107700,2.4521051000001535,0.8552041000002646,72886
pvdaq_1430,Dfb,random_forest,2,-0.5,2011-03-01 00:00:00,6334,1470,0.044758789241313934,0.023677976801991463,0.9759373664855957,0.10231197891326067,-0.7497943943064966,-0.9976304588722334,-0.42687009017209343,2985,8.736481861738536,4.291238877481177,0.3325298958638506,3106928,2.510977200000525,0.7647708999993483,72886
pvdaq_1430,Dfb,random_forest,3,-0.5,2011-03-01 00:00:00,6334,1470,0.04465732350945473,0.02366185002028942,0.9760463237762451,0.10208004324220335,-0.6778054026654212,-1.0162371817218352,-0.3958603374604852,2985,8.736481861738536,4.291238877481177,0.3325698457932724,3106544,2.5295968999998877,0.7787743999997474,72886
pvdaq_1430,Dfb,random_forest,4,-0.5,2011-03-01 00:00:00,6334,1470,0.044594332575798035,0.023451289162039757,0.9761138558387756,0.1019360552750297,-0.6405156172075885,-1.0076726244502732,-0.41667301054661987,2985,8.736481861738536,4.291238877481177,0.33254321250699126,3108628,2.5692456999995557,0.7886325999998007,72886
pvdaq_1430,Dfb,lstm,0,-0.5,2011-03-01 00:00:00,6334,1470,0.04762425646185875,0.027099905535578728,0.9727577567100525,0.10886201359503918,-0.7358279167637094,-1.0584213596130219,-0.36084363808836656,2983,8.736481861738536,4.291238877481177,0.3308386821849948,13729,92.24044700000013,0.13522420000026614,72886
pvdaq_1430,Dfb,lstm,1,-0.5,2011-03-01 00:00:00,6334,1470,0.0476909801363945,0.026176853105425835,0.9726814031600952,0.10901453405633477,-0.7092407777886633,-1.0624264343260914,-0.36663527598121415,2981,8.736481861738536,4.285763175906913,0.32918741843556076,13729,87.90290999999979,0.15313869999954477,72886
pvdaq_1430,Dfb,lstm,2,-0.5,2011-03-01 00:00:00,6334,1470,0.046660322695970535,0.026096632704138756,0.9738494157791138,0.10665860343133655,-0.6545610214789166,-0.9657855281156147,-0.3373508930993696,2981,8.736481861738536,4.288501026694045,0.33059898260846404,13729,109.77710659999957,0.13813559999925928,72886
pvdaq_1430,Dfb,lstm,3,-0.5,2011-03-01 00:00:00,6334,1470,0.04575619846582413,0.025149211287498474,0.974852979183197,0.10459190902923855,-0.7550946310867723,-1.0461842016970757,-0.3703671773981565,2980,8.736481861738536,4.287132101300479,0.32876128585506165,13729,110.29486369999995,0.14891929999976128,72886
pvdaq_1430,Dfb,lstm,4,-0.5,2011-03-01 00:00:00,6334,1470,0.04851823300123215,0.026890859007835388,0.9717254042625427,0.11090551187539248,-0.6654862551612295,-0.9890720356317217,-0.35845789157157304,2974,8.736481861738536,4.284394250513348,0.32788238740778225,13729,72.99547630000052,0.1355174000000261,72886
pvdaq_1430,Dfb,gru,0,-0.5,2011-03-01 00:00:00,6334,1470,0.045627411454916,0.026409775018692017,0.9749943614006042,0.10429752095110503,-0.7070525809885679,-0.9710482668271245,-0.3614305250782657,2980,8.736481861738536,4.284394250513348,0.32936053479638855,151809,105.513011,0.2103476000002047,72886
pvdaq_1430,Dfb,gru,1,-0.5,2011-03-01 00:00:00,6334,1470,0.0450994074344635,0.02543211355805397,0.9755697250366211,0.10309058177508304,-0.7288161213672706,-1.0237771402242135,-0.4811180802468007,2976,8.736481861738536,4.281656399726215,0.328255253415719,151809,113.02858939999987,0.28587160000006406,72886
pvdaq_1430,Dfb,gru,2,-0.5,2011-03-01 00:00:00,6334,1470,0.04789211228489876,0.026972053572535515,0.9724504351615906,0.10947429242972596,-0.7688036195493249,-1.074849699116276,-0.428037078906196,2982,8.736481861738536,4.287132101300479,0.329906517165153,151809,65.25593949999984,0.2148299999998926,72886
pvdaq_1430,Dfb,gru,3,-0.5,2011-03-01 00:00:00,6334,1470,0.049562856554985046,0.02779666893184185,0.9704947471618652,0.11329336697191082,-0.6836085549990045,-1.1183330825318687,-0.30943796445121163,2985,8.736481861738536,4.291238877481177,0.3317708472048366,151809,41.45547780000015,0.21222639999996318,72886
pvdaq_1430,Dfb,gru,4,-0.5,2011-03-01 00:00:00,6334,1470,0.045426495373249054,0.02578086033463478,0.9752141237258911,0.10383825647457916,-0.7173690016414103,-1.03186960050633,-0.41585740278339833,2979,8.736481861738536,4.283025325119781,0.3295203345140757,151809,104.90094409999983,0.1970588999993197,72886
pvdaq_1430,Dfb,tcn,0,-0.5,2011-03-01 00:00:00,6334,1470,0.04568157717585564,0.02589663863182068,0.9749349355697632,0.10442133578596839,-0.5840100359394973,-0.9007061475397649,-0.1999880128119358,2984,8.736481861738536,4.289869952087612,0.3313447146243375,198273,11.525303200000053,0.28917230000024574,72886
pvdaq_1430,Dfb,tcn,1,-0.5,2011-03-01 00:00:00,6334,1470,0.045746684074401855,0.0253219585865736,0.9748634696006775,0.1045701605362371,-0.5033427640520949,-0.8097237135506142,-0.16155300665169348,2984,8.736481861738536,4.289869952087612,0.3320504967107891,198273,8.610413499999595,0.2800072,72886
pvdaq_1430,Dfb,tcn,2,-0.5,2011-03-01 00:00:00,6334,1470,0.04728582873940468,0.0277449581772089,0.9731435775756836,0.1080884178255758,-0.6100334321382235,-0.9340371399197211,-0.19338535086231845,2985,8.736481861738536,4.291238877481177,0.33202386342450796,198273,7.3625528000002305,0.4370040000003428,72886
pvdaq_1430,Dfb,tcn,3,-0.5,2011-03-01 00:00:00,6334,1470,0.04637446999549866,0.02757812850177288,0.9741688370704651,0.10600518639395203,-0.6723785255592363,-1.0076464392876432,-0.29067626463322727,2978,8.736481861738536,4.284394250513348,0.32977335073374703,198273,10.29011139999966,0.4350609000002805,72886
pvdaq_1430,Dfb,tcn,4,-0.5,2011-03-01 00:00:00,6334,1470,0.047121018171310425,0.02632773295044899,0.9733304381370544,0.10771168521834125,-0.6139853310737131,-0.9291949864025151,-0.27580938972302516,2985,8.736481861738536,4.291238877481177,0.3313846645537593,198273,8.635049900000013,0.4381163000007291,72886
pvdaq_1430,Dfb,patchtst,0,-0.5,2011-03-01 00:00:00,6334,1470,0.049575045704841614,0.028395866975188255,0.9704802632331848,0.11332122956748668,-0.7112593070193407,-1.0655209771598877,-0.34322813804036345,2984,8.736481861738536,4.292607802874743,0.33163768077343064,25857,23.202714500000184,0.9397417999998652,72886
pvdaq_1430,Dfb,patchtst,1,-0.5,2011-03-01 00:00:00,6334,1470,0.04964916780591011,0.028636377304792404,0.9703919291496277,0.11349066173868864,-0.7088145630783194,-1.065450432920001,-0.3815296217120734,2984,8.736481861738536,4.292607802874743,0.3317841638479772,25857,27.522831500000393,0.9410178999996788,72886
pvdaq_1430,Dfb,patchtst,2,-0.5,2011-03-01 00:00:00,6334,1470,0.04919113963842392,0.02862384356558323,0.9709357023239136,0.11244367702333197,-0.6553391378947337,-1.0525837926394832,-0.35267171760081567,2985,8.736481861738536,4.291238877481177,0.3318640637068208,25857,25.054595900000095,0.9423711999997977,72886
pvdaq_1430,Dfb,patchtst,3,-0.5,2011-03-01 00:00:00,6334,1470,0.04856918379664421,0.027832521125674248,0.9716659784317017,0.11102197786551808,-0.6951270123876974,-1.0279817668738422,-0.33661755862863124,2984,8.736481861738536,4.292607802874743,0.33167763070285244,25857,28.09972469999957,0.9437615999995614,72886
pvdaq_1430,Dfb,patchtst,4,-0.5,2011-03-01 00:00:00,6334,1470,0.049306418746709824,0.02813498117029667,0.9707993268966675,0.11270718803191841,-0.5650469304451899,-0.9459867246361886,-0.2391870169207625,2985,8.736481861738536,4.291238877481177,0.3321836631421951,25857,21.542083400000593,0.7933822000004511,72886
pvdaq_1430,Dfb,informer,0,-0.5,2011-03-01 00:00:00,6334,1470,0.048170313239097595,0.02872432768344879,0.9721294641494751,0.11011021870570682,-0.7511046167489088,-1.0528246055034107,-0.458831154779137,2983,8.736481861738536,4.288501026694045,0.32926731829440437,81537,17.967311899999913,0.37151689999973314,72886
pvdaq_1430,Dfb,informer,1,-0.5,2011-03-01 00:00:00,6334,1470,0.046903565526008606,0.02649611048400402,0.973576009273529,0.10721462060069031,-0.7932095202687117,-1.1394784087797218,-0.4307397938565196,2982,8.736481861738536,4.287132101300479,0.3302127999573867,81537,32.037067500000376,0.42687300000034156,72886
pvdaq_1430,Dfb,informer,2,-0.5,2011-03-01 00:00:00,6334,1470,0.04683251306414604,0.026102138683199883,0.9736560583114624,0.10705220517116149,-0.7019489661590466,-1.0469808439558026,-0.26746787994586285,2985,8.736481861738536,4.291238877481177,0.33158441420086826,81537,17.824764199999663,0.4246122999993531,72886
pvdaq_1430,Dfb,informer,3,-0.5,2011-03-01 00:00:00,6334,1470,0.046588655561208725,0.02694118767976761,0.9739296436309814,0.10649478295038046,-0.6310145200244193,-1.0379991184138286,-0.2946053868413734,2985,8.736481861738536,4.291238877481177,0.33194396356566436,81537,29.821726600000147,0.4246806999999535,72886
pvdaq_1430,Dfb,informer,4,-0.5,2011-03-01 00:00:00,6334,1470,0.04665601626038551,0.026976337656378746,0.9738542437553406,0.10664875955588249,-0.7120942263631524,-1.0541282020069598,-0.359721240280618,2985,8.736481861738536,4.291238877481177,0.33073214903987,81537,24.324296500000855,0.3727318999999625,72886
pvdaq_1430,Dfb,xgboost,0,-1.0,2011-03-01 00:00:00,6334,1470,0.04473632201552391,0.024219170212745667,0.9757832288742065,0.1027042200838327,-1.1371639567765994,-1.4825850569509196,-0.808803941485561,2985,8.736481861738536,4.291238877481177,0.33234346285988225,545,4.6747434999997495,0.18926920000012615,72886
pvdaq_1430,Dfb,xgboost,1,-1.0,2011-03-01 00:00:00,6334,1470,0.04476884379982948,0.023991256952285767,0.9757480025291443,0.10277888255813444,-1.2176006842638643,-1.5639780666799052,-0.8150614180738044,2985,8.736481861738536,4.291238877481177,0.33234346285988225,625,5.160881100000552,0.20408709999992425,72886
pvdaq_1430,Dfb,xgboost,2,-1.0,2011-03-01 00:00:00,6334,1470,0.04466838017106056,0.02403615042567253,0.9758567214012146,0.10254824136604174,-1.170248525103118,-1.5065242587136396,-0.7991050861600901,2985,8.736481861738536,4.291238877481177,0.3323035129304605,631,5.428540200000498,0.20865609999964363,72886
pvdaq_1430,Dfb,xgboost,3,-1.0,2011-03-01 00:00:00,6334,1470,0.04478584975004196,0.024066410958766937,0.9757295846939087,0.10281792427579624,-1.1715041148255612,-1.5270735492240783,-0.8280152943193283,2985,8.736481861738536,4.291238877481177,0.33211707992649214,643,5.317610799999784,0.21556220000002213,72886
pvdaq_1430,Dfb,xgboost,4,-1.0,2011-03-01 00:00:00,6334,1470,0.044760074466466904,0.024067718535661697,0.9757575392723083,0.1027587502025209,-1.1944744310050548,-1.498143526664042,-0.8522589076315547,2985,8.736481861738536,4.291238877481177,0.3322502463578981,598,5.1298249999999825,0.207980399999542,72886
pvdaq_1430,Dfb,random_forest,0,-1.0,2011-03-01 00:00:00,6334,1470,0.04476865381002426,0.023998867720365524,0.9757482409477234,0.10277844638560416,-1.119449034485176,-1.3631813351544726,-0.9285757758797475,2985,8.736481861738536,4.291238877481177,0.332716328867819,3106124,2.493089300000065,0.7980851000002076,72886
pvdaq_1430,Dfb,random_forest,1,-1.0,2011-03-01 00:00:00,6334,1470,0.04489431157708168,0.023897435516119003,0.9756118655204773,0.10306692747617369,-1.1495870012926845,-1.3811737549655256,-0.9026680152555755,2985,8.736481861738536,4.291238877481177,0.3326896955815378,3103528,2.4844137999998566,0.816146199999821,72886
pvdaq_1430,Dfb,random_forest,2,-1.0,2011-03-01 00:00:00,6334,1470,0.045023638755083084,0.02404020167887211,0.9754711985588074,0.10336383268325951,-1.1428530347720511,-1.3740541543964646,-0.8701721927102877,2985,8.736481861738536,4.291238877481177,0.3327030122246784,3107592,2.574027799999385,0.824572900000021,72886
pvdaq_1430,Dfb,random_forest,3,-1.0,2011-03-01 00:00:00,6334,1470,0.0449288971722126,0.024117782711982727,0.9755743145942688,0.10314632798149069,-1.123135378325013,-1.386516282411765,-0.8981919019216966,2985,8.736481861738536,4.291238877481177,0.3327030122246784,3106642,2.5376476999999795,0.8452731999996104,72886
pvdaq_1430,Dfb,random_forest,4,-1.0,2011-03-01 00:00:00,6334,1470,0.044943809509277344,0.02387259341776371,0.9755581021308899,0.10318056324891679,-1.1534576531176843,-1.414332293776166,-0.8854881151691147,2985,8.736481861738536,4.291238877481177,0.3327030122246784,3108972,2.5069806000001336,0.8105268999997861,72886
pvdaq_1430,Dfb,lstm,0,-1.0,2011-03-01 00:00:00,6334,1470,0.04778963699936867,0.02837448939681053,0.9723647832870483,0.10971392316083661,-1.236067525594483,-1.515818320663137,-0.8518077811601678,2983,8.736481861738536,4.291238877481177,0.3317175806322742,13729,96.85684420000052,0.13302370000019437,72886
pvdaq_1430,Dfb,lstm,1,-1.0,2011-03-01 00:00:00,6334,1470,0.04788551852107048,0.026607083156704903,0.9722537994384766,0.10993404489778716,-1.178521478280975,-1.5518717971493925,-0.8263458720375594,2981,8.736481861738536,4.285763175906913,0.32936053479638855,13729,87.38493220000055,0.14047389999996085,72886
pvdaq_1430,Dfb,lstm,2,-1.0,2011-03-01 00:00:00,6334,1470,0.04684316739439964,0.02649719826877117,0.9734485745429993,0.10754104845339721,-1.1404354286659313,-1.500688127762062,-0.8214936100938375,2981,8.736481861738536,4.288501026694045,0.3307854156124324,13729,109.44266990000051,0.1404446000005919,72886
pvdaq_1430,Dfb,lstm,3,-1.0,2011-03-01 00:00:00,6334,1470,0.045977018773555756,0.025340115651488304,0.9744213819503784,0.10555257209743772,-1.2512544535345644,-1.5923824008336251,-0.8881656371728053,2981,8.736481861738536,4.285763175906913,0.3296934508749035,13729,109.80505730000004,0.14259370000036142,72886
pvdaq_1430,Dfb,lstm,4,-1.0,2011-03-01 00:00:00,6334,1470,0.04866864159703255,0.02724117785692215,0.9713388085365295,0.11173191385801205,-1.1426181859384266,-1.4776815936261345,-0.8226212147565463,2974,8.736481861738536,4.284394250513348,0.3280821370548912,13729,72.94803610000054,0.1347234999993816,72886
pvdaq_1430,Dfb,gru,0,-1.0,2011-03-01 00:00:00,6334,1470,0.045809611678123474,0.026750801131129265,0.9746072888374329,0.10516824423143868,-1.1791475086078806,-1.4716559034438879,-0.8407573443416515,2979,8.736481861738536,4.283025325119781,0.3294937012277945,151809,105.01025469999968,0.24666119999983493,72886
pvdaq_1430,Dfb,gru,1,-1.0,2011-03-01 00:00:00,6334,1470,0.04516885429620743,0.025614799931645393,0.9753127098083496,0.10369721388724075,-1.1991370511358568,-1.491344765914182,-0.9379554388907134,2975,8.736481861738536,4.280287474332649,0.32844168641968735,151809,114.65445210000053,0.1605108999992808,72886
pvdaq_1430,Dfb,gru,2,-1.0,2011-03-01 00:00:00,6334,1470,0.04806223139166832,0.0272916778922081,0.9720486402511597,0.11033973666536762,-1.2505051242984442,-1.5999025093037966,-0.9319239011486791,2982,8.736481861738536,4.287132101300479,0.3300796335259808,151809,72.7719647999993,0.2061217000000397,72886
pvdaq_1430,Dfb,gru,3,-1.0,2011-03-01 00:00:00,6334,1470,0.04977952688932419,0.028192242607474327,0.9700154662132263,0.11428224885219916,-1.1360234811157301,-1.5628861356112467,-0.8426617956435466,2985,8.736481861738536,4.291238877481177,0.3319306469225238,151809,45.58696330000021,0.2384832000007009,72886
pvdaq_1430,Dfb,gru,4,-1.0,2011-03-01 00:00:00,6334,1470,0.04557335004210472,0.026076143607497215,0.9748685359954834,0.1046258423090228,-1.1952306839330795,-1.497226527079687,-0.9070402431573088,2978,8.736481861738536,4.281656399726215,0.3295070178709351,151809,100.29560390000006,0.1845408999997744,72886
pvdaq_1430,Dfb,tcn,0,-1.0,2011-03-01 00:00:00,6334,1470,0.04607095569372177,0.026219980791211128,0.9743167757987976,0.10576822948025476,-1.1056916465209787,-1.423461099071699,-0.7283872357675802,2984,8.736481861738536,4.289869952087612,0.3313447146243375,198273,8.275106399999459,0.28871950000029756,72886
pvdaq_1430,Dfb,tcn,1,-1.0,2011-03-01 00:00:00,6334,1470,0.045976895838975906,0.02594255469739437,0.974421501159668,0.10555228986815343,-0.9715873422208254,-1.3644954119570119,-0.6289825700386594,2984,8.736481861738536,4.289869952087612,0.3322102964284763,198273,8.514020300000084,0.2899827000001096,72886
pvdaq_1430,Dfb,tcn,2,-1.0,2011-03-01 00:00:00,6334,1470,0.0472082681953907,0.026751041412353516,0.97303307056427,0.10837923521816427,-1.0595742880158618,-1.3826857690987975,-0.7274211562230792,2985,8.736481861738536,4.291238877481177,0.3320105467813674,198273,7.735001699999884,0.29165439999997034,72886
pvdaq_1430,Dfb,tcn,3,-1.0,2011-03-01 00:00:00,6334,1470,0.047032859176397324,0.027060095220804214,0.9732331037521362,0.10797653679147792,-1.1462597659791351,-1.4573118080305703,-0.775963999230082,2979,8.736481861738536,4.283025325119781,0.32968013423176284,198273,6.361028100000112,0.2859465999999884,72886
pvdaq_1430,Dfb,tcn,4,-1.0,2011-03-01 00:00:00,6334,1470,0.04735661670565605,0.027195287868380547,0.9728633165359497,0.10871980899269393,-1.099557153155667,-1.4287718905901525,-0.8219510790857874,2983,8.736481861738536,4.288501026694045,0.33114496497722856,198273,8.403460300000006,0.2444789999999557,72886
pvdaq_1430,Dfb,patchtst,0,-1.0,2011-03-01 00:00:00,6334,1470,0.049812428653240204,0.028816651552915573,0.9699758291244507,0.11435778367156146,-1.1781200795712654,-1.5264869065689912,-0.8116418829181682,2984,8.736481861738536,4.292607802874743,0.3318374304205396,25857,22.99973610000052,0.8131585000000996,72886
pvdaq_1430,Dfb,patchtst,1,-1.0,2011-03-01 00:00:00,6334,1470,0.04994503781199455,0.02915608137845993,0.9698157906532288,0.1146622235452979,-1.2061667255864499,-1.533094813706537,-0.9093956804816505,2984,8.736481861738536,4.292607802874743,0.3320504967107891,25857,31.827573000000484,0.6696384999995644,72886
pvdaq_1430,Dfb,patchtst,2,-1.0,2011-03-01 00:00:00,6334,1470,0.049442511051893234,0.029061967507004738,0.9704201221466064,0.1135085386502913,-1.173027439789387,-1.503887366464607,-0.8449800871509818,2985,8.736481861738536,4.291238877481177,0.33206381335392976,25857,28.12428159999945,0.7861363000001802,72886
pvdaq_1430,Dfb,patchtst,3,-1.0,2011-03-01 00:00:00,6334,1470,0.048748329281806946,0.028132619336247444,0.9712448716163635,0.11191485830105771,-1.124484321191821,-1.5201242178021879,-0.8231616670203575,2984,8.736481861738536,4.292607802874743,0.3318773803499614,25857,28.53801039999962,0.7905765999994401,72886
pvdaq_1430,Dfb,patchtst,4,-1.0,2011-03-01 00:00:00,6334,1470,0.05038366839289665,0.029497353360056877,0.9692832827568054,0.11566921763168785,-1.1903006320862664,-1.553227546756784,-0.7481906672050509,2985,8.736481861738536,4.291238877481177,0.332583162436413,25857,11.879509399999733,0.7895278999994844,72886
pvdaq_1430,Dfb,informer,0,-1.0,2011-03-01 00:00:00,6334,1470,0.04840872809290886,0.029092935845255852,0.9716441631317139,0.11113521273177696,-1.34188200407801,-1.6653665374639184,-1.0400472835233265,2955,8.736481861738536,4.244695414099931,0.32688363917223745,81537,14.718192299999828,0.3700933999998597,72886
pvdaq_1430,Dfb,informer,1,-1.0,2011-03-01 00:00:00,6334,1470,0.047201499342918396,0.027108216658234596,0.9730408191680908,0.10836369550272254,-1.2629807017344286,-1.597577945172668,-0.9334099474623492,2982,8.736481861738536,4.287132101300479,0.33063893253788584,81537,26.120730800000274,0.3714698000003409,72886
pvdaq_1430,Dfb,informer,2,-1.0,2011-03-01 00:00:00,6334,1470,0.047369617968797684,0.02686471678316593,0.9728484153747559,0.10874965687760951,-1.1116721814043662,-1.4733107663283729,-0.7594588766847932,2985,8.736481861738536,4.291238877481177,0.3317442139185554,81537,15.614573300000302,0.3728649000004225,72886
pvdaq_1430,Dfb,informer,3,-1.0,2011-03-01 00:00:00,6334,1470,0.04889901354908943,0.029171308502554893,0.9710668325424194,0.11226079443198911,-1.2679745665376552,-1.6091488383717878,-0.988562304033358,2962,8.736481861738536,4.257015742642025,0.3269901723173622,81537,13.24129289999928,0.3684496999994735,72886
pvdaq_1430,Dfb,informer,4,-1.0,2011-03-01 00:00:00,6334,1470,0.04706334322690964,0.027540380135178566,0.9731983542442322,0.10804652110158229,-1.1758779014984788,-1.5308396969601956,-0.8064943796247392,2985,8.736481861738536,4.291238877481177,0.3312514981223533,81537,24.637047299999722,0.37114199999996345,72886
pvdaq_1430,Dfb,xgboost,0,-2.0,2011-03-01 00:00:00,6334,1470,0.04523102566599846,0.025016024708747864,0.9748778343200684,0.10474876331763334,-2.0941864533675414,-2.430346346163879,-1.8234001282276098,2985,8.736481861738536,4.291238877481177,0.33272964551095957,688,5.514341899999636,0.22432090000074822,72886
pvdaq_1430,Dfb,xgboost,1,-2.0,2011-03-01 00:00:00,6334,1470,0.0451175831258297,0.024765359237790108,0.975003719329834,0.10448604617568664,-2.102791652336637,-2.47086410434383,-1.774992041633502,2985,8.736481861738536,4.291238877481177,0.3327429621541002,653,5.6372253999998065,0.20962719999988622,72886
pvdaq_1430,Dfb,xgboost,2,-2.0,2011-03-01 00:00:00,6334,1470,0.04514625295996666,0.025035692378878593,0.9749719500541687,0.10455244152326387,-2.1405948457271116,-2.463436166818795,-1.7800100299521149,2985,8.736481861738536,4.291238877481177,0.332716328867819,672,5.268935899999633,0.21582649999982095,72886
pvdaq_1430,Dfb,xgboost,3,-2.0,2011-03-01 00:00:00,6334,1470,0.04529115930199623,0.024953873828053474,0.9748110175132751,0.1048880244533651,-2.096382363523145,-2.4792230100579293,-1.827241801939572,2985,8.736481861738536,4.291238877481177,0.3326896955815378,648,5.212184199999683,0.22151769999982207,72886
pvdaq_1430,Dfb,xgboost,4,-2.0,2011-03-01 00:00:00,6334,1470,0.04522077739238739,0.024931341409683228,0.9748892188072205,0.1047250297415958,-2.07733288007294,-2.464098919338155,-1.8005403191723612,2985,8.736481861738536,4.291238877481177,0.3327030122246784,630,5.358887999998842,0.21379539999907138,72886
pvdaq_1430,Dfb,random_forest,0,-2.0,2011-03-01 00:00:00,6334,1470,0.045303359627723694,0.025055404752492905,0.9747974276542664,0.10491627871055266,-1.9945699411325568,-2.24277309394506,-1.7811671085761982,2985,8.736481861738536,4.291238877481177,0.33302261166005276,3104108,2.3808818999987125,0.7582950999985769,72886
pvdaq_1430,Dfb,random_forest,1,-2.0,2011-03-01 00:00:00,6334,1470,0.04520478844642639,0.02500804513692856,0.9749069809913635,0.10468800156698542,-1.9721923147219544,-2.2609874101063077,-1.7688886415717642,2985,8.736481861738536,4.291238877481177,0.3330625615894745,3108556,2.3628169000003254,0.7814385000001494,72886
pvdaq_1430,Dfb,random_forest,2,-2.0,2011-03-01 00:00:00,6334,1470,0.04534976929426193,0.024989712983369827,0.9747457504272461,0.10502375704216871,-2.003196968537341,-2.210158550119697,-1.791193334986846,2985,8.736481861738536,4.291238877481177,0.33302261166005276,3107972,2.394911100000172,0.8032775000010588,72886
pvdaq_1430,Dfb,random_forest,3,-2.0,2011-03-01 00:00:00,6334,1470,0.04534265398979187,0.025052513927221298,0.9747536778450012,0.10500727898683185,-1.9907874508754215,-2.235535149454715,-1.7754527326212743,2985,8.736481861738536,4.291238877481177,0.33303592830319334,3108182,2.463016499999867,0.7989757999985159,72886
pvdaq_1430,Dfb,random_forest,4,-2.0,2011-03-01 00:00:00,6334,1470,0.04531024023890495,0.025027316063642502,0.9747897982597351,0.10493221324888102,-2.0242024211275798,-2.242278711291801,-1.7590943471504916,2985,8.736481861738536,4.291238877481177,0.33303592830319334,3108630,2.5489955000011832,0.7965388000011444,72886
pvdaq_1430,Dfb,lstm,0,-2.0,2011-03-01 00:00:00,6334,1470,0.04921795055270195,0.028823401778936386,0.9702538251876831,0.11398192673087046,-2.2548970049775185,-2.5615322860408614,-1.9648223225323824,2984,8.736481861738536,4.289869952087612,0.33246331264814766,13729,65.19447709999986,0.1360050000002957,72886
pvdaq_1430,Dfb,lstm,1,-2.0,2011-03-01 00:00:00,6334,1470,0.048402562737464905,0.02764393575489521,0.9712312817573547,0.11209360198004455,-2.170789448322904,-2.5601372927235966,-1.8438388881733214,2982,8.736481861738536,4.287132101300479,0.32989320052201243,13729,87.08633530000043,0.1336898999998084,72886
pvdaq_1430,Dfb,lstm,2,-2.0,2011-03-01 00:00:00,6334,1470,0.04865168407559395,0.02792203798890114,0.9709343910217285,0.11267053234367916,-2.1488599129033807,-2.460912914604066,-1.8777064392071194,2981,8.736481861738536,4.288501026694045,0.33066556582416706,13729,89.87965149999945,0.1452050000007148,72886
pvdaq_1430,Dfb,lstm,3,-2.0,2011-03-01 00:00:00,6334,1470,0.04645441845059395,0.026305995881557465,0.9735004901885986,0.10758197081958983,-2.3012928420166667,-2.5372195818005983,-1.905187755826964,2982,8.736481861738536,4.287132101300479,0.33014621674168376,13729,109.13364569999976,0.13708410000072035,72886
pvdaq_1430,Dfb,lstm,4,-2.0,2011-03-01 00:00:00,6334,1470,0.049123525619506836,0.02813502959907055,0.9703678488731384,0.11376325172111994,-2.1407473859735062,-2.4767087921615136,-1.8545643729167893,2974,8.736481861738536,4.284394250513348,0.32840173649026555,13729,73.38122359999943,0.1435218000005989,72886
pvdaq_1430,Dfb,gru,0,-2.0,2011-03-01 00:00:00,6334,1470,0.046294134110212326,0.02761891670525074,0.9736830592155457,0.10721077458455112,-2.131605442300522,-2.4575388632652686,-1.7768603616221124,2979,8.736481861738536,4.283025325119781,0.32974671744746586,151809,104.44391170000017,0.2032751000006101,72886
pvdaq_1430,Dfb,gru,1,-2.0,2011-03-01 00:00:00,6334,1470,0.04539693519473076,0.026168204843997955,0.974693238735199,0.10513298670636768,-2.146438014068519,-2.3917683638131404,-1.9079070746222726,2976,8.736481861738536,4.281656399726215,0.32897435214531123,151809,115.54883489999884,0.16816239999934623,72886
pvdaq_1430,Dfb,gru,2,-2.0,2011-03-01 00:00:00,6334,1470,0.048511356115341187,0.028103217482566833,0.9711018204689026,0.11234555230887061,-2.2436126310111493,-2.572250120582753,-1.932173343475535,2981,8.736481861738536,4.285763175906913,0.3303193331025115,151809,70.38201619999927,0.2636536999998498,72886
pvdaq_1430,Dfb,gru,3,-2.0,2011-03-01 00:00:00,6334,1470,0.050327055156230927,0.029124528169631958,0.9688981175422668,0.11655045870419886,-2.1146595632911547,-2.5031838962047415,-1.8699877531458964,2985,8.736481861738536,4.291238877481177,0.3322236130716169,151809,42.09424150000086,0.26238779999948747,72886
pvdaq_1430,Dfb,gru,4,-2.0,2011-03-01 00:00:00,6334,1470,0.04596824198961258,0.02679259143769741,0.9740522503852844,0.10645605376836044,-2.1423538179810797,-2.4770437174778226,-1.9179820087178334,2978,8.736481861738536,4.281656399726215,0.32964018430234104,151809,99.11171570000079,0.19443070000124862,72886
pvdaq_1430,Dfb,tcn,0,-2.0,2011-03-01 00:00:00,6334,1470,0.046062711626291275,0.026920629665255547,0.9739454984664917,0.1066748323051602,-1.9362942740748679,-2.3453457107678544,-1.6349986666297944,2985,8.736481861738536,4.291238877481177,0.3327429621541002,198273,12.032580399998551,0.2861990000001242,72886
pvdaq_1430,Dfb,tcn,1,-2.0,2011-03-01 00:00:00,6334,1470,0.047015994787216187,0.02748999558389187,0.9728559255599976,0.10888250349386537,-2.0470107358674827,-2.2953905356442594,-1.6950849113514743,2984,8.736481861738536,4.289869952087612,0.33243667936186644,198273,8.786437700000533,0.28551770000012766,72886
pvdaq_1430,Dfb,tcn,2,-2.0,2011-03-01 00:00:00,6334,1470,0.045973796397447586,0.02646331861615181,0.974045991897583,0.10646891700422811,-2.098706850334331,-2.373019318269934,-1.7355429996266802,2984,8.736481861738536,4.289869952087612,0.33247662929128824,198273,12.115268800000194,0.24203789999955916,72886
pvdaq_1430,Dfb,tcn,3,-2.0,2011-03-01 00:00:00,6334,1470,0.046218905597925186,0.027178838849067688,0.9737684726715088,0.10703655581519372,-2.0682942876861232,-2.423819771836233,-1.7094815228690874,2980,8.736481861738536,4.284394250513348,0.33067888246730764,198273,15.716869899999438,0.28415209999911895,72886
pvdaq_1430,Dfb,tcn,4,-2.0,2011-03-01 00:00:00,6334,1470,0.04806068539619446,0.02808297611773014,0.9716362357139587,0.11130186161649758,-2.2229681915801827,-2.5331474916937693,-1.884795778344417,2983,8.736481861738536,4.288501026694045,0.33119823154979094,198273,6.588244900000063,0.3118021999998746,72886
pvdaq_1430,Dfb,patchtst,0,-2.0,2011-03-01 00:00:00,6334,1470,0.05046295002102852,0.029806019738316536,0.9687299132347107,0.11686517230662476,-2.1903271087882716,-2.527373673425659,-1.8601360128778666,2984,8.736481861738536,4.292607802874743,0.3321037632833515,25857,24.039498000000094,0.7180330999999569,72886
pvdaq_1430,Dfb,patchtst,1,-2.0,2011-03-01 00:00:00,6334,1470,0.05079791694879532,0.030173003673553467,0.9683133959770203,0.11764090911381053,-2.1775300372938124,-2.468564436616272,-1.839625514258927,2983,8.736481861738536,4.291238877481177,0.3324100460755853,25857,28.56632239999999,0.8280918000000383,72886
pvdaq_1430,Dfb,patchtst,2,-2.0,2011-03-01 00:00:00,6334,1470,0.0501209981739521,0.0301249697804451,0.9691522717475891,0.11607325939799573,-2.1759981935686414,-2.539977643183733,-1.8406901045265545,2985,8.736481861738536,4.291238877481177,0.3323700961461635,25857,25.500120499998957,0.8313636999992013,72886
pvdaq_1430,Dfb,patchtst,3,-2.0,2011-03-01 00:00:00,6334,1470,0.04922763258218765,0.029067421332001686,0.9702421426773071,0.11400434896428434,-2.121691702384576,-2.4570937698879303,-1.7927588759943602,2984,8.736481861738536,4.292607802874743,0.3321969797853357,25857,28.443399300000237,0.8379702000001998,72886
pvdaq_1430,Dfb,patchtst,4,-2.0,2011-03-01 00:00:00,6334,1470,0.05072813108563423,0.030400333926081657,0.9684004187583923,0.11747929476269771,-2.188830554388171,-2.5418624426557788,-1.8043488562596062,2985,8.736481861738536,4.291238877481177,0.3327429621541002,25857,11.902333699999872,0.8386656000002404,72886
pvdaq_1430,Dfb,informer,0,-2.0,2011-03-01 00:00:00,6334,1470,0.04884529486298561,0.02950333058834076,0.970702588558197,0.11311890799392393,-2.187754587573311,-2.5029293389553136,-1.9134574654550058,2983,8.736481861738536,4.288501026694045,0.33081204889871363,81537,17.334859599999618,0.391487099999722,72886
pvdaq_1430,Dfb,informer,1,-2.0,2011-03-01 00:00:00,6334,1470,0.04757481813430786,0.02777176909148693,0.9722068309783936,0.11017666062735873,-2.2206294250516456,-2.556272459971032,-1.8956515664883602,2982,8.736481861738536,4.287132101300479,0.33094521533011956,81537,25.937982999999804,0.39240780000000086,72886
pvdaq_1430,Dfb,informer,2,-2.0,2011-03-01 00:00:00,6334,1470,0.04742590710520744,0.02691890113055706,0.972380518913269,0.1098318033990967,-2.1453588131617463,-2.432376300523331,-1.7570541823941799,2985,8.736481861738536,4.291238877481177,0.3320904466402109,81537,17.859561700000995,0.3930804999999964,72886
pvdaq_1430,Dfb,informer,3,-2.0,2011-03-01 00:00:00,6334,1470,0.04768076539039612,0.028389710932970047,0.9720829129219055,0.11042201973405005,-2.193764714598956,-2.548079309595158,-1.8169170928017393,2985,8.736481861738536,4.291238877481177,0.33251657922071004,81537,30.301073100001304,0.40247869999984687,72886
pvdaq_1430,Dfb,informer,4,-2.0,2011-03-01 00:00:00,6334,1470,0.04746976122260094,0.028331398963928223,0.9723294377326965,0.10993336343439805,-2.23649228890922,-2.589525618565058,-1.8277254145154853,2985,8.736481861738536,4.291238877481177,0.3322369297147575,81537,24.2630709999994,0.3996526000009908,72886
