system_id,climate,model,seed,injection,ref_end,n_train,n_val,val_rmse,val_mae,val_r2,val_nrmse_mean,plr,ci_low,ci_high,days,span_years,t_center_years,points_kept_fraction,parameters,train_seconds,inference_seconds,inference_samples
dkasc_18,BWh,xgboost,0,0.0,2016-01-01 00:00:00,6885,1617,0.02410670928657055,0.014338929206132889,0.993547260761261,0.05100732662809579,-0.3858691024034966,-0.4742065345465063,-0.2935635190489101,3374,12.238193018480493,5.260438056125941,0.29715055560620335,1450,8.505680300004315,0.2183513999916613,81081
dkasc_18,BWh,xgboost,1,0.0,2016-01-01 00:00:00,6885,1617,0.024222351610660553,0.014416217803955078,0.9934852123260498,0.05125201393596393,-0.3876161354053831,-0.488042655950649,-0.28607289774247746,3374,12.238193018480493,5.260438056125941,0.2971606851632378,906,8.378949100006139,0.13019460000214167,81081
dkasc_18,BWh,xgboost,2,0.0,2016-01-01 00:00:00,6885,1617,0.024073870852589607,0.014394056051969528,0.9935648441314697,0.05093784386675705,-0.3755376140864659,-0.47089898001851926,-0.2694863230350717,3374,12.238193018480493,5.260438056125941,0.2970897782639965,1270,5.471509499999229,0.19844110000121873,81081
dkasc_18,BWh,xgboost,3,0.0,2016-01-01 00:00:00,6885,1617,0.02413908764719963,0.014340454712510109,0.9935299158096313,0.05107583592136585,-0.38249443213247414,-0.47089903524670795,-0.28497407341134817,3374,12.238193018480493,5.260438056125941,0.29715055560620335,1010,5.496069900007569,0.16211119999934454,81081
dkasc_18,BWh,xgboost,4,0.0,2016-01-01 00:00:00,6885,1617,0.024020906537771225,0.014263099059462547,0.9935930967330933,0.0508257768038718,-0.35567586908655247,-0.4739785445230238,-0.2829418958790797,3374,12.238193018480493,5.260438056125941,0.297079648706962,1434,9.600924099999247,0.22000549999938812,81081
dkasc_18,BWh,random_forest,0,0.0,2016-01-01 00:00:00,6885,1617,0.02478623576462269,0.01479371078312397,0.9931783080101013,0.05244513502435641,-0.2537335293698573,-0.3583136164139411,-0.1435009852678082,3374,12.238193018480493,5.260438056125941,0.29739366497503067,3440136,1.6555586999893421,0.4192673000070499,81081
dkasc_18,BWh,random_forest,1,0.0,2016-01-01 00:00:00,6885,1617,0.024676760658621788,0.014708583243191242,0.9932384490966797,0.05221349691800798,-0.22303083854658956,-0.31930762888138325,-0.1166086912989528,3374,12.238193018480493,5.260438056125941,0.2973734058609617,3443964,1.155033100003493,0.41635720001067966,81081
dkasc_18,BWh,random_forest,2,0.0,2016-01-01 00:00:00,6885,1617,0.02473350800573826,0.014795414172112942,0.9932073354721069,0.05233356848958744,-0.23717710963478156,-0.36771761044058576,-0.1272112281631511,3374,12.238193018480493,5.260438056125941,0.29732275807578934,3444892,1.210760100002517,0.4500413999921875,81081
dkasc_18,BWh,random_forest,3,0.0,2016-01-01 00:00:00,6885,1617,0.02485067769885063,0.014859997667372227,0.99314284324646,0.05258148755379692,-0.2369338000631105,-0.3425611556131303,-0.11841734329590681,3374,12.238193018480493,5.260438056125941,0.29738353541799617,3441694,1.1725427999917883,0.4586223000078462,81081
dkasc_18,BWh,random_forest,4,0.0,2016-01-01 00:00:00,6885,1617,0.024829424917697906,0.01481982134282589,0.9931545257568359,0.0525365188466571,-0.227937855799476,-0.34080821446876963,-0.13038015582041718,3374,12.238193018480493,5.260438056125941,0.29739366497503067,3441284,1.2065265999990515,0.44419559999369085,81081
dkasc_18,BWh,lstm,0,0.0,2016-01-01 00:00:00,6885,1617,0.028945252299308777,0.01843365468084812,0.9906969666481018,0.06124518783598443,-0.3597562021877535,-0.4907102611224845,-0.19432359877019542,3374,12.238193018480493,5.260438056125941,0.29969307442185555,13729,49.80489889999444,1.1465994000027422,81081
dkasc_18,BWh,lstm,1,0.0,2016-01-01 00:00:00,6885,1617,0.026851067319512367,0.016814937815070152,0.9919944405555725,0.05681410701054656,-0.3642114808659003,-0.48329052884658924,-0.2534592531784796,3374,12.238193018480493,5.260438056125941,0.29969307442185555,13729,71.51239870001154,0.1094026000064332,81081
dkasc_18,BWh,lstm,2,0.0,2016-01-01 00:00:00,6885,1617,0.027819598093628883,0.01764998771250248,0.9914065003395081,0.05886341888291583,-0.3783396236211024,-0.5092098829181935,-0.26157839786039583,3374,12.238193018480493,5.260438056125941,0.2996728153077866,13729,64.01706860000559,0.09767139999894425,81081
dkasc_18,BWh,lstm,3,0.0,2016-01-01 00:00:00,6885,1617,0.027449119836091995,0.01745876856148243,0.9916338324546814,0.058079524852994495,-0.381462589295839,-0.5080935387969844,-0.25958990092662454,3374,12.238193018480493,5.260438056125941,0.29969307442185555,13729,72.15335410000989,0.10193029999209102,81081
dkasc_18,BWh,lstm,4,0.0,2016-01-01 00:00:00,6885,1617,0.02804080955684185,0.017704008147120476,0.9912692904472351,0.05933147967146438,-0.3489593451234564,-0.4865126552607679,-0.23631318840372506,3374,12.238193018480493,5.260438056125941,0.29969307442185555,13729,59.9121257999941,0.09709830000065267,81081
dkasc_18,BWh,gru,0,0.0,2016-01-01 00:00:00,6885,1617,0.026410240679979324,0.016437014564871788,0.9922551512718201,0.05588136301294279,-0.3677643712523937,-0.5041376320515145,-0.2316536555990678,3374,12.238193018480493,5.260438056125941,0.29968294486482105,151809,63.779787899999064,0.4129347999987658,81081
dkasc_18,BWh,gru,1,0.0,2016-01-01 00:00:00,6885,1617,0.026817286387085915,0.016695737838745117,0.9920145869255066,0.056742630019075244,-0.39682311267109593,-0.47434373426469834,-0.24035970407330332,3374,12.238193018480493,5.260438056125941,0.29958164929447634,151809,72.40562799999316,0.35617110000748653,81081
dkasc_18,BWh,gru,2,0.0,2016-01-01 00:00:00,6885,1617,0.026257626712322235,0.01638833060860634,0.9923443794250488,0.05555844749578295,-0.39934222832675614,-0.5192890852261409,-0.2717016756205892,3373,12.238193018480493,5.2590691307323745,0.29869024827544294,151809,79.63605820000521,0.25996010001108516,81081
dkasc_18,BWh,gru,3,0.0,2016-01-01 00:00:00,6885,1617,0.028005165979266167,0.018080011010169983,0.9912914633750916,0.05925606151372314,-0.33201440309176267,-0.47160651749805255,-0.20451050693344186,3374,12.238193018480493,5.260438056125941,0.29969307442185555,151809,57.98000850000244,0.2454892999958247,81081
dkasc_18,BWh,gru,4,0.0,2016-01-01 00:00:00,6885,1617,0.02588408999145031,0.01602151431143284,0.992560625076294,0.05476808207084641,-0.4057801323002146,-0.5292717757253651,-0.24817287504152719,3373,12.238193018480493,5.2590691307323745,0.2986294709332361,151809,78.53968230000464,0.2451052999967942,81081
dkasc_18,BWh,tcn,0,0.0,2016-01-01 00:00:00,6885,1617,0.026524178683757782,0.016984768211841583,0.9921881556510925,0.056122444153673956,-0.37146112823998045,-0.49443518866486014,-0.27172065361769776,3373,12.238193018480493,5.2590691307323745,0.2984471389066156,198273,5.890992500004359,0.4060583999962546,81081
dkasc_18,BWh,tcn,1,0.0,2016-01-01 00:00:00,6885,1617,0.025778716430068016,0.016260549426078796,0.992621123790741,0.054545122412624346,-0.37500780303940073,-0.5018473652120519,-0.2331149946872792,3373,12.238193018480493,5.2590691307323745,0.2985686935910293,198273,6.759692099993117,0.3855810999957612,81081
dkasc_18,BWh,tcn,2,0.0,2016-01-01 00:00:00,6885,1617,0.02620847336947918,0.016270281746983528,0.9923730492591858,0.055454444059085964,-0.32586504589594,-0.4468911714911192,-0.2002246154695131,3373,12.238193018480493,5.2590691307323745,0.29882193251689104,198273,4.117168600001605,0.3336752000031993,81081
dkasc_18,BWh,tcn,3,0.0,2016-01-01 00:00:00,6885,1617,0.025688346475362778,0.01603332906961441,0.9926727414131165,0.05435390884870651,-0.3800818435201192,-0.5094318818811432,-0.2889432732040769,3373,12.238193018480493,5.2590691307323745,0.2975861265586856,198273,5.720529099999112,0.47997380000015255,81081
dkasc_18,BWh,tcn,4,0.0,2016-01-01 00:00:00,6885,1617,0.025556690990924835,0.016090452671051025,0.9927476644515991,0.05407533933441584,-0.29882797479144907,-0.39965554449270524,-0.19286146895944323,3373,12.238193018480493,5.2590691307323745,0.2973430171898583,198273,6.354578700003913,0.41965699999127537,81081
dkasc_18,BWh,patchtst,0,0.0,2016-01-01 00:00:00,6885,1617,0.02981598861515522,0.019309906288981438,0.9901288747787476,0.06308757665568394,-0.35758275890955815,-0.48293006393667703,-0.23463385932552158,3373,12.238193018480493,5.2590691307323745,0.299531001509304,25857,16.721915599991917,1.666729500007932,81081
dkasc_18,BWh,patchtst,1,0.0,2016-01-01 00:00:00,6885,1617,0.029195234179496765,0.01896003820002079,0.9905356168746948,0.061774123878738194,-0.41311995991935657,-0.5341359459932792,-0.2840366674818208,3374,12.238193018480493,5.260438056125941,0.29969307442185555,25857,26.56738779999432,1.7633695999975316,81081
dkasc_18,BWh,patchtst,2,0.0,2016-01-01 00:00:00,6885,1617,0.029423994943499565,0.018926728516817093,0.9903867244720459,0.06225815821417874,-0.36122898630365075,-0.45584338444735195,-0.26295014966550845,3374,12.238193018480493,5.260438056125941,0.29969307442185555,25857,27.27697690000059,1.9548421999934362,81081
dkasc_18,BWh,patchtst,3,0.0,2016-01-01 00:00:00,6885,1617,0.029127027839422226,0.018925741314888,0.9905797839164734,0.06162980625226617,-0.38503710060076024,-0.5101880668832326,-0.2731284898843059,3374,12.238193018480493,5.260438056125941,0.29965255619371767,25857,31.138290599992615,1.9565551000123378,81081
dkasc_18,BWh,patchtst,4,0.0,2016-01-01 00:00:00,6885,1617,0.02981257438659668,0.019580697640776634,0.990131139755249,0.06308035249791118,-0.3782503853435105,-0.5398852184651304,-0.24873731518539818,3373,12.238193018480493,5.2590691307323745,0.2994702241670972,25857,25.33892970001034,1.942706099987845,81081
dkasc_18,BWh,informer,0,0.0,2016-01-01 00:00:00,6885,1617,0.0273140836507082,0.01734009012579918,0.9917159676551819,0.05779380212192392,-0.41855446552993525,-0.518750051220551,-0.29452423251215,3374,12.238193018480493,5.260438056125941,0.2992473739123388,81537,16.35705710000184,0.887939499996719,81081
dkasc_18,BWh,informer,1,0.0,2016-01-01 00:00:00,6885,1617,0.027121752500534058,0.017271878197789192,0.9918321967124939,0.05738684911639052,-0.37755993271396115,-0.5012533891786908,-0.26666851191297636,3374,12.238193018480493,5.260438056125941,0.29969307442185555,81537,16.55994490000012,0.7613772999902721,81081
dkasc_18,BWh,informer,2,0.0,2016-01-01 00:00:00,6885,1617,0.027770178392529488,0.01779150776565075,0.9914370179176331,0.05875885185944225,-0.3314569954389933,-0.437949800383067,-0.24542655875491315,3374,12.238193018480493,5.260438056125941,0.2996728153077866,81537,11.510530600004131,0.7620833999972092,81081
dkasc_18,BWh,informer,3,0.0,2016-01-01 00:00:00,6885,1617,0.026742853224277496,0.016727615147829056,0.9920588135719299,0.056585137073762865,-0.3940649060653556,-0.5085366933805047,-0.28513043296069385,3373,12.238193018480493,5.2590691307323745,0.29860921181916716,81537,11.779969399998663,0.6287779999984195,81081
dkasc_18,BWh,informer,4,0.0,2016-01-01 00:00:00,6885,1617,0.02674269862473011,0.016772199422121048,0.9920589327812195,0.05658480995696247,-0.3738307391142892,-0.5011588697469871,-0.2563592803793383,3374,12.238193018480493,5.260438056125941,0.2991764670130975,81537,13.443015600001672,0.842633799999021,81081
dkasc_18,BWh,xgboost,0,-0.25,2016-01-01 00:00:00,6885,1617,0.024231277406215668,0.014507588930428028,0.9934316873550415,0.051464585271272685,-0.6188380824212132,-0.7170224941237546,-0.5227726198797689,3374,12.238193018480493,5.260438056125941,0.297272110290617,1081,4.646067299996503,0.19588820000353735,81081
dkasc_18,BWh,xgboost,1,-0.25,2016-01-01 00:00:00,6885,1617,0.024250665679574013,0.014477073214948177,0.993421196937561,0.05150576384517888,-0.6275553183584412,-0.7436564114128295,-0.5190338869500599,3374,12.238193018480493,5.260438056125941,0.2973024989617204,906,3.8019368999957805,0.14601179999590386,81081
dkasc_18,BWh,xgboost,2,-0.25,2016-01-01 00:00:00,6885,1617,0.024080369621515274,0.01447861734777689,0.993513286113739,0.05114407362743256,-0.5920189031790114,-0.6837790653769826,-0.5041773708728825,3374,12.238193018480493,5.260438056125941,0.29724172161951357,1453,5.65290049999021,0.2721990999998525,81081
dkasc_18,BWh,xgboost,3,-0.25,2016-01-01 00:00:00,6885,1617,0.024121202528476715,0.0143757788464427,0.9934912323951721,0.051230798259690374,-0.620352532234711,-0.7047807705724496,-0.5250216869668201,3374,12.238193018480493,5.260438056125941,0.29725185117654807,1173,4.606551700009732,0.19787419999192934,81081
dkasc_18,BWh,xgboost,4,-0.25,2016-01-01 00:00:00,6885,1617,0.024229714646935463,0.014451573602855206,0.9934325814247131,0.05146126614133635,-0.609641651825872,-0.7120531136140337,-0.5028196875859196,3374,12.238193018480493,5.260438056125941,0.29725185117654807,1173,4.462057799988543,0.21015220000117552,81081
dkasc_18,BWh,random_forest,0,-0.25,2016-01-01 00:00:00,6885,1617,0.02499493584036827,0.014978358522057533,0.9930111765861511,0.05308651233453564,-0.46111909181583144,-0.5783344174954852,-0.3590785536992158,3374,12.238193018480493,5.260438056125941,0.2974747014313064,3439490,1.280074499998591,0.41178489998856094,81081
dkasc_18,BWh,random_forest,1,-0.25,2016-01-01 00:00:00,6885,1617,0.024872569367289543,0.014908252283930779,0.993079423904419,0.05282661931764955,-0.47789804780690726,-0.5803806765142916,-0.332795590858892,3374,12.238193018480493,5.260438056125941,0.29750509010240983,3443022,1.2920254999917233,0.4579777000035392,81081
dkasc_18,BWh,random_forest,2,-0.25,2016-01-01 00:00:00,6885,1617,0.024716094136238098,0.014855174347758293,0.9931662678718567,0.052494283026157815,-0.4491681519396218,-0.579807187321757,-0.3761853149537031,3374,12.238193018480493,5.260438056125941,0.29746457187427194,3443286,1.2896781000017654,0.44693439999537077,81081
dkasc_18,BWh,random_forest,3,-0.25,2016-01-01 00:00:00,6885,1617,0.024832438677549362,0.014988119713962078,0.9931017756462097,0.052741386118032973,-0.46089095632531485,-0.56598320096184,-0.36534617678575376,3374,12.238193018480493,5.260438056125941,0.29742405364613406,3440940,1.4646930000017164,0.4929219000041485,81081
dkasc_18,BWh,random_forest,4,-0.25,2016-01-01 00:00:00,6885,1617,0.024777518585324287,0.014935554005205631,0.9931322336196899,0.05262474184369115,-0.47837997708886937,-0.5731387139325417,-0.35731294440649597,3374,12.238193018480493,5.260438056125941,0.2975456083305477,3440908,1.360457500006305,0.44172360000084154,81081
dkasc_18,BWh,lstm,0,-0.25,2016-01-01 00:00:00,6885,1617,0.02899058535695076,0.01854163035750389,0.9905981421470642,0.06157283527215884,-0.6152332539776539,-0.7279851478392385,-0.4579982375117364,3374,12.238193018480493,5.260438056125941,0.2997741108781313,13729,45.87801169999875,0.11514870000246447,81081
dkasc_18,BWh,lstm,1,-0.25,2016-01-01 00:00:00,6885,1617,0.02686220034956932,0.01691826805472374,0.991927981376648,0.05705237810161022,-0.6102535492336765,-0.7400792831473435,-0.5103401701280541,3374,12.238193018480493,5.260438056125941,0.2997741108781313,13729,69.95150429999921,0.09816789999604225,81081
dkasc_18,BWh,lstm,2,-0.25,2016-01-01 00:00:00,6885,1617,0.027843419462442398,0.017804358154535294,0.9913275241851807,0.059136380271933506,-0.630880719615924,-0.7583584892235928,-0.5115744644650866,3374,12.238193018480493,5.260438056125941,0.2997741108781313,13729,63.53885929999524,0.10191979999945033,81081
dkasc_18,BWh,lstm,3,-0.25,2016-01-01 00:00:00,6885,1617,0.027447739616036415,0.017560651525855064,0.9915722608566284,0.05829599951717143,-0.6284806042953617,-0.7530762045012129,-0.5127990136486563,3374,12.238193018480493,5.260438056125941,0.2997741108781313,13729,70.64748139999574,0.09749259999080095,81081
dkasc_18,BWh,lstm,4,-0.25,2016-01-01 00:00:00,6885,1617,0.02806646004319191,0.017811523750424385,0.9911879897117615,0.059610094092072144,-0.5986628631643942,-0.7231868294722776,-0.5132070410254264,3374,12.238193018480493,5.260438056125941,0.2997741108781313,13729,58.667188699997496,0.09479630000714678,81081
dkasc_18,BWh,gru,0,-0.25,2016-01-01 00:00:00,6885,1617,0.026395531371235847,0.01653672754764557,0.9922059774398804,0.056061224188166926,-0.6122491475928027,-0.7539705737969256,-0.4824981423363961,3374,12.238193018480493,5.260438056125941,0.2997741108781313,151809,74.22643770001014,0.22594730000128038,81081
dkasc_18,BWh,gru,1,-0.25,2016-01-01 00:00:00,6885,1617,0.02697199396789074,0.01727178692817688,0.991861879825592,0.05728556774892509,-0.6505654938609584,-0.7727035257278485,-0.538955637388866,3374,12.238193018480493,5.260438056125941,0.2997133335359245,151809,77.17165429999295,0.24930959999619517,81081
dkasc_18,BWh,gru,2,-0.25,2016-01-01 00:00:00,6885,1617,0.026259077712893486,0.016132326796650887,0.9922863841056824,0.055771411529196825,-0.6250175747533837,-0.7491817421113258,-0.4857097771841068,3374,12.238193018480493,5.260438056125941,0.2997741108781313,151809,77.98447199999646,0.2457291000027908,81081
dkasc_18,BWh,gru,3,-0.25,2016-01-01 00:00:00,6885,1617,0.02798319049179554,0.018100744113326073,0.9912402033805847,0.05943323866441566,-0.5959355088327012,-0.7166985601353371,-0.4529639527207081,3374,12.238193018480493,5.260438056125941,0.2997741108781313,151809,57.60676000000967,0.25482000000192784,81081
dkasc_18,BWh,gru,4,-0.25,2016-01-01 00:00:00,6885,1617,0.02592059224843979,0.01614212989807129,0.9924839735031128,0.0550525053916279,-0.6412736617136836,-0.78425381772948,-0.4968583044528908,3373,12.238193018480493,5.2590691307323745,0.2988725803020634,151809,78.18313679999846,0.24692019999201875,81081
dkasc_18,BWh,tcn,0,-0.25,2016-01-01 00:00:00,6885,1617,0.026869725435972214,0.017501283437013626,0.991923451423645,0.05706836056280544,-0.6010659429885619,-0.7263940299597926,-0.4913297422274754,3373,12.238193018480493,5.2590691307323745,0.29859908226213266,198273,4.765224300004775,0.38131860000430606,81081
dkasc_18,BWh,tcn,1,-0.25,2016-01-01 00:00:00,6885,1617,0.025860054418444633,0.016269244253635406,0.9925190210342407,0.05492392965615618,-0.6075388048724052,-0.7314486581226707,-0.4717186442750876,3374,12.238193018480493,5.260438056125941,0.29968294486482105,198273,7.090621800001827,0.3843351000105031,81081
dkasc_18,BWh,tcn,2,-0.25,2016-01-01 00:00:00,6885,1617,0.02631637267768383,0.016486521810293198,0.9922527074813843,0.05589309977334655,-0.5748856935324362,-0.6882464635000918,-0.4345216930525973,3374,12.238193018480493,5.260438056125941,0.2996120379655798,198273,4.521486799989361,0.3852748000063002,81081
dkasc_18,BWh,tcn,3,-0.25,2016-01-01 00:00:00,6885,1617,0.02582782320678234,0.01632465422153473,0.9925376772880554,0.054855474084739834,-0.6171518420318822,-0.7371057917421153,-0.4984477237164839,3373,12.238193018480493,5.2590691307323745,0.29791027238378864,198273,7.140530200005742,0.38640179998765234,81081
dkasc_18,BWh,tcn,4,-0.25,2016-01-01 00:00:00,6885,1617,0.025739947333931923,0.01660291478037834,0.9925883412361145,0.054668835333683406,-0.6083804737022913,-0.7203028777989503,-0.462185812714241,3373,12.238193018480493,5.2590691307323745,0.29913594878495964,198273,6.984265899998718,0.3846023999940371,81081
dkasc_18,BWh,patchtst,0,-0.25,2016-01-01 00:00:00,6885,1617,0.029781846329569817,0.019543694332242012,0.9900779128074646,0.06325338711078118,-0.603988972367224,-0.7314014737775812,-0.4820939628441878,3373,12.238193018480493,5.2590691307323745,0.2996120379655798,25857,12.460822500012,1.1047451000049477,81081
dkasc_18,BWh,patchtst,1,-0.25,2016-01-01 00:00:00,6885,1617,0.02934243157505989,0.019207019358873367,0.9903685450553894,0.06232011819045878,-0.6516988440424735,-0.760537362425745,-0.5389661850583314,3374,12.238193018480493,5.260438056125941,0.2997741108781313,25857,19.425535600006697,1.3719027999904938,81081
dkasc_18,BWh,patchtst,2,-0.25,2016-01-01 00:00:00,6885,1617,0.029489286243915558,0.019072704017162323,0.9902719259262085,0.0626320214591601,-0.5961411798194483,-0.7229434852670469,-0.4859711479565654,3374,12.238193018480493,5.260438056125941,0.2997741108781313,25857,19.68135389999952,1.6345967000088422,81081
dkasc_18,BWh,patchtst,3,-0.25,2016-01-01 00:00:00,6885,1617,0.029132401570677757,0.019054202362895012,0.9905059337615967,0.06187403741275792,-0.5966657982402424,-0.7187531368920752,-0.45781542727062474,3374,12.238193018480493,5.260438056125941,0.2997538517640624,25857,32.57108320000407,1.977348099986557,81081
dkasc_18,BWh,patchtst,4,-0.25,2016-01-01 00:00:00,6885,1617,0.0298487339168787,0.01968366652727127,0.9900333285331726,0.06339544903690006,-0.6321564633186672,-0.7615766771937094,-0.47855916457824055,3373,12.238193018480493,5.2590691307323745,0.29955126062337295,25857,25.82636760000605,1.9773955999989994,81081
dkasc_18,BWh,informer,0,-0.25,2016-01-01 00:00:00,6885,1617,0.02906090021133423,0.018964074552059174,0.9905524849891663,0.06172217633902009,-0.6787998016003814,-0.8085275560250904,-0.5818696357489272,3374,12.238193018480493,5.260438056125941,0.2997133335359245,81537,9.389885099997628,0.9559762999997474,81081
dkasc_18,BWh,informer,1,-0.25,2016-01-01 00:00:00,6885,1617,0.02690165676176548,0.0172814279794693,0.9919042587280273,0.05713617920940683,-0.6041626195873673,-0.7387639761243855,-0.43534790476708607,3374,12.238193018480493,5.260438056125941,0.29970320397889,81537,19.029528400002164,0.8925106999959098,81081
dkasc_18,BWh,informer,2,-0.25,2016-01-01 00:00:00,6885,1617,0.027934225276112556,0.018290825188159943,0.9912708401679993,0.059329241897113714,-0.5873611212386634,-0.7048650019448863,-0.4757441148270951,3374,12.238193018480493,5.260438056125941,0.29976398132109683,81537,14.102900800004136,0.876708999989205,81081
dkasc_18,BWh,informer,3,-0.25,2016-01-01 00:00:00,6885,1617,0.027008287608623505,0.01715955138206482,0.9918399453163147,0.057362651475754006,-0.641672117751092,-0.7450844617299315,-0.5473161264115678,3373,12.238193018480493,5.2590691307323745,0.2988928394161323,81537,16.435926899997867,0.878805200001807,81081
dkasc_18,BWh,informer,4,-0.25,2016-01-01 00:00:00,6885,1617,0.027012906968593597,0.01716877520084381,0.9918371438980103,0.057372462491537206,-0.6171618459298256,-0.7236893599984164,-0.5012460039446831,3373,12.238193018480493,5.2590691307323745,0.2988725803020634,81537,20.409649400011403,0.6590175000019372,81081
dkasc_18,BWh,xgboost,0,-0.5,2016-01-01 00:00:00,6885,1617,0.024313941597938538,0.014652011916041374,0.9933374524116516,0.05183596504175104,-0.8492342814282183,-0.9576679934202803,-0.7575404739575013,3374,12.238193018480493,5.260438056125941,0.2975456083305477,1141,5.702254600008018,0.2369100000069011,81081
dkasc_18,BWh,xgboost,1,-0.5,2016-01-01 00:00:00,6885,1617,0.024330584332346916,0.01466996781527996,0.993328332901001,0.05187144642166293,-0.8584791011797377,-0.9713828579462523,-0.7443021364643142,3374,12.238193018480493,5.260438056125941,0.29760638567275455,906,4.542301699999371,0.18690899999637622,81081
dkasc_18,BWh,xgboost,2,-0.5,2016-01-01 00:00:00,6885,1617,0.024273300543427467,0.014680574648082256,0.9933596849441528,0.05174932058419117,-0.8395979658573471,-0.9481103885658011,-0.7386082617081124,3374,12.238193018480493,5.260438056125941,0.2975861265586856,1278,5.985594600002514,0.26395209999463987,81081
dkasc_18,BWh,xgboost,3,-0.5,2016-01-01 00:00:00,6885,1617,0.02415947988629341,0.01454606931656599,0.9934217929840088,0.05150666130245915,-0.8485650182376625,-0.9354597936573237,-0.7632972816211645,3374,12.238193018480493,5.260438056125941,0.2975354787735132,1163,5.220140099991113,0.23695249999582302,81081
dkasc_18,BWh,xgboost,4,-0.5,2016-01-01 00:00:00,6885,1617,0.024392858147621155,0.014639374800026417,0.9932941198348999,0.05200421071652516,-0.864194977064767,-0.9616917267673275,-0.7473687977974097,3374,12.238193018480493,5.260438056125941,0.29755573788758216,1106,5.0712502999958815,0.2043773999903351,81081
dkasc_18,BWh,random_forest,0,-0.5,2016-01-01 00:00:00,6885,1617,0.024871056899428368,0.015086778439581394,0.9930286407470703,0.053023703737919495,-0.6927389419960794,-0.8069617872105839,-0.5949133722388034,3374,12.238193018480493,5.260438056125941,0.29777858814234054,3440480,1.4785002999997232,0.4721591000125045,81081
dkasc_18,BWh,random_forest,1,-0.5,2016-01-01 00:00:00,6885,1617,0.02482231706380844,0.01504515577107668,0.9930559396743774,0.05291979313152281,-0.6977901920925682,-0.8234708484082753,-0.577710508721295,3374,12.238193018480493,5.260438056125941,0.2977583290282716,3438968,1.403823000000557,0.4514578999951482,81081
dkasc_18,BWh,random_forest,2,-0.5,2016-01-01 00:00:00,6885,1617,0.024769451469182968,0.015037071891129017,0.9930854439735413,0.05280708663743673,-0.7044538871399997,-0.8055878987517961,-0.5992265985268586,3374,12.238193018480493,5.260438056125941,0.29782923592751287,3443838,1.4039751999953296,0.45716900000115857,81081
dkasc_18,BWh,random_forest,3,-0.5,2016-01-01 00:00:00,6885,1617,0.02498406358063221,0.015115083195269108,0.9929651021957397,0.053264627668445974,-0.6870245706845635,-0.8061910369521641,-0.5858907661837414,3374,12.238193018480493,5.260438056125941,0.2977481994712371,3441710,1.3843287999916356,0.4800124000030337,81081
dkasc_18,BWh,random_forest,4,-0.5,2016-01-01 00:00:00,6885,1617,0.024883076548576355,0.015060200355947018,0.9930219054222107,0.05304932895835278,-0.7026618604941415,-0.816574285224855,-0.5769737682033982,3374,12.238193018480493,5.260438056125941,0.2977988472564095,3439616,1.2667321000044467,0.43209200000273995,81081
dkasc_18,BWh,lstm,0,-0.5,2016-01-01 00:00:00,6885,1617,0.027493007481098175,0.01761382631957531,0.9914812445640564,0.05861355588694984,-0.8690149467547148,-0.9811085412592059,-0.7647870197950168,3374,12.238193018480493,5.260438056125941,0.3000273498039931,13729,69.04724759999954,0.17064979999850038,81081
dkasc_18,BWh,lstm,1,-0.5,2016-01-01 00:00:00,6885,1617,0.026917917653918266,0.017081232741475105,0.9918339252471924,0.05738749650626547,-0.8808504567348774,-0.9820312725093712,-0.7655395896779211,3374,12.238193018480493,5.260438056125941,0.3000273498039931,13729,70.7477768999961,0.10299189999932423,81081
dkasc_18,BWh,lstm,2,-0.5,2016-01-01 00:00:00,6885,1617,0.02791292779147625,0.018017208203673363,0.9912190437316895,0.059508802527294014,-0.869264521801085,-1.0044634908160526,-0.7658499417115074,3374,12.238193018480493,5.260438056125941,0.3000273498039931,13729,64.05073979998997,0.09943380000186153,81081
dkasc_18,BWh,lstm,3,-0.5,2016-01-01 00:00:00,6885,1617,0.027496783062815666,0.017716817557811737,0.9914789199829102,0.05862160521622587,-0.8566168758665393,-0.9949246142955004,-0.7675954045796642,3374,12.238193018480493,5.260438056125941,0.3000273498039931,13729,71.02792359999148,0.1022477000078652,81081
dkasc_18,BWh,lstm,4,-0.5,2016-01-01 00:00:00,6885,1617,0.02814144268631935,0.01799251325428486,0.9910746812820435,0.05999598351573609,-0.8664079062225438,-0.968087738797186,-0.7470417966643328,3374,12.238193018480493,5.260438056125941,0.3000273498039931,13729,58.65009799999825,0.09969260000798386,81081
dkasc_18,BWh,gru,0,-0.5,2016-01-01 00:00:00,6885,1617,0.02640833519399166,0.016696050763130188,0.9921401739120483,0.05630109517260081,-0.8636309978606371,-1.006461594894857,-0.7357224916019007,3374,12.238193018480493,5.260438056125941,0.3000273498039931,151809,75.14143050000712,0.26672279999183957,81081
dkasc_18,BWh,gru,1,-0.5,2016-01-01 00:00:00,6885,1617,0.026982860639691353,0.017267202958464622,0.9917944669723511,0.05752595132350193,-0.9301351015613748,-1.030795379568977,-0.7774005682127383,3374,12.238193018480493,5.260438056125941,0.2999767020188207,151809,76.44291910000902,0.24965469999006018,81081
dkasc_18,BWh,gru,2,-0.5,2016-01-01 00:00:00,6885,1617,0.02632368542253971,0.016158998012542725,0.9921904802322388,0.0561206265893355,-0.8691148102902779,-0.9951900797450564,-0.7461299333072047,3374,12.238193018480493,5.260438056125941,0.3000273498039931,151809,77.61266330000944,0.2599440999911167,81081
dkasc_18,BWh,gru,3,-0.5,2016-01-01 00:00:00,6885,1617,0.02800258807837963,0.01816062442958355,0.9911625385284424,0.0596999532495591,-0.8400487951456537,-0.9673709676944477,-0.6977782661848675,3374,12.238193018480493,5.260438056125941,0.3000273498039931,151809,57.367720199996256,0.25134490001073573,81081
dkasc_18,BWh,gru,4,-0.5,2016-01-01 00:00:00,6885,1617,0.026683544740080833,0.01708829775452614,0.9919754862785339,0.05688782654862106,-0.8896419123208643,-1.0054026850056077,-0.7633727514292938,3374,12.238193018480493,5.260438056125941,0.30000709068992415,151809,73.86996859998908,0.25512739999976475,81081
dkasc_18,BWh,tcn,0,-0.5,2016-01-01 00:00:00,6885,1617,0.02684919163584709,0.018209153786301613,0.9918755888938904,0.057240976475531405,-0.8358111904355143,-0.9659396299667314,-0.7353660556203085,3374,12.238193018480493,5.260438056125941,0.2999463133477173,198273,5.9239095999946585,0.3839014999975916,81081
dkasc_18,BWh,tcn,1,-0.5,2016-01-01 00:00:00,6885,1617,0.02653856761753559,0.01736350916326046,0.9920624494552612,0.05657874342337633,-0.7954068586537155,-0.9464322300039536,-0.6852624668002516,3374,12.238193018480493,5.260438056125941,0.2998044995492347,198273,4.729338199991616,0.38122070000099484,81081
dkasc_18,BWh,tcn,2,-0.5,2016-01-01 00:00:00,6885,1617,0.026198813691735268,0.016596853733062744,0.9922643899917603,0.05585440703597312,-0.8318663133416004,-0.9540958296598168,-0.7137797141437354,3374,12.238193018480493,5.260438056125941,0.29973359264999344,198273,4.315137500001583,0.38436470000306144,81081
dkasc_18,BWh,tcn,3,-0.5,2016-01-01 00:00:00,6885,1617,0.02603606879711151,0.016577839851379395,0.9923602342605591,0.05550744401336079,-0.8947502278256025,-1.010771552367068,-0.7665308489640421,3374,12.238193018480493,5.260438056125941,0.2996120379655798,198273,5.276153099999647,0.38816819999192376,81081
dkasc_18,BWh,tcn,4,-0.5,2016-01-01 00:00:00,6885,1617,0.027390746399760246,0.018436340615153313,0.9915445446968079,0.058395540974969705,-0.8310139140990198,-0.9468400887271756,-0.6889401911488735,3374,12.238193018480493,5.260438056125941,0.3000172202469586,198273,3.3496405000041705,0.3952545000065584,81081
dkasc_18,BWh,patchtst,0,-0.5,2016-01-01 00:00:00,6885,1617,0.029834773391485214,0.019688742235302925,0.9899682402610779,0.06360606997101256,-0.8613708541154508,-0.987128166017065,-0.7310364828261751,3373,12.238193018480493,5.2590691307323745,0.29986527689144155,25857,12.558450099997572,1.1368218999996316,81081
dkasc_18,BWh,patchtst,1,-0.5,2016-01-01 00:00:00,6885,1617,0.02859051339328289,0.018682342022657394,0.9907875657081604,0.06095337717293768,-0.8549524092401817,-0.9782355730299563,-0.7228590188969313,3374,12.238193018480493,5.260438056125941,0.30000709068992415,25857,27.7317333999963,1.2146773999993457,81081
dkasc_18,BWh,patchtst,2,-0.5,2016-01-01 00:00:00,6885,1617,0.02951723523437977,0.019231952726840973,0.9901806712150574,0.06292909636124888,-0.8490425875727847,-0.9710882678872554,-0.7338734945603831,3374,12.238193018480493,5.260438056125941,0.3000273498039931,25857,18.354441800009226,1.407419100010884,81081
dkasc_18,BWh,patchtst,3,-0.5,2016-01-01 00:00:00,6885,1617,0.029230253770947456,0.01929388754069805,0.9903706908226013,0.06231726791516225,-0.8460240612289025,-0.9592922908643803,-0.7050724051889223,3374,12.238193018480493,5.260438056125941,0.30000709068992415,25857,25.621709500002908,1.5510841000068467,81081
dkasc_18,BWh,patchtst,4,-0.5,2016-01-01 00:00:00,6885,1617,0.0299289058893919,0.0198665801435709,0.9899048805236816,0.06380675519726964,-0.8689137849583028,-1.001719569185866,-0.7702512452937293,3373,12.238193018480493,5.2590691307323745,0.29981462910626916,25857,20.578433500006213,0.9672243999957573,81081
dkasc_18,BWh,informer,0,-0.5,2016-01-01 00:00:00,6885,1617,0.028989756479859352,0.01892874762415886,0.9905284643173218,0.061804541127394697,-0.9668142645634166,-1.0968502993665807,-0.815269673813318,3374,12.238193018480493,5.260438056125941,0.30000709068992415,81537,6.973742200003471,0.7064604999904986,81081
dkasc_18,BWh,informer,1,-0.5,2016-01-01 00:00:00,6885,1617,0.02763095125555992,0.017708275467157364,0.9913955926895142,0.058907644307040985,-0.8791030052161364,-0.9980424848960112,-0.7501842452510399,3374,12.238193018480493,5.260438056125941,0.2998855360055105,81537,9.76542180000979,0.47275279999303166,81081
dkasc_18,BWh,informer,2,-0.5,2016-01-01 00:00:00,6885,1617,0.02792031690478325,0.018542127683758736,0.991214394569397,0.05952455570402714,-0.8440342134080507,-0.9619578695587889,-0.7513371343017196,3374,12.238193018480493,5.260438056125941,0.2999463133477173,81537,10.343750699990778,0.7040971000096761,81081
dkasc_18,BWh,informer,3,-0.5,2016-01-01 00:00:00,6885,1617,0.026999088004231453,0.017259204760193825,0.9917845726013184,0.05756054715806179,-0.9005598402351314,-1.003771500625572,-0.7780861663439999,3373,12.238193018480493,5.2590691307323745,0.2992980216975112,81537,12.535372499987716,0.6968198000104167,81081
dkasc_18,BWh,informer,4,-0.5,2016-01-01 00:00:00,6885,1617,0.02798142284154892,0.01833265833556652,0.9911758899688721,0.059654830147159686,-0.8417789186895897,-0.9567374543198115,-0.7151816458458539,3374,12.238193018480493,5.260438056125941,0.3000273498039931,81537,8.756447499996284,0.7017365999927279,81081
dkasc_18,BWh,xgboost,0,-1.0,2016-01-01 00:00:00,6885,1617,0.024716496467590332,0.015214848332107067,0.9930117726325989,0.05309687714575187,-1.323000498930419,-1.4209413999874576,-1.2465169860750969,3374,12.238193018480493,5.260438056125941,0.2984876571347535,1085,4.8642908000038005,0.19301450000784826,81081
dkasc_18,BWh,xgboost,1,-1.0,2016-01-01 00:00:00,6885,1617,0.024659283459186554,0.01520672906190157,0.9930440783500671,0.05297397007911572,-1.3267316905750781,-1.4450487123038671,-1.2367410753592982,3374,12.238193018480493,5.260438056125941,0.29853830491992583,916,4.7424038000026485,0.18179250000684988,81081
dkasc_18,BWh,xgboost,2,-1.0,2016-01-01 00:00:00,6885,1617,0.024644743651151657,0.015206112526357174,0.9930522441864014,0.05294273513439109,-1.3328162651964144,-1.4264177764714336,-1.2531930613084399,3374,12.238193018480493,5.260438056125941,0.298477527577719,1056,4.591015300000436,0.2016620999929728,81081
dkasc_18,BWh,xgboost,3,-1.0,2016-01-01 00:00:00,6885,1617,0.02462044730782509,0.015103451907634735,0.9930659532546997,0.052890540845512264,-1.3107119472666906,-1.4111657081799955,-1.2187658348948749,3374,12.238193018480493,5.260438056125941,0.2985281753628914,1098,4.804062499999418,0.19375799999397714,81081
dkasc_18,BWh,xgboost,4,-1.0,2016-01-01 00:00:00,6885,1617,0.02475377358496189,0.015243805944919586,0.9929906725883484,0.05317695720580491,-1.3362195144463407,-1.4442557147187673,-1.2246568294290328,3374,12.238193018480493,5.260438056125941,0.29853830491992583,758,3.4621855999866966,0.13631820000591688,81081
dkasc_18,BWh,random_forest,0,-1.0,2016-01-01 00:00:00,6885,1617,0.025168526917696,0.015589836053550243,0.992753803730011,0.054067945408070986,-1.2177402246353821,-1.3059812721212316,-1.1033014968595962,3374,12.238193018480493,5.260438056125941,0.2987307665035808,3437802,1.3108732999971835,0.42608580000523943,81081
dkasc_18,BWh,random_forest,1,-1.0,2016-01-01 00:00:00,6885,1617,0.025102490559220314,0.015533043071627617,0.9927917718887329,0.053926083699728386,-1.2230507716221926,-1.3300750071922884,-1.0806055164374162,3374,12.238193018480493,5.260438056125941,0.2987206369465463,3436732,1.31292399999802,0.4202097999950638,81081
dkasc_18,BWh,random_forest,2,-1.0,2016-01-01 00:00:00,6885,1617,0.025013653561472893,0.015500029549002647,0.9928427338600159,0.053735240828386266,-1.200605383429126,-1.3119889276069177,-1.0458631140000847,3374,12.238193018480493,5.260438056125941,0.2987206369465463,3439372,1.3563778000097955,0.4423489999899175,81081
dkasc_18,BWh,random_forest,3,-1.0,2016-01-01 00:00:00,6885,1617,0.025277243927121162,0.015674084424972534,0.9926910400390625,0.054301495243933476,-1.1947589505425675,-1.3108515957295426,-1.09279474782825,3374,12.238193018480493,5.260438056125941,0.2987206369465463,3436078,1.3492937999981223,0.4112384999898495,81081
dkasc_18,BWh,random_forest,4,-1.0,2016-01-01 00:00:00,6885,1617,0.025128712877631187,0.015571460127830505,0.9927766919136047,0.0539824154383696,-1.2172955240045913,-1.3380520307673172,-1.0842761452447025,3374,12.238193018480493,5.260438056125941,0.2987915438457876,3438298,1.3152444000006653,0.42144489999918733,81081
dkasc_18,BWh,lstm,0,-1.0,2016-01-01 00:00:00,6885,1617,0.027443064376711845,0.017733411863446236,0.9913849234580994,0.05895418954801763,-1.3644292974896888,-1.464107562720407,-1.2133104043844711,3374,12.238193018480493,5.260438056125941,0.30089849170895755,13729,91.47303049999755,0.06443610000133049,81081
dkasc_18,BWh,lstm,1,-1.0,2016-01-01 00:00:00,6885,1617,0.027707479894161224,0.018329892307519913,0.991218090057373,0.05952221658469128,-1.3740422445223406,-1.4933550490111913,-1.2596350105609888,3374,12.238193018480493,5.260438056125941,0.30089849170895755,13729,66.17756299999019,0.09877789999882225,81081
dkasc_18,BWh,lstm,2,-1.0,2016-01-01 00:00:00,6885,1617,0.028187619522213936,0.018605399876832962,0.9909111261367798,0.06055367000597009,-1.36493257188498,-1.492230734748945,-1.2440629193382347,3374,12.238193018480493,5.260438056125941,0.30089849170895755,13729,61.56188049999764,0.09067290001257788,81081
dkasc_18,BWh,lstm,3,-1.0,2016-01-01 00:00:00,6885,1617,0.027724096551537514,0.018164068460464478,0.9912075400352478,0.059557913092747695,-1.3584131877230627,-1.492551215629408,-1.2384195429605616,3374,12.238193018480493,5.260438056125941,0.30089849170895755,13729,71.37472969999362,0.0988943999982439,81081
dkasc_18,BWh,lstm,4,-1.0,2016-01-01 00:00:00,6885,1617,0.02778066135942936,0.01809746026992798,0.991171658039093,0.05967942767145608,-1.3413747686547035,-1.4557177985168372,-1.2333370201338583,3374,12.238193018480493,5.260438056125941,0.30089849170895755,13729,82.72307320000255,0.1589603000029456,81081
dkasc_18,BWh,gru,0,-1.0,2016-01-01 00:00:00,6885,1617,0.02803996205329895,0.018246954306960106,0.991006076335907,0.06023646685798704,-1.357227623366275,-1.4591829837993153,-1.2632561881898763,3374,12.238193018480493,5.260438056125941,0.30089849170895755,151809,64.8238285999978,0.251596599991899,81081
dkasc_18,BWh,gru,1,-1.0,2016-01-01 00:00:00,6885,1617,0.027103720232844353,0.017557192593812943,0.9915966391563416,0.05822519810941754,-1.3989349968764004,-1.5058585780184153,-1.2721623268932285,3374,12.238193018480493,5.260438056125941,0.3008883621519231,151809,117.05564520000189,0.25423310000041965,81081
dkasc_18,BWh,gru,2,-1.0,2016-01-01 00:00:00,6885,1617,0.027167929336428642,0.017662012949585915,0.9915567636489868,0.05836313444230858,-1.344853778648158,-1.4787244455166326,-1.230001869137387,3374,12.238193018480493,5.260438056125941,0.30089849170895755,151809,75.11763910000445,0.24858349999703933,81081
dkasc_18,BWh,gru,3,-1.0,2016-01-01 00:00:00,6885,1617,0.028220942243933678,0.01851515658199787,0.9908896088600159,0.06062525508938332,-1.3360662497187432,-1.452135386304352,-1.2265549641608489,3374,12.238193018480493,5.260438056125941,0.30089849170895755,151809,60.56082139999489,0.24154540000017732,81081
dkasc_18,BWh,gru,4,-1.0,2016-01-01 00:00:00,6885,1617,0.026936449110507965,0.017473382875323296,0.9917000532150269,0.057865860197413174,-1.3775005885844682,-1.487960535546562,-1.254009139185226,3374,12.238193018480493,5.260438056125941,0.30089849170895755,151809,74.48047869998845,0.25185570000030566,81081
dkasc_18,BWh,tcn,0,-1.0,2016-01-01 00:00:00,6885,1617,0.02693868987262249,0.01790529303252697,0.991698682308197,0.057870673884129,-1.3559488321898183,-1.4581803357135468,-1.2387055493298402,3373,12.238193018480493,5.2590691307323745,0.29959177885151084,198273,5.637682700005826,0.3891295999928843,81081
dkasc_18,BWh,tcn,1,-1.0,2016-01-01 00:00:00,6885,1617,0.02633405476808548,0.017099788412451744,0.9920671582221985,0.05657177474987236,-1.3906651968710242,-1.494884618104031,-1.2539991758714675,3373,12.238193018480493,5.2590691307323745,0.30017929315951014,198273,6.653615900009754,0.40615840000100434,81081
dkasc_18,BWh,tcn,2,-1.0,2016-01-01 00:00:00,6885,1617,0.026581646874547005,0.017242589965462685,0.9919172525405884,0.057103661122857446,-1.3202605448026372,-1.4500481136527577,-1.2146439639515587,3374,12.238193018480493,5.260438056125941,0.30072628923937156,198273,4.471446499999729,0.382410100006382,81081
dkasc_18,BWh,tcn,3,-1.0,2016-01-01 00:00:00,6885,1617,0.026550794020295143,0.017321590334177017,0.9919360280036926,0.057037381898617276,-1.4027921306123825,-1.517070847239232,-1.274151891957621,3373,12.238193018480493,5.2590691307323745,0.3001894227165446,198273,5.326098499994259,0.4144407000130741,81081
dkasc_18,BWh,tcn,4,-1.0,2016-01-01 00:00:00,6885,1617,0.026054585352540016,0.017244433984160423,0.9922346472740173,0.055971408381496876,-1.3023747543654374,-1.4189452360137782,-1.19439257375009,3374,12.238193018480493,5.260438056125941,0.3008174552526818,198273,7.239797599992016,0.39809649999369867,81081
dkasc_18,BWh,patchtst,0,-1.0,2016-01-01 00:00:00,6885,1617,0.030073586851358414,0.020049259066581726,0.9896541833877563,0.06460517365284796,-1.3586097977023037,-1.4626995313253066,-1.234713594753889,3373,12.238193018480493,5.2590691307323745,0.30073641879640606,25857,12.789139600005,1.1198186000110582,81081
dkasc_18,BWh,patchtst,1,-1.0,2016-01-01 00:00:00,6885,1617,0.02954338863492012,0.019580835476517677,0.9900157451629639,0.06346618255036565,-1.4121510950382943,-1.502249260505455,-1.265786383907208,3374,12.238193018480493,5.260438056125941,0.30089849170895755,25857,19.371889699992607,1.1635362000088207,81081
dkasc_18,BWh,patchtst,2,-1.0,2016-01-01 00:00:00,6885,1617,0.029249457642436028,0.019439760595560074,0.9902134537696838,0.06283474929615337,-1.3479047505378094,-1.4623018228325124,-1.2306715892452802,3374,12.238193018480493,5.260438056125941,0.3008883621519231,25857,23.195943699989584,1.1847089000075357,81081
dkasc_18,BWh,patchtst,3,-1.0,2016-01-01 00:00:00,6885,1617,0.02944990061223507,0.01980575919151306,0.990078866481781,0.06326534817800157,-1.3257407959845535,-1.4627571631609382,-1.2094190696362657,3374,12.238193018480493,5.260438056125941,0.3008782325948886,25857,23.32745799999975,1.4933569999993779,81081
dkasc_18,BWh,patchtst,4,-1.0,2016-01-01 00:00:00,6885,1617,0.029535900801420212,0.019386455416679382,0.9900208115577698,0.06345009691395866,-1.3884395468858446,-1.5274762201502035,-1.2726690874828237,3373,12.238193018480493,5.2590691307323745,0.30069590056826817,25857,27.01847139999154,1.5009232000011252,81081
dkasc_18,BWh,informer,0,-1.0,2016-01-01 00:00:00,6885,1617,0.029526349157094955,0.019662147387862206,0.9900272488594055,0.0634295777240345,-1.454101087758125,-1.5669336262739364,-1.3043668917344542,3374,12.238193018480493,5.260438056125941,0.3008883621519231,81537,7.177164599997923,0.7456550999922911,81081
dkasc_18,BWh,informer,1,-1.0,2016-01-01 00:00:00,6885,1617,0.027234084904193878,0.01810755953192711,0.9915156364440918,0.05850525224038503,-1.3458946683315205,-1.4671015402425436,-1.233555256158158,3374,12.238193018480493,5.260438056125941,0.30089849170895755,81537,15.210075800001505,0.7442269000021042,81081
dkasc_18,BWh,informer,2,-1.0,2016-01-01 00:00:00,6885,1617,0.02822999656200409,0.01904173195362091,0.9908837676048279,0.060644705904949095,-1.334341997865518,-1.4357290261737654,-1.2458840421422777,3374,12.238193018480493,5.260438056125941,0.30089849170895755,81537,13.336705699999584,0.9331720999907702,81081
dkasc_18,BWh,informer,3,-1.0,2016-01-01 00:00:00,6885,1617,0.02720724418759346,0.01774764247238636,0.9915323257446289,0.0584475920362495,-1.3879080139736821,-1.4903692709804768,-1.2750264731064476,3373,12.238193018480493,5.2590691307323745,0.3002603296157859,81537,16.449259700006223,0.8251249999884749,81081
dkasc_18,BWh,informer,4,-1.0,2016-01-01 00:00:00,6885,1617,0.02844271995127201,0.01903584972023964,0.9907458424568176,0.06110168603078519,-1.304757698171316,-1.4531051485157098,-1.2117762643268692,3374,12.238193018480493,5.260438056125941,0.30089849170895755,81537,10.9952873000002,0.8320850000018254,81081
dkasc_18,BWh,xgboost,0,-2.0,2016-01-01 00:00:00,6885,1617,0.025891635566949844,0.016783950850367546,0.9920997023582458,0.05648464397370176,-2.306474361075151,-2.405892975222179,-2.203269520001578,3374,12.238193018480493,5.260438056125941,0.2998348882203381,880,5.661198700006935,0.15729969998938031,81081
dkasc_18,BWh,xgboost,1,-2.0,2016-01-01 00:00:00,6885,1617,0.02575989067554474,0.016633551567792892,0.9921798706054688,0.056197232107922594,-2.300078174265699,-2.425674482690243,-2.2088787128639895,3374,12.238193018480493,5.260438056125941,0.29982475866330366,906,4.399368300000788,0.16371590000926517,81081
dkasc_18,BWh,xgboost,2,-2.0,2016-01-01 00:00:00,6885,1617,0.025905679911375046,0.01677284575998783,0.9920911192893982,0.056515282818152136,-2.2894305308625293,-2.382721009400725,-2.2050073031456447,3374,12.238193018480493,5.260438056125941,0.29986527689144155,678,3.4043849000008777,0.12380339999799617,81081
dkasc_18,BWh,xgboost,3,-2.0,2016-01-01 00:00:00,6885,1617,0.025844817981123924,0.016643384471535683,0.9921282529830933,0.05638250771968848,-2.3017505909555593,-2.429784850058847,-2.183121415208441,3374,12.238193018480493,5.260438056125941,0.29981462910626916,979,5.260495200011064,0.20572769999853335,81081
dkasc_18,BWh,xgboost,4,-2.0,2016-01-01 00:00:00,6885,1617,0.0259548369795084,0.016745390370488167,0.9920610785484314,0.056622522837235664,-2.3120122113769104,-2.4226314805106455,-2.2127899288157247,3374,12.238193018480493,5.260438056125941,0.29982475866330366,758,3.9393057999986922,0.15451860000030138,81081
dkasc_18,BWh,random_forest,0,-2.0,2016-01-01 00:00:00,6885,1617,0.026262447237968445,0.01695803925395012,0.9918717741966248,0.05729359886435051,-2.1971627067964516,-2.343714409598862,-2.06980571923438,3374,12.238193018480493,5.260438056125941,0.30003747936102754,3431358,1.4739431000052718,0.4381123000057414,81081
dkasc_18,BWh,random_forest,1,-2.0,2016-01-01 00:00:00,6885,1617,0.026070907711982727,0.01686699129641056,0.9919899106025696,0.05687574028974562,-2.172377066880199,-2.3261136629954473,-2.077106527924555,3374,12.238193018480493,5.260438056125941,0.2999868315758552,3430064,1.4675955999991857,0.4790556999942055,81081
dkasc_18,BWh,random_forest,2,-2.0,2016-01-01 00:00:00,6885,1617,0.026090849190950394,0.01682334393262863,0.9919776916503906,0.056919244198059375,-2.197456323890397,-2.2931279694844657,-2.066542273980535,3374,12.238193018480493,5.260438056125941,0.300067868032131,3433866,1.453891900004237,0.6186959999904502,81081
dkasc_18,BWh,random_forest,3,-2.0,2016-01-01 00:00:00,6885,1617,0.02613948844373226,0.01689162291586399,0.9919477105140686,0.05702535456213532,-2.1776240971789096,-2.3004609620539154,-2.069495427097612,3374,12.238193018480493,5.260438056125941,0.30004760891806204,3429634,1.446961099994951,0.4950278000032995,81081
dkasc_18,BWh,random_forest,4,-2.0,2016-01-01 00:00:00,6885,1617,0.026130156591534615,0.016914216801524162,0.9919534921646118,0.05700499639095542,-2.1929836392059534,-2.3184157999515564,-2.082179744656404,3374,12.238193018480493,5.260438056125941,0.3000273498039931,3431726,1.420925200000056,0.46795200000633486,81081
dkasc_18,BWh,lstm,0,-2.0,2016-01-01 00:00:00,6885,1617,0.028472594916820526,0.019396483898162842,0.990446150302887,0.06211521024716397,-2.328646285682373,-2.45098759299423,-2.2281234960706997,3374,12.238193018480493,5.260438056125941,0.3020228725397838,13729,95.63161799999943,0.14336879999609664,81081
dkasc_18,BWh,lstm,1,-2.0,2016-01-01 00:00:00,6885,1617,0.028550386428833008,0.0196064542979002,0.990393877029419,0.06228491856276415,-2.3503785451949426,-2.4651363226876852,-2.2481856691507365,3374,12.238193018480493,5.260438056125941,0.3020228725397838,13729,95.88406730000861,0.1379947999957949,81081
dkasc_18,BWh,lstm,2,-2.0,2016-01-01 00:00:00,6885,1617,0.028703758493065834,0.019683897495269775,0.9902904033660889,0.06261951181089256,-2.351667647053224,-2.4572677668958653,-2.233754312678049,3374,12.238193018480493,5.260438056125941,0.3020026134257149,13729,85.95082040000125,0.13359679999121,81081
dkasc_18,BWh,lstm,3,-2.0,2016-01-01 00:00:00,6885,1617,0.02885950356721878,0.01985136792063713,0.9901847243309021,0.06295928196722121,-2.3667658998270946,-2.4630728402021185,-2.2228384899179554,3374,12.238193018480493,5.260438056125941,0.3020228725397838,13729,83.88531280000461,0.11201480000454467,81081
dkasc_18,BWh,lstm,4,-2.0,2016-01-01 00:00:00,6885,1617,0.02921481803059578,0.01995520293712616,0.9899415373802185,0.06373442847778679,-2.3820212391185205,-2.467219965308307,-2.280750519931594,3374,12.238193018480493,5.260438056125941,0.3020228725397838,13729,74.38358429999789,0.11792620000778697,81081
dkasc_18,BWh,gru,0,-2.0,2016-01-01 00:00:00,6885,1617,0.02764659933745861,0.018911166116595268,0.9909924268722534,0.06031323577925261,-2.357450105771008,-2.453057526818947,-2.2224522419714288,3374,12.238193018480493,5.260438056125941,0.3020228725397838,151809,88.60628979999456,0.3284201999922516,81081
dkasc_18,BWh,gru,1,-2.0,2016-01-01 00:00:00,6885,1617,0.028114283457398415,0.018747836351394653,0.9906851053237915,0.06133352555347894,-2.3641087176577424,-2.4700103100447457,-2.250583300638925,3374,12.238193018480493,5.260438056125941,0.3020127429827494,151809,89.75312129998929,0.2817603000003146,81081
dkasc_18,BWh,gru,2,-2.0,2016-01-01 00:00:00,6885,1617,0.028395414352416992,0.01902693882584572,0.990497887134552,0.06194683476193244,-2.3750565049771355,-2.4794423102872383,-2.2580547932533133,3374,12.238193018480493,5.260438056125941,0.3020228725397838,151809,77.70357939999667,0.3233745000034105,81081
dkasc_18,BWh,gru,3,-2.0,2016-01-01 00:00:00,6885,1617,0.028027590364217758,0.01888650469481945,0.9907424449920654,0.061144397736867036,-2.372778178648166,-2.464091067198826,-2.2319426693165276,3374,12.238193018480493,5.260438056125941,0.3020228725397838,151809,90.60587579999992,0.32571039999311324,81081
dkasc_18,BWh,gru,4,-2.0,2016-01-01 00:00:00,6885,1617,0.027968481183052063,0.018945641815662384,0.9907814264297485,0.061015446398698846,-2.3503277405172867,-2.4892042791085682,-2.229777127893715,3374,12.238193018480493,5.260438056125941,0.3020228725397838,151809,86.09259310000925,0.29593099998601247,81081
dkasc_18,BWh,tcn,0,-2.0,2016-01-01 00:00:00,6885,1617,0.027922838926315308,0.018894033506512642,0.9908115267753601,0.060915874217742354,-2.3837718082881754,-2.473560422703047,-2.251765849161242,3374,12.238193018480493,5.260438056125941,0.3020228725397838,198273,5.764263000004576,0.44346139999106526,81081
dkasc_18,BWh,tcn,1,-2.0,2016-01-01 00:00:00,6885,1617,0.028089623898267746,0.0192367285490036,0.99070143699646,0.06127972878137304,-2.3636356382318278,-2.470192136119527,-2.26640276955416,3374,12.238193018480493,5.260438056125941,0.3020228725397838,198273,4.5114867000083905,0.44106479999027215,81081
dkasc_18,BWh,tcn,2,-2.0,2016-01-01 00:00:00,6885,1617,0.027612229809165,0.01874302141368389,0.9910147786140442,0.06023825594400084,-2.3036134702301045,-2.4177135905021414,-2.180367231853978,3374,12.238193018480493,5.260438056125941,0.301962095197577,198273,5.225258799997391,0.4470475999987684,81081
dkasc_18,BWh,tcn,3,-2.0,2016-01-01 00:00:00,6885,1617,0.0277538001537323,0.019403500482439995,0.9909224510192871,0.06054710281037361,-2.3828247670201645,-2.4848125539263854,-2.2950664548311215,3374,12.238193018480493,5.260438056125941,0.30140496956068114,198273,8.064426099997945,0.38289959999383427,81081
dkasc_18,BWh,tcn,4,-2.0,2016-01-01 00:00:00,6885,1617,0.027666794136166573,0.019232233986258507,0.9909792542457581,0.060357292324548485,-2.3184043601487954,-2.4513328691412073,-2.221327326314509,3374,12.238193018480493,5.260438056125941,0.3020127429827494,198273,5.989046800008509,0.511548499998753,81081
dkasc_18,BWh,patchtst,0,-2.0,2016-01-01 00:00:00,6885,1617,0.03030231222510338,0.02087373472750187,0.9891787767410278,0.06610688278803667,-2.389519782995797,-2.477975033104318,-2.2669801643807053,3373,12.238193018480493,5.2590691307323745,0.3018709291842668,25857,20.83959450000839,1.1866288000019267,81081
dkasc_18,BWh,patchtst,1,-2.0,2016-01-01 00:00:00,6885,1617,0.030490465462207794,0.021032415330410004,0.9890440106391907,0.06651735390651281,-2.374440486702306,-2.5037857253557894,-2.2671783766033036,3374,12.238193018480493,5.260438056125941,0.3020228725397838,25857,24.16404170000169,1.3377782999887131,81081
dkasc_18,BWh,patchtst,2,-2.0,2016-01-01 00:00:00,6885,1617,0.030104754492640495,0.020655261352658272,0.9893194437026978,0.065675895021599,-2.350704409390109,-2.460005584782506,-2.2527454261599016,3374,12.238193018480493,5.260438056125941,0.3020228725397838,25857,28.49172879999969,1.3061237999936566,81081
dkasc_18,BWh,patchtst,3,-2.0,2016-01-01 00:00:00,6885,1617,0.030382787808775902,0.021351220086216927,0.9891212582588196,0.0662824466175431,-2.332930947040385,-2.456209059006309,-2.2101614638678657,3374,12.238193018480493,5.260438056125941,0.3020127429827494,25857,29.06515889998991,1.9945125000085682,81081
dkasc_18,BWh,patchtst,4,-2.0,2016-01-01 00:00:00,6885,1617,0.03015272505581379,0.02058986760675907,0.9892853498458862,0.06578054658658242,-2.38718414101327,-2.473429616277134,-2.289364747226903,3374,12.238193018480493,5.260438056125941,0.3018911882983357,25857,40.382122999988496,1.5007646000012755,81081
dkasc_18,BWh,informer,0,-2.0,2016-01-01 00:00:00,6885,1617,0.030591510236263275,0.021138546988368034,0.9889712333679199,0.06673779104626663,-2.4511189657878516,-2.571362770851693,-2.3092861190305625,3374,12.238193018480493,5.260438056125941,0.3020228725397838,81537,8.433087299999897,0.7747194999974454,81081
dkasc_18,BWh,informer,1,-2.0,2016-01-01 00:00:00,6885,1617,0.02858559973537922,0.020004278048872948,0.9903701543807983,0.06236173916678727,-2.3412144483263613,-2.4795113493761325,-2.2497089350689836,3374,12.238193018480493,5.260438056125941,0.3020228725397838,81537,14.775938799997675,0.7785111999983201,81081
dkasc_18,BWh,informer,2,-2.0,2016-01-01 00:00:00,6885,1617,0.029007812961935997,0.02046128176152706,0.9900835752487183,0.0632828306027215,-2.327841400345887,-2.4525695278303394,-2.2475060526820396,3374,12.238193018480493,5.260438056125941,0.3020127429827494,81537,15.093725700004143,0.9003387000120711,81081
dkasc_18,BWh,informer,3,-2.0,2016-01-01 00:00:00,6885,1617,0.028408193960785866,0.019716057926416397,0.9904893040657043,0.06197471448497939,-2.3960835666316607,-2.477001876706908,-2.2760523629960843,3374,12.238193018480493,5.260438056125941,0.30176963361392206,81537,15.277775299997302,0.7868521999916993,81081
dkasc_18,BWh,informer,4,-2.0,2016-01-01 00:00:00,6885,1617,0.028156500309705734,0.019273124635219574,0.9906570911407471,0.06142562494465503,-2.3519884898490995,-2.4466081514477267,-2.248416602550138,3374,12.238193018480493,5.260438056125941,0.3019722247546115,81537,20.619734599997173,0.8919561999937287,81081
dkasc_19,BWh,xgboost,0,0.0,2016-01-01 00:00:00,6885,1617,0.017912328243255615,0.011388813145458698,0.9955389499664307,0.04117192693260178,-0.6732372881930127,-0.8045067560560317,-0.5453886140787625,3416,12.216290212183436,5.317932922655715,0.30285258610247506,717,3.4741702000028454,0.1387071999924956,82356
dkasc_19,BWh,xgboost,1,0.0,2016-01-01 00:00:00,6885,1617,0.017808668315410614,0.01128278486430645,0.9955904483795166,0.040933662039444735,-0.6862464496839249,-0.8184798416932981,-0.571229095857326,3416,12.216290212183436,5.317932922655715,0.30285258610247506,730,4.093118799995864,0.14552249999542255,82356
dkasc_19,BWh,xgboost,2,0.0,2016-01-01 00:00:00,6885,1617,0.01789017766714096,0.011346094310283661,0.9955499768257141,0.041121013288717936,-0.6954849882444214,-0.8045466584142513,-0.5747464711631766,3416,12.216290212183436,5.317932922655715,0.30285258610247506,860,4.52362350000476,0.20418590000190306,82356
dkasc_19,BWh,xgboost,3,0.0,2016-01-01 00:00:00,6885,1617,0.017862241715192795,0.011311480775475502,0.9955638647079468,0.041056801816217944,-0.6894014979244745,-0.7825373373677613,-0.5536039793079484,3416,12.216290212183436,5.317932922655715,0.30285258610247506,813,3.622269799991045,0.1484344000054989,82356
dkasc_19,BWh,xgboost,4,0.0,2016-01-01 00:00:00,6885,1617,0.01779097132384777,0.011224915273487568,0.9955992102622986,0.040892985069167206,-0.68895325597302,-0.8047010710278178,-0.5476540004675512,3416,12.216290212183436,5.317932922655715,0.30285258610247506,741,3.5017213999963133,0.1489921000029426,82356
dkasc_19,BWh,random_forest,0,0.0,2016-01-01 00:00:00,6885,1617,0.018431512638926506,0.01178059447556734,0.9952765703201294,0.04236528503283408,-0.5316669905131978,-0.6633096886381251,-0.42512828885409304,3416,12.216290212183436,5.317932922655715,0.30285258610247506,3440036,1.324473399989074,0.5795138000103179,82356
dkasc_19,BWh,random_forest,1,0.0,2016-01-01 00:00:00,6885,1617,0.018285691738128662,0.011661763302981853,0.9953510165214539,0.04203011210660348,-0.5212818282105125,-0.6490593148114139,-0.4203574939796839,3416,12.216290212183436,5.317932922655715,0.30285258610247506,3441274,1.4008410000096774,0.5120419999875594,82356
dkasc_19,BWh,random_forest,2,0.0,2016-01-01 00:00:00,6885,1617,0.0182983186095953,0.011661632917821407,0.9953445792198181,0.04205913528116525,-0.5352352354862644,-0.6619849905210917,-0.4332044204070018,3416,12.216290212183436,5.317932922655715,0.30285258610247506,3444594,1.421123100008117,0.4834411000047112,82356
dkasc_19,BWh,random_forest,3,0.0,2016-01-01 00:00:00,6885,1617,0.018371572718024254,0.011710571125149727,0.9953072667121887,0.04222751165071315,-0.515714774523538,-0.6380305543000286,-0.4160811704151206,3416,12.216290212183436,5.317932922655715,0.30285258610247506,3440208,1.473295000003418,0.4314297999953851,82356
dkasc_19,BWh,random_forest,4,0.0,2016-01-01 00:00:00,6885,1617,0.01830185204744339,0.011683900840580463,0.9953427910804749,0.042067256974946586,-0.5442230882128196,-0.6691695348062724,-0.4126739334213647,3416,12.216290212183436,5.317932922655715,0.30285258610247506,3442784,1.2537513999996008,0.4705145000043558,82356
dkasc_19,BWh,lstm,0,0.0,2016-01-01 00:00:00,6885,1617,0.018796304240822792,0.012825462967157364,0.995087742805481,0.04320376750004521,-0.7100394582787265,-0.8554363889313543,-0.5615336522177161,3416,12.216290212183436,5.317932922655715,0.3028424920256793,13729,89.08881570000085,0.08930540000437759,82356
dkasc_19,BWh,lstm,1,0.0,2016-01-01 00:00:00,6885,1617,0.018931392580270767,0.012884077616035938,0.9950169324874878,0.04351427137009866,-0.6907052416542365,-0.8469500944051356,-0.5440369904524123,3416,12.216290212183436,5.317932922655715,0.3028424920256793,13729,98.33898449999106,0.08264069999859203,82356
dkasc_19,BWh,lstm,2,0.0,2016-01-01 00:00:00,6885,1617,0.019042104482650757,0.012959503568708897,0.9949584603309631,0.043768745400132945,-0.7044042978848319,-0.8471558476953839,-0.5674731608772077,3416,12.216290212183436,5.317932922655715,0.3028424920256793,13729,89.63353920000372,0.13252650000504218,82356
dkasc_19,BWh,lstm,3,0.0,2016-01-01 00:00:00,6885,1617,0.019014611840248108,0.013124991208314896,0.9949730038642883,0.04370555288552434,-0.7344904899564051,-0.8743973113863857,-0.5716680299430843,3416,12.216290212183436,5.317932922655715,0.30285258610247506,13729,82.40275179999298,0.1417896000057226,82356
dkasc_19,BWh,lstm,4,0.0,2016-01-01 00:00:00,6885,1617,0.01905149593949318,0.01309883315116167,0.994953453540802,0.04379033189462188,-0.7410657047151992,-0.8733560040830123,-0.5623133046538911,3416,12.216290212183436,5.317932922655715,0.30285258610247506,13729,86.14551489999576,0.14980699999432545,82356
dkasc_19,BWh,gru,0,0.0,2016-01-01 00:00:00,6885,1617,0.01846560835838318,0.012553000822663307,0.9952591061592102,0.04244365488242151,-0.7415740804668575,-0.8715520183937953,-0.5852690543674005,3416,12.216290212183436,5.317932922655715,0.3028424920256793,151809,88.96592420000525,0.29506730000139214,82356
dkasc_19,BWh,gru,1,0.0,2016-01-01 00:00:00,6885,1617,0.01919826865196228,0.013259856961667538,0.994875431060791,0.044127692583383976,-0.7516038644860205,-0.9183163810786487,-0.5784167923274408,3416,12.216290212183436,5.317932922655715,0.3028424920256793,151809,71.68513050000183,0.32731979999516625,82356
dkasc_19,BWh,gru,2,0.0,2016-01-01 00:00:00,6885,1617,0.018673857674002647,0.012576475739479065,0.9951515793800354,0.04292232105523896,-0.7027070054505702,-0.8063031366848441,-0.5503256699910187,3416,12.216290212183436,5.317932922655715,0.3028424920256793,151809,81.05514479998965,0.27566070000466425,82356
dkasc_19,BWh,gru,3,0.0,2016-01-01 00:00:00,6885,1617,0.01871832273900509,0.01270945556461811,0.9951284527778625,0.043024525100546315,-0.7286838940524121,-0.8275910463848068,-0.5822121390609282,3416,12.216290212183436,5.317932922655715,0.3028424920256793,151809,68.88342499999271,0.2645328999933554,82356
dkasc_19,BWh,gru,4,0.0,2016-01-01 00:00:00,6885,1617,0.01902824640274048,0.012918798252940178,0.9949657917022705,0.04373689226268796,-0.7321339905290492,-0.8744812536849274,-0.5774551288320464,3416,12.216290212183436,5.317932922655715,0.3028424920256793,151809,51.772115500003565,0.260472199996002,82356
dkasc_19,BWh,tcn,0,0.0,2016-01-01 00:00:00,6885,1617,0.018278611823916435,0.01209461409598589,0.9953546524047852,0.04201383874969106,-0.750581083006463,-0.8751198422306372,-0.5813941178274011,3416,12.216290212183436,5.317932922655715,0.30285258610247506,198273,5.425827599989134,0.40466910001123324,82356
dkasc_19,BWh,tcn,1,0.0,2016-01-01 00:00:00,6885,1617,0.018662817776203156,0.012624531053006649,0.9951573014259338,0.04289694557867492,-0.7264230380690573,-0.8615534846510091,-0.5708147327195934,3416,12.216290212183436,5.317932922655715,0.30285258610247506,198273,5.013634999995702,0.38964239999768324,82356
dkasc_19,BWh,tcn,2,0.0,2016-01-01 00:00:00,6885,1617,0.017748329788446426,0.011844106949865818,0.9956202507019043,0.0407949724514887,-0.6723675875482227,-0.8161617798578602,-0.5257810281386281,3416,12.216290212183436,5.317932922655715,0.3028424920256793,198273,8.281004799995571,0.39005750000069384,82356
dkasc_19,BWh,tcn,3,0.0,2016-01-01 00:00:00,6885,1617,0.01872546412050724,0.012690577656030655,0.9951246976852417,0.04304093974153611,-0.7290628164813573,-0.8896904907092666,-0.6023911125244026,3416,12.216290212183436,5.317932922655715,0.30285258610247506,198273,3.7627040000079433,0.3908098000101745,82356
dkasc_19,BWh,tcn,4,0.0,2016-01-01 00:00:00,6885,1617,0.018869895488023758,0.012814011424779892,0.995049238204956,0.04337291879135085,-0.7183140483174921,-0.8422444999042367,-0.6018578517938661,3416,12.216290212183436,5.317932922655715,0.30285258610247506,198273,3.8104942999925697,0.459887200006051,82356
dkasc_19,BWh,patchtst,0,0.0,2016-01-01 00:00:00,6885,1617,0.019475335255265236,0.013451464474201202,0.9947264194488525,0.044764536984164126,-0.6706302885529869,-0.8427931949155143,-0.5317798709841726,3415,12.216290212183436,5.316563997262149,0.302701174950539,25857,19.900051099990378,1.0793206000089413,82356
dkasc_19,BWh,patchtst,1,0.0,2016-01-01 00:00:00,6885,1617,0.01874740608036518,0.012668853625655174,0.9951133131980896,0.043091373875824006,-0.6494412183457424,-0.7733132495404804,-0.535056725085389,3416,12.216290212183436,5.317932922655715,0.3028424920256793,25857,33.50183959999413,1.558216799996444,82356
dkasc_19,BWh,patchtst,2,0.0,2016-01-01 00:00:00,6885,1617,0.01860365830361843,0.012739350087940693,0.9951879382133484,0.04276096607620312,-0.6824705156217237,-0.7939127283960956,-0.5430986243639357,3416,12.216290212183436,5.317932922655715,0.30285258610247506,25857,29.28746210000827,1.5502514999971027,82356
dkasc_19,BWh,patchtst,3,0.0,2016-01-01 00:00:00,6885,1617,0.019021255895495415,0.013089272193610668,0.9949694871902466,0.043720824409888094,-0.6824542595729866,-0.8117120772540268,-0.5465688248108114,3416,12.216290212183436,5.317932922655715,0.30277183348810915,25857,26.23084600000584,1.5816461000067648,82356
dkasc_19,BWh,patchtst,4,0.0,2016-01-01 00:00:00,6885,1617,0.020642606541514397,0.014723561704158783,0.994075357913971,0.04744753873889524,-0.7845858507890435,-0.921252991938234,-0.6231536605182941,3415,12.216290212183436,5.316563997262149,0.30262042233617314,25857,14.986197499994887,1.5467645000026096,82356
dkasc_19,BWh,informer,0,0.0,2016-01-01 00:00:00,6885,1617,0.018797317519783974,0.01279533002525568,0.9950872659683228,0.04320609654665409,-0.7287805154881692,-0.8889285805078639,-0.6236121059945643,3416,12.216290212183436,5.317932922655715,0.30285258610247506,81537,14.165825600008247,0.712391299995943,82356
dkasc_19,BWh,informer,1,0.0,2016-01-01 00:00:00,6885,1617,0.019506610929965973,0.013367262668907642,0.9947094917297363,0.04483642489153493,-0.7069447252051129,-0.8468500421018632,-0.5694167728080735,3416,12.216290212183436,5.317932922655715,0.30285258610247506,81537,12.217430999997305,0.5866313000005903,82356
dkasc_19,BWh,informer,2,0.0,2016-01-01 00:00:00,6885,1617,0.01919846050441265,0.012921676971018314,0.9948753118515015,0.04412813356095882,-0.6806908045993765,-0.8253189004239547,-0.5769197131504676,3416,12.216290212183436,5.317932922655715,0.30285258610247506,81537,14.260138700003154,0.44843150000087917,82356
dkasc_19,BWh,informer,3,0.0,2016-01-01 00:00:00,6885,1617,0.019985279068350792,0.013516865670681,0.9944466352462769,0.04593665537809743,-0.7961912709294527,-0.9494440149391603,-0.635550493132622,3416,12.216290212183436,5.317932922655715,0.30285258610247506,81537,8.393463399988832,0.4477618000091752,82356
dkasc_19,BWh,informer,4,0.0,2016-01-01 00:00:00,6885,1617,0.01903550513088703,0.01288195513188839,0.9949619174003601,0.043753576627825475,-0.6611161252410926,-0.7965034108279756,-0.5094555513708312,3416,12.216290212183436,5.317932922655715,0.30285258610247506,81537,20.28073990000121,0.44613229999959003,82356
dkasc_19,BWh,xgboost,0,-0.25,2016-01-01 00:00:00,6885,1617,0.018143093213438988,0.011600653640925884,0.9953893423080444,0.04185885370992431,-0.9160453294466577,-1.0456962770613463,-0.7828568846302231,3416,12.216290212183436,5.317932922655715,0.302892962409658,779,3.699635999990278,0.1349733999959426,82356
dkasc_19,BWh,xgboost,1,-0.25,2016-01-01 00:00:00,6885,1617,0.018084056675434113,0.011532185599207878,0.9954193234443665,0.04172264750854427,-0.9447275183151416,-1.0528466712115347,-0.7775002766632066,3416,12.216290212183436,5.317932922655715,0.302892962409658,719,3.3205691000039224,0.11970270000165328,82356
dkasc_19,BWh,xgboost,2,-0.25,2016-01-01 00:00:00,6885,1617,0.018162356689572334,0.01158932875841856,0.9953795671463013,0.041903297456088444,-0.9151076551430826,-1.036615768202412,-0.790566689910277,3416,12.216290212183436,5.317932922655715,0.302892962409658,854,4.1645891000080155,0.1404641000117408,82356
dkasc_19,BWh,xgboost,3,-0.25,2016-01-01 00:00:00,6885,1617,0.01811089925467968,0.011544295586645603,0.9954056739807129,0.04178457738922222,-0.9009642781508733,-1.0340416831888293,-0.7582548001507317,3416,12.216290212183436,5.317932922655715,0.302892962409658,832,4.039562400008435,0.13168120000045747,82356
dkasc_19,BWh,xgboost,4,-0.25,2016-01-01 00:00:00,6885,1617,0.018057318404316902,0.011484899558126926,0.9954328536987305,0.041660958282457805,-0.9163522485126252,-1.040243818651651,-0.7786988812222615,3416,12.216290212183436,5.317932922655715,0.302892962409658,728,4.763299400001415,0.11678300000494346,82356
dkasc_19,BWh,random_forest,0,-0.25,2016-01-01 00:00:00,6885,1617,0.018539462238550186,0.011910692788660526,0.9951856732368469,0.04277333686018367,-0.7384031866354113,-0.8872443605113745,-0.6201681937416437,3416,12.216290212183436,5.317932922655715,0.302892962409658,3440134,1.8229457999987062,0.40325200000370387,82356
dkasc_19,BWh,random_forest,1,-0.25,2016-01-01 00:00:00,6885,1617,0.018529580906033516,0.011877410113811493,0.9951907992362976,0.04275053913504339,-0.7607326828561745,-0.8730705061301247,-0.6476793935302714,3416,12.216290212183436,5.317932922655715,0.302892962409658,3439900,1.8110763000004226,0.38970590000099037,82356
dkasc_19,BWh,random_forest,2,-0.25,2016-01-01 00:00:00,6885,1617,0.0186738520860672,0.011957378126680851,0.9951156377792358,0.043083394516898285,-0.7542913340940927,-0.8782761482834741,-0.6405441305754477,3416,12.216290212183436,5.317932922655715,0.302892962409658,3442266,1.643497999990359,0.39453980000689626,82356
dkasc_19,BWh,random_forest,3,-0.25,2016-01-01 00:00:00,6885,1617,0.018586598336696625,0.011917605996131897,0.9951611757278442,0.04288208695111673,-0.7563567182489166,-0.8801910728012285,-0.6220581437580868,3416,12.216290212183436,5.317932922655715,0.302892962409658,3441432,1.2400153999915347,0.3720910999982152,82356
dkasc_19,BWh,random_forest,4,-0.25,2016-01-01 00:00:00,6885,1617,0.018585266545414925,0.011949192732572556,0.9951618909835815,0.042879014307671805,-0.7280831201638027,-0.8665578897297244,-0.6317965478233489,3416,12.216290212183436,5.317932922655715,0.302892962409658,3439894,1.1539744999899995,0.422381199998199,82356
dkasc_19,BWh,lstm,0,-0.25,2016-01-01 00:00:00,6885,1617,0.018946222960948944,0.01298742089420557,0.9949721097946167,0.04371179522412025,-0.9224350631091616,-1.0919156895119786,-0.7888640751527237,3416,12.216290212183436,5.317932922655715,0.30288286833286227,13729,71.44826649999595,0.1073822000034852,82356
dkasc_19,BWh,lstm,1,-0.25,2016-01-01 00:00:00,6885,1617,0.019186783581972122,0.013126390054821968,0.994843602180481,0.04426680487574453,-0.9213512579973271,-1.0690412876539601,-0.7634734656969622,3416,12.216290212183436,5.317932922655715,0.30288286833286227,13729,79.05246390000684,0.09652370000549126,82356
dkasc_19,BWh,lstm,2,-0.25,2016-01-01 00:00:00,6885,1617,0.019313296303153038,0.013209443539381027,0.9947754144668579,0.044558688813398216,-0.9378568388236252,-1.0521508918656608,-0.7958536997839771,3416,12.216290212183436,5.317932922655715,0.30288286833286227,13729,79.74402280000504,0.10954180000408087,82356
dkasc_19,BWh,lstm,3,-0.25,2016-01-01 00:00:00,6885,1617,0.01928938366472721,0.013372540473937988,0.9947883486747742,0.04450351874829909,-0.9517429857271831,-1.1002397735228986,-0.8040919470830576,3416,12.216290212183436,5.317932922655715,0.302892962409658,13729,76.74012210000365,0.13414639999973588,82356
dkasc_19,BWh,lstm,4,-0.25,2016-01-01 00:00:00,6885,1617,0.019304580986499786,0.013332105241715908,0.9947801232337952,0.04453858126279853,-0.9511109993967126,-1.10149614243847,-0.8037565156178889,3416,12.216290212183436,5.317932922655715,0.302892962409658,13729,79.03444840000884,0.10357799999474082,82356
dkasc_19,BWh,gru,0,-0.25,2016-01-01 00:00:00,6885,1617,0.01879029907286167,0.012887252494692802,0.9950545430183411,0.043352055286473165,-0.962951489038355,-1.0942618262982928,-0.8048498072798596,3416,12.216290212183436,5.317932922655715,0.30288286833286227,151809,78.8368361999892,0.26883980000275187,82356
dkasc_19,BWh,gru,1,-0.25,2016-01-01 00:00:00,6885,1617,0.019473617896437645,0.013515039347112179,0.9946883320808411,0.04492857492051867,-0.9618643507977391,-1.1197586190027087,-0.8060517933999201,3416,12.216290212183436,5.317932922655715,0.30288286833286227,151809,74.32713869999861,0.2854193000093801,82356
dkasc_19,BWh,gru,2,-0.25,2016-01-01 00:00:00,6885,1617,0.018824143335223198,0.012717091478407383,0.9950367212295532,0.0434301391066049,-0.9343457457811344,-1.0317921089898436,-0.7745218554451094,3416,12.216290212183436,5.317932922655715,0.30288286833286227,151809,124.21015009999974,0.25899820000631735,82356
dkasc_19,BWh,gru,3,-0.25,2016-01-01 00:00:00,6885,1617,0.02017964981496334,0.014246269129216671,0.9942961931228638,0.04655749709186116,-0.961700189809872,-1.098584920975844,-0.837626874317432,3416,12.216290212183436,5.317932922655715,0.30288286833286227,151809,78.66628409999248,0.28968209998856764,82356
dkasc_19,BWh,gru,4,-0.25,2016-01-01 00:00:00,6885,1617,0.01926598511636257,0.013156197033822536,0.9948009848594666,0.04444953476654373,-0.9561925876362121,-1.0976113531033904,-0.7817517674373053,3416,12.216290212183436,5.317932922655715,0.30288286833286227,151809,76.55533400000422,0.338413399993442,82356
dkasc_19,BWh,tcn,0,-0.25,2016-01-01 00:00:00,6885,1617,0.018456190824508667,0.012346871197223663,0.9952288269996643,0.042581217142912936,-0.9914639726439247,-1.1171817960792834,-0.8251931706332871,3416,12.216290212183436,5.317932922655715,0.302892962409658,198273,10.998365799998282,0.5467066000128398,82356
dkasc_19,BWh,tcn,1,-0.25,2016-01-01 00:00:00,6885,1617,0.018831996247172356,0.012763991951942444,0.995032548904419,0.04344825695942137,-0.9381001937329194,-1.071278355585692,-0.7962499634719511,3416,12.216290212183436,5.317932922655715,0.302892962409658,198273,9.957670400006464,0.5051573999953689,82356
dkasc_19,BWh,tcn,2,-0.25,2016-01-01 00:00:00,6885,1617,0.018717583268880844,0.012860910966992378,0.9950927495956421,0.043184288954380555,-0.9470186244751932,-1.0733403319549912,-0.7754383526060948,3416,12.216290212183436,5.317932922655715,0.302892962409658,198273,10.12758680000843,0.5021488000056706,82356
dkasc_19,BWh,tcn,3,-0.25,2016-01-01 00:00:00,6885,1617,0.019020915031433105,0.012975513003766537,0.9949324131011963,0.04388412110124091,-0.9580269739366654,-1.0661407462367933,-0.8009908123705611,3416,12.216290212183436,5.317932922655715,0.302892962409658,198273,7.130788800001028,0.5122824999998556,82356
dkasc_19,BWh,tcn,4,-0.25,2016-01-01 00:00:00,6885,1617,0.01833443157374859,0.01236595306545496,0.9952915906906128,0.042300300178785735,-0.9358775291115142,-1.0528168618997433,-0.816501281950005,3416,12.216290212183436,5.317932922655715,0.302892962409658,198273,17.436823399999412,0.5132835999975214,82356
dkasc_19,BWh,patchtst,0,-0.25,2016-01-01 00:00:00,6885,1617,0.019778434187173843,0.013768280856311321,0.9945207238197327,0.04563183209790434,-0.9092352577342755,-1.0471658607393104,-0.7789809604956122,3415,12.216290212183436,5.316563997262149,0.30274155125772195,25857,26.901888499996858,1.0859786000073655,82356
dkasc_19,BWh,patchtst,1,-0.25,2016-01-01 00:00:00,6885,1617,0.019015135243535042,0.012981199659407139,0.9949354529380798,0.0438707862584303,-0.9437007271551889,-1.0477432838707723,-0.8267729351583198,3416,12.216290212183436,5.317932922655715,0.302892962409658,25857,40.66060550000111,1.1001622999901883,82356
dkasc_19,BWh,patchtst,2,-0.25,2016-01-01 00:00:00,6885,1617,0.01898213103413582,0.01306107547134161,0.9949530363082886,0.04379464056724075,-0.9078074489211598,-1.021306981178144,-0.7741617832126124,3416,12.216290212183436,5.317932922655715,0.302892962409658,25857,36.17668830000912,1.0929742000007536,82356
dkasc_19,BWh,patchtst,3,-0.25,2016-01-01 00:00:00,6885,1617,0.018987124785780907,0.013213023543357849,0.9949504137039185,0.04380616190580834,-0.8993022994372324,-1.0488363395479983,-0.7795962695038683,3415,12.216290212183436,5.316563997262149,0.30279202164170066,25857,39.64853699998639,0.9398073999909684,82356
dkasc_19,BWh,patchtst,4,-0.25,2016-01-01 00:00:00,6885,1617,0.0209841039031744,0.015029451809823513,0.9938323497772217,0.04841349405988834,-1.0158409585752093,-1.1598619020285017,-0.8597863068210858,3415,12.216290212183436,5.316563997262149,0.3026607986433561,25857,17.56499280000571,1.028912499998114,82356
dkasc_19,BWh,informer,0,-0.25,2016-01-01 00:00:00,6885,1617,0.018897583708167076,0.01267790887504816,0.9949979186058044,0.04359957712862768,-0.9996040391847919,-1.1220337521048498,-0.8815750753362217,3416,12.216290212183436,5.317932922655715,0.302892962409658,81537,38.178501899994444,0.4455900000029942,82356
dkasc_19,BWh,informer,1,-0.25,2016-01-01 00:00:00,6885,1617,0.019704606384038925,0.01353355310857296,0.9945615530014038,0.045461500215970306,-0.9332467156993638,-1.0715215444654023,-0.8100665613350932,3416,12.216290212183436,5.317932922655715,0.302892962409658,81537,39.84058509999886,0.5033821999968495,82356
dkasc_19,BWh,informer,2,-0.25,2016-01-01 00:00:00,6885,1617,0.019915200769901276,0.014023296535015106,0.9944446682929993,0.04594737324138219,-0.9243686720987909,-1.0759906012611231,-0.8079891604317324,3416,12.216290212183436,5.317932922655715,0.3028727742560665,81537,18.47967040000367,0.5276575000025332,82356
dkasc_19,BWh,informer,3,-0.25,2016-01-01 00:00:00,6885,1617,0.02007731795310974,0.013693404383957386,0.9943538904190063,0.04632140204539901,-0.9779262494119201,-1.1566951648075419,-0.8533227172359714,3416,12.216290212183436,5.317932922655715,0.302892962409658,81537,19.0398348000017,0.505113799998071,82356
dkasc_19,BWh,informer,4,-0.25,2016-01-01 00:00:00,6885,1617,0.019580144435167313,0.013463987037539482,0.9946300387382507,0.04517434771948146,-0.924233678535219,-1.0375884217763647,-0.7814918464256526,3416,12.216290212183436,5.317932922655715,0.302892962409658,81537,38.60576529998798,0.5250541999994311,82356
dkasc_19,BWh,xgboost,0,-0.5,2016-01-01 00:00:00,6885,1617,0.018490800634026527,0.011901010759174824,0.9951754212379456,0.04282177325207216,-1.1329264675029205,-1.2673248137537052,-0.9941344750049417,3416,12.216290212183436,5.317932922655715,0.30315540840634714,692,10.22713400000066,0.2901068000064697,82356
dkasc_19,BWh,xgboost,1,-0.5,2016-01-01 00:00:00,6885,1617,0.018351759761571884,0.011769509874284267,0.9952477216720581,0.042499776555938486,-1.1608750548069264,-1.2802223192374784,-1.011303959256099,3416,12.216290212183436,5.317932922655715,0.30315540840634714,816,5.037530700006755,0.13754760001029354,82356
dkasc_19,BWh,xgboost,2,-0.5,2016-01-01 00:00:00,6885,1617,0.0184699147939682,0.011847253888845444,0.9951863288879395,0.042773404945860974,-1.1414897514221756,-1.2734355207401293,-1.0188923437163777,3416,12.216290212183436,5.317932922655715,0.30315540840634714,803,4.050736100005452,0.1406525999918813,82356
dkasc_19,BWh,xgboost,3,-0.5,2016-01-01 00:00:00,6885,1617,0.01842670328915119,0.011829779483377934,0.9952088594436646,0.042673333926883585,-1.1340940185961732,-1.2752357097921958,-0.9950782227442945,3416,12.216290212183436,5.317932922655715,0.30315540840634714,841,4.086062200003653,0.14187609999498818,82356
dkasc_19,BWh,xgboost,4,-0.5,2016-01-01 00:00:00,6885,1617,0.01839238777756691,0.011776228435337543,0.9952266812324524,0.04259386462292132,-1.1460654768330707,-1.2726819219670893,-1.0124037205712648,3416,12.216290212183436,5.317932922655715,0.30315540840634714,706,3.186074800003553,0.12769039999693632,82356
dkasc_19,BWh,random_forest,0,-0.5,2016-01-01 00:00:00,6885,1617,0.018879210576415062,0.012184378691017628,0.9949706196784973,0.04372126932100957,-0.9783248885049001,-1.1086551079871887,-0.8683742971386357,3416,12.216290212183436,5.317932922655715,0.30315540840634714,3439018,1.3213198000012198,0.4321094000042649,82356
dkasc_19,BWh,random_forest,1,-0.5,2016-01-01 00:00:00,6885,1617,0.018863679841160774,0.01219018455594778,0.9949789047241211,0.043685302591571516,-0.9911710486928238,-1.1128766713633107,-0.8871664719196667,3416,12.216290212183436,5.317932922655715,0.30315540840634714,3438856,1.3300573000014992,0.5409112000052119,82356
dkasc_19,BWh,random_forest,2,-0.5,2016-01-01 00:00:00,6885,1617,0.018826516345143318,0.012173565104603767,0.9949986934661865,0.04359923780556191,-0.9710328091720621,-1.1099991229481172,-0.8634832854308304,3416,12.216290212183436,5.317932922655715,0.30315540840634714,3442588,1.1427518000127748,0.4899681000097189,82356
dkasc_19,BWh,random_forest,3,-0.5,2016-01-01 00:00:00,6885,1617,0.018917789682745934,0.012242385186254978,0.9949500560760498,0.04381061243687921,-0.9561297329910512,-1.071315986583088,-0.8446961257247199,3416,12.216290212183436,5.317932922655715,0.30315540840634714,3439466,1.300697200000286,0.4845604000001913,82356
dkasc_19,BWh,random_forest,4,-0.5,2016-01-01 00:00:00,6885,1617,0.018944481387734413,0.012250922620296478,0.9949358105659485,0.043872426209108445,-0.9421603652235433,-1.0946259184722844,-0.8441683251465493,3416,12.216290212183436,5.317932922655715,0.30315540840634714,3439238,1.1205960999941453,0.451044900008128,82356
dkasc_19,BWh,lstm,0,-0.5,2016-01-01 00:00:00,6885,1617,0.019191104918718338,0.013220366090536118,0.9948030710220337,0.04444356734742049,-1.1449013135087838,-1.3180799565847778,-1.0112796232860053,3416,12.216290212183436,5.317932922655715,0.30314531432955144,13729,112.32211750000715,0.21042180000222288,82356
dkasc_19,BWh,lstm,1,-0.5,2016-01-01 00:00:00,6885,1617,0.019474206492304802,0.013386181555688381,0.9946486353874207,0.04509918586991518,-1.1632698844604716,-1.295028466446987,-0.9979255480313508,3416,12.216290212183436,5.317932922655715,0.30314531432955144,13729,100.89303170000494,0.19771720000426285,82356
dkasc_19,BWh,lstm,2,-0.5,2016-01-01 00:00:00,6885,1617,0.01998075656592846,0.013875125907361507,0.9943666458129883,0.046272275820039704,-1.2136712434426877,-1.3824184312461143,-1.0420221522197792,3416,12.216290212183436,5.317932922655715,0.30315540840634714,13729,73.64985420000448,0.10333189999801107,82356
dkasc_19,BWh,lstm,3,-0.5,2016-01-01 00:00:00,6885,1617,0.01959918439388275,0.013642285019159317,0.9945797324180603,0.04538861494704462,-1.1721672785498571,-1.3144809879677977,-1.031624290855454,3416,12.216290212183436,5.317932922655715,0.30315540840634714,13729,79.40558190000593,0.12274859999888577,82356
dkasc_19,BWh,lstm,4,-0.5,2016-01-01 00:00:00,6885,1617,0.019619107246398926,0.013621802441775799,0.9945687055587769,0.04543475312623261,-1.1758387155332932,-1.3332566139427258,-1.037898943471638,3416,12.216290212183436,5.317932922655715,0.30315540840634714,13729,79.44722610000463,0.21418779999658,82356
dkasc_19,BWh,gru,0,-0.5,2016-01-01 00:00:00,6885,1617,0.019137950614094734,0.01324188057333231,0.9948318600654602,0.044320470374768314,-1.1879279598850767,-1.3365867627986194,-1.0510503709001286,3416,12.216290212183436,5.317932922655715,0.30314531432955144,151809,84.93687980000686,0.23718510000617243,82356
dkasc_19,BWh,gru,1,-0.5,2016-01-01 00:00:00,6885,1617,0.019633805379271507,0.013638379983603954,0.9945605397224426,0.04546879168008194,-1.209603389907321,-1.3390272238505752,-1.024747900465084,3416,12.216290212183436,5.317932922655715,0.30315540840634714,151809,65.32797389999905,0.2669137999910163,82356
dkasc_19,BWh,gru,2,-0.5,2016-01-01 00:00:00,6885,1617,0.019213154911994934,0.01308050099760294,0.9947911500930786,0.04449463164858236,-1.1705802381504704,-1.3203241533384258,-1.0403902957847724,3416,12.216290212183436,5.317932922655715,0.30315540840634714,151809,81.7665149999957,0.3200504999986151,82356
dkasc_19,BWh,gru,3,-0.5,2016-01-01 00:00:00,6885,1617,0.020567670464515686,0.014518358744680882,0.9940308332443237,0.0476314756935997,-1.1728510341500797,-1.3467847546232758,-1.0542150378890558,3416,12.216290212183436,5.317932922655715,0.30315540840634714,151809,43.792494699999224,0.3686108000110835,82356
dkasc_19,BWh,gru,4,-0.5,2016-01-01 00:00:00,6885,1617,0.019548330456018448,0.013434587977826595,0.9946078062057495,0.04527084526041499,-1.1752015888265117,-1.3272733786176152,-1.0078602646995949,3416,12.216290212183436,5.317932922655715,0.30314531432955144,151809,65.01993819999916,0.23779739999736194,82356
dkasc_19,BWh,tcn,0,-0.5,2016-01-01 00:00:00,6885,1617,0.018983228132128716,0.01279280986636877,0.9949150681495667,0.043962157548250974,-1.2234264303865816,-1.371826542977711,-1.0718391582669011,3416,12.216290212183436,5.317932922655715,0.30315540840634714,198273,4.807944700005464,0.5181945000076666,82356
dkasc_19,BWh,tcn,1,-0.5,2016-01-01 00:00:00,6885,1617,0.019472787156701088,0.013464461080729961,0.9946494102478027,0.04509589891287131,-1.1875096451088252,-1.3170426020811865,-1.0666467067534295,3416,12.216290212183436,5.317932922655715,0.30315540840634714,198273,4.67019549998804,0.5348569000052521,82356
dkasc_19,BWh,tcn,2,-0.5,2016-01-01 00:00:00,6885,1617,0.01834462396800518,0.012381784617900848,0.9952514171600342,0.04248325118528879,-1.1383751213261637,-1.2703748551894822,-1.000697303089705,3416,12.216290212183436,5.317932922655715,0.30314531432955144,198273,8.470816000000923,0.46600929999840446,82356
dkasc_19,BWh,tcn,3,-0.5,2016-01-01 00:00:00,6885,1617,0.01929723285138607,0.013209164142608643,0.9947454333305359,0.04468934287430849,-1.164353033450402,-1.303472457620053,-1.0473191926799075,3416,12.216290212183436,5.317932922655715,0.30315540840634714,198273,3.2994324999890523,0.4350579000019934,82356
dkasc_19,BWh,tcn,4,-0.5,2016-01-01 00:00:00,6885,1617,0.019376687705516815,0.01337128784507513,0.9947021007537842,0.04487334776488647,-1.1980057146969536,-1.297467427972232,-1.0533321730875234,3416,12.216290212183436,5.317932922655715,0.30315540840634714,198273,3.998274500001571,0.4282623000035528,82356
dkasc_19,BWh,patchtst,0,-0.5,2016-01-01 00:00:00,6885,1617,0.02013445645570755,0.014089559204876423,0.9942796230316162,0.046628220484592364,-1.159162708874839,-1.277175795161567,-0.9959009011661439,3415,12.216290212183436,5.316563997262149,0.30300399725441113,25857,18.10601940000197,1.2538995999930194,82356
dkasc_19,BWh,patchtst,1,-0.5,2016-01-01 00:00:00,6885,1617,0.019265681505203247,0.013187305070459843,0.9947625994682312,0.04461627494075713,-1.1800224789079234,-1.2697756698066387,-1.049215492638722,3416,12.216290212183436,5.317932922655715,0.30314531432955144,25857,28.652447200001916,1.0450034000095911,82356
dkasc_19,BWh,patchtst,2,-0.5,2016-01-01 00:00:00,6885,1617,0.019391154870390892,0.013388662599027157,0.994694173336029,0.04490685143333758,-1.1281725653575492,-1.2702813741337193,-1.0054990504553274,3416,12.216290212183436,5.317932922655715,0.30315540840634714,25857,24.032410500003607,1.0135018000000855,82356
dkasc_19,BWh,patchtst,3,-0.5,2016-01-01 00:00:00,6885,1617,0.01939927414059639,0.013578184880316257,0.9946897029876709,0.04492565438052162,-1.152988082270262,-1.2732874025783611,-1.0237946552636392,3416,12.216290212183436,5.317932922655715,0.3030746557919813,25857,26.838156999991043,1.1566646999999648,82356
dkasc_19,BWh,patchtst,4,-0.5,2016-01-01 00:00:00,6885,1617,0.01941363699734211,0.013371555134654045,0.9946818947792053,0.04495891648782514,-1.1586607503182633,-1.298709733660941,-1.0310921998430764,3415,12.216290212183436,5.316563997262149,0.3029232446400452,25857,19.738245799992,1.1723723000031896,82356
dkasc_19,BWh,informer,0,-0.5,2016-01-01 00:00:00,6885,1617,0.01922876201570034,0.012970750220119953,0.9947826862335205,0.044530775235289186,-1.2176908792683239,-1.3689093221780468,-1.0750888299524086,3416,12.216290212183436,5.317932922655715,0.30315540840634714,81537,16.91562279999198,0.5488787000067532,82356
dkasc_19,BWh,informer,1,-0.5,2016-01-01 00:00:00,6885,1617,0.020098412409424782,0.014233672060072422,0.9943000674247742,0.046544748167327336,-1.1615131160144423,-1.3059213206547904,-1.0282857596973942,3416,12.216290212183436,5.317932922655715,0.30315540840634714,81537,14.156736899996758,0.5392133999994257,82356
dkasc_19,BWh,informer,2,-0.5,2016-01-01 00:00:00,6885,1617,0.019444389268755913,0.013311054557561874,0.9946650266647339,0.04503013389044236,-1.1335415851050579,-1.2781101021327346,-1.0334608661873523,3416,12.216290212183436,5.317932922655715,0.30315540840634714,81537,14.209116099998937,0.5565526999998838,82356
dkasc_19,BWh,informer,3,-0.5,2016-01-01 00:00:00,6885,1617,0.020285651087760925,0.013796420767903328,0.9941933751106262,0.04697836336801116,-1.2150973243304997,-1.3959615322891363,-1.0637156255396407,3416,12.216290212183436,5.317932922655715,0.30315540840634714,81537,9.848468399999547,0.541083099989919,82356
dkasc_19,BWh,informer,4,-0.5,2016-01-01 00:00:00,6885,1617,0.019555535167455673,0.013324336148798466,0.9946038126945496,0.04528753023396578,-1.1669649609988775,-1.2965279019158227,-1.0082634200207896,3416,12.216290212183436,5.317932922655715,0.30315540840634714,81537,17.941889699999592,0.5379646999936085,82356
dkasc_19,BWh,xgboost,0,-1.0,2016-01-01 00:00:00,6885,1617,0.01918352209031582,0.012500043027102947,0.9947299361228943,0.04476325379049291,-1.611660282848129,-1.7133355382239701,-1.4756231331607306,3416,12.216290212183436,5.317932922655715,0.30370048855331694,685,2.873673599999165,0.11883300000044983,82356
dkasc_19,BWh,xgboost,1,-1.0,2016-01-01 00:00:00,6885,1617,0.019129721447825432,0.012462002225220203,0.9947595000267029,0.044637714184024894,-1.5911204940798174,-1.7161739459408472,-1.4672072119598367,3416,12.216290212183436,5.317932922655715,0.30370048855331694,730,3.544475800008513,0.11100900000019465,82356
dkasc_19,BWh,xgboost,2,-1.0,2016-01-01 00:00:00,6885,1617,0.019201848655939102,0.012496448121964931,0.9947198629379272,0.044806017403151786,-1.5713121383760384,-1.7027989486809836,-1.4590497421562598,3416,12.216290212183436,5.317932922655715,0.30370048855331694,772,2.924990900006378,0.1325481999956537,82356
dkasc_19,BWh,xgboost,3,-1.0,2016-01-01 00:00:00,6885,1617,0.01914341188967228,0.012452269904315472,0.9947519898414612,0.04466965976315313,-1.6056825864520063,-1.738147737538276,-1.4859015956423582,3416,12.216290212183436,5.317932922655715,0.30370048855331694,759,3.5185453000012785,0.1322294999990845,82356
dkasc_19,BWh,xgboost,4,-1.0,2016-01-01 00:00:00,6885,1617,0.019097117707133293,0.012435998767614365,0.9947773218154907,0.04456163589598944,-1.5902686781798683,-1.7332143683107657,-1.4777575470289328,3416,12.216290212183436,5.317932922655715,0.30370048855331694,728,2.9953956000099424,0.11121030000504106,82356
dkasc_19,BWh,random_forest,0,-1.0,2016-01-01 00:00:00,6885,1617,0.019548194482922554,0.012778254225850105,0.9945276975631714,0.045614188399048565,-1.448674237843843,-1.5656119604541996,-1.3131671603963055,3416,12.216290212183436,5.317932922655715,0.30370048855331694,3435570,1.1753376000124263,0.40649770000891294,82356
dkasc_19,BWh,random_forest,1,-1.0,2016-01-01 00:00:00,6885,1617,0.019560853019356728,0.01275918073952198,0.9945206046104431,0.04564372610731461,-1.425443380516199,-1.5485224787468166,-1.3089649795955616,3416,12.216290212183436,5.317932922655715,0.30370048855331694,3436028,1.19725529999414,0.36984949999896344,82356
dkasc_19,BWh,random_forest,2,-1.0,2016-01-01 00:00:00,6885,1617,0.01961328275501728,0.012779157608747482,0.9944912195205688,0.04576606680953251,-1.4328432678791692,-1.5444984970651832,-1.3139523383382257,3416,12.216290212183436,5.317932922655715,0.30370048855331694,3438970,1.1773451000044588,0.39570359999197535,82356
dkasc_19,BWh,random_forest,3,-1.0,2016-01-01 00:00:00,6885,1617,0.019625885412096977,0.012839499861001968,0.9944841265678406,0.045795474127679675,-1.436512037078208,-1.550548239876548,-1.3177924264679786,3416,12.216290212183436,5.317932922655715,0.30370048855331694,3437394,1.229615799995372,0.4087198999914108,82356
dkasc_19,BWh,random_forest,4,-1.0,2016-01-01 00:00:00,6885,1617,0.01956097036600113,0.01279369741678238,0.9945205450057983,0.04564399992656429,-1.4312225766079822,-1.5435505144159207,-1.3083691591874946,3416,12.216290212183436,5.317932922655715,0.30370048855331694,3435856,1.2146662000013748,0.43656400000327267,82356
dkasc_19,BWh,lstm,0,-1.0,2016-01-01 00:00:00,6885,1617,0.02018045447766781,0.014112952165305614,0.9941679835319519,0.04708951782359907,-1.6491688995240616,-1.7547268414610593,-1.5064397134356255,3416,12.216290212183436,5.317932922655715,0.3036903944765212,13729,59.16339240000525,0.11165350000374019,82356
dkasc_19,BWh,lstm,1,-1.0,2016-01-01 00:00:00,6885,1617,0.020191820338368416,0.014056621119379997,0.9941614270210266,0.047116039173781446,-1.6431186820646593,-1.7729179624491387,-1.4805531667759442,3416,12.216290212183436,5.317932922655715,0.3036903944765212,13729,71.94576869999582,0.11189400000148453,82356
dkasc_19,BWh,lstm,2,-1.0,2016-01-01 00:00:00,6885,1617,0.020657213404774666,0.014500263147056103,0.9938891530036926,0.048201997625300384,-1.6514404456414555,-1.825173040105177,-1.517806857315096,3416,12.216290212183436,5.317932922655715,0.30370048855331694,13729,58.687077900001896,0.11311029999342281,82356
dkasc_19,BWh,lstm,3,-1.0,2016-01-01 00:00:00,6885,1617,0.020351387560367584,0.014307452365756035,0.9940687417984009,0.04748837685094859,-1.628875570942001,-1.7777026685305475,-1.5015001739153155,3416,12.216290212183436,5.317932922655715,0.30370048855331694,13729,84.95249020001211,0.10881349998817313,82356
dkasc_19,BWh,lstm,4,-1.0,2016-01-01 00:00:00,6885,1617,0.020312177017331123,0.01407764945179224,0.9940915703773499,0.04739688210452295,-1.6438699757755693,-1.8215251777615165,-1.5094760476476614,3416,12.216290212183436,5.317932922655715,0.30370048855331694,13729,79.13269199999922,0.11246689999825321,82356
dkasc_19,BWh,gru,0,-1.0,2016-01-01 00:00:00,6885,1617,0.019774911925196648,0.013727733865380287,0.9944000244140625,0.04614321588208672,-1.6551028735606377,-1.7984710679567368,-1.490770084157067,3416,12.216290212183436,5.317932922655715,0.30370048855331694,151809,74.83150830000523,0.22028529999079183,82356
dkasc_19,BWh,gru,1,-1.0,2016-01-01 00:00:00,6885,1617,0.020276937633752823,0.014154684729874134,0.9941120743751526,0.04731465374921314,-1.6598604249889957,-1.7707788830201552,-1.511396464295156,3416,12.216290212183436,5.317932922655715,0.30370048855331694,151809,63.91706469999917,0.30439440000918694,82356
dkasc_19,BWh,gru,2,-1.0,2016-01-01 00:00:00,6885,1617,0.02030586451292038,0.014219125732779503,0.9940952658653259,0.04738215236742559,-1.6540387546979622,-1.7748260592158427,-1.5241097607589498,3416,12.216290212183436,5.317932922655715,0.30370048855331694,151809,62.041058299990254,0.33923510000749957,82356
dkasc_19,BWh,gru,3,-1.0,2016-01-01 00:00:00,6885,1617,0.021259596571326256,0.015204939991235733,0.9935275912284851,0.0496076117996173,-1.657234307951394,-1.7979750915221415,-1.5327864529182778,3416,12.216290212183436,5.317932922655715,0.30370048855331694,151809,47.58246710000094,0.2963878000009572,82356
dkasc_19,BWh,gru,4,-1.0,2016-01-01 00:00:00,6885,1617,0.02024565264582634,0.014112238772213459,0.9941302537918091,0.047241652667983504,-1.603675845909186,-1.7710567895296827,-1.4858658227154264,3416,12.216290212183436,5.317932922655715,0.3036903944765212,151809,48.97217149999051,0.2963363000017125,82356
dkasc_19,BWh,tcn,0,-1.0,2016-01-01 00:00:00,6885,1617,0.019507763907313347,0.013270334340631962,0.9945502877235413,0.045519846801693804,-1.7237884051847199,-1.8290889300191042,-1.5972294925563353,3416,12.216290212183436,5.317932922655715,0.30370048855331694,198273,5.723138900008053,0.4250877999875229,82356
dkasc_19,BWh,tcn,1,-1.0,2016-01-01 00:00:00,6885,1617,0.01999414898455143,0.013924467377364635,0.9942751526832581,0.0466547884745427,-1.6632746381363557,-1.801879283609514,-1.5493518096995118,3416,12.216290212183436,5.317932922655715,0.30370048855331694,198273,4.228404599998612,0.4468069999857107,82356
dkasc_19,BWh,tcn,2,-1.0,2016-01-01 00:00:00,6885,1617,0.019425414502620697,0.013362490572035313,0.9945962429046631,0.045327690883484505,-1.6562751164444722,-1.7737960899957272,-1.5210767806393966,3416,12.216290212183436,5.317932922655715,0.30368030039972543,198273,11.49533980000706,0.2856873999990057,82356
dkasc_19,BWh,tcn,3,-1.0,2016-01-01 00:00:00,6885,1617,0.019987208768725395,0.01381174847483635,0.994279146194458,0.04663859402177647,-1.6954494268769438,-1.8081273761494987,-1.5540491223193231,3416,12.216290212183436,5.317932922655715,0.30370048855331694,198273,4.297656800001278,0.33594210000592284,82356
dkasc_19,BWh,tcn,4,-1.0,2016-01-01 00:00:00,6885,1617,0.019039789214730263,0.012902303598821163,0.9948086142539978,0.044427864326682116,-1.6273507322067615,-1.751563735321826,-1.509329445389191,3416,12.216290212183436,5.317932922655715,0.30370048855331694,198273,9.145181100000627,0.3323291999986395,82356
dkasc_19,BWh,patchtst,0,-1.0,2016-01-01 00:00:00,6885,1617,0.02089392952620983,0.014735458418726921,0.9937483072280884,0.04875435624694539,-1.649991489463709,-1.7384528269839938,-1.4721219858244594,3415,12.216290212183436,5.316563997262149,0.3035490774013809,25857,15.39590109999699,1.090697799998452,82356
dkasc_19,BWh,patchtst,1,-1.0,2016-01-01 00:00:00,6885,1617,0.020117415115237236,0.014078210107982159,0.9942043423652649,0.04694242038414111,-1.6579140886281374,-1.7666553082703707,-1.5222135248753543,3416,12.216290212183436,5.317932922655715,0.30370048855331694,25857,24.214732899999944,1.0859840999910375,82356
dkasc_19,BWh,patchtst,2,-1.0,2016-01-01 00:00:00,6885,1617,0.020493455231189728,0.014574125409126282,0.993985652923584,0.047819880689216436,-1.64082135012629,-1.7393410762894141,-1.4963589075657868,3416,12.216290212183436,5.317932922655715,0.30370048855331694,25857,18.964742600001046,1.089248399992357,82356
dkasc_19,BWh,patchtst,3,-1.0,2016-01-01 00:00:00,6885,1617,0.02003559097647667,0.014121390879154205,0.9942514300346375,0.046751490133049384,-1.6369636405701882,-1.747781192005704,-1.4999481584207595,3416,12.216290212183436,5.317932922655715,0.30361973593895103,25857,24.281297199995606,1.096786299996893,82356
dkasc_19,BWh,patchtst,4,-1.0,2016-01-01 00:00:00,6885,1617,0.020165156573057175,0.014014112763106823,0.9941768050193787,0.04705382135538408,-1.6420113994936592,-1.7539034075002347,-1.5118252905484408,3415,12.216290212183436,5.316563997262149,0.30346832478701496,25857,18.798762499995064,1.1010338000050979,82356
dkasc_19,BWh,informer,0,-1.0,2016-01-01 00:00:00,6885,1617,0.019978942349553108,0.013673016801476479,0.9942838549613953,0.04661930497685523,-1.675744394553913,-1.832144394967191,-1.5480483832614411,3416,12.216290212183436,5.317932922655715,0.30370048855331694,81537,15.464741700008744,0.5032656000112183,82356
dkasc_19,BWh,informer,1,-1.0,2016-01-01 00:00:00,6885,1617,0.020626835525035858,0.0144954863935709,0.9939071536064148,0.04813111321033407,-1.618399793017844,-1.751329866221373,-1.4932445921468478,3416,12.216290212183436,5.317932922655715,0.30370048855331694,81537,13.217941599999904,0.5102635999937775,82356
dkasc_19,BWh,informer,2,-1.0,2016-01-01 00:00:00,6885,1617,0.02091929130256176,0.014991601929068565,0.9937331080436707,0.048813535975572614,-1.6468702766489485,-1.7810217552120977,-1.5020555099421684,3416,12.216290212183436,5.317932922655715,0.30370048855331694,81537,9.614420999991125,0.5069270999956643,82356
dkasc_19,BWh,informer,3,-1.0,2016-01-01 00:00:00,6885,1617,0.02099725231528282,0.014595730230212212,0.993686318397522,0.048995451923111694,-1.6816535891859614,-1.8631832969417061,-1.5794182710366589,3416,12.216290212183436,5.317932922655715,0.30370048855331694,81537,8.993639100008295,0.5070587000082014,82356
dkasc_19,BWh,informer,4,-1.0,2016-01-01 00:00:00,6885,1617,0.020933859050273895,0.014441842213273048,0.9937244057655334,0.04884752867956743,-1.6082708989969046,-1.7028795839644895,-1.4813105152639339,3416,12.216290212183436,5.317932922655715,0.30370048855331694,81537,13.350804000001517,0.5085875000077067,82356
dkasc_19,BWh,xgboost,0,-2.0,2016-01-01 00:00:00,6885,1617,0.02106766402721405,0.014111901633441448,0.9934535026550293,0.04991763993848999,-2.5569964202673043,-2.689455694595107,-2.4150803192588777,3416,12.216290212183436,5.317932922655715,0.3046998021560948,707,3.046014700012165,0.10011920001124963,82356
dkasc_19,BWh,xgboost,1,-2.0,2016-01-01 00:00:00,6885,1617,0.021036844700574875,0.014107981696724892,0.9934726357460022,0.0498446167476733,-2.520102638326432,-2.6612696791612156,-2.42298831472304,3416,12.216290212183436,5.317932922655715,0.3046998021560948,702,2.964114900009008,0.11778910001157783,82356
dkasc_19,BWh,xgboost,2,-2.0,2016-01-01 00:00:00,6885,1617,0.021043311804533005,0.014094364829361439,0.9934686422348022,0.049859939878249604,-2.5489059141226864,-2.678314470591947,-2.4290940795538063,3416,12.216290212183436,5.317932922655715,0.3046998021560948,692,2.970745899991016,0.12872130000323523,82356
dkasc_19,BWh,xgboost,3,-2.0,2016-01-01 00:00:00,6885,1617,0.021037632599473,0.01411791518330574,0.993472158908844,0.04984648359221068,-2.5331827855144535,-2.663012418389604,-2.4220997794455523,3416,12.216290212183436,5.317932922655715,0.3046998021560948,676,2.736304099991685,0.09740529999544378,82356
dkasc_19,BWh,xgboost,4,-2.0,2016-01-01 00:00:00,6885,1617,0.021078059449791908,0.014127004891633987,0.9934470653533936,0.049942270811688824,-2.5420042289630502,-2.6858676253313902,-2.433414332639237,3416,12.216290212183436,5.317932922655715,0.3046998021560948,625,2.5403974000073504,0.09467030000814702,82356
dkasc_19,BWh,random_forest,0,-2.0,2016-01-01 00:00:00,6885,1617,0.021420832723379135,0.014356642961502075,0.9932321906089783,0.05075443645232949,-2.3527350205965805,-2.480676763004297,-2.2434513811445203,3416,12.216290212183436,5.317932922655715,0.3046998021560948,3427454,1.1330684999993537,0.3672437999921385,82356
dkasc_19,BWh,random_forest,1,-2.0,2016-01-01 00:00:00,6885,1617,0.021371083334088326,0.014312759041786194,0.9932636022567749,0.05063656044583107,-2.365931291903717,-2.4782235677629068,-2.2460117140176523,3416,12.216290212183436,5.317932922655715,0.3046998021560948,3428350,1.128937399989809,0.4468312999961199,82356
dkasc_19,BWh,random_forest,2,-2.0,2016-01-01 00:00:00,6885,1617,0.021376613527536392,0.014248755760490894,0.9932600855827332,0.0506496636643452,-2.369599280593598,-2.493764781130503,-2.264484635861963,3416,12.216290212183436,5.317932922655715,0.3046998021560948,3431252,1.1087136999994982,0.41764230000262614,82356
dkasc_19,BWh,random_forest,3,-2.0,2016-01-01 00:00:00,6885,1617,0.021391872316598892,0.014305783435702324,0.9932504892349243,0.05068581777888469,-2.346130999467677,-2.4893347137626587,-2.228829406442223,3416,12.216290212183436,5.317932922655715,0.3046998021560948,3430146,1.1057391999929678,0.3686858000000939,82356
dkasc_19,BWh,random_forest,4,-2.0,2016-01-01 00:00:00,6885,1617,0.02147926203906536,0.014394321478903294,0.9931952357292175,0.05089287864214749,-2.341459731617712,-2.4636883493603623,-2.2349918461927576,3416,12.216290212183436,5.317932922655715,0.3046998021560948,3429582,1.1397262000100454,0.3878986000054283,82356
dkasc_19,BWh,lstm,0,-2.0,2016-01-01 00:00:00,6885,1617,0.022153185680508614,0.015920232981443405,0.992761492729187,0.052489670656494465,-2.5944944448005547,-2.7213462715084145,-2.465788611861129,3416,12.216290212183436,5.317932922655715,0.30468970807929907,13729,59.51996730000246,0.11047319999488536,82356
dkasc_19,BWh,lstm,1,-2.0,2016-01-01 00:00:00,6885,1617,0.0221086498349905,0.0158724095672369,0.9927905797958374,0.05238414760001997,-2.5768932329391863,-2.721553384385575,-2.4320597684153955,3416,12.216290212183436,5.317932922655715,0.3046998021560948,13729,72.51036390000081,0.11902290000580251,82356
dkasc_19,BWh,lstm,2,-2.0,2016-01-01 00:00:00,6885,1617,0.022528009489178658,0.016119185835123062,0.9925144910812378,0.05337777670837548,-2.6192814781796803,-2.7426944211023048,-2.459255034498442,3416,12.216290212183436,5.317932922655715,0.3046998021560948,13729,58.940196199997445,0.1078721000085352,82356
dkasc_19,BWh,lstm,3,-2.0,2016-01-01 00:00:00,6885,1617,0.023562759160995483,0.01701267994940281,0.9918110966682434,0.05582950849399259,-2.6193974483196545,-2.764137562907049,-2.5025863453979467,3416,12.216290212183436,5.317932922655715,0.3046998021560948,13729,43.92142679999233,0.1110534000035841,82356
dkasc_19,BWh,lstm,4,-2.0,2016-01-01 00:00:00,6885,1617,0.02200150117278099,0.01572297140955925,0.9928603172302246,0.05213026998296873,-2.598829811126262,-2.732464661593043,-2.467237561244584,3416,12.216290212183436,5.317932922655715,0.3046998021560948,13729,74.13570009999967,0.11744349999935366,82356
dkasc_19,BWh,gru,0,-2.0,2016-01-01 00:00:00,6885,1617,0.022244887426495552,0.016030171886086464,0.9927014708518982,0.05270694841125616,-2.628363970924191,-2.770589604121095,-2.450559067668181,3416,12.216290212183436,5.317932922655715,0.30468970807929907,151809,53.2094008000131,0.3532288999995217,82356
dkasc_19,BWh,gru,1,-2.0,2016-01-01 00:00:00,6885,1617,0.022109506651759148,0.015782538801431656,0.9927900433540344,0.05238617773828757,-2.6116637663799596,-2.7264137471733396,-2.495108432067444,3416,12.216290212183436,5.317932922655715,0.3046998021560948,151809,82.71730659999594,0.3375845999980811,82356
dkasc_19,BWh,gru,2,-2.0,2016-01-01 00:00:00,6885,1617,0.022346368059515953,0.016147367656230927,0.9926347136497498,0.05294739622233283,-2.6003786007120167,-2.7272624000334478,-2.481502648125539,3416,12.216290212183436,5.317932922655715,0.3046998021560948,151809,77.12044389999937,0.40487229998689145,82356
dkasc_19,BWh,gru,3,-2.0,2016-01-01 00:00:00,6885,1617,0.02198721282184124,0.015798699110746384,0.9928695559501648,0.052096415220684505,-2.5756663925255117,-2.712926583368236,-2.446164067615064,3416,12.216290212183436,5.317932922655715,0.3046998021560948,151809,72.10464769999089,0.2826525999989826,82356
dkasc_19,BWh,gru,4,-2.0,2016-01-01 00:00:00,6885,1617,0.022072702646255493,0.015795160084962845,0.9928140044212341,0.05229897447300612,-2.581573340084603,-2.7229822260255174,-2.4365115859172892,3416,12.216290212183436,5.317932922655715,0.30468970807929907,151809,68.95036409999011,0.2568518000043696,82356
dkasc_19,BWh,tcn,0,-2.0,2016-01-01 00:00:00,6885,1617,0.02182566560804844,0.015530034899711609,0.9929739832878113,0.05171364589036109,-2.6618788990958038,-2.7914725289399867,-2.51630318388039,3416,12.216290212183436,5.317932922655715,0.3046998021560948,198273,5.057408300010138,0.3788367999950424,82356
dkasc_19,BWh,tcn,1,-2.0,2016-01-01 00:00:00,6885,1617,0.02107361890375614,0.01446570549160242,0.9934498071670532,0.0499317493994498,-2.6011199107628116,-2.7316710732961216,-2.4502016212380298,3416,12.216290212183436,5.317932922655715,0.3046998021560948,198273,9.030672799999593,0.3794759000011254,82356
dkasc_19,BWh,tcn,2,-2.0,2016-01-01 00:00:00,6885,1617,0.02168814279139042,0.015619463287293911,0.9930622577667236,0.051387799871723504,-2.6663392754262287,-2.7632482285083486,-2.5328187154855875,3416,12.216290212183436,5.317932922655715,0.3046998021560948,198273,4.740961300005438,0.3834367000090424,82356
dkasc_19,BWh,tcn,3,-2.0,2016-01-01 00:00:00,6885,1617,0.021758250892162323,0.015470808371901512,0.993017315864563,0.051553913728797675,-2.6519215079476464,-2.7703459152349286,-2.5368812306091195,3416,12.216290212183436,5.317932922655715,0.3046998021560948,198273,3.657821699991473,0.37581360001058783,82356
dkasc_19,BWh,tcn,4,-2.0,2016-01-01 00:00:00,6885,1617,0.021361861377954483,0.015051979571580887,0.9932693839073181,0.050614709979390035,-2.5216906320726595,-2.6582981497642653,-2.4026425569055427,3416,12.216290212183436,5.317932922655715,0.30468970807929907,198273,8.05566889999318,0.37384000000020023,82356
dkasc_19,BWh,patchtst,0,-2.0,2016-01-01 00:00:00,6885,1617,0.022854473441839218,0.016448471695184708,0.9922959804534912,0.05415129910842682,-2.607006369520082,-2.7336042741866184,-2.4688784848585055,3415,12.216290212183436,5.316563997262149,0.30454839100415876,25857,15.419415299998946,1.0656716999947093,82356
dkasc_19,BWh,patchtst,1,-2.0,2016-01-01 00:00:00,6885,1617,0.022666143253445625,0.01655483804643154,0.9924224019050598,0.05370507030386474,-2.6570867174996406,-2.751280015176399,-2.499490370289914,3416,12.216290212183436,5.317932922655715,0.3046998021560948,25857,17.42129909999494,1.0976765999948839,82356
dkasc_19,BWh,patchtst,2,-2.0,2016-01-01 00:00:00,6885,1617,0.02242676168680191,0.01626630499958992,0.9925816059112549,0.0531378805653063,-2.5796986856890527,-2.7004737875150595,-2.474915492540639,3416,12.216290212183436,5.317932922655715,0.3046998021560948,25857,15.012074799989932,1.0907091000117362,82356
dkasc_19,BWh,patchtst,3,-2.0,2016-01-01 00:00:00,6885,1617,0.022194406017661095,0.01587752066552639,0.9927345514297485,0.052587337960542165,-2.62902239722822,-2.721700875677124,-2.4812213693573977,3416,12.216290212183436,5.317932922655715,0.30462914361852467,25857,18.753275999988546,1.0882696000044234,82356
dkasc_19,BWh,patchtst,4,-2.0,2016-01-01 00:00:00,6885,1617,0.023433415219187737,0.017305495217442513,0.9919007420539856,0.055523041469122444,-2.638168283829767,-2.7406304804721437,-2.486351455373694,3415,12.216290212183436,5.316563997262149,0.3044777324665886,25857,12.379651700000977,1.099185300001409,82356
dkasc_19,BWh,informer,0,-2.0,2016-01-01 00:00:00,6885,1617,0.023406213149428368,0.016906164586544037,0.9919195175170898,0.05545858899247027,-2.6636706777906802,-2.7827887515086025,-2.5123494623534413,3416,12.216290212183436,5.317932922655715,0.3046998021560948,81537,7.803595100005623,0.5035190999915358,82356
dkasc_19,BWh,informer,1,-2.0,2016-01-01 00:00:00,6885,1617,0.02436874806880951,0.018114794045686722,0.9912412762641907,0.057739215428881364,-2.6173778423195637,-2.7579191979991062,-2.522804895805517,3416,12.216290212183436,5.317932922655715,0.3046998021560948,81537,5.977084999991348,0.5078887999989092,82356
dkasc_19,BWh,informer,2,-2.0,2016-01-01 00:00:00,6885,1617,0.02262153849005699,0.016484813764691353,0.9924522042274475,0.053599383953660026,-2.582622618634395,-2.701760487396123,-2.447102331290699,3416,12.216290212183436,5.317932922655715,0.3046998021560948,81537,9.31122879999748,0.5018341000104556,82356
dkasc_19,BWh,informer,3,-2.0,2016-01-01 00:00:00,6885,1617,0.02298075519502163,0.016489243134856224,0.9922106266021729,0.05445051059566234,-2.65330470723221,-2.7910318707733306,-2.505710626630009,3416,12.216290212183436,5.317932922655715,0.3046998021560948,81537,9.130934100001468,0.5073975999985123,82356
dkasc_19,BWh,informer,4,-2.0,2016-01-01 00:00:00,6885,1617,0.022488370537757874,0.016126761212944984,0.9925408363342285,0.05328385633343471,-2.573727262118047,-2.6660619305664044,-2.4484540401429333,3416,12.216290212183436,5.317932922655715,0.3046998021560948,81537,17.26997510000365,0.5060737999883713,82356
dkasc_20,BWh,xgboost,0,0.0,2016-01-01 00:00:00,6852,1617,0.018219901248812675,0.011940955184400082,0.9951360821723938,0.04240956520026008,-2.1602845387886815,-2.388921849581273,-1.9642873988781495,3444,12.216290212183436,5.356262833675565,0.3017055538287227,647,2.533884400007082,0.09902779999538325,82935
dkasc_20,BWh,xgboost,1,0.0,2016-01-01 00:00:00,6852,1617,0.01813413016498089,0.011869966983795166,0.9951817393302917,0.042209920080213216,-2.15370778555134,-2.3332207679532213,-2.002484642547253,3444,12.216290212183436,5.356262833675565,0.3017055538287227,745,3.0484533999988344,0.13083080000069458,82935
dkasc_20,BWh,xgboost,2,0.0,2016-01-01 00:00:00,6852,1617,0.018135670572519302,0.01182718575000763,0.9951809644699097,0.042213505610839495,-2.176463686926422,-2.365927228833631,-1.9532449311557494,3444,12.216290212183436,5.356262833675565,0.3017055538287227,725,2.777263199997833,0.11760949999734294,82935
dkasc_20,BWh,xgboost,3,0.0,2016-01-01 00:00:00,6852,1617,0.018146634101867676,0.011837250553071499,0.9951751232147217,0.04223902487718322,-2.173138104971706,-2.3655414405247766,-2.013454705213344,3444,12.216290212183436,5.356262833675565,0.3017055538287227,666,2.599268900012248,0.09633380000013858,82935
dkasc_20,BWh,xgboost,4,0.0,2016-01-01 00:00:00,6852,1617,0.018046872690320015,0.011763104237616062,0.9952279925346375,0.0420068151615693,-2.1375055539657897,-2.3647878394872146,-1.9742043094848718,3444,12.216290212183436,5.356262833675565,0.3017055538287227,769,2.9067533999914303,0.12340209999820217,82935
dkasc_20,BWh,random_forest,0,0.0,2016-01-01 00:00:00,6852,1617,0.018605420365929604,0.01218212116509676,0.9949280619621277,0.04330691902836507,-2.005612765618492,-2.1929194087615245,-1.8094281810047002,3444,12.216290212183436,5.356262833675565,0.3017055538287227,3417368,1.2081364000041503,0.3535249999986263,82935
dkasc_20,BWh,random_forest,1,0.0,2016-01-01 00:00:00,6852,1617,0.01857496239244938,0.012171120382845402,0.9949446320533752,0.04323602350623586,-2.028916783879231,-2.2064840257500564,-1.8333226628613568,3444,12.216290212183436,5.356262833675565,0.3017055538287227,3417130,1.1425543000077596,0.4539070000028005,82935
dkasc_20,BWh,random_forest,2,0.0,2016-01-01 00:00:00,6852,1617,0.01850658841431141,0.012139388360083103,0.9949818253517151,0.04307687277077112,-2.0173195434110336,-2.1904571248553495,-1.8399461544941098,3444,12.216290212183436,5.356262833675565,0.3017055538287227,3418864,1.0906851000036113,0.3670703000098001,82935
dkasc_20,BWh,random_forest,3,0.0,2016-01-01 00:00:00,6852,1617,0.01843508891761303,0.012103458866477013,0.9950205087661743,0.04291044691996069,-2.0087491693818196,-2.185813662010705,-1.834584643420567,3444,12.216290212183436,5.356262833675565,0.3017055538287227,3414650,1.140403100012918,0.44048750000365544,82935
dkasc_20,BWh,random_forest,4,0.0,2016-01-01 00:00:00,6852,1617,0.018460718914866447,0.01220694649964571,0.9950066208839417,0.042970104600030284,-1.9803242754228623,-2.199240782273104,-1.8329620930798256,3444,12.216290212183436,5.356262833675565,0.3017055538287227,3415902,1.0997177000099327,0.4456998000096064,82935
dkasc_20,BWh,lstm,0,0.0,2016-01-01 00:00:00,6852,1617,0.01918119005858898,0.013454986736178398,0.9946092963218689,0.044647109734544825,-2.3524002862413402,-2.557933386815381,-2.1780933706518404,3444,12.216290212183436,5.356262833675565,0.30169552705724284,13729,57.96106840000721,0.11199849999684375,82935
dkasc_20,BWh,lstm,1,0.0,2016-01-01 00:00:00,6852,1617,0.01939333789050579,0.013682075776159763,0.9944893717765808,0.0451409157759116,-2.31423006959213,-2.5522204620139988,-2.118585079457027,3444,12.216290212183436,5.356262833675565,0.3017055538287227,13729,72.14054719998967,0.11429969999880996,82935
dkasc_20,BWh,lstm,2,0.0,2016-01-01 00:00:00,6852,1617,0.019712334498763084,0.013716279529035091,0.9943066239356995,0.04588342844224294,-2.319897490026701,-2.5180585691320534,-2.1225842099873105,3444,12.216290212183436,5.356262833675565,0.3017055538287227,13729,57.56326130000525,0.09040909999748692,82935
dkasc_20,BWh,lstm,3,0.0,2016-01-01 00:00:00,6852,1617,0.01911081187427044,0.013415437191724777,0.9946487545967102,0.04448329390723744,-2.3962359308251635,-2.6039515001713975,-2.167044858008156,3444,12.216290212183436,5.356262833675565,0.3017055538287227,13729,69.87632759999542,0.1620275000022957,82935
dkasc_20,BWh,lstm,4,0.0,2016-01-01 00:00:00,6852,1617,0.01906224712729454,0.013283674605190754,0.9946759343147278,0.04437025214179743,-2.3577037748126957,-2.5585805220943207,-2.1614046611984223,3444,12.216290212183436,5.356262833675565,0.3017055538287227,13729,102.80362289999903,0.10659340000711381,82935
dkasc_20,BWh,gru,0,0.0,2016-01-01 00:00:00,6852,1617,0.018770402297377586,0.012915132567286491,0.9948377013206482,0.04369093933028982,-2.3233225600027163,-2.498590417509637,-2.1730509874247406,3444,12.216290212183436,5.356262833675565,0.3017055538287227,151809,77.54719960001239,0.2560495999932755,82935
dkasc_20,BWh,gru,1,0.0,2016-01-01 00:00:00,6852,1617,0.019286219030618668,0.013403539545834064,0.9945501089096069,0.044891580490800956,-2.3804402248813528,-2.6059458811774627,-2.209198001087762,3444,12.216290212183436,5.356262833675565,0.3017055538287227,151809,54.109381199989,0.3510392000025604,82935
dkasc_20,BWh,gru,2,0.0,2016-01-01 00:00:00,6852,1617,0.019357778131961823,0.01349912490695715,0.9945095777511597,0.04505814508040225,-2.3679610103166437,-2.5634782798929834,-2.171074158028177,3444,12.216290212183436,5.356262833675565,0.3017055538287227,151809,61.57278469999437,0.4417096999968635,82935
dkasc_20,BWh,gru,3,0.0,2016-01-01 00:00:00,6852,1617,0.018895834684371948,0.01312580332159996,0.994768500328064,0.04398290210889205,-2.388966434062012,-2.585361114667284,-2.178959016630211,3444,12.216290212183436,5.356262833675565,0.3017055538287227,151809,87.6409968999942,0.398904700006824,82935
dkasc_20,BWh,gru,4,0.0,2016-01-01 00:00:00,6852,1617,0.018639015033841133,0.012665759772062302,0.9949097037315369,0.043385115679363276,-2.3455207715468274,-2.5897160172485507,-2.1760354949365457,3444,12.216290212183436,5.356262833675565,0.3017055538287227,151809,65.94655670000066,0.24403329999768175,82935
dkasc_20,BWh,tcn,0,0.0,2016-01-01 00:00:00,6852,1617,0.019164463505148888,0.013565086759626865,0.9946186542510986,0.044608176161359876,-2.32270141974823,-2.5255625669205917,-2.1324461893929167,3444,12.216290212183436,5.356262833675565,0.30168550028576296,198273,4.2276559000019915,0.44336220000695903,82935
dkasc_20,BWh,tcn,1,0.0,2016-01-01 00:00:00,6852,1617,0.01835511438548565,0.012543119490146637,0.9950636029243469,0.04272429414732492,-2.2688632170185685,-2.470098460430481,-2.0522013373552475,3444,12.216290212183436,5.356262833675565,0.3017055538287227,198273,8.423271899999236,0.446406000002753,82935
dkasc_20,BWh,tcn,2,0.0,2016-01-01 00:00:00,6852,1617,0.018599320203065872,0.012541184201836586,0.9949313998222351,0.043292719980238044,-2.318005975859516,-2.4735839008675398,-2.089324425825856,3444,12.216290212183436,5.356262833675565,0.3017055538287227,198273,8.263815600003,0.43898730000364594,82935
dkasc_20,BWh,tcn,3,0.0,2016-01-01 00:00:00,6852,1617,0.018986979499459267,0.013107039965689182,0.9947178959846497,0.044195055398052345,-2.3741396062402544,-2.5629253138704566,-2.170910693298489,3444,12.216290212183436,5.356262833675565,0.3017055538287227,198273,5.296392200005357,0.44321619998663664,82935
dkasc_20,BWh,tcn,4,0.0,2016-01-01 00:00:00,6852,1617,0.019203249365091324,0.01360972598195076,0.9945968985557556,0.0446984560939245,-2.281593539290272,-2.49573478262749,-2.049325842695171,3444,12.216290212183436,5.356262833675565,0.3017055538287227,198273,6.918929499996011,0.43134150000696536,82935
dkasc_20,BWh,patchtst,0,0.0,2016-01-01 00:00:00,6852,1617,0.019916905090212822,0.013898322358727455,0.9941878318786621,0.04635959731482169,-2.313370862338626,-2.4733504220674307,-2.1363823695724427,3443,12.216290212183436,5.354893908281999,0.3015651790280048,25857,15.861640900009661,0.9555342999956338,82935
dkasc_20,BWh,patchtst,1,0.0,2016-01-01 00:00:00,6852,1617,0.018752602860331535,0.012923389673233032,0.9948474764823914,0.0436495084588694,-2.384965553840457,-2.54256741407749,-2.2050403935384377,3444,12.216290212183436,5.356262833675565,0.3017055538287227,25857,21.789096900000004,1.092400399997132,82935
dkasc_20,BWh,patchtst,2,0.0,2016-01-01 00:00:00,6852,1617,0.019447792321443558,0.013565546832978725,0.9944583773612976,0.04526766666812342,-2.3899865199927484,-2.5431830240783992,-2.2047485854392765,3444,12.216290212183436,5.356262833675565,0.3017055538287227,25857,13.556490900009521,1.0977079000003869,82935
dkasc_20,BWh,patchtst,3,0.0,2016-01-01 00:00:00,6852,1617,0.021472124382853508,0.015458834357559681,0.9932447075843811,0.04997960453062621,-2.296094015578845,-2.556413548658143,-2.125252840557823,3444,12.216290212183436,5.356262833675565,0.30165541997132345,25857,10.309329499999876,1.0930847999989055,82935
dkasc_20,BWh,patchtst,4,0.0,2016-01-01 00:00:00,6852,1617,0.01926279440522194,0.01348353736102581,0.9945633411407471,0.04483705614599316,-2.394895524123574,-2.5702180444941862,-2.2264022288381313,3443,12.216290212183436,5.354893908281999,0.30146491131320624,25857,17.42101069999626,1.0961048000026494,82935
dkasc_20,BWh,informer,0,0.0,2016-01-01 00:00:00,6852,1617,0.020975952968001366,0.015052292495965958,0.9935532808303833,0.048824690808464924,-2.4964679398178813,-2.7102479567706617,-2.2762553349735426,3444,12.216290212183436,5.356262833675565,0.3017055538287227,81537,6.585706099998788,0.5022815999982413,82935
dkasc_20,BWh,informer,1,0.0,2016-01-01 00:00:00,6852,1617,0.0196771752089262,0.01371750608086586,0.9943268895149231,0.045801589897984676,-2.3334880688706594,-2.53497434520229,-2.15924232417899,3444,12.216290212183436,5.356262833675565,0.3017055538287227,81537,14.48207949999778,0.5103951000055531,82935
dkasc_20,BWh,informer,2,0.0,2016-01-01 00:00:00,6852,1617,0.0203818678855896,0.014321642927825451,0.9939132928848267,0.04744186827320637,-2.3786116433716864,-2.6021213994940986,-2.1943009356355847,3444,12.216290212183436,5.356262833675565,0.30169552705724284,81537,6.32415270000638,0.5146400999947218,82935
dkasc_20,BWh,informer,3,0.0,2016-01-01 00:00:00,6852,1617,0.02061733789741993,0.014687446877360344,0.9937718510627747,0.047989960202084146,-2.424165276103326,-2.6167216284109673,-2.217308099435711,3444,12.216290212183436,5.356262833675565,0.3017055538287227,81537,7.963509000008344,0.5040947999950731,82935
dkasc_20,BWh,informer,4,0.0,2016-01-01 00:00:00,6852,1617,0.021502625197172165,0.015341733582317829,0.9932254552841187,0.050050599771261355,-2.3524093272601965,-2.529890821265583,-2.207679501900861,3444,12.216290212183436,5.356262833675565,0.3017055538287227,81537,6.180330699993647,0.5031034999992698,82935
dkasc_20,BWh,xgboost,0,-0.25,2016-01-01 00:00:00,6852,1617,0.018372032791376114,0.012024355120956898,0.9950177073478699,0.04292429970543048,-2.3628715185607985,-2.537885152864938,-2.2045728517757213,3444,12.216290212183436,5.356262833675565,0.3018659821724003,736,2.4288876000064192,0.1478449999995064,82935
dkasc_20,BWh,xgboost,1,-0.25,2016-01-01 00:00:00,6852,1617,0.01836456172168255,0.01202103029936552,0.9950217604637146,0.04290684434606505,-2.3607829117986645,-2.5478349501905195,-2.205048057164616,3444,12.216290212183436,5.356262833675565,0.3018659821724003,743,2.609858700001496,0.08931809999921825,82935
dkasc_20,BWh,xgboost,2,-0.25,2016-01-01 00:00:00,6852,1617,0.01833728514611721,0.012002936564385891,0.9950365424156189,0.04284311552967333,-2.3908682783402524,-2.5676259607250143,-2.1847676124223154,3444,12.216290212183436,5.356262833675565,0.3018659821724003,725,2.261804099995061,0.08229910000227392,82935
dkasc_20,BWh,xgboost,3,-0.25,2016-01-01 00:00:00,6852,1617,0.01838165707886219,0.012055929750204086,0.9950124621391296,0.0429467858290508,-2.380797914381439,-2.553414524835215,-2.2026019865612256,3444,12.216290212183436,5.356262833675565,0.3018659821724003,665,2.284130299987737,0.07848250000097323,82935
dkasc_20,BWh,xgboost,4,-0.25,2016-01-01 00:00:00,6852,1617,0.018231166526675224,0.011947601102292538,0.995093822479248,0.04259518066710371,-2.3667528804333537,-2.561692467180443,-2.211802627073624,3444,12.216290212183436,5.356262833675565,0.3018659821724003,769,2.3354371000023093,0.08748009998816997,82935
dkasc_20,BWh,random_forest,0,-0.25,2016-01-01 00:00:00,6852,1617,0.018692325800657272,0.012300578877329826,0.9948424696922302,0.04367263024021986,-2.2271699930101834,-2.4254307975410283,-2.034926772648993,3444,12.216290212183436,5.356262833675565,0.3018659821724003,3416142,0.7902829000086058,0.2792122999962885,82935
dkasc_20,BWh,random_forest,1,-0.25,2016-01-01 00:00:00,6852,1617,0.018685901537537575,0.012300867587327957,0.9948460459709167,0.04365762063302681,-2.2461850860879706,-2.425928313219921,-2.046889590307077,3444,12.216290212183436,5.356262833675565,0.3018659821724003,3414708,0.7586558000039076,0.29172310000285506,82935
dkasc_20,BWh,random_forest,2,-0.25,2016-01-01 00:00:00,6852,1617,0.018774626776576042,0.01232996303588152,0.9947969317436218,0.04386491771305983,-2.2167671532855038,-2.3905069906540066,-2.0472592009757418,3444,12.216290212183436,5.356262833675565,0.3018659821724003,3417212,0.7765896999917459,0.2811530000035418,82935
dkasc_20,BWh,random_forest,3,-0.25,2016-01-01 00:00:00,6852,1617,0.018746107816696167,0.012347339652478695,0.9948127269744873,0.04379828619791549,-2.228378210411963,-2.418718527654795,-2.0198544376780805,3444,12.216290212183436,5.356262833675565,0.3018659821724003,3415894,0.7834826000034809,0.2762860999937402,82935
dkasc_20,BWh,random_forest,4,-0.25,2016-01-01 00:00:00,6852,1617,0.018780196085572243,0.012350333854556084,0.9947938919067383,0.04387792981091638,-2.26238114006837,-2.407212553883986,-2.0495198174527687,3444,12.216290212183436,5.356262833675565,0.3018659821724003,3416024,0.7905685000005178,0.33375059999525547,82935
dkasc_20,BWh,lstm,0,-0.25,2016-01-01 00:00:00,6852,1617,0.019395774230360985,0.013625898398458958,0.9944469928741455,0.045316162644434284,-2.561794957084884,-2.748521619829558,-2.3736743365901476,3444,12.216290212183436,5.356262833675565,0.3018559554009205,13729,56.985585199989146,0.10819870000705123,82935
dkasc_20,BWh,lstm,1,-0.25,2016-01-01 00:00:00,6852,1617,0.019600996747612953,0.013863475993275642,0.9943288564682007,0.04579564321889534,-2.53312052017566,-2.7328326790297064,-2.34206479977098,3444,12.216290212183436,5.356262833675565,0.3018659821724003,13729,70.30942849999701,0.10115509999741334,82935
dkasc_20,BWh,lstm,2,-0.25,2016-01-01 00:00:00,6852,1617,0.01990102417767048,0.01388026773929596,0.9941539168357849,0.046496625384226796,-2.5328591692867275,-2.744493911087742,-2.3272389751602067,3444,12.216290212183436,5.356262833675565,0.3018659821724003,13729,52.7612325999944,0.10705849999794737,82935
dkasc_20,BWh,lstm,3,-0.25,2016-01-01 00:00:00,6852,1617,0.01932600513100624,0.013592285104095936,0.9944868683815002,0.045153154567707646,-2.604666144653345,-2.788135989465934,-2.376039185707124,3444,12.216290212183436,5.356262833675565,0.3018659821724003,13729,70.71511699999974,0.10275279999768827,82935
dkasc_20,BWh,lstm,4,-0.25,2016-01-01 00:00:00,6852,1617,0.01966201141476631,0.013647757470607758,0.9942935109138489,0.045938197496315704,-2.614449729089985,-2.8239478075420807,-2.4291026523539667,3444,12.216290212183436,5.356262833675565,0.3018659821724003,13729,75.87794080001186,0.17163159999472555,82935
dkasc_20,BWh,gru,0,-0.25,2016-01-01 00:00:00,6852,1617,0.018992211669683456,0.01295129582285881,0.9946756362915039,0.044373281663264666,-2.58313108527074,-2.771268150092676,-2.380466521258051,3444,12.216290212183436,5.356262833675565,0.3018659821724003,151809,109.15432990000409,0.2738805999979377,82935
dkasc_20,BWh,gru,1,-0.25,2016-01-01 00:00:00,6852,1617,0.019278815016150475,0.013399047777056694,0.994513750076294,0.045042899885702425,-2.5922979499281684,-2.7731469958339527,-2.40538943761478,3444,12.216290212183436,5.356262833675565,0.3018659821724003,151809,94.09632389999751,0.2690106999943964,82935
dkasc_20,BWh,gru,2,-0.25,2016-01-01 00:00:00,6852,1617,0.019551044330000877,0.013680323027074337,0.994357705116272,0.045678934710428165,-2.595518817964165,-2.764587249992634,-2.3880378182648876,3444,12.216290212183436,5.356262833675565,0.3018659821724003,151809,71.26557220000541,0.25626930000726134,82935
dkasc_20,BWh,gru,3,-0.25,2016-01-01 00:00:00,6852,1617,0.01908131316304207,0.013280798681080341,0.9946255683898926,0.04458145782148063,-2.5791430774060147,-2.7789167634830747,-2.390037456102778,3444,12.216290212183436,5.356262833675565,0.3018659821724003,151809,91.12078219999967,0.292486700011068,82935
dkasc_20,BWh,gru,4,-0.25,2016-01-01 00:00:00,6852,1617,0.018793361261487007,0.012821121141314507,0.9947865605354309,0.04390868884357526,-2.572083637942446,-2.751599736210375,-2.38601198410814,3444,12.216290212183436,5.356262833675565,0.3018659821724003,151809,128.97115420000046,0.28961619999608956,82935
dkasc_20,BWh,tcn,0,-0.25,2016-01-01 00:00:00,6852,1617,0.01878117211163044,0.012926255352795124,0.9947933554649353,0.043880210191945414,-2.542087290162842,-2.765130571731045,-2.3421574666854905,3444,12.216290212183436,5.356262833675565,0.3018659821724003,198273,14.862050700001419,0.6300246999890078,82935
dkasc_20,BWh,tcn,1,-0.25,2016-01-01 00:00:00,6852,1617,0.020307507365942,0.014220337383449078,0.9939126372337341,0.04744633010099477,-2.565100688399946,-2.7554079584304336,-2.3405659565155834,3444,12.216290212183436,5.356262833675565,0.3018659821724003,198273,9.001132199991844,0.697144699995988,82935
dkasc_20,BWh,tcn,2,-0.25,2016-01-01 00:00:00,6852,1617,0.01859946735203266,0.01272439956665039,0.9948936104774475,0.043455676355790965,-2.5119236411134005,-2.721724928696867,-2.374791001029475,3444,12.216290212183436,5.356262833675565,0.3018659821724003,198273,15.510709299996961,0.5736713000078453,82935
dkasc_20,BWh,tcn,3,-0.25,2016-01-01 00:00:00,6852,1617,0.019073380157351494,0.013099812902510166,0.9946300387382507,0.04456292319781139,-2.55634022588958,-2.782276952113083,-2.412591120254759,3444,12.216290212183436,5.356262833675565,0.3018659821724003,198273,11.991491700013285,0.643662200003746,82935
dkasc_20,BWh,tcn,4,-0.25,2016-01-01 00:00:00,6852,1617,0.018708376213908195,0.012812714092433453,0.9948335886001587,0.04371013032290544,-2.46220760619799,-2.6974133109415654,-2.2548107163768214,3444,12.216290212183436,5.356262833675565,0.3018659821724003,198273,18.128990299999714,0.5215247000014642,82935
dkasc_20,BWh,patchtst,0,-0.25,2016-01-01 00:00:00,6852,1617,0.020126579329371452,0.014089795760810375,0.9940206408500671,0.04702361099554473,-2.5198810121500492,-2.6715285489946226,-2.3519115747251296,3443,12.216290212183436,5.354893908281999,0.3017256073716824,25857,25.95935560000362,1.7603626000054646,82935
dkasc_20,BWh,patchtst,1,-0.25,2016-01-01 00:00:00,6852,1617,0.020416192710399628,0.014605328440666199,0.9938473105430603,0.0477002618434461,-2.5662024043552667,-2.711324473265052,-2.3811128425524024,3444,12.216290212183436,5.356262833675565,0.3018659821724003,25857,23.343434500013245,1.1329229999973904,82935
dkasc_20,BWh,patchtst,2,-0.25,2016-01-01 00:00:00,6852,1617,0.019701357930898666,0.013832561671733856,0.9942706227302551,0.046030126444516935,-2.5968998005273525,-2.7568131359715364,-2.412298939919433,3444,12.216290212183436,5.356262833675565,0.3018659821724003,25857,20.825264499988407,1.539782500010915,82935
dkasc_20,BWh,patchtst,3,-0.25,2016-01-01 00:00:00,6852,1617,0.021569620817899704,0.015565681271255016,0.993132472038269,0.05039512388387534,-2.535872223138158,-2.7382747925745465,-2.3594080486436297,3444,12.216290212183436,5.356262833675565,0.3018459286294406,25857,14.725206299990532,1.5703671000082977,82935
dkasc_20,BWh,patchtst,4,-0.25,2016-01-01 00:00:00,6852,1617,0.019430963322520256,0.01359984278678894,0.9944268465042114,0.045398378213901136,-2.594805581131122,-2.7749344921427506,-2.4373972276315565,3443,12.216290212183436,5.354893908281999,0.3016253396568839,25857,18.993677800011938,1.1512203000020236,82935
dkasc_20,BWh,informer,0,-0.25,2016-01-01 00:00:00,6852,1617,0.021236132830381393,0.01515366230159998,0.99334317445755,0.04961596468647198,-2.705518469783219,-2.886762315241165,-2.459086711473679,3444,12.216290212183436,5.356262833675565,0.3018659821724003,81537,12.14858870000171,0.5133180999982869,82935
dkasc_20,BWh,informer,1,-0.25,2016-01-01 00:00:00,6852,1617,0.020234597846865654,0.01411636732518673,0.9939562678337097,0.04727598476775102,-2.552473063104843,-2.731710725745218,-2.336141480451648,3444,12.216290212183436,5.356262833675565,0.3018459286294406,81537,10.33629090001341,0.4505062999960501,82935
dkasc_20,BWh,informer,2,-0.25,2016-01-01 00:00:00,6852,1617,0.021018026396632195,0.015073093585669994,0.9934792518615723,0.04910638221205316,-2.5969386068280826,-2.756871277948403,-2.414835327444287,3444,12.216290212183436,5.356262833675565,0.3018659821724003,81537,7.444983299996238,0.474538999987999,82935
dkasc_20,BWh,informer,3,-0.25,2016-01-01 00:00:00,6852,1617,0.020687498152256012,0.014688055031001568,0.9936827421188354,0.04833413813956419,-2.5665416463431012,-2.7800584382451254,-2.378289233091979,3444,12.216290212183436,5.356262833675565,0.3018659821724003,81537,16.07033539999975,0.5351170000067214,82935
dkasc_20,BWh,informer,4,-0.25,2016-01-01 00:00:00,6852,1617,0.02148088999092579,0.015144865959882736,0.9931888580322266,0.05018781374822574,-2.554520877095534,-2.684006123736395,-2.403166696508263,3444,12.216290212183436,5.356262833675565,0.3018659821724003,81537,13.46791099999973,0.5015904000028968,82935
dkasc_20,BWh,xgboost,0,-0.5,2016-01-01 00:00:00,6852,1617,0.018653864040970802,0.012240602634847164,0.9948254823684692,0.04374708766774457,-2.580978220413388,-2.734317166681588,-2.433621882827063,3444,12.216290212183436,5.356262833675565,0.30218683885975556,729,5.653242600004887,0.07636730000376701,82935
dkasc_20,BWh,xgboost,1,-0.5,2016-01-01 00:00:00,6852,1617,0.018659407272934914,0.012241242453455925,0.9948223829269409,0.043760087668932746,-2.595012643765593,-2.721877489807356,-2.4512222754863866,3444,12.216290212183436,5.356262833675565,0.30218683885975556,743,2.753027099999599,0.08058870000240859,82935
dkasc_20,BWh,xgboost,2,-0.5,2016-01-01 00:00:00,6852,1617,0.0185664352029562,0.012166990898549557,0.9948738813400269,0.043542049342552895,-2.596419368578051,-2.77018485913786,-2.4136684668656816,3444,12.216290212183436,5.356262833675565,0.30218683885975556,738,2.491162100006477,0.0788516000029631,82935
dkasc_20,BWh,xgboost,3,-0.5,2016-01-01 00:00:00,6852,1617,0.01863722875714302,0.012230568565428257,0.9948346614837646,0.04370807455934015,-2.5849465896092383,-2.768063077685845,-2.4398806568690725,3444,12.216290212183436,5.356262833675565,0.30218683885975556,664,1.8138376999995671,0.0736239999969257,82935
dkasc_20,BWh,xgboost,4,-0.5,2016-01-01 00:00:00,6852,1617,0.018491869792342186,0.012158771045506,0.9949149489402771,0.043367178358828126,-2.602700235170019,-2.756633716655664,-2.4558316865353036,3444,12.216290212183436,5.356262833675565,0.30218683885975556,657,1.892651799993473,0.08163600000261795,82935
dkasc_20,BWh,random_forest,0,-0.5,2016-01-01 00:00:00,6852,1617,0.018931012600660324,0.012474512681365013,0.994670569896698,0.0443970571491934,-2.4454340110803163,-2.6908519772100625,-2.2639684833327465,3444,12.216290212183436,5.356262833675565,0.30218683885975556,3414304,0.7335639999946579,0.26684779999777675,82935
dkasc_20,BWh,random_forest,1,-0.5,2016-01-01 00:00:00,6852,1617,0.018929269164800644,0.012506659142673016,0.9946715235710144,0.044392968439142276,-2.468038722540755,-2.633886281333697,-2.2969588207727765,3444,12.216290212183436,5.356262833675565,0.30218683885975556,3415202,0.8985647000081372,0.3131652000010945,82935
dkasc_20,BWh,random_forest,2,-0.5,2016-01-01 00:00:00,6852,1617,0.018908832222223282,0.012475800700485706,0.994683027267456,0.04434503967132083,-2.433220903548272,-2.639665608155791,-2.2701433025039,3444,12.216290212183436,5.356262833675565,0.30218683885975556,3418304,0.7333956000074977,0.30055410000204574,82935
dkasc_20,BWh,random_forest,3,-0.5,2016-01-01 00:00:00,6852,1617,0.01896219328045845,0.012527670711278915,0.9946529865264893,0.044470182155876864,-2.457300915278715,-2.6541074807877596,-2.2797111193162745,3444,12.216290212183436,5.356262833675565,0.30218683885975556,3414756,0.7287535999930697,0.28434179999749176,82935
dkasc_20,BWh,random_forest,4,-0.5,2016-01-01 00:00:00,6852,1617,0.019014228135347366,0.012571951374411583,0.994623601436615,0.04459221442509487,-2.4108356902202366,-2.632844803212253,-2.2863322517764852,3444,12.216290212183436,5.356262833675565,0.30218683885975556,3413260,0.7382990999903996,0.26795740000670776,82935
dkasc_20,BWh,lstm,0,-0.5,2016-01-01 00:00:00,6852,1617,0.019654162228107452,0.013844846747815609,0.9942556023597717,0.04609298942785387,-2.783004202054029,-2.9535443999985755,-2.582675065938256,3444,12.216290212183436,5.356262833675565,0.3021768120882757,13729,65.98106809999445,0.10135680000530556,82935
dkasc_20,BWh,lstm,1,-0.5,2016-01-01 00:00:00,6852,1617,0.019999779760837555,0.013998652808368206,0.9940518140792847,0.04690353251268846,-2.722618705708124,-2.945675397505809,-2.548418603748226,3444,12.216290212183436,5.356262833675565,0.30218683885975556,13729,74.85288310000033,0.10873209999408573,82935
dkasc_20,BWh,lstm,2,-0.5,2016-01-01 00:00:00,6852,1617,0.020131919533014297,0.014072450809180737,0.9939729571342468,0.04721342703025946,-2.709990545481078,-2.9396226294717054,-2.5380646275592555,3444,12.216290212183436,5.356262833675565,0.30218683885975556,13729,53.895762000000104,0.10733890000847168,82935
dkasc_20,BWh,lstm,3,-0.5,2016-01-01 00:00:00,6852,1617,0.019585656002163887,0.013801774941384792,0.994295597076416,0.04593232845886873,-2.815400225255671,-2.987204030814783,-2.591491338830254,3444,12.216290212183436,5.356262833675565,0.30218683885975556,13729,96.81999400000495,0.11102110000501852,82935
dkasc_20,BWh,lstm,4,-0.5,2016-01-01 00:00:00,6852,1617,0.01991039700806141,0.013853578828275204,0.9941048622131348,0.04669391186180915,-2.811706860779961,-3.023288901180432,-2.637829703568606,3444,12.216290212183436,5.356262833675565,0.30218683885975556,13729,59.16221530000621,0.08403839998936746,82935
dkasc_20,BWh,gru,0,-0.5,2016-01-01 00:00:00,6852,1617,0.019255341961979866,0.01319118496030569,0.994486391544342,0.04515767516226063,-2.7687665555584213,-2.956930806782221,-2.5861258714724,3444,12.216290212183436,5.356262833675565,0.30218683885975556,151809,69.27783620000992,0.2715077000029851,82935
dkasc_20,BWh,gru,1,-0.5,2016-01-01 00:00:00,6852,1617,0.019516516476869583,0.0136321522295475,0.9943358302116394,0.04577018227469408,-2.7740185093232617,-2.979173220269893,-2.6270436751649937,3444,12.216290212183436,5.356262833675565,0.30218683885975556,151809,88.11321530000714,0.3143028000049526,82935
dkasc_20,BWh,gru,2,-0.5,2016-01-01 00:00:00,6852,1617,0.019781850278377533,0.0138936135917902,0.9941807389259338,0.04639244375629862,-2.7837902787529734,-2.965607068748228,-2.56382043555756,3444,12.216290212183436,5.356262833675565,0.30218683885975556,151809,55.562639800002216,0.3184488999977475,82935
dkasc_20,BWh,gru,3,-0.5,2016-01-01 00:00:00,6852,1617,0.019330082461237907,0.013494598679244518,0.9944434762001038,0.0453329567643025,-2.787299740678506,-2.9695762146098037,-2.617087782557448,3444,12.216290212183436,5.356262833675565,0.30218683885975556,151809,57.42085650000081,0.2637096999969799,82935
dkasc_20,BWh,gru,4,-0.5,2016-01-01 00:00:00,6852,1617,0.019053123891353607,0.013074011541903019,0.9946016073226929,0.044683432847410526,-2.77250299006363,-2.9540711838372418,-2.5892747178757225,3444,12.216290212183436,5.356262833675565,0.30218683885975556,151809,81.88301720000163,0.3601780000026338,82935
dkasc_20,BWh,tcn,0,-0.5,2016-01-01 00:00:00,6852,1617,0.01975342631340027,0.014131538569927216,0.994197428226471,0.04632578380396949,-2.731806063409481,-2.914628616328918,-2.567686776945921,3444,12.216290212183436,5.356262833675565,0.30214673177383616,198273,3.907113199995365,0.5474845999997342,82935
dkasc_20,BWh,tcn,1,-0.5,2016-01-01 00:00:00,6852,1617,0.019517656415700912,0.013360668905079365,0.9943351149559021,0.04577285566203519,-2.7066050102677535,-2.8752598263108275,-2.530890586863177,3444,12.216290212183436,5.356262833675565,0.30218683885975556,198273,6.942519700009143,0.5458309999958146,82935
dkasc_20,BWh,tcn,2,-0.5,2016-01-01 00:00:00,6852,1617,0.0205000601708889,0.014407610520720482,0.9937505125999451,0.04807679135648093,-2.786024433395215,-3.015604043048392,-2.6116671575205577,3444,12.216290212183436,5.356262833675565,0.30218683885975556,198273,3.9111798999947496,0.4953462999983458,82935
dkasc_20,BWh,tcn,3,-0.5,2016-01-01 00:00:00,6852,1617,0.019406013190746307,0.013302512466907501,0.9943997859954834,0.04551102969724465,-2.7746715529503585,-2.9694575719277476,-2.5769659964545943,3444,12.216290212183436,5.356262833675565,0.30218683885975556,198273,5.341623300002539,0.6559853999933694,82935
dkasc_20,BWh,tcn,4,-0.5,2016-01-01 00:00:00,6852,1617,0.019893180578947067,0.013804658316075802,0.9941150546073914,0.04665353585005435,-2.701518615928944,-2.921946264407349,-2.540379784651381,3444,12.216290212183436,5.356262833675565,0.30218683885975556,198273,4.34464090000256,0.6349423000065144,82935
dkasc_20,BWh,patchtst,0,-0.5,2016-01-01 00:00:00,6852,1617,0.020337184891104698,0.014282075688242912,0.9938494563102722,0.047694815851139084,-2.7395036214716684,-2.9255286341115134,-2.573316412412402,3443,12.216290212183436,5.354893908281999,0.3020464640590376,25857,27.97118059999775,1.989242199997534,82935
dkasc_20,BWh,patchtst,1,-0.5,2016-01-01 00:00:00,6852,1617,0.019496556371450424,0.01357516273856163,0.9943473935127258,0.04572337178654473,-2.821642542181213,-2.9600655746422344,-2.60150206176617,3444,12.216290212183436,5.356262833675565,0.30218683885975556,25857,44.87022779999825,2.128715099999681,82935
dkasc_20,BWh,patchtst,2,-0.5,2016-01-01 00:00:00,6852,1617,0.02000618167221546,0.014136765152215958,0.994047999382019,0.0469185462909424,-2.7853594641328727,-2.9703852948073606,-2.609161634805046,3444,12.216290212183436,5.356262833675565,0.30218683885975556,25857,25.738551999995252,1.855334000007133,82935
dkasc_20,BWh,patchtst,3,-0.5,2016-01-01 00:00:00,6852,1617,0.022171733900904655,0.016094660386443138,0.9926897287368774,0.051997204685228386,-2.7385030594804793,-2.932965642264318,-2.514459253093848,3444,12.216290212183436,5.356262833675565,0.30216678531679586,25857,16.452933900000062,1.7811411000002408,82935
dkasc_20,BWh,patchtst,4,-0.5,2016-01-01 00:00:00,6852,1617,0.019727498292922974,0.013770189136266708,0.9942126870155334,0.046264977346799005,-2.7808681642511806,-2.9875038439565373,-2.6544782848362813,3443,12.216290212183436,5.354893908281999,0.30195622311571896,25857,27.889892000006512,1.7691195999941556,82935
dkasc_20,BWh,informer,0,-0.5,2016-01-01 00:00:00,6852,1617,0.021496225148439407,0.015573542565107346,0.9931284189224243,0.0504129999033387,-2.8667101007838647,-3.103188800674294,-2.6795337662096075,3444,12.216290212183436,5.356262833675565,0.30218683885975556,81537,7.33823979999579,0.8031031999998959,82935
dkasc_20,BWh,informer,1,-0.5,2016-01-01 00:00:00,6852,1617,0.0204163808375597,0.01426931843161583,0.9938014149665833,0.04788054637886714,-2.7795362545554814,-2.9467181958767075,-2.555730558151581,3444,12.216290212183436,5.356262833675565,0.30214673177383616,81537,10.410846200000378,0.8381534999934956,82935
dkasc_20,BWh,informer,2,-0.5,2016-01-01 00:00:00,6852,1617,0.02069205977022648,0.01458087656646967,0.9936329126358032,0.04852706928742031,-2.7911250369018092,-2.9859256899539988,-2.6201020722045554,3444,12.216290212183436,5.356262833675565,0.30218683885975556,81537,7.09347940000589,0.810318499992718,82935
dkasc_20,BWh,informer,3,-0.5,2016-01-01 00:00:00,6852,1617,0.02089780569076538,0.014855064451694489,0.9935056567192078,0.049009585124531976,-2.802986829340315,-2.9901242458008293,-2.6214608306880938,3444,12.216290212183436,5.356262833675565,0.30218683885975556,81537,7.779022100003203,0.5291969999962021,82935
dkasc_20,BWh,informer,4,-0.5,2016-01-01 00:00:00,6852,1617,0.022062283009290695,0.01593433879315853,0.9927617311477661,0.05174052018596152,-2.7324603352620325,-2.9089539305640066,-2.5686004950014136,3444,12.216290212183436,5.356262833675565,0.30218683885975556,81537,7.035887600010028,0.5164086000004318,82935
dkasc_20,BWh,xgboost,0,-1.0,2016-01-01 00:00:00,6852,1617,0.019203994423151016,0.012721830047667027,0.9944338202476501,0.04537944757113146,-3.0103276264910828,-3.1701365650329882,-2.86440537399848,3444,12.216290212183436,5.356262833675565,0.3024074278323123,736,2.689035999996122,0.08595949999289587,82935
dkasc_20,BWh,xgboost,1,-1.0,2016-01-01 00:00:00,6852,1617,0.01930018700659275,0.012767505832016468,0.9943779706954956,0.04560675269322436,-3.0418910401142307,-3.1608604771994453,-2.8867403922622894,3444,12.216290212183436,5.356262833675565,0.3024074278323123,744,2.6946673000056762,0.08092419999593403,82935
dkasc_20,BWh,xgboost,2,-1.0,2016-01-01 00:00:00,6852,1617,0.019233638420701027,0.012702199630439281,0.9944166541099548,0.04544949696830258,-3.0151659314747574,-3.184502840655996,-2.8605989667670473,3444,12.216290212183436,5.356262833675565,0.3024074278323123,763,2.639085000002524,0.08639680000487715,82935
dkasc_20,BWh,xgboost,3,-1.0,2016-01-01 00:00:00,6852,1617,0.019304947927594185,0.012754290364682674,0.9943751692771912,0.04561800285088502,-3.0188163467222195,-3.1979744953639577,-2.874206347314745,3444,12.216290212183436,5.356262833675565,0.3024074278323123,754,3.2919638000021223,0.08618050000222865,82935
dkasc_20,BWh,xgboost,4,-1.0,2016-01-01 00:00:00,6852,1617,0.019199756905436516,0.012683041393756866,0.9944363236427307,0.04536943422657824,-3.038303198489656,-3.1731052269122872,-2.8936308175869785,3444,12.216290212183436,5.356262833675565,0.3024074278323123,674,3.3748451999999816,0.07728110000607558,82935
dkasc_20,BWh,random_forest,0,-1.0,2016-01-01 00:00:00,6852,1617,0.019492916762828827,0.012988473288714886,0.994265079498291,0.04606217720938484,-2.900366272238187,-3.104324558227811,-2.733304503707984,3444,12.216290212183436,5.356262833675565,0.3024074278323123,3410674,1.1103288999875076,0.270304000005126,82935
dkasc_20,BWh,random_forest,1,-1.0,2016-01-01 00:00:00,6852,1617,0.019624371081590652,0.013090776279568672,0.9941874742507935,0.04637280656257084,-2.9392004140491714,-3.094482305001778,-2.742182794741521,3444,12.216290212183436,5.356262833675565,0.3024074278323123,3409524,0.8685630999971181,0.2690456999989692,82935
dkasc_20,BWh,random_forest,2,-1.0,2016-01-01 00:00:00,6852,1617,0.019510550424456596,0.012950172647833824,0.9942547082901001,0.04610384592713659,-2.903672317332273,-3.1040474319441125,-2.697448158125571,3444,12.216290212183436,5.356262833675565,0.3024074278323123,3412228,0.749735999997938,0.2612356000026921,82935
dkasc_20,BWh,random_forest,3,-1.0,2016-01-01 00:00:00,6852,1617,0.019594011828303337,0.013034870848059654,0.9942054748535156,0.046301067000868536,-2.8941232075188394,-3.090166624436702,-2.7292692981034983,3444,12.216290212183436,5.356262833675565,0.3024074278323123,3411000,0.7239155999996001,0.2771452000015415,82935
dkasc_20,BWh,random_forest,4,-1.0,2016-01-01 00:00:00,6852,1617,0.019573360681533813,0.013065864332020283,0.9942176938056946,0.046252267901500874,-2.9035683119282285,-3.1057407257453207,-2.714482798845508,3444,12.216290212183436,5.356262833675565,0.3024074278323123,3411890,0.7880344000004698,0.26229529999545775,82935
dkasc_20,BWh,lstm,0,-1.0,2016-01-01 00:00:00,6852,1617,0.02020854689180851,0.014298759400844574,0.9938362836837769,0.04775322643606062,-3.1887672620786955,-3.3828710349702806,-2.965078152705275,3444,12.216290212183436,5.356262833675565,0.3023974010608324,13729,56.73146120000456,0.10718710000219289,82935
dkasc_20,BWh,lstm,1,-1.0,2016-01-01 00:00:00,6852,1617,0.020572079345583916,0.014512183144688606,0.99361252784729,0.04861226136197261,-3.1794037241223094,-3.333221029581279,-2.981247749401824,3444,12.216290212183436,5.356262833675565,0.3024074278323123,13729,68.3603412000084,0.09960219998902176,82935
dkasc_20,BWh,lstm,2,-1.0,2016-01-01 00:00:00,6852,1617,0.020715802907943726,0.014566316269338131,0.9935230016708374,0.04895188319892652,-3.1406514727478685,-3.3347783084535787,-2.9651414108202934,3444,12.216290212183436,5.356262833675565,0.3024074278323123,13729,52.87391530000605,0.09589569999661762,82935
dkasc_20,BWh,lstm,3,-1.0,2016-01-01 00:00:00,6852,1617,0.020229419693350792,0.014292529784142971,0.9938235282897949,0.047802549310374136,-3.258723989151746,-3.4384454880730386,-3.027926787084756,3444,12.216290212183436,5.356262833675565,0.3024074278323123,13729,67.86786050000228,0.10352879999845754,82935
dkasc_20,BWh,lstm,4,-1.0,2016-01-01 00:00:00,6852,1617,0.02071049064397812,0.01464113686233759,0.9935262799263,0.04893933020610641,-3.2462400633194832,-3.426245793157834,-3.0472633674341387,3444,12.216290212183436,5.356262833675565,0.3024074278323123,13729,49.45270490000257,0.10469940000621136,82935
dkasc_20,BWh,gru,0,-1.0,2016-01-01 00:00:00,6852,1617,0.019908206537365913,0.013794893398880959,0.9940181374549866,0.047043515785890236,-3.2074696477731823,-3.3588563157393616,-3.0323210843775947,3444,12.216290212183436,5.356262833675565,0.3024074278323123,151809,65.72130999999354,0.2528699999966193,82935
dkasc_20,BWh,gru,1,-1.0,2016-01-01 00:00:00,6852,1617,0.020149918273091316,0.014248888939619064,0.9938719868659973,0.04761468576214554,-3.163527738282934,-3.3427688371289648,-3.0124343831362235,3444,12.216290212183436,5.356262833675565,0.3024074278323123,151809,76.40317510000023,0.2563083999993978,82935
dkasc_20,BWh,gru,2,-1.0,2016-01-01 00:00:00,6852,1617,0.020453790202736855,0.014456285163760185,0.993685781955719,0.04833274159968862,-3.2002757658099705,-3.3845712103424814,-2.9891186703489336,3444,12.216290212183436,5.356262833675565,0.3024074278323123,151809,43.622896000000765,0.24980499999946915,82935
dkasc_20,BWh,gru,3,-1.0,2016-01-01 00:00:00,6852,1617,0.020290331915020943,0.014315886422991753,0.9937862753868103,0.04794648618667262,-3.1888294345431545,-3.3799950426804837,-3.0487568098449547,3444,12.216290212183436,5.356262833675565,0.3024074278323123,151809,55.6238386999903,0.2576724000100512,82935
dkasc_20,BWh,gru,4,-1.0,2016-01-01 00:00:00,6852,1617,0.02079203724861145,0.014712183736264706,0.9934751987457275,0.04913202656854135,-3.2194523341653896,-3.430974400489828,-3.0075617882884638,3444,12.216290212183436,5.356262833675565,0.3024074278323123,151809,45.24455940000189,0.25119579999591224,82935
dkasc_20,BWh,tcn,0,-1.0,2016-01-01 00:00:00,6852,1617,0.02031119540333748,0.014578166417777538,0.9937735199928284,0.04799578705363547,-3.184103094650792,-3.3677203050280435,-3.001935283524826,3444,12.216290212183436,5.356262833675565,0.3023873742893526,198273,4.732753100004629,0.39262369999778457,82935
dkasc_20,BWh,tcn,1,-1.0,2016-01-01 00:00:00,6852,1617,0.021052833646535873,0.014770307578146458,0.9933105111122131,0.049748294007782225,-3.14904434065304,-3.3435571471859733,-2.9458700730959353,3444,12.216290212183436,5.356262833675565,0.3024074278323123,198273,3.9713646000018343,0.38721329999680165,82935
dkasc_20,BWh,tcn,2,-1.0,2016-01-01 00:00:00,6852,1617,0.02087016962468624,0.014884713105857372,0.9934260845184326,0.049316655036221985,-3.186906144034196,-3.4007154185475272,-2.9841677233162667,3444,12.216290212183436,5.356262833675565,0.3024074278323123,198273,3.395088899997063,0.38785339999594726,82935
dkasc_20,BWh,tcn,3,-1.0,2016-01-01 00:00:00,6852,1617,0.020176853984594345,0.013985727913677692,0.9938555955886841,0.04767833542174288,-3.173875456039199,-3.3391972656933278,-3.002646570172498,3444,12.216290212183436,5.356262833675565,0.3024074278323123,198273,5.889172600000165,0.38982120000582654,82935
dkasc_20,BWh,tcn,4,-1.0,2016-01-01 00:00:00,6852,1617,0.02167396806180477,0.01539934054017067,0.9929099678993225,0.05121604785165651,-3.1878369104581274,-3.37865117732352,-2.988813825939829,3444,12.216290212183436,5.356262833675565,0.3024074278323123,198273,3.9632182999921497,0.38452240001061,82935
dkasc_20,BWh,patchtst,0,-1.0,2016-01-01 00:00:00,6852,1617,0.020946599543094635,0.014840416610240936,0.9933778643608093,0.04949726056020081,-3.1511025335910325,-3.3377299190161174,-2.996457041810732,3443,12.216290212183436,5.354893908281999,0.30226705303159435,25857,16.764497299998766,1.136304100000416,82935
dkasc_20,BWh,patchtst,1,-1.0,2016-01-01 00:00:00,6852,1617,0.021101726219058037,0.015066602267324924,0.9932793974876404,0.04986382819731065,-3.1801339313813926,-3.3325002632860667,-3.0053772773863616,3444,12.216290212183436,5.356262833675565,0.3024074278323123,25857,17.554027299993322,1.139830100000836,82935
dkasc_20,BWh,patchtst,2,-1.0,2016-01-01 00:00:00,6852,1617,0.020708052441477776,0.014822904020547867,0.9935278296470642,0.04893356868170195,-3.211836849502081,-3.4090952444245515,-3.0391544672918824,3444,12.216290212183436,5.356262833675565,0.3024074278323123,25857,14.215774800002691,1.1376677000080235,82935
dkasc_20,BWh,patchtst,3,-1.0,2016-01-01 00:00:00,6852,1617,0.022299213334918022,0.016287395730614662,0.9924950003623962,0.05269351574011495,-3.13483952692436,-3.362211644728552,-2.962642810691707,3444,12.216290212183436,5.356262833675565,0.3023873742893526,25857,10.717204700005823,1.1300581999967108,82935
dkasc_20,BWh,patchtst,4,-1.0,2016-01-01 00:00:00,6852,1617,0.020416492596268654,0.01436389796435833,0.9937087893486023,0.048244606561739845,-3.2127523906084865,-3.3850198394967532,-3.0521271125664824,3443,12.216290212183436,5.354893908281999,0.3021768120882757,25857,18.016653900005622,1.319217900003423,82935
dkasc_20,BWh,informer,0,-1.0,2016-01-01 00:00:00,6852,1617,0.022129995748400688,0.016044069081544876,0.9926084876060486,0.05229365098144685,-3.2993255698719692,-3.497294518279788,-3.046576866887382,3444,12.216290212183436,5.356262833675565,0.3024074278323123,81537,6.456437200002256,0.6658063999930164,82935
dkasc_20,BWh,informer,1,-1.0,2016-01-01 00:00:00,6852,1617,0.020977450534701347,0.014779668301343918,0.993358314037323,0.0495701621100183,-3.1637916851502967,-3.3226167201531043,-2.979702861888694,3444,12.216290212183436,5.356262833675565,0.3024074278323123,81537,9.730490000001737,0.6773971999937203,82935
dkasc_20,BWh,informer,2,-1.0,2016-01-01 00:00:00,6852,1617,0.021570691838860512,0.015567310154438019,0.9929773807525635,0.050972003938646746,-3.1668565658360404,-3.3621562910296943,-3.0063494013646386,3444,12.216290212183436,5.356262833675565,0.3023873742893526,81537,7.020171199998003,0.6703565000061644,82935
dkasc_20,BWh,informer,3,-1.0,2016-01-01 00:00:00,6852,1617,0.02196880616247654,0.015999602153897285,0.9927157759666443,0.05191275655905319,-3.1983539742436067,-3.3727357319183464,-3.0123509892014955,3444,12.216290212183436,5.356262833675565,0.3024074278323123,81537,7.470547800010536,0.6917581999878166,82935
dkasc_20,BWh,informer,4,-1.0,2016-01-01 00:00:00,6852,1617,0.022858625277876854,0.016456238925457,0.9921137094497681,0.05401541806818279,-3.2238949901063463,-3.4066187547795,-3.0405046237963114,3444,12.216290212183436,5.356262833675565,0.3024074278323123,81537,6.179301600001054,0.714342300008866,82935
dkasc_20,BWh,xgboost,0,-2.0,2016-01-01 00:00:00,6851,1617,0.020852677524089813,0.014037730172276497,0.99323970079422,0.05003565497568189,-3.8941760451620455,-4.068978367295897,-3.7445307077265233,3444,12.216290212183436,5.356262833675565,0.3031594356933011,692,1.975805499998387,0.06812450000143144,82935
dkasc_20,BWh,xgboost,1,-2.0,2016-01-01 00:00:00,6851,1617,0.020911719650030136,0.0140908882021904,0.9932013750076294,0.05017732558077171,-3.9217915258335374,-4.061358147924416,-3.793548997306684,3444,12.216290212183436,5.356262833675565,0.3031594356933011,645,1.7447990000073332,0.07408169998961966,82935
dkasc_20,BWh,xgboost,2,-2.0,2016-01-01 00:00:00,6851,1617,0.020925607532262802,0.014083949849009514,0.9931923747062683,0.05021064932458993,-3.9239905042542933,-4.089231429246243,-3.7415036482177144,3444,12.216290212183436,5.356262833675565,0.3031594356933011,690,1.8787504000065383,0.08066859999962617,82935
dkasc_20,BWh,xgboost,3,-2.0,2016-01-01 00:00:00,6851,1617,0.02091210149228573,0.014101444743573666,0.9932011365890503,0.050178241804951264,-3.9261566029610506,-4.09492310789047,-3.7649885295785657,3444,12.216290212183436,5.356262833675565,0.3031594356933011,630,1.6598890000022948,0.06248469999991357,82935
dkasc_20,BWh,xgboost,4,-2.0,2016-01-01 00:00:00,6851,1617,0.0209150779992342,0.014075161889195442,0.9931991696357727,0.050185383884165526,-3.9142462091151797,-4.0719024545860405,-3.7805411309059127,3444,12.216290212183436,5.356262833675565,0.3031594356933011,625,1.7245891000056872,0.0730343999894103,82935
dkasc_20,BWh,random_forest,0,-2.0,2016-01-01 00:00:00,6851,1617,0.02121630497276783,0.014373923651874065,0.9930018782615662,0.05090817302717537,-3.8235851395595275,-4.067368988315938,-3.677066161406317,3444,12.216290212183436,5.356262833675565,0.3031594356933011,3403778,0.7377808999881381,0.27181560000462923,82935
dkasc_20,BWh,random_forest,1,-2.0,2016-01-01 00:00:00,6851,1617,0.021222500130534172,0.014349346049129963,0.9929978251457214,0.050923038205815306,-3.8633911025099525,-4.040179720857728,-3.662005324872757,3444,12.216290212183436,5.356262833675565,0.3031594356933011,3401644,0.720000200002687,0.2641682999965269,82935
dkasc_20,BWh,random_forest,2,-2.0,2016-01-01 00:00:00,6851,1617,0.0211664829403162,0.014256849884986877,0.9930347204208374,0.05078862588398203,-3.8364707590245684,-4.052461192938906,-3.6736182536689976,3444,12.216290212183436,5.356262833675565,0.3031594356933011,3406956,0.7083580000034999,0.2558827999891946,82935
dkasc_20,BWh,random_forest,3,-2.0,2016-01-01 00:00:00,6851,1617,0.02124761790037155,0.014362296089529991,0.9929811954498291,0.05098330787928481,-3.8343238323741144,-4.038417539590147,-3.664614592283655,3444,12.216290212183436,5.356262833675565,0.3031594356933011,3402806,0.7222631000040565,0.26071599998977035,82935
dkasc_20,BWh,random_forest,4,-2.0,2016-01-01 00:00:00,6851,1617,0.02123088575899601,0.014329330995678902,0.9929922819137573,0.0509431593826755,-3.83479819212329,-4.015231280786309,-3.6653973939737794,3444,12.216290212183436,5.356262833675565,0.3031594356933011,3403030,0.7261008000059519,0.2662531999958446,82935
dkasc_20,BWh,lstm,0,-2.0,2016-01-01 00:00:00,6851,1617,0.02163231372833252,0.015327559784054756,0.9927247762680054,0.05190637915855831,-4.02210610693462,-4.167943470768365,-3.866338037984876,3444,12.216290212183436,5.356262833675565,0.30314940892182124,13729,102.1296236999915,0.10432260000379756,82935
dkasc_20,BWh,lstm,1,-2.0,2016-01-01 00:00:00,6851,1617,0.021716656163334846,0.015496306121349335,0.9926679134368896,0.05210875743696932,-3.998785487944334,-4.157082485354491,-3.820601803352486,3444,12.216290212183436,5.356262833675565,0.3031594356933011,13729,96.10149190000084,0.08862430001317989,82935
dkasc_20,BWh,lstm,2,-2.0,2016-01-01 00:00:00,6851,1617,0.02202477492392063,0.015770375728607178,0.9924584031105042,0.05284808330907351,-3.934465617554386,-4.1382895177692705,-3.7947538162309296,3444,12.216290212183436,5.356262833675565,0.3031594356933011,13729,47.46044389999588,0.09007769999152515,82935
dkasc_20,BWh,lstm,3,-2.0,2016-01-01 00:00:00,6851,1617,0.022366132587194443,0.01603594422340393,0.992222785949707,0.053667165378661064,-4.052487823580108,-4.271021394642838,-3.8480253641921762,3444,12.216290212183436,5.356262833675565,0.3031594356933011,13729,46.412507800007006,0.10598290000052657,82935
dkasc_20,BWh,lstm,4,-2.0,2016-01-01 00:00:00,6851,1617,0.021767787635326385,0.015527062118053436,0.9926333427429199,0.05223144655869059,-4.0688068779849145,-4.232708902602511,-3.8909204946735887,3444,12.216290212183436,5.356262833675565,0.3031594356933011,13729,57.79890169999271,0.10175240000535268,82935
dkasc_20,BWh,gru,0,-2.0,2016-01-01 00:00:00,6851,1617,0.022830605506896973,0.016542335972189903,0.9918964505195618,0.05478166047066713,-4.036963522805371,-4.199778089286744,-3.8759948362124486,3444,12.216290212183436,5.356262833675565,0.3031594356933011,151809,36.04999240000325,0.24940570000035223,82935
dkasc_20,BWh,gru,1,-2.0,2016-01-01 00:00:00,6851,1617,0.021492712199687958,0.015232366509735584,0.9928183555603027,0.05157140759851439,-4.008015846089941,-4.205490946912938,-3.837010243356642,3444,12.216290212183436,5.356262833675565,0.3031594356933011,151809,74.46256379999977,0.24284069999703206,82935
dkasc_20,BWh,gru,2,-2.0,2016-01-01 00:00:00,6851,1617,0.02215185947716236,0.016039526090025902,0.9923710823059082,0.05315302059357311,-4.052280519428397,-4.218364320402468,-3.867428430346742,3444,12.216290212183436,5.356262833675565,0.3031594356933011,151809,39.436049700001604,0.24501820000295993,82935
dkasc_20,BWh,gru,3,-2.0,2016-01-01 00:00:00,6851,1617,0.02176564745604992,0.015726527199149132,0.9926347732543945,0.052226311233898856,-4.030714521100965,-4.201619506606768,-3.874731876774022,3444,12.216290212183436,5.356262833675565,0.3031594356933011,151809,73.69407169999613,0.24758890000521205,82935
dkasc_20,BWh,gru,4,-2.0,2016-01-01 00:00:00,6851,1617,0.021565891802310944,0.015297739766538143,0.9927693605422974,0.05174700084517882,-4.024703933646467,-4.193971076056435,-3.8522733123726782,3444,12.216290212183436,5.356262833675565,0.3031594356933011,151809,64.44140389999666,0.25408189999870956,82935
dkasc_20,BWh,tcn,0,-2.0,2016-01-01 00:00:00,6851,1617,0.021857788786292076,0.015614338219165802,0.9925723075866699,0.052447402832503924,-4.0252832459025,-4.198946281132532,-3.882315128977005,3444,12.216290212183436,5.356262833675565,0.3031594356933011,198273,5.142786600001273,0.41946099999768194,82935
dkasc_20,BWh,tcn,1,-2.0,2016-01-01 00:00:00,6851,1617,0.02213745377957821,0.0157539751380682,0.9923810362815857,0.0531184543603797,-4.03243582875199,-4.22014153854815,-3.873155610618539,3444,12.216290212183436,5.356262833675565,0.3031594356933011,198273,3.772417400003178,0.3967359999951441,82935
dkasc_20,BWh,tcn,2,-2.0,2016-01-01 00:00:00,6851,1617,0.02194821648299694,0.01582775078713894,0.9925107359886169,0.05266438259576661,-3.9797066874755482,-4.149880090076319,-3.8073594675199685,3444,12.216290212183436,5.356262833675565,0.3031594356933011,198273,4.854558799997903,0.3849740000005113,82935
dkasc_20,BWh,tcn,3,-2.0,2016-01-01 00:00:00,6851,1617,0.023366477340459824,0.017250770702958107,0.9915115833282471,0.05606747607609055,-4.018153195331308,-4.172777168294395,-3.854973111083837,3444,12.216290212183436,5.356262833675565,0.3031594356933011,198273,2.6505579999939073,0.3872518999996828,82935
dkasc_20,BWh,tcn,4,-2.0,2016-01-01 00:00:00,6851,1617,0.021607380360364914,0.01563548669219017,0.9927415251731873,0.05184655195432673,-4.015293011553112,-4.21267534125167,-3.8450589981240513,3444,12.216290212183436,5.356262833675565,0.3031594356933011,198273,4.90445400000317,0.39179029999650083,82935
dkasc_20,BWh,patchtst,0,-2.0,2016-01-01 00:00:00,6851,1617,0.022446857765316963,0.016212377697229385,0.9921665787696838,0.053860864108990665,-4.007419469250068,-4.179643460683528,-3.8687479518402093,3443,12.216290212183436,5.354893908281999,0.30300903412110336,25857,18.76180610001029,1.1344982000009622,82935
dkasc_20,BWh,patchtst,1,-2.0,2016-01-01 00:00:00,6851,1617,0.023209331557154655,0.01716308295726776,0.9916253685951233,0.05569040736703594,-3.9826402000898264,-4.179114167715802,-3.8259770675848515,3444,12.216290212183436,5.356262833675565,0.3031594356933011,25857,14.127304100009496,1.1310189999931026,82935
dkasc_20,BWh,patchtst,2,-2.0,2016-01-01 00:00:00,6851,1617,0.022117014974355698,0.016162123531103134,0.9923951029777527,0.05306941178514938,-3.991579964235637,-4.162999747604513,-3.8381987622468414,3444,12.216290212183436,5.356262833675565,0.3031594356933011,25857,14.563834100001259,1.1310930000036024,82935
dkasc_20,BWh,patchtst,3,-2.0,2016-01-01 00:00:00,6851,1617,0.0226098895072937,0.016554109752178192,0.9920523762702942,0.054252056078569096,-4.090990952257033,-4.255662011158112,-3.8841315947942423,3444,12.216290212183436,5.356262833675565,0.30308924829294215,25857,12.772683299990604,1.1385129000118468,82935
dkasc_20,BWh,patchtst,4,-2.0,2016-01-01 00:00:00,6851,1617,0.023546800017356873,0.017322223633527756,0.9913800358772278,0.056500157358150796,-4.031826015028744,-4.214438790479463,-3.834340019757593,3443,12.216290212183436,5.354893908281999,0.3029488734922242,25857,12.85142910000286,1.1369598000019323,82935
dkasc_20,BWh,informer,0,-2.0,2016-01-01 00:00:00,6851,1617,0.02293911762535572,0.016567794606089592,0.9918192028999329,0.05504203350495061,-4.086773867645432,-4.263724281103215,-3.9505301199646126,3444,12.216290212183436,5.356262833675565,0.3031594356933011,81537,9.554851499997312,0.5204743000067538,82935
dkasc_20,BWh,informer,1,-2.0,2016-01-01 00:00:00,6851,1617,0.02368946559727192,0.017241477966308594,0.9912752509117126,0.05684248105856233,-3.9933866549899193,-4.186616300236219,-3.805128732741614,3444,12.216290212183436,5.356262833675565,0.3031594356933011,81537,7.5454125000105705,0.5181574999878649,82935
dkasc_20,BWh,informer,2,-2.0,2016-01-01 00:00:00,6851,1617,0.0220642052590847,0.015901794657111168,0.9924313426017761,0.05294269574642433,-4.051978575507742,-4.222001201909991,-3.8874021279255877,3444,12.216290212183436,5.356262833675565,0.3031594356933011,81537,10.529329099997994,0.5208237000042573,82935
dkasc_20,BWh,informer,3,-2.0,2016-01-01 00:00:00,6851,1617,0.022997049614787102,0.016715731471776962,0.9917778372764587,0.05518104035584038,-4.1226340926357015,-4.313502937869018,-3.957236287330373,3444,12.216290212183436,5.356262833675565,0.3031594356933011,81537,9.053070800000569,0.5248169000115013,82935
dkasc_20,BWh,informer,4,-2.0,2016-01-01 00:00:00,6851,1617,0.022707846015691757,0.015959858894348145,0.9919833540916443,0.054487101101020785,-4.064946820415516,-4.205079152087343,-3.8686723861612315,3444,12.216290212183436,5.356262833675565,0.3031594356933011,81537,11.031286900004488,0.5216496999928495,82935
dkasc_21,BWh,xgboost,0,0.0,2016-01-01 00:00:00,6880,1617,0.018543150275945663,0.012045962736010551,0.9953699111938477,0.04365545514209101,-1.0579526512485091,-1.2088461315952168,-0.9092739916136512,3177,12.216290212183436,4.988021902806297,0.2794483450351053,969,3.9565187000116566,0.09365140000591055,82761
dkasc_21,BWh,xgboost,1,0.0,2016-01-01 00:00:00,6880,1617,0.018500616773962975,0.0120143573731184,0.9953911304473877,0.04355532008627743,-1.042997430203807,-1.1764256515643057,-0.9229546116647502,3177,12.216290212183436,4.988021902806297,0.27945837512537614,989,2.4834883000003174,0.09927679999964312,82761
dkasc_21,BWh,xgboost,2,0.0,2016-01-01 00:00:00,6880,1617,0.01840563304722309,0.011937934905290604,0.9954383373260498,0.043331703399780507,-1.0086313283451664,-1.1299622538997411,-0.9019186035643334,3177,12.216290212183436,4.988021902806297,0.279358074222668,1279,4.674407200000132,0.12249310000333935,82761
dkasc_21,BWh,xgboost,3,0.0,2016-01-01 00:00:00,6880,1617,0.018548231571912766,0.012060042470693588,0.9953673481941223,0.043667417849875524,-1.0457099529232599,-1.1742693908254553,-0.9123138069120906,3177,12.216290212183436,4.988021902806297,0.2794684052156469,950,3.011198799998965,0.09868249999999534,82761
dkasc_21,BWh,xgboost,4,0.0,2016-01-01 00:00:00,6880,1617,0.018503338098526,0.012028600089251995,0.9953897595405579,0.04356172680038051,-1.0502889217241045,-1.1724569459090728,-0.9308151878720481,3177,12.216290212183436,4.988021902806297,0.2794383149448345,969,3.99382049999258,0.09668329999840353,82761
dkasc_21,BWh,random_forest,0,0.0,2016-01-01 00:00:00,6880,1617,0.018620353192090988,0.012302825227379799,0.9953312873840332,0.043837211121655756,-0.8840344769998236,-1.0499419698673178,-0.7278342147357011,3177,12.216290212183436,4.988021902806297,0.2795486459378134,3436906,0.7251997999992454,0.27819019999878947,82761
dkasc_21,BWh,random_forest,1,0.0,2016-01-01 00:00:00,6880,1617,0.018673701211810112,0.012299228459596634,0.9953044652938843,0.043962806397922743,-0.8590497654199383,-1.017123010219574,-0.7369900233987963,3177,12.216290212183436,4.988021902806297,0.2795285857572718,3438836,0.7094785000081174,0.25817089999327436,82761
dkasc_21,BWh,random_forest,2,0.0,2016-01-01 00:00:00,6880,1617,0.01860373467206955,0.012242448516190052,0.995339572429657,0.04379808675257458,-0.9009709602087801,-1.038601377340509,-0.7612316410770271,3177,12.216290212183436,4.988021902806297,0.27950852557673017,3441122,0.7520706999930553,0.3078726999956416,82761
dkasc_21,BWh,random_forest,3,0.0,2016-01-01 00:00:00,6880,1617,0.018682319670915604,0.012325379066169262,0.9953001737594604,0.043983096518494205,-0.8715404186892817,-1.034653893109927,-0.743732037265582,3177,12.216290212183436,4.988021902806297,0.2795285857572718,3435598,0.7435922000004211,0.25441290000162553,82761
dkasc_21,BWh,random_forest,4,0.0,2016-01-01 00:00:00,6880,1617,0.018631763756275177,0.012255196459591389,0.9953255653381348,0.043864074592289165,-0.868202351442783,-1.0513578847977822,-0.7438929220085044,3177,12.216290212183436,4.988021902806297,0.27950852557673017,3440266,0.7622599000023911,0.27673299999150913,82761
dkasc_21,BWh,lstm,0,0.0,2016-01-01 00:00:00,6880,1617,0.021437136456370354,0.01481689978390932,0.9938119053840637,0.05046866012621113,-1.13745117523497,-1.2817260789845306,-0.982781431236901,3177,12.216290212183436,4.988021902806297,0.27929789368104313,13729,74.2292468999949,0.10852629999862984,82761
dkasc_21,BWh,lstm,1,0.0,2016-01-01 00:00:00,6880,1617,0.021042736247181892,0.014365235343575478,0.9940375089645386,0.04954013825241749,-1.1249903411383526,-1.279035573086651,-0.9547144836528632,3177,12.216290212183436,4.988021902806297,0.2792577733199599,13729,100.04235610000615,0.12094869998691138,82761
dkasc_21,BWh,lstm,2,0.0,2016-01-01 00:00:00,6880,1617,0.021385474130511284,0.014644034206867218,0.9938417077064514,0.05034703341685946,-1.113575997828221,-1.2884477500652136,-0.9961837640240583,3177,12.216290212183436,4.988021902806297,0.27932798395185554,13729,120.70608749998792,0.11913089999870863,82761
dkasc_21,BWh,lstm,3,0.0,2016-01-01 00:00:00,6880,1617,0.020977076143026352,0.014306263998150826,0.9940746426582336,0.049385557089619836,-1.1349061859047382,-1.2758731049441974,-1.016780749600954,3177,12.216290212183436,4.988021902806297,0.27939819458375126,13729,75.40017369999259,0.08784880000166595,82761
dkasc_21,BWh,lstm,4,0.0,2016-01-01 00:00:00,6880,1617,0.021671315655112267,0.014861304312944412,0.993675947189331,0.05101997958130663,-1.096069850434478,-1.240042504218387,-0.9627236355834241,3177,12.216290212183436,4.988021902806297,0.27942828485456367,13729,58.40911789999518,0.1084192999987863,82761
dkasc_21,BWh,gru,0,0.0,2016-01-01 00:00:00,6880,1617,0.021032337099313736,0.014278838410973549,0.9940434098243713,0.049515655921933265,-1.1778620483855375,-1.3415224495082154,-1.0205749771336092,3177,12.216290212183436,4.988021902806297,0.27932798395185554,151809,48.3032366999978,0.24877639999613166,82761
dkasc_21,BWh,gru,1,0.0,2016-01-01 00:00:00,6880,1617,0.020291302353143692,0.013714359141886234,0.9944557547569275,0.04777106513564588,-1.1194241624594643,-1.2522386381342676,-0.974317769933468,3177,12.216290212183436,4.988021902806297,0.2794483450351053,151809,71.94083639999735,0.24283099999593105,82761
dkasc_21,BWh,gru,2,0.0,2016-01-01 00:00:00,6880,1617,0.021007580682635307,0.01425447128713131,0.9940574169158936,0.04945737280273824,-1.1319184063908305,-1.282842308384563,-0.9887054711595011,3177,12.216290212183436,4.988021902806297,0.2792176529588766,151809,56.5474710999988,0.24125659999845084,82761
dkasc_21,BWh,gru,3,0.0,2016-01-01 00:00:00,6880,1617,0.020699502900242805,0.01422162912786007,0.9942304491996765,0.04873207663626338,-1.159744303577282,-1.2616207874300533,-1.010380932355257,3177,12.216290212183436,4.988021902806297,0.2793681043129388,151809,74.48994700000912,0.24946880000061356,82761
dkasc_21,BWh,gru,4,0.0,2016-01-01 00:00:00,6880,1617,0.021002452820539474,0.014098736457526684,0.9940603375434875,0.04944530046603342,-1.1560129684714426,-1.3133487341060013,-1.001677256315281,3177,12.216290212183436,4.988021902806297,0.27948846539618855,151809,64.6550525000057,0.2521929999929853,82761
dkasc_21,BWh,tcn,0,0.0,2016-01-01 00:00:00,6880,1617,0.01938362792134285,0.013223360292613506,0.9949406981468201,0.04563416068028446,-1.113719527775101,-1.2740221115625228,-0.991394808453622,3177,12.216290212183436,4.988021902806297,0.27939819458375126,198273,5.352590700000292,0.38418750000710133,82761
dkasc_21,BWh,tcn,1,0.0,2016-01-01 00:00:00,6880,1617,0.01958349160850048,0.0135650048032403,0.9948357939720154,0.04610469239142317,-1.1123435920684377,-1.2432697550840361,-0.9704308266582701,3177,12.216290212183436,4.988021902806297,0.27950852557673017,198273,7.07632239999657,0.3929037999914726,82761
dkasc_21,BWh,tcn,2,0.0,2016-01-01 00:00:00,6880,1617,0.020296650007367134,0.013545557856559753,0.9944528341293335,0.04778365492085458,-1.0788494449907335,-1.199003404564089,-0.9818369470370767,3177,12.216290212183436,4.988021902806297,0.279518555667001,198273,5.64909799999441,0.3887261000054423,82761
dkasc_21,BWh,tcn,3,0.0,2016-01-01 00:00:00,6880,1617,0.019725041463971138,0.013721044175326824,0.9947608709335327,0.046437937998232745,-1.1402484358356442,-1.2998074203404542,-0.9744687818231179,3177,12.216290212183436,4.988021902806297,0.27899699097291875,198273,4.817659899999853,0.3865525000001071,82761
dkasc_21,BWh,tcn,4,0.0,2016-01-01 00:00:00,6880,1617,0.02037268690764904,0.013925852254033089,0.9944111704826355,0.04796266579225471,-1.1211627911872302,-1.2411608016208506,-0.9592886876828677,3177,12.216290212183436,4.988021902806297,0.27950852557673017,198273,4.99011210000026,0.3884317999909399,82761
dkasc_21,BWh,patchtst,0,0.0,2016-01-01 00:00:00,6880,1617,0.027291450649499893,0.018206436187028885,0.9899705648422241,0.0642512562246424,-1.083284739970397,-1.22418163219879,-0.9410137220077511,3177,12.216290212183436,4.988021902806297,0.2794984954864594,25857,19.232319899994764,1.1369379999960074,82761
dkasc_21,BWh,patchtst,1,0.0,2016-01-01 00:00:00,6880,1617,0.027014829218387604,0.018078051507472992,0.9901728630065918,0.06360001658641713,-1.1553961197754878,-1.3006940909878533,-1.0354326413082093,3177,12.216290212183436,4.988021902806297,0.27947843530591776,25857,25.6780790000048,1.1436609999946086,82761
dkasc_21,BWh,patchtst,2,0.0,2016-01-01 00:00:00,6880,1617,0.029744073748588562,0.021467167884111404,0.9880869388580322,0.07002537637625515,-1.1542329925372408,-1.3207574055807143,-0.9939734752089462,3177,12.216290212183436,4.988021902806297,0.2793380140421264,25857,10.296157299992046,1.1314034999959404,82761
dkasc_21,BWh,patchtst,3,0.0,2016-01-01 00:00:00,6880,1617,0.026727186515927315,0.017917020246386528,0.9903810024261475,0.06292282997533226,-1.1461952825469988,-1.2550520591056133,-1.008576782074452,3177,12.216290212183436,4.988021902806297,0.2795285857572718,25857,23.71520629999577,1.1430805999989389,82761
dkasc_21,BWh,patchtst,4,0.0,2016-01-01 00:00:00,6880,1617,0.02825183793902397,0.01927345059812069,0.9892522692680359,0.06651226061779773,-1.0548306882025889,-1.2007472062079958,-0.9275215373999557,3177,12.216290212183436,4.988021902806297,0.2794383149448345,25857,18.174865499997395,1.1950887000130024,82761
dkasc_21,BWh,informer,0,0.0,2016-01-01 00:00:00,6880,1617,0.021983111277222633,0.015188862569630146,0.9934927225112915,0.05175402852077926,-1.1333785113713413,-1.2677411497942659,-0.973199696967475,3176,12.216290212183436,4.986652977412731,0.27904714142427284,81537,9.91440639999928,0.5242667999991681,82761
dkasc_21,BWh,informer,1,0.0,2016-01-01 00:00:00,6880,1617,0.02057584933936596,0.014422508887946606,0.9942991733551025,0.048440963616108355,-1.0758703331901764,-1.2778032512764046,-0.9150066659649911,3176,12.216290212183436,4.986652977412731,0.27833500501504516,81537,20.907186700002057,0.5172731000056956,82761
dkasc_21,BWh,informer,2,0.0,2016-01-01 00:00:00,6880,1617,0.021737955510616302,0.01506517268717289,0.9936370253562927,0.051176867336587654,-1.0986049283921107,-1.2296662683916604,-0.940293841719253,3176,12.216290212183436,4.986652977412731,0.279197592778335,81537,11.832955800011405,0.523160500000813,82761
dkasc_21,BWh,informer,3,0.0,2016-01-01 00:00:00,6880,1617,0.022054720669984818,0.015836231410503387,0.9934502243995667,0.05192261587443605,-1.1486558190357599,-1.2781500798585421,-0.979269099106661,3176,12.216290212183436,4.986652977412731,0.2789769307923771,81537,11.676689400002942,0.5352170999976806,82761
dkasc_21,BWh,informer,4,0.0,2016-01-01 00:00:00,6880,1617,0.02642682008445263,0.018574269488453865,0.9905959963798523,0.062215688358061176,-1.0379050374523024,-1.1946097915054221,-0.8736197823613567,3177,12.216290212183436,4.988021902806297,0.27953861584754264,81537,7.735101300000679,0.5311052000033669,82761
dkasc_21,BWh,xgboost,0,-0.25,2016-01-01 00:00:00,6880,1617,0.018709281459450722,0.012238040566444397,0.9952515363693237,0.04421208361415763,-1.2645148464502043,-1.4044428224560646,-1.123716919303452,3177,12.216290212183436,4.988021902806297,0.2796690070210632,970,5.491324000002351,0.11202149999735411,82761
dkasc_21,BWh,xgboost,1,-0.25,2016-01-01 00:00:00,6880,1617,0.018667787313461304,0.012173636816442013,0.9952725768089294,0.04411402839723451,-1.268743583184336,-1.4033110079620479,-1.1478142608895403,3177,12.216290212183436,4.988021902806297,0.2796890672016048,939,4.896565600007307,0.0971475999976974,82761
dkasc_21,BWh,xgboost,2,-0.25,2016-01-01 00:00:00,6880,1617,0.018682412803173065,0.012174383737146854,0.9952651858329773,0.04414859003314959,-1.2763258313724184,-1.3831271150501872,-1.1501521602165277,3177,12.216290212183436,4.988021902806297,0.2796589769307924,931,5.929331799998181,0.08735790000355337,82761
dkasc_21,BWh,xgboost,3,-0.25,2016-01-01 00:00:00,6880,1617,0.018742235377430916,0.012274499982595444,0.9952347874641418,0.04428995733583487,-1.2485336164434035,-1.3843113277021257,-1.1245512432487754,3177,12.216290212183436,4.988021902806297,0.2796690070210632,970,6.08489539999573,0.09909350000089034,82761
dkasc_21,BWh,xgboost,4,-0.25,2016-01-01 00:00:00,6880,1617,0.018678374588489532,0.012244059704244137,0.9952672123908997,0.04413904728905078,-1.269423604742459,-1.3740163155350982,-1.1322978495406033,3177,12.216290212183436,4.988021902806297,0.2796589769307924,955,6.0558989999990445,0.10855580000497866,82761
dkasc_21,BWh,random_forest,0,-0.25,2016-01-01 00:00:00,6880,1617,0.01879104971885681,0.012437939643859863,0.9952099323272705,0.04440531097725446,-1.0928375556075411,-1.2360727536901983,-0.9337903313505482,3177,12.216290212183436,4.988021902806297,0.2797492477432297,3437758,0.7447223000053782,0.30274360001203604,82761
dkasc_21,BWh,random_forest,1,-0.25,2016-01-01 00:00:00,6880,1617,0.018778853118419647,0.012436820194125175,0.9952161908149719,0.04437648907302981,-1.10033602421431,-1.2486925457928066,-0.9159192665940008,3177,12.216290212183436,4.988021902806297,0.2797492477432297,3437682,0.7673899999936111,0.29428380000172183,82761
dkasc_21,BWh,random_forest,2,-0.25,2016-01-01 00:00:00,6880,1617,0.01883566565811634,0.012456944212317467,0.9951871633529663,0.044510743333988294,-1.074649559738305,-1.2501150921453965,-0.9444503792774672,3177,12.216290212183436,4.988021902806297,0.2797392176529589,3439510,0.733353099989472,0.2876152000098955,82761
dkasc_21,BWh,random_forest,3,-0.25,2016-01-01 00:00:00,6880,1617,0.0188904982060194,0.01251552626490593,0.9951591491699219,0.044640318657226744,-1.1266118547856752,-1.250447785760611,-0.9745158098631301,3177,12.216290212183436,4.988021902806297,0.2797492477432297,3437338,0.750493200001074,0.2889027999917744,82761
dkasc_21,BWh,random_forest,4,-0.25,2016-01-01 00:00:00,6880,1617,0.01885201409459114,0.012447609566152096,0.9951788187026978,0.04454937648203042,-1.092403346537916,-1.2662363699009604,-0.9446935297427794,3177,12.216290212183436,4.988021902806297,0.2797592778335005,3437432,0.7569043999974383,0.28003959999477956,82761
dkasc_21,BWh,lstm,0,-0.25,2016-01-01 00:00:00,6880,1617,0.021690262481570244,0.01523513812571764,0.993617832660675,0.05125646864240204,-1.3834523981084985,-1.533458108843988,-1.2056864051773197,3177,12.216290212183436,4.988021902806297,0.27945837512537614,13729,73.97339210000064,0.08841340000799391,82761
dkasc_21,BWh,lstm,1,-0.25,2016-01-01 00:00:00,6880,1617,0.02120528742671013,0.014540193602442741,0.9939000606536865,0.0501104194088851,-1.3254818891102267,-1.4974652210763328,-1.1661144582926826,3177,12.216290212183436,4.988021902806297,0.27948846539618855,13729,115.94780050001282,0.10615319998760242,82761
dkasc_21,BWh,lstm,2,-0.25,2016-01-01 00:00:00,6880,1617,0.021505290642380714,0.01479230634868145,0.9937262535095215,0.05081935990371336,-1.3348693978461341,-1.504853524096703,-1.2111737712743653,3177,12.216290212183436,4.988021902806297,0.27953861584754264,13729,83.33085720000963,0.10319840000011027,82761
dkasc_21,BWh,lstm,3,-0.25,2016-01-01 00:00:00,6880,1617,0.0211753211915493,0.014534670859575272,0.9939172863960266,0.05003960590931787,-1.3509535880212709,-1.485921748867559,-1.2234345318451283,3177,12.216290212183436,4.988021902806297,0.2796088264794383,13729,70.98110590000579,0.11439040000550449,82761
dkasc_21,BWh,lstm,4,-0.25,2016-01-01 00:00:00,6880,1617,0.021830596029758453,0.015048231929540634,0.9935349822044373,0.0515880922047401,-1.3139179008994584,-1.4741123164056633,-1.1654502490319736,3177,12.216290212183436,4.988021902806297,0.2796589769307924,13729,49.57265050000569,0.1049596999946516,82761
dkasc_21,BWh,gru,0,-0.25,2016-01-01 00:00:00,6880,1617,0.021198537200689316,0.014464976266026497,0.9939039349555969,0.050094467884616606,-1.367446760179869,-1.5463813869521092,-1.2421978003287015,3177,12.216290212183436,4.988021902806297,0.27956870611835505,151809,48.82393460000458,0.2541129000019282,82761
dkasc_21,BWh,gru,1,-0.25,2016-01-01 00:00:00,6880,1617,0.02147776260972023,0.014792589470744133,0.9937422871589661,0.05075430814401022,-1.3933954948338712,-1.5223284503432981,-1.2270154113873333,3177,12.216290212183436,4.988021902806297,0.27961885656970914,151809,59.05733900000632,0.2538617999962298,82761
dkasc_21,BWh,gru,2,-0.25,2016-01-01 00:00:00,6880,1617,0.021179720759391785,0.014453095383942127,0.993914783000946,0.05005000257055468,-1.3361130786266584,-1.5115462526306356,-1.2057137210021884,3177,12.216290212183436,4.988021902806297,0.2794383149448345,151809,56.276723000002676,0.25004440000338946,82761
dkasc_21,BWh,gru,3,-0.25,2016-01-01 00:00:00,6880,1617,0.020903198048472404,0.01434941217303276,0.9940726161003113,0.04939654908315709,-1.3560857309393104,-1.4936292237672733,-1.1879436786817725,3177,12.216290212183436,4.988021902806297,0.2796690070210632,151809,74.02204549999442,0.25252049999835435,82761
dkasc_21,BWh,gru,4,-0.25,2016-01-01 00:00:00,6880,1617,0.02121337316930294,0.014353476464748383,0.993895411491394,0.0501295269052564,-1.3786757650301795,-1.5592326843206106,-1.225697069614902,3177,12.216290212183436,4.988021902806297,0.2797091273821464,151809,64.83830370000214,0.258841199989547,82761
dkasc_21,BWh,tcn,0,-0.25,2016-01-01 00:00:00,6880,1617,0.01949465274810791,0.013325265608727932,0.9948445558547974,0.04606800208743125,-1.3463203416496372,-1.4901284379169064,-1.183089368526078,3177,12.216290212183436,4.988021902806297,0.2796288866599799,198273,6.407634299990605,0.3843699999997625,82761
dkasc_21,BWh,tcn,1,-0.25,2016-01-01 00:00:00,6880,1617,0.019771190360188484,0.01363520696759224,0.9946972131729126,0.0467214907879067,-1.3740440070219628,-1.5170541471823173,-1.2122378563389546,3177,12.216290212183436,4.988021902806297,0.27971915747241727,198273,7.547857600002317,0.38014660000044387,82761
dkasc_21,BWh,tcn,2,-0.25,2016-01-01 00:00:00,6880,1617,0.01926841028034687,0.013720696792006493,0.9949634671211243,0.04553336632798728,-1.3705207358893565,-1.4729515725828475,-1.2043428738347195,3177,12.216290212183436,4.988021902806297,0.2797392176529589,198273,10.390454899999895,0.3809687000029953,82761
dkasc_21,BWh,tcn,3,-0.25,2016-01-01 00:00:00,6880,1617,0.019742075353860855,0.013750533573329449,0.9947128295898438,0.04665268883541196,-1.339138037795612,-1.4674355365141492,-1.2209540144070496,3177,12.216290212183436,4.988021902806297,0.2795787362086259,198273,6.446584999997867,0.3815482000063639,82761
dkasc_21,BWh,tcn,4,-0.25,2016-01-01 00:00:00,6880,1617,0.019042858853936195,0.013042238540947437,0.9950807094573975,0.04500036357502886,-1.296321807513963,-1.4364024416945531,-1.1737896427903813,3177,12.216290212183436,4.988021902806297,0.27961885656970914,198273,8.683908399994834,0.37958599999547005,82761
dkasc_21,BWh,patchtst,0,-0.25,2016-01-01 00:00:00,6880,1617,0.02744937688112259,0.01840013638138771,0.9897788166999817,0.06486588747167989,-1.3032129584210628,-1.4437697138082073,-1.1735278205673327,3177,12.216290212183436,4.988021902806297,0.27972918756268805,25857,18.827355399989756,1.1425640000088606,82761
dkasc_21,BWh,patchtst,1,-0.25,2016-01-01 00:00:00,6880,1617,0.027108415961265564,0.01821756921708584,0.9900311231613159,0.0640601594307313,-1.379947682067777,-1.5329166758629165,-1.2418830719918892,3177,12.216290212183436,4.988021902806297,0.2796690070210632,25857,25.4914359000104,1.1465649999881862,82761
dkasc_21,BWh,patchtst,2,-0.25,2016-01-01 00:00:00,6880,1617,0.02978733368217945,0.02156265825033188,0.9879634976387024,0.07039073575613394,-1.373393459268274,-1.5609384341755799,-1.22607053794892,3177,12.216290212183436,4.988021902806297,0.2795486459378134,25857,10.321895200002473,1.140232299992931,82761
dkasc_21,BWh,patchtst,3,-0.25,2016-01-01 00:00:00,6880,1617,0.02677900344133377,0.0180523544549942,0.9902719259262085,0.06328172152512065,-1.3504185017441794,-1.4995862810051108,-1.2504005812735919,3177,12.216290212183436,4.988021902806297,0.2797392176529589,25857,23.54439039999852,1.1339203999959864,82761
dkasc_21,BWh,patchtst,4,-0.25,2016-01-01 00:00:00,6880,1617,0.028362587094306946,0.019391894340515137,0.9890874028205872,0.06702390334150982,-1.2955830059549145,-1.4488355606743344,-1.1460637993820588,3177,12.216290212183436,4.988021902806297,0.27964894684052155,25857,18.0116810999898,1.1475443000090308,82761
dkasc_21,BWh,informer,0,-0.25,2016-01-01 00:00:00,6880,1617,0.02049436792731285,0.014365894719958305,0.9943022131919861,0.048430438677481306,-1.367989014758697,-1.490039750030192,-1.1901807410332643,3176,12.216290212183436,4.986652977412731,0.2793380140421264,81537,18.500036500001443,0.51793099999486,82761
dkasc_21,BWh,informer,1,-0.25,2016-01-01 00:00:00,6880,1617,0.021073678508400917,0.014955585822463036,0.9939755201339722,0.04979941310363138,-1.2768731608456596,-1.4480640341255735,-1.133189651211866,3176,12.216290212183436,4.986652977412731,0.2792176529588766,81537,18.30060620000586,0.5186583000031533,82761
dkasc_21,BWh,informer,2,-0.25,2016-01-01 00:00:00,6880,1617,0.020008934661746025,0.013764741830527782,0.994568943977356,0.047283306641820316,-1.3110174586815848,-1.450426965924334,-1.160808507086921,3176,12.216290212183436,4.986652977412731,0.279358074222668,81537,21.153299200013862,0.5151912000001175,82761
dkasc_21,BWh,informer,3,-0.25,2016-01-01 00:00:00,6880,1617,0.02188440039753914,0.01577181927859783,0.9935030937194824,0.051715237825606525,-1.3909598181311655,-1.5210915169799444,-1.2512415915112318,3176,12.216290212183436,4.986652977412731,0.279197592778335,81537,10.149524499996915,0.571112899997388,82761
dkasc_21,BWh,informer,4,-0.25,2016-01-01 00:00:00,6880,1617,0.02141634374856949,0.014820556156337261,0.9937780499458313,0.05060916864035968,-1.3152015169359932,-1.4904995330512072,-1.157660763728975,3176,12.216290212183436,4.986652977412731,0.2790270812437312,81537,15.114340999993146,0.655772900005104,82761
dkasc_21,BWh,xgboost,0,-0.5,2016-01-01 00:00:00,6880,1617,0.01899283565580845,0.012513924390077591,0.9950701594352722,0.045051434809877285,-1.4548742048529573,-1.604637510717477,-1.3647703423970037,3177,12.216290212183436,4.988021902806297,0.28022066198595785,969,2.4872288999904413,0.09584080000058748,82761
dkasc_21,BWh,xgboost,1,-0.5,2016-01-01 00:00:00,6880,1617,0.018918443471193314,0.0124188968911767,0.9951087236404419,0.04487497486907175,-1.4649390966691775,-1.6222728565514655,-1.3509878191581226,3177,12.216290212183436,4.988021902806297,0.2802407221664995,940,3.1295127000048524,0.09456260000297334,82761
dkasc_21,BWh,xgboost,2,-0.5,2016-01-01 00:00:00,6880,1617,0.01894151046872139,0.012411745265126228,0.995096743106842,0.04492969030778919,-1.472670761054773,-1.6064889722043123,-1.342636631705693,3177,12.216290212183436,4.988021902806297,0.28021063189568707,931,2.3551487999939127,0.09774979999929201,82761
dkasc_21,BWh,xgboost,3,-0.5,2016-01-01 00:00:00,6880,1617,0.01901477947831154,0.012548898346722126,0.9950587749481201,0.0451034860520874,-1.4728242277881778,-1.5869367830802783,-1.3487218342368572,3177,12.216290212183436,4.988021902806297,0.2802607823470411,970,3.725668400002178,0.09560729999793693,82761
dkasc_21,BWh,xgboost,4,-0.5,2016-01-01 00:00:00,6880,1617,0.01896936446428299,0.012495223432779312,0.9950823187828064,0.04499576061387612,-1.489150927624977,-1.6006254170069678,-1.3799128623826928,3177,12.216290212183436,4.988021902806297,0.2802407221664995,850,2.2661343999934616,0.08614109999325592,82761
dkasc_21,BWh,random_forest,0,-0.5,2016-01-01 00:00:00,6880,1617,0.019024036824703217,0.012704722583293915,0.9950539469718933,0.045125444686650196,-1.2655181629401657,-1.438523690797079,-1.1254899396589058,3177,12.216290212183436,4.988021902806297,0.280320962888666,3436654,0.7430137999908766,0.25530020000587683,82761
dkasc_21,BWh,random_forest,1,-0.5,2016-01-01 00:00:00,6880,1617,0.01913551241159439,0.012719699181616306,0.9949958324432373,0.045389867294560494,-1.306165177356694,-1.4682933841365098,-1.1272388297322022,3177,12.216290212183436,4.988021902806297,0.2803109327983952,3437924,0.7375881000043591,0.2573061000002781,82761
dkasc_21,BWh,random_forest,2,-0.5,2016-01-01 00:00:00,6880,1617,0.019130779430270195,0.012742004357278347,0.9949982762336731,0.04537864055604458,-1.2912646342816543,-1.4363510123878882,-1.141453985649731,3177,12.216290212183436,4.988021902806297,0.280320962888666,3437574,0.6935771999997087,0.2555712000030326,82761
dkasc_21,BWh,random_forest,3,-0.5,2016-01-01 00:00:00,6880,1617,0.019146302714943886,0.012790897861123085,0.9949901700019836,0.045415462137623326,-1.281360519963244,-1.471075693358459,-1.1246313444818483,3177,12.216290212183436,4.988021902806297,0.280320962888666,3436348,0.7241986000008183,0.25387629999022465,82761
dkasc_21,BWh,random_forest,4,-0.5,2016-01-01 00:00:00,6880,1617,0.019096966832876205,0.012745962478220463,0.9950159788131714,0.04529843631193625,-1.3007257793594629,-1.4571944935171943,-1.1454979499400224,3177,12.216290212183436,4.988021902806297,0.2803309929789368,3438136,0.6805063000065275,0.2530222999921534,82761
dkasc_21,BWh,lstm,0,-0.5,2016-01-01 00:00:00,6880,1617,0.021543364971876144,0.01489641610532999,0.9936572313308716,0.05110134790847055,-1.609442662770999,-1.752964844269528,-1.441870976783699,3177,12.216290212183436,4.988021902806297,0.2800401203610832,13729,126.4950811,0.18447819999994408,82761
dkasc_21,BWh,lstm,1,-0.5,2016-01-01 00:00:00,6880,1617,0.02143079787492752,0.014790378510951996,0.9937233328819275,0.05083433621407055,-1.5457766834007625,-1.6995741604298895,-1.3888592397115984,3177,12.216290212183436,4.988021902806297,0.28006018054162485,13729,98.90850060000002,0.15918269999997392,82761
dkasc_21,BWh,lstm,2,-0.5,2016-01-01 00:00:00,6880,1617,0.02168961986899376,0.014994786120951176,0.9935708045959473,0.05144826782514473,-1.5490440273212194,-1.7154925920251862,-1.3935661000824078,3177,12.216290212183436,4.988021902806297,0.2801203610832497,13729,121.11131360000002,0.14738810000005742,82761
dkasc_21,BWh,lstm,3,-0.5,2016-01-01 00:00:00,6880,1617,0.02138681337237358,0.014781619422137737,0.9937490820884705,0.05073000398136112,-1.5565534242166217,-1.6998774497910387,-1.4283834698774422,3177,12.216290212183436,4.988021902806297,0.28019057171514544,13729,97.99487140000008,0.16990099999998165,82761
dkasc_21,BWh,lstm,4,-0.5,2016-01-01 00:00:00,6880,1617,0.02148108184337616,0.014790784567594528,0.9936938285827637,0.05095361092204987,-1.5603696390851436,-1.7436519872969405,-1.4395848953265622,3177,12.216290212183436,4.988021902806297,0.2802507522567703,13729,99.47464839999998,0.12936850000005506,82761
dkasc_21,BWh,gru,0,-0.5,2016-01-01 00:00:00,6880,1617,0.0214111115783453,0.014709517359733582,0.9937348365783691,0.05078763987429305,-1.5956509869840152,-1.7520523942860868,-1.4359618666726637,3177,12.216290212183436,4.988021902806297,0.280160481444333,151809,74.26823379999996,0.2232154000000719,82761
dkasc_21,BWh,gru,1,-0.5,2016-01-01 00:00:00,6880,1617,0.021787475794553757,0.0149555504322052,0.9935126304626465,0.0516803842890061,-1.5868350910611728,-1.704853349289876,-1.4127515692659187,3177,12.216290212183436,4.988021902806297,0.28027081243731194,151809,87.1903562,0.25284690000012233,82761
dkasc_21,BWh,gru,2,-0.5,2016-01-01 00:00:00,6880,1617,0.021388454362750053,0.014688191935420036,0.993748128414154,0.05073389644756833,-1.5349967851464834,-1.7150042855803636,-1.4256892470262026,3177,12.216290212183436,4.988021902806297,0.28,151809,83.5677591000001,0.25777289999996356,82761
dkasc_21,BWh,gru,3,-0.5,2016-01-01 00:00:00,6880,1617,0.021148210391402245,0.014641588553786278,0.9938877820968628,0.05016403232565498,-1.5604155787266205,-1.7022796307223644,-1.4142528042824303,3177,12.216290212183436,4.988021902806297,0.2802306920762287,151809,105.20378460000006,0.25939659999994547,82761
dkasc_21,BWh,gru,4,-0.5,2016-01-01 00:00:00,6880,1617,0.020817581564188004,0.014184121042490005,0.9940773844718933,0.049379773285802064,-1.6257773801339757,-1.7572346599366249,-1.460231935303137,3177,12.216290212183436,4.988021902806297,0.28006018054162485,151809,104.01685980000002,0.2590821000001142,82761
dkasc_21,BWh,tcn,0,-0.5,2016-01-01 00:00:00,6880,1617,0.019581081345677376,0.013575897552073002,0.9947600364685059,0.04644676686189852,-1.5257121177993216,-1.6693171465514531,-1.4190119823967664,3177,12.216290212183436,4.988021902806297,0.2801705115346038,198273,11.502687500000093,0.4649127000000135,82761
dkasc_21,BWh,tcn,1,-0.5,2016-01-01 00:00:00,6880,1617,0.020055798813700676,0.0140581876039505,0.9945029020309448,0.047572807409573196,-1.5458631989739589,-1.7118403903816304,-1.4076352492327193,3177,12.216290212183436,4.988021902806297,0.280320962888666,198273,13.011558500000092,0.3758671000000504,82761
dkasc_21,BWh,tcn,2,-0.5,2016-01-01 00:00:00,6880,1617,0.02078033797442913,0.014011160470545292,0.9940985441207886,0.04929143065037287,-1.5595767754259027,-1.668678889987774,-1.4251884090910107,3177,12.216290212183436,4.988021902806297,0.280320962888666,198273,10.292704699999831,0.41005599999994047,82761
dkasc_21,BWh,tcn,3,-0.5,2016-01-01 00:00:00,6880,1617,0.019997624680399895,0.014164751395583153,0.9945347309112549,0.0474348170524977,-1.598864986416206,-1.7279078395051273,-1.4599314005775297,3177,12.216290212183436,4.988021902806297,0.28021063189568707,198273,13.100885600000083,0.3900949999999739,82761
dkasc_21,BWh,tcn,4,-0.5,2016-01-01 00:00:00,6880,1617,0.020647550001740456,0.014348178170621395,0.9941737651824951,0.04897645458236851,-1.5190844257927858,-1.6681301660961323,-1.390046986464702,3177,12.216290212183436,4.988021902806297,0.28030090270812436,198273,9.501710799999955,0.37948230000006333,82761
dkasc_21,BWh,patchtst,0,-0.5,2016-01-01 00:00:00,6880,1617,0.02756628394126892,0.01867070235311985,0.9896149039268494,0.06538784763036908,-1.5218402006891174,-1.660733507194978,-1.4050067973892828,3177,12.216290212183436,4.988021902806297,0.28029087261785357,25857,28.184330199999977,1.0698720000000321,82761
dkasc_21,BWh,patchtst,1,-0.5,2016-01-01 00:00:00,6880,1617,0.027435358613729477,0.018658123910427094,0.9897133708000183,0.06507728979869526,-1.600909192000094,-1.7416362387001771,-1.451899367665671,3177,12.216290212183436,4.988021902806297,0.28028084252758273,25857,37.71854639999992,1.07200940000007,82761
dkasc_21,BWh,patchtst,2,-0.5,2016-01-01 00:00:00,6880,1617,0.029788153246045113,0.02152946963906288,0.987873375415802,0.07065817176491081,-1.6040760834640027,-1.7850263168422975,-1.4467397415413807,3177,12.216290212183436,4.988021902806297,0.28011033099297894,25857,15.02892410000004,1.1206028999999944,82761
dkasc_21,BWh,patchtst,3,-0.5,2016-01-01 00:00:00,6880,1617,0.028348876163363457,0.019575586542487144,0.9890168905258179,0.06724417404288277,-1.6015271463315361,-1.7353830466560627,-1.4493655679906772,3177,12.216290212183436,4.988021902806297,0.280320962888666,25857,23.995542200000045,1.073609499999975,82761
dkasc_21,BWh,patchtst,4,-0.5,2016-01-01 00:00:00,6880,1617,0.02868434228003025,0.019755801185965538,0.9887554049491882,0.0680399072424861,-1.5217438238642724,-1.674088664697651,-1.3853314316252114,3177,12.216290212183436,4.988021902806297,0.2802407221664995,25857,26.32072560000006,1.0746349000000919,82761
dkasc_21,BWh,informer,0,-0.5,2016-01-01 00:00:00,6880,1617,0.020689165219664574,0.014671861194074154,0.9941502213478088,0.049075166818465486,-1.5628935547640324,-1.7052119230157037,-1.4113298936552998,3176,12.216290212183436,4.986652977412731,0.28002006018054165,81537,45.83524780000016,0.4937286000001677,82761
dkasc_21,BWh,informer,1,-0.5,2016-01-01 00:00:00,6880,1617,0.020979631692171097,0.014775009825825691,0.9939848184585571,0.04976415984655925,-1.527089396614307,-1.6755930169132571,-1.3866570407177818,3176,12.216290212183436,4.986652977412731,0.2796589769307924,81537,38.31956379999997,0.5108004999999594,82761
dkasc_21,BWh,informer,2,-0.5,2016-01-01 00:00:00,6880,1617,0.023889364674687386,0.01680038683116436,0.9922006130218506,0.05666611214855227,-1.5240648512033772,-1.6575237124031652,-1.4221630841744626,3177,12.216290212183436,4.988021902806297,0.2799197592778335,81537,17.396304299999883,0.5085730999999214,82761
dkasc_21,BWh,informer,3,-0.5,2016-01-01 00:00:00,6880,1617,0.022100666537880898,0.01607026904821396,0.9933248162269592,0.05242327980033248,-1.5850291489299284,-1.7401371382801263,-1.4336863465710503,3176,12.216290212183436,4.986652977412731,0.2797693079237713,81537,24.452320699999973,0.5714801000001444,82761
dkasc_21,BWh,informer,4,-0.5,2016-01-01 00:00:00,6880,1617,0.02238234505057335,0.015461845323443413,0.9931535720825195,0.05309142758941874,-1.5240019154816025,-1.6541343756510245,-1.3642587354718652,3177,12.216290212183436,4.988021902806297,0.28014042126379135,81537,29.040033399999857,0.5452598000001672,82761
dkasc_21,BWh,xgboost,0,-1.0,2016-01-01 00:00:00,6880,1617,0.019679022952914238,0.013158353976905346,0.9946285486221313,0.047033884285629525,-1.9215891868650243,-2.037690970612929,-1.7692548585835908,3177,12.216290212183436,4.988021902806297,0.28046138415245736,900,8.01355579999995,0.3351769000000786,82761
dkasc_21,BWh,xgboost,1,-1.0,2016-01-01 00:00:00,6880,1617,0.01959925703704357,0.013070295564830303,0.9946720004081726,0.04684323961460216,-1.9120954100930287,-2.074527662741527,-1.814495541197192,3177,12.216290212183436,4.988021902806297,0.2804714142427282,830,7.9016271000000415,0.32531790000007277,82761
dkasc_21,BWh,xgboost,2,-1.0,2016-01-01 00:00:00,6880,1617,0.019586756825447083,0.013047692365944386,0.994678795337677,0.0468133634613408,-1.9076557797879867,-2.043706712070803,-1.7817500460108673,3177,12.216290212183436,4.988021902806297,0.28043129388164495,940,8.046406400000023,0.351519000000053,82761
dkasc_21,BWh,xgboost,3,-1.0,2016-01-01 00:00:00,6880,1617,0.01963553950190544,0.013108745217323303,0.9946522116661072,0.046929956585154704,-1.9298809790607774,-2.0451446605308843,-1.8211748569882484,3177,12.216290212183436,4.988021902806297,0.280481444332999,758,7.830389799999921,0.2851958999999624,82761
dkasc_21,BWh,xgboost,4,-1.0,2016-01-01 00:00:00,6880,1617,0.01960901916027069,0.013122002594172955,0.9946666955947876,0.04686657159482013,-1.9222223542055965,-2.0690333601602253,-1.8017757671082357,3177,12.216290212183436,4.988021902806297,0.28046138415245736,858,8.444984100000056,0.3291241000001719,82761
dkasc_21,BWh,random_forest,0,-1.0,2016-01-01 00:00:00,6880,1617,0.01963387429714203,0.013273111544549465,0.9946531653404236,0.04692597665950791,-1.6928761548879956,-1.8387047392202371,-1.52840641190517,3177,12.216290212183436,4.988021902806297,0.28052156469408224,3434656,2.9415460000000166,1.0030601000003116,82761
dkasc_21,BWh,random_forest,1,-1.0,2016-01-01 00:00:00,6880,1617,0.019675685092806816,0.013263369910418987,0.9946303367614746,0.04702590662706234,-1.7410027029053199,-1.8679460321673003,-1.5698645351491525,3177,12.216290212183436,4.988021902806297,0.28052156469408224,3434088,2.5405844000001707,0.8974836000002142,82761
dkasc_21,BWh,random_forest,2,-1.0,2016-01-01 00:00:00,6880,1617,0.01962157152593136,0.013211607933044434,0.9946598410606384,0.04689657239899661,-1.7066555400229904,-1.8763900709805026,-1.570448009964632,3177,12.216290212183436,4.988021902806297,0.28052156469408224,3437068,2.5682019999999284,0.8875443000001724,82761
dkasc_21,BWh,random_forest,3,-1.0,2016-01-01 00:00:00,6880,1617,0.01974702998995781,0.013344199396669865,0.9945913553237915,0.04719642462711747,-1.6961520793608678,-1.8640684561632284,-1.573355919904626,3177,12.216290212183436,4.988021902806297,0.2805315947843531,3434082,2.5926312999999936,0.8778407999998308,82761
dkasc_21,BWh,random_forest,4,-1.0,2016-01-01 00:00:00,6880,1617,0.01964857243001461,0.013226762413978577,0.9946451187133789,0.04696110595847757,-1.7252962229815045,-1.8740546156073639,-1.5621165077975285,3177,12.216290212183436,4.988021902806297,0.28052156469408224,3433490,2.5948646000001645,0.8158653999998933,82761
dkasc_21,BWh,lstm,0,-1.0,2016-01-01 00:00:00,6880,1617,0.022023022174835205,0.015408833511173725,0.9932727217674255,0.05263616385170473,-2.0417105563169304,-2.216119328576416,-1.8810247690677215,3177,12.216290212183436,4.988021902806297,0.28029087261785357,13729,120.24034829999982,0.17332940000005692,82761
dkasc_21,BWh,lstm,1,-1.0,2016-01-01 00:00:00,6880,1617,0.02206607535481453,0.015460061840713024,0.9932463765144348,0.052739063182129876,-2.0112010064075196,-2.1416056278139974,-1.8644825368272941,3177,12.216290212183436,4.988021902806297,0.28030090270812436,13729,118.21770590000006,0.1666165000001456,82761
dkasc_21,BWh,lstm,2,-1.0,2016-01-01 00:00:00,6880,1617,0.022234370931982994,0.015572821721434593,0.9931429624557495,0.05314129832974184,-2.010692262190811,-2.141632827826012,-1.8617999752564787,3177,12.216290212183436,4.988021902806297,0.28035105315947845,13729,131.85286910000013,0.17026410000016767,82761
dkasc_21,BWh,lstm,3,-1.0,2016-01-01 00:00:00,6880,1617,0.021979087963700294,0.015367853455245495,0.9932995438575745,0.05253115881117787,-2.0080838414642077,-2.129027828122764,-1.8749423327496628,3177,12.216290212183436,4.988021902806297,0.2804112337011033,13729,120.12829160000001,0.16617319999977553,82761
dkasc_21,BWh,lstm,4,-1.0,2016-01-01 00:00:00,6880,1617,0.022450631484389305,0.015708468854427338,0.9930089116096497,0.05365817225289149,-2.025075096428508,-2.1703066271366533,-1.8410891327400813,3177,12.216290212183436,4.988021902806297,0.28051153460381145,13729,110.62033440000005,0.16538600000012593,82761
dkasc_21,BWh,gru,0,-1.0,2016-01-01 00:00:00,6880,1617,0.02196948416531086,0.015301632694900036,0.9933053851127625,0.05250820523552363,-2.034151358393967,-2.1921838296698692,-1.8594808182101175,3177,12.216290212183436,4.988021902806297,0.2803711133400201,151809,83.12362239999993,0.26173619999963194,82761
dkasc_21,BWh,gru,1,-1.0,2016-01-01 00:00:00,6880,1617,0.02264098823070526,0.015972577035427094,0.9928898811340332,0.054113134737595936,-2.0284962243286087,-2.137724274130426,-1.8921161607473236,3177,12.216290212183436,4.988021902806297,0.2805015045135406,151809,94.01992249999967,0.25086910000027274,82761
dkasc_21,BWh,gru,2,-1.0,2016-01-01 00:00:00,6880,1617,0.02189597859978676,0.015269367024302483,0.993350088596344,0.052332523126128135,-1.9906516749120415,-2.142591320861842,-1.858602320162106,3177,12.216290212183436,4.988021902806297,0.28021063189568707,151809,94.17498290000003,0.21665970000003654,82761
dkasc_21,BWh,gru,3,-1.0,2016-01-01 00:00:00,6880,1617,0.0213428046554327,0.014973290264606476,0.9936818480491638,0.05101040874317189,-2.0565112445951357,-2.1779461178339248,-1.909306139076814,3177,12.216290212183436,4.988021902806297,0.28044132397191573,151809,122.84194119999984,0.2545291000001271,82761
dkasc_21,BWh,gru,4,-1.0,2016-01-01 00:00:00,6880,1617,0.02206503041088581,0.015540420077741146,0.9932470321655273,0.052736565712009235,-1.998884291622166,-2.150740403067375,-1.862128792823825,3177,12.216290212183436,4.988021902806297,0.28046138415245736,151809,94.11527590000014,0.2529741000003014,82761
dkasc_21,BWh,tcn,0,-1.0,2016-01-01 00:00:00,6880,1617,0.020439187064766884,0.014492524787783623,0.9942055344581604,0.04885071589157422,-2.01827384579531,-2.174442742165689,-1.8625943523451316,3177,12.216290212183436,4.988021902806297,0.2802507522567703,198273,12.597780099999909,0.37545570000020234,82761
dkasc_21,BWh,tcn,1,-1.0,2016-01-01 00:00:00,6880,1617,0.020528579130768776,0.014292042702436447,0.9941547513008118,0.04906436756007658,-2.0207764655733538,-2.1717864049405513,-1.8660333539419143,3177,12.216290212183436,4.988021902806297,0.28052156469408224,198273,13.67571659999976,0.37315609999996013,82761
dkasc_21,BWh,tcn,2,-1.0,2016-01-01 00:00:00,6880,1617,0.02040490135550499,0.014574231579899788,0.9942249655723572,0.04876877127034312,-1.9868916795742326,-2.1183163686380193,-1.865260336306615,3177,12.216290212183436,4.988021902806297,0.2798796389167503,198273,15.087614499999745,0.3721685999998954,82761
dkasc_21,BWh,tcn,3,-1.0,2016-01-01 00:00:00,6880,1617,0.020548459142446518,0.014413363300263882,0.9941434264183044,0.049111881817826324,-2.060491406411452,-2.212143795311261,-1.9193172133975047,3177,12.216290212183436,4.988021902806297,0.2801805416248746,198273,9.787019800000053,0.37293559999989156,82761
dkasc_21,BWh,tcn,4,-1.0,2016-01-01 00:00:00,6880,1617,0.019483311101794243,0.013569287024438381,0.9947348237037659,0.046566122823034094,-2.022640614941003,-2.1167746585085,-1.8767090669942732,3177,12.216290212183436,4.988021902806297,0.2803711133400201,198273,16.170654300000024,0.37172469999995883,82761
dkasc_21,BWh,patchtst,0,-1.0,2016-01-01 00:00:00,6880,1617,0.02796117216348648,0.0193051528185606,0.9891558289527893,0.06682864993727922,-1.9739473539339025,-2.1166115569864363,-1.857845538770253,3177,12.216290212183436,4.988021902806297,0.2804914744232698,25857,28.74280540000018,1.0693639999999505,82761
dkasc_21,BWh,patchtst,1,-1.0,2016-01-01 00:00:00,6880,1617,0.02776915952563286,0.019299108535051346,0.98930424451828,0.06636972978601996,-2.0774113408054973,-2.21393691800233,-1.9190891133915478,3177,12.216290212183436,4.988021902806297,0.2804914744232698,25857,38.1010339000004,1.0592713000000913,82761
dkasc_21,BWh,patchtst,2,-1.0,2016-01-01 00:00:00,6880,1617,0.02991671673953533,0.02163936197757721,0.9875859618186951,0.07150250277668817,-2.0853317583258035,-2.209231215734551,-1.9178361400947965,3177,12.216290212183436,4.988021902806297,0.28035105315947845,25857,15.212427599999955,0.9268853999997191,82761
dkasc_21,BWh,patchtst,3,-1.0,2016-01-01 00:00:00,6880,1617,0.02727331779897213,0.018808752298355103,0.9896827936172485,0.06518464237331924,-2.054941634465062,-2.1798141692418924,-1.923980325079877,3177,12.216290212183436,4.988021902806297,0.2804513540621866,25857,32.60441479999963,1.082882900000186,82761
dkasc_21,BWh,patchtst,4,-1.0,2016-01-01 00:00:00,6880,1617,0.02909400686621666,0.020430371165275574,0.9882593154907227,0.06953618356079513,-1.9613048591086368,-2.1312294087507424,-1.8340077541512345,3177,12.216290212183436,4.988021902806297,0.2804212637913741,25857,26.490515999999843,1.0778729000003295,82761
dkasc_21,BWh,informer,0,-1.0,2016-01-01 00:00:00,6880,1617,0.021069791167974472,0.015028305351734161,0.9938424825668335,0.050357892365288155,-1.9968534865374088,-2.1443721371219637,-1.848535243749494,3176,12.216290212183436,4.986652977412731,0.2803309929789368,81537,45.50196099999994,0.5040979999998854,82761
dkasc_21,BWh,informer,1,-1.0,2016-01-01 00:00:00,6880,1617,0.021519532427191734,0.015504205599427223,0.9935767650604248,0.05143279727266647,-1.9944854506268372,-2.163150656013598,-1.8627103267028322,3176,12.216290212183436,4.986652977412731,0.27920762286860584,81537,43.83585480000011,0.5044818000001214,82761
dkasc_21,BWh,informer,2,-1.0,2016-01-01 00:00:00,6880,1617,0.02162196859717369,0.015357178635895252,0.9935154914855957,0.051677625025402074,-1.9754210626228277,-2.095334548676542,-1.870973575638879,3176,12.216290212183436,4.986652977412731,0.2795887662988967,81537,38.52644399999963,0.5438475999999355,82761
dkasc_21,BWh,informer,3,-1.0,2016-01-01 00:00:00,6880,1617,0.022923480719327927,0.01678251102566719,0.9927113652229309,0.05478830641930132,-2.0347962314319585,-2.1935470274964084,-1.8781673213632555,3176,12.216290212183436,4.986652977412731,0.2799799398194584,81537,24.927956500000164,0.5464041000000179,82761
dkasc_21,BWh,informer,4,-1.0,2016-01-01 00:00:00,6880,1617,0.028800370171666145,0.0212619099766016,0.9884951114654541,0.0688343766496213,-1.9150175617111853,-2.085922652742032,-1.7341261531122587,3177,12.216290212183436,4.988021902806297,0.2802006018054162,81537,14.924476099999993,0.4636742000002414,82761
dkasc_21,BWh,xgboost,0,-2.0,2016-01-01 00:00:00,6880,1617,0.02130388654768467,0.014675052836537361,0.9935154914855957,0.051703368553025694,-2.833033364510901,-2.9742787511038538,-2.7297383246721374,3177,12.216290212183436,4.988021902806297,0.28132397191574726,827,8.193621800000074,0.3071877000002132,82761
dkasc_21,BWh,xgboost,1,-2.0,2016-01-01 00:00:00,6880,1617,0.02134002558887005,0.014640850946307182,0.9934934973716736,0.05179107603125406,-2.840823943836057,-3.0059316048824973,-2.72650282508492,3177,12.216290212183436,4.988021902806297,0.2813139418254764,813,7.627368299999944,0.3015417999999954,82761
dkasc_21,BWh,xgboost,2,-2.0,2016-01-01 00:00:00,6880,1617,0.02131892368197441,0.01462177000939846,0.9935063719749451,0.05173986285627987,-2.858800431040376,-3.00543527360256,-2.728032231463662,3177,12.216290212183436,4.988021902806297,0.28132397191574726,710,6.902682599999935,0.27600529999972423,82761
dkasc_21,BWh,xgboost,3,-2.0,2016-01-01 00:00:00,6880,1617,0.021345600485801697,0.014651093631982803,0.9934900999069214,0.051804606001480714,-2.832950527825606,-2.9878105628925455,-2.7155743184495313,3177,12.216290212183436,4.988021902806297,0.28132397191574726,814,7.673410899999908,0.3162494999996852,82761
dkasc_21,BWh,xgboost,4,-2.0,2016-01-01 00:00:00,6880,1617,0.02127932943403721,0.014628053642809391,0.9935304522514343,0.05164376978006606,-2.8644193752619063,-2.983102882730704,-2.7292732197235328,3177,12.216290212183436,4.988021902806297,0.28133400200601805,760,6.835764899999958,0.29511820000016087,82761
dkasc_21,BWh,random_forest,0,-2.0,2016-01-01 00:00:00,6880,1617,0.02128155156970024,0.014651370234787464,0.9935290813446045,0.051649162781897136,-2.6731801264479884,-2.857541149850362,-2.4969585691946294,3177,12.216290212183436,4.988021902806297,0.2813440320962889,3424544,2.643598199999815,0.8243322999996963,82761
dkasc_21,BWh,random_forest,1,-2.0,2016-01-01 00:00:00,6880,1617,0.02133646234869957,0.014700816012918949,0.9934956431388855,0.051782428242064756,-2.651280431235498,-2.8429764334589462,-2.4804586091984784,3177,12.216290212183436,4.988021902806297,0.2813440320962889,3423548,2.5679388999997173,0.8627839999999196,82761
dkasc_21,BWh,random_forest,2,-2.0,2016-01-01 00:00:00,6880,1617,0.02132163569331169,0.014675048179924488,0.9935047030448914,0.0517464447596043,-2.646801053477624,-2.8291930874887408,-2.501298498159458,3177,12.216290212183436,4.988021902806297,0.2813540621865597,3424672,2.643320499999845,0.86310659999981,82761
dkasc_21,BWh,random_forest,3,-2.0,2016-01-01 00:00:00,6880,1617,0.021370314061641693,0.014767020009458065,0.9934750199317932,0.05186458449963214,-2.6665339615900026,-2.8228316546075027,-2.508864603492345,3177,12.216290212183436,4.988021902806297,0.2813540621865597,3425632,2.47216010000011,0.8357243000000381,82761
dkasc_21,BWh,random_forest,4,-2.0,2016-01-01 00:00:00,6880,1617,0.02130666933953762,0.01469478476792574,0.993513822555542,0.051710122236794026,-2.666636490900128,-2.8271945554957045,-2.4679763805193655,3177,12.216290212183436,4.988021902806297,0.2813540621865597,3426372,2.4729773999997633,0.8356159999998454,82761
dkasc_21,BWh,lstm,0,-2.0,2016-01-01 00:00:00,6880,1617,0.02416839450597763,0.01749832183122635,0.9916544556617737,0.05865537284384803,-2.9709787188269923,-3.130086554943945,-2.8166576181083816,3177,12.216290212183436,4.988021902806297,0.28125376128385154,13729,97.25051710000025,0.16646309999987352,82761
dkasc_21,BWh,lstm,1,-2.0,2016-01-01 00:00:00,6880,1617,0.024439135566353798,0.017711574211716652,0.9914664626121521,0.05931244660340517,-2.8996385974563306,-3.057207867561895,-2.7530379575775017,3177,12.216290212183436,4.988021902806297,0.28117352056168504,13729,88.63414210000019,0.18718570000010004,82761
dkasc_21,BWh,lstm,2,-2.0,2016-01-01 00:00:00,6880,1617,0.023692842572927475,0.017075279727578163,0.9919796586036682,0.05750123428769485,-2.9474225484139973,-3.065689108709846,-2.7850144720811416,3177,12.216290212183436,4.988021902806297,0.28122367101303913,13729,130.42971369999987,0.17804060000025856,82761
dkasc_21,BWh,lstm,3,-2.0,2016-01-01 00:00:00,6880,1617,0.023531896993517876,0.016956618055701256,0.992088258266449,0.057110628160940986,-2.900407873970523,-3.044440434566459,-2.764074044131537,3177,12.216290212183436,4.988021902806297,0.28125376128385154,13729,117.73519810000016,0.16792700000041805,82761
dkasc_21,BWh,lstm,4,-2.0,2016-01-01 00:00:00,6880,1617,0.02347671613097191,0.01695091836154461,0.9921253323554993,0.056976707222763726,-2.911395262386983,-3.0674815650411857,-2.7620043048760037,3177,12.216290212183436,4.988021902806297,0.28133400200601805,13729,130.56885450000027,0.16642600000068342,82761
dkasc_21,BWh,gru,0,-2.0,2016-01-01 00:00:00,6880,1617,0.02352294512093067,0.01697518117725849,0.9920942783355713,0.05708890245532479,-2.886595516062868,-3.0679600703946486,-2.753195104757389,3177,12.216290212183436,4.988021902806297,0.28127382146439317,151809,82.73257439999998,0.25455409999995027,82761
dkasc_21,BWh,gru,1,-2.0,2016-01-01 00:00:00,6880,1617,0.02300623431801796,0.01672302931547165,0.9924377799034119,0.055834873571039854,-2.9245207621256695,-3.0501030689955133,-2.780340420511529,3177,12.216290212183436,4.988021902806297,0.2813139418254764,151809,121.11078760000055,0.25962600000002567,82761
dkasc_21,BWh,gru,2,-2.0,2016-01-01 00:00:00,6880,1617,0.023373199626803398,0.016856689006090164,0.9921945929527283,0.05672547832355017,-2.913371141576715,-3.043837326540355,-2.759498200457322,3177,12.216290212183436,4.988021902806297,0.28114343029087263,151809,95.44962899999973,0.22698330000002898,82761
dkasc_21,BWh,gru,3,-2.0,2016-01-01 00:00:00,6880,1617,0.02340961992740631,0.016851961612701416,0.9921702742576599,0.05681386840301616,-2.90736730875867,-3.075007534054197,-2.802822227106507,3177,12.216290212183436,4.988021902806297,0.2811534603811434,151809,112.63166600000022,0.2527657000000545,82761
dkasc_21,BWh,gru,4,-2.0,2016-01-01 00:00:00,6880,1617,0.02282603457570076,0.016380485147237778,0.9925557971000671,0.055397538643005374,-2.945957287905443,-3.1102540479114538,-2.796888521762708,3177,12.216290212183436,4.988021902806297,0.28125376128385154,151809,124.29702650000036,0.25691960000040126,82761
dkasc_21,BWh,tcn,0,-2.0,2016-01-01 00:00:00,6880,1617,0.021850228309631348,0.015766097232699394,0.99317866563797,0.05302931015577557,-2.934038293540897,-3.071600432283176,-2.7835380874940974,3176,12.216290212183436,4.986652977412731,0.2804513540621866,198273,15.046479999999974,0.38527410000006057,82761
dkasc_21,BWh,tcn,1,-2.0,2016-01-01 00:00:00,6880,1617,0.022734472528100014,0.016445014625787735,0.9926154017448425,0.055175322556660064,-2.9517145966419713,-3.061819363036311,-2.800421416618387,3177,12.216290212183436,4.988021902806297,0.2812337011033099,198273,10.911247500000172,0.38206780000018625,82761
dkasc_21,BWh,tcn,2,-2.0,2016-01-01 00:00:00,6880,1617,0.021697238087654114,0.01572260819375515,0.9932738542556763,0.05265801124680922,-2.9286025583030146,-3.046831492710955,-2.803589791969129,3177,12.216290212183436,4.988021902806297,0.28122367101303913,198273,18.759698200000457,0.3843675999996776,82761
dkasc_21,BWh,tcn,3,-2.0,2016-01-01 00:00:00,6880,1617,0.021993905305862427,0.015804897993803024,0.9930886626243591,0.05337800637475419,-2.9519822754060954,-3.114544477049086,-2.815879744721317,3177,12.216290212183436,4.988021902806297,0.2810431293881645,198273,11.455356000000393,0.3822687000001679,82761
dkasc_21,BWh,tcn,4,-2.0,2016-01-01 00:00:00,6880,1617,0.022947611287236214,0.016967160627245903,0.9924762845039368,0.055692598678643124,-2.8644270266510508,-2.973841404390481,-2.7325884700692082,3176,12.216290212183436,4.986652977412731,0.280802407221665,198273,10.988642499999514,0.37918009999975766,82761
dkasc_21,BWh,patchtst,0,-2.0,2016-01-01 00:00:00,6880,1617,0.029164671897888184,0.020846903324127197,0.9878473281860352,0.07078106506479052,-2.938767278940857,-3.054096506525844,-2.8095946324190213,3177,12.216290212183436,4.988021902806297,0.2813440320962889,25857,28.545723900000667,1.042475899999772,82761
dkasc_21,BWh,patchtst,1,-2.0,2016-01-01 00:00:00,6880,1617,0.028934592381119728,0.02072376012802124,0.9880383014678955,0.07022267464971979,-2.993796880438632,-3.1090618543294495,-2.8558131566073124,3177,12.216290212183436,4.988021902806297,0.28132397191574726,25857,38.07563239999945,1.0841230999994877,82761
dkasc_21,BWh,patchtst,2,-2.0,2016-01-01 00:00:00,6880,1617,0.03103569895029068,0.02291511930525303,0.9862380027770996,0.07532194548332435,-2.972729517870186,-3.114006836482708,-2.8314886213209767,3177,12.216290212183436,4.988021902806297,0.2812036108324975,25857,15.283042499999283,1.0814882000004218,82761
dkasc_21,BWh,patchtst,3,-2.0,2016-01-01 00:00:00,6880,1617,0.02960752509534359,0.02155231311917305,0.9874754548072815,0.0718558455763968,-2.9694533116493007,-3.1131993215708462,-2.8420267150614964,3177,12.216290212183436,4.988021902806297,0.2813440320962889,25857,24.295310299999983,1.0777751999994507,82761
dkasc_21,BWh,patchtst,4,-2.0,2016-01-01 00:00:00,6880,1617,0.030246855691075325,0.021846072748303413,0.9869287014007568,0.0734074659975981,-2.9279133191838005,-3.073403758445825,-2.7979031705148225,3177,12.216290212183436,4.988021902806297,0.281283851554664,25857,26.463989900000342,1.083161999999902,82761
dkasc_21,BWh,informer,0,-2.0,2016-01-01 00:00:00,6880,1617,0.022207990288734436,0.016150441020727158,0.9929534792900085,0.05389757893004001,-2.906520660142231,-3.057277674782175,-2.787881268415826,3176,12.216290212183436,4.986652977412731,0.2808625877632899,81537,46.63366659999974,0.5068059999994148,82761
dkasc_21,BWh,informer,1,-2.0,2016-01-01 00:00:00,6880,1617,0.023217380046844482,0.01687278226017952,0.9922983646392822,0.05634731271736555,-2.940182242842472,-3.1021210233744236,-2.7898913638302436,3177,12.216290212183436,4.988021902806297,0.28125376128385154,81537,32.03975349999928,0.5060899000000063,82761
dkasc_21,BWh,informer,2,-2.0,2016-01-01 00:00:00,6880,1617,0.02251374162733555,0.016173869371414185,0.9927580952644348,0.054639620721799,-2.9024578969298256,-3.0272849223972886,-2.776578133116331,3177,12.216290212183436,4.988021902806297,0.2812938816449348,81537,46.05222450000019,0.7334756999998717,82761
dkasc_21,BWh,informer,3,-2.0,2016-01-01 00:00:00,6880,1617,0.02332707680761814,0.017184726893901825,0.9922254085540771,0.05661354076165496,-2.933529900058426,-3.0684060313633474,-2.802077521172752,3176,12.216290212183436,4.986652977412731,0.2808124373119358,81537,33.76934639999945,0.5654946000004202,82761
dkasc_21,BWh,informer,4,-2.0,2016-01-01 00:00:00,6880,1617,0.022411923855543137,0.016143903136253357,0.9928234219551086,0.05439251455323921,-2.932313105244855,-3.0928486162252855,-2.803198959241726,3176,12.216290212183436,4.986652977412731,0.2805516549648947,81537,56.806565599999885,0.8815326000003552,82761
pvdaq_2107,Csa,xgboost,0,0.0,2020-02-01 00:00:00,6270,1556,0.0523701012134552,0.03847181424498558,0.9506117701530457,0.14591624033524925,0.8089592871196702,0.28478004912190213,1.462112090579142,2249,6.7734428473648185,3.260438056125941,0.2754623200058475,1027,9.37993170000027,0.17278979999991861,30662
pvdaq_2107,Csa,xgboost,1,0.0,2020-02-01 00:00:00,6270,1556,0.05262388661503792,0.03877546265721321,0.9501319527626038,0.14662335013249758,0.8570043240366915,0.24326647151052885,1.504256084463616,2249,6.7734428473648185,3.260438056125941,0.27552079526350415,833,8.256802300000345,0.1381139000004623,30662
pvdaq_2107,Csa,xgboost,2,0.0,2020-02-01 00:00:00,6270,1556,0.052413634955883026,0.03859572112560272,0.9505296349525452,0.1460375362631853,0.7315752453060731,0.1931857369549565,1.5222571987277944,2249,6.7734428473648185,3.260438056125941,0.27553541407791826,797,7.433502500000031,0.1351770999999644,30662
pvdaq_2107,Csa,xgboost,3,0.0,2020-02-01 00:00:00,6270,1556,0.052690036594867706,0.03890302777290344,0.9500065445899963,0.1468076605716864,0.7692565242421068,0.21373243298781208,1.523199891817794,2249,6.7734428473648185,3.260438056125941,0.2755646517067466,679,7.02532919999976,0.11397339999984979,30662
pvdaq_2107,Csa,xgboost,4,0.0,2020-02-01 00:00:00,6270,1556,0.0525469034910202,0.03871056064963341,0.9502777457237244,0.14640885583583502,0.9209534064966274,0.22818476858415357,1.5437504383980283,2249,6.7734428473648185,3.260438056125941,0.2754184635626051,962,9.004113400000278,0.16352610000012646,30662
pvdaq_2107,Csa,random_forest,0,0.0,2020-02-01 00:00:00,6270,1556,0.052704621106386185,0.03863103687763214,0.9499788284301758,0.14684829667966773,0.563204272985901,-0.024573610086053854,1.0967097279369842,2249,6.7734428473648185,3.260438056125941,0.2753892259337768,3041404,2.3195823000005475,0.5249303000000509,30662
pvdaq_2107,Csa,random_forest,1,0.0,2020-02-01 00:00:00,6270,1556,0.05272889509797096,0.038623906672000885,0.9499327540397644,0.14691593010996307,0.6502339517519219,0.024189152043990747,1.1001732386448022,2249,6.7734428473648185,3.260438056125941,0.2754038447481909,3042186,2.3353791999998066,0.48629739999978483,30662
pvdaq_2107,Csa,random_forest,2,0.0,2020-02-01 00:00:00,6270,1556,0.05257967859506607,0.038613494485616684,0.9502156972885132,0.14650017549816444,0.5438808716064836,0.053146007983803624,1.2248747269840865,2249,6.7734428473648185,3.260438056125941,0.2754769388202617,3043518,2.324467399999776,0.5340501999999105,30662
pvdaq_2107,Csa,random_forest,3,0.0,2020-02-01 00:00:00,6270,1556,0.05245842784643173,0.038448724895715714,0.9504450559616089,0.14616234049367505,0.5887546532215273,0.08566170937971715,1.2087462152981843,2249,6.7734428473648185,3.260438056125941,0.27544770119143336,3044784,2.4397969999999987,0.5062760000000708,30662
pvdaq_2107,Csa,random_forest,4,0.0,2020-02-01 00:00:00,6270,1556,0.05269429832696915,0.038665030151605606,0.9499984383583069,0.1468195348264835,0.6115973311804468,0.03268783888903393,1.252569909029803,2249,6.7734428473648185,3.260438056125941,0.27543308237701924,3042200,2.354947599999832,0.5048074999995151,30662
pvdaq_2107,Csa,lstm,0,0.0,2020-02-01 00:00:00,6270,1556,0.05329716205596924,0.04032120853662491,0.948847770690918,0.14849926441897818,0.965686132327892,0.22083003332355236,1.5478068312782423,2249,6.7734428473648185,3.260438056125941,0.2756523645932315,13729,91.68091400000048,0.062388600000303995,30662
pvdaq_2107,Csa,lstm,1,0.0,2020-02-01 00:00:00,6270,1556,0.05378784239292145,0.04090304300189018,0.9479015469551086,0.14986642293720737,0.9299149188707113,0.3402434614071403,1.5968771244913218,2249,6.7734428473648185,3.260438056125941,0.2755938893355749,13729,118.99103600000035,0.06442470000001776,30662
pvdaq_2107,Csa,lstm,2,0.0,2020-02-01 00:00:00,6270,1556,0.054278161376714706,0.041779179126024246,0.9469473958015442,0.15123257463488118,0.8836761888900084,0.25298895079584527,1.4737481747779224,2249,6.7734428473648185,3.260438056125941,0.2757546962941305,13729,87.44092269999965,0.06092179999996006,30662
pvdaq_2107,Csa,lstm,3,0.0,2020-02-01 00:00:00,6270,1556,0.05374247953295708,0.041044220328330994,0.9479894042015076,0.14974003062893443,0.9846595045114597,0.149266138028481,1.5408723760104777,2249,6.7734428473648185,3.260438056125941,0.27571083985088807,13729,88.82967530000042,0.060819500000434346,30662
pvdaq_2107,Csa,lstm,4,0.0,2020-02-01 00:00:00,6270,1556,0.053758300840854645,0.04107876494526863,0.947958767414093,0.1497841127619093,0.8386051160546546,0.16688270477679523,1.37792518453832,2249,6.7734428473648185,3.260438056125941,0.27571083985088807,13729,93.56700440000077,0.061555500000395114,30662
pvdaq_2107,Csa,gru,0,0.0,2020-02-01 00:00:00,6270,1556,0.05354619398713112,0.04128258675336838,0.9483686089515686,0.1491931298551067,0.7749113486594239,0.21870502563499095,1.3686324728101642,2249,6.7734428473648185,3.260438056125941,0.2757400774797164,151809,72.13801119999971,0.08813170000030368,30662
pvdaq_2107,Csa,gru,1,0.0,2020-02-01 00:00:00,6270,1556,0.05329190194606781,0.04116037115454674,0.948857843875885,0.1484846084331622,0.7114886601908788,0.03298211808124711,1.5201660837480877,2249,6.7734428473648185,3.260438056125941,0.27560850814998905,151809,78.44395689999965,0.090326699999423,30662
pvdaq_2107,Csa,gru,2,0.0,2020-02-01 00:00:00,6270,1556,0.053106535226106644,0.04061253368854523,0.9492130279541016,0.1479681302474553,0.687088696001968,0.0394262972320222,1.4351086701602567,2249,6.7734428473648185,3.260438056125941,0.27569622103647395,151809,81.99938339999972,0.08994299999994837,30662
pvdaq_2107,Csa,gru,3,0.0,2020-02-01 00:00:00,6270,1556,0.053648460656404495,0.04053927958011627,0.9481711983680725,0.14947807045186357,0.6652772872648223,0.010455396911124777,1.3455502619911686,2249,6.7734428473648185,3.260438056125941,0.2757546962941305,151809,66.25956750000023,0.09050860000024841,30662
pvdaq_2107,Csa,gru,4,0.0,2020-02-01 00:00:00,6270,1556,0.0537395179271698,0.04063914343714714,0.947995126247406,0.14973177885221792,0.7028107730228661,0.012930584051021895,1.5084488879053042,2249,6.7734428473648185,3.260438056125941,0.2757546962941305,151809,67.02458899999965,0.07833190000019385,30662
pvdaq_2107,Csa,tcn,0,0.0,2020-02-01 00:00:00,6270,1556,0.05245110020041466,0.03875614330172539,0.9504588842391968,0.14614192383354752,0.8144917345822345,-0.001150482016275866,1.4057350113878986,2249,6.7734428473648185,3.260438056125941,0.27572545866530224,198273,6.211461600000803,0.14830259999962436,30662
pvdaq_2107,Csa,tcn,1,0.0,2020-02-01 00:00:00,6270,1556,0.05215800926089287,0.03880809247493744,0.9510110020637512,0.14532529894682003,0.8171390875358009,0.1622067456980995,1.351127269107133,2249,6.7734428473648185,3.260438056125941,0.27569622103647395,198273,7.122369300000173,0.14022430000022723,30662
pvdaq_2107,Csa,tcn,2,0.0,2020-02-01 00:00:00,6270,1556,0.051831938326358795,0.03827106952667236,0.9516216516494751,0.14441678352012866,0.40988376951156746,-0.1135501572439676,1.236676578745799,2249,6.7734428473648185,3.260438056125941,0.27572545866530224,198273,8.557019599999876,0.13953769999989163,30662
pvdaq_2107,Csa,tcn,3,0.0,2020-02-01 00:00:00,6270,1556,0.052880022674798965,0.039984624832868576,0.9496453404426575,0.14733700945315237,0.4161247733722617,-0.25510016240236955,1.2332992033819767,2249,6.7734428473648185,3.260438056125941,0.27572545866530224,198273,6.256209599999238,0.14419639999960054,30662
pvdaq_2107,Csa,tcn,4,0.0,2020-02-01 00:00:00,6270,1556,0.0517888143658638,0.0390893779695034,0.9517021179199219,0.14429662934746154,0.5176311671071354,-0.12548590177716312,1.2535969102812183,2249,6.7734428473648185,3.260438056125941,0.27560850814998905,198273,13.404360400000769,0.1481688000003487,30662
pvdaq_2107,Csa,patchtst,0,0.0,2020-02-01 00:00:00,6270,1556,0.05551210418343544,0.042134180665016174,0.9445078372955322,0.15467064885993453,0.7768607704340245,-0.06036268827153135,1.3964298311759882,2249,6.7734428473648185,3.260438056125941,0.27572545866530224,25857,15.311401800000567,0.40134370000032504,30662
pvdaq_2107,Csa,patchtst,1,0.0,2020-02-01 00:00:00,6270,1556,0.05499623715877533,0.041824448853731155,0.9455344080924988,0.15323331391103825,0.6353743386248458,-0.0062976672745843395,1.2763694204588498,2249,6.7734428473648185,3.260438056125941,0.27572545866530224,25857,25.870274199999585,0.4050489999999627,30662
pvdaq_2107,Csa,patchtst,2,0.0,2020-02-01 00:00:00,6270,1556,0.05464743450284004,0.04157783091068268,0.9462230801582336,0.15226146220570014,0.5687752570802396,-0.29441139974404473,1.2472765126799734,2249,6.7734428473648185,3.260438056125941,0.2756669834076456,25857,24.644591700000092,0.39349050000055286,30662
pvdaq_2107,Csa,patchtst,3,0.0,2020-02-01 00:00:00,6270,1556,0.05552028492093086,0.042177245020866394,0.944491446018219,0.15469344244694014,0.6300708489513231,0.029443848953306685,1.205148657190508,2249,6.7734428473648185,3.260438056125941,0.27562312696440316,25857,18.264683600000353,0.40088809999997466,30662
pvdaq_2107,Csa,patchtst,4,0.0,2020-02-01 00:00:00,6270,1556,0.056008193641901016,0.04350203275680542,0.9435115456581116,0.15605287854771388,0.7245180711194519,0.14333865229529952,1.597163621059683,2249,6.7734428473648185,3.260438056125941,0.2756816022220598,25857,17.003006099999766,0.3999165000004723,30662
pvdaq_2107,Csa,informer,0,0.0,2020-02-01 00:00:00,6270,1556,0.05366704240441322,0.04111306741833687,0.9481353163719177,0.14952984386351384,0.704295857681744,0.1413704851523978,1.2300940529286544,2249,6.7734428473648185,3.260438056125941,0.2756669834076456,81537,17.195841900000232,0.18481379999957426,30662
pvdaq_2107,Csa,informer,1,0.0,2020-02-01 00:00:00,6270,1556,0.05280306562781334,0.03973011299967766,0.9497917890548706,0.1471225878136433,0.3717721761527112,-0.3007876745415139,1.1814949461617341,2249,6.7734428473648185,3.260438056125941,0.2756669834076456,81537,23.68105790000027,0.18552739999995538,30662
pvdaq_2107,Csa,informer,2,0.0,2020-02-01 00:00:00,6270,1556,0.055600982159376144,0.042610421776771545,0.9443299770355225,0.15491828519817674,0.7693498163016732,-0.014796626199142793,1.4675910972030195,2249,6.7734428473648185,3.260438056125941,0.27572545866530224,81537,10.475556400000642,0.18418049999945652,30662
pvdaq_2107,Csa,informer,3,0.0,2020-02-01 00:00:00,6270,1556,0.05301441624760628,0.04071735218167305,0.9493890404701233,0.14771146366299504,0.400304470637203,-0.23710476479609618,1.1326364769392638,2249,6.7734428473648185,3.260438056125941,0.27562312696440316,81537,25.1062993000005,0.2002202000003308,30662
pvdaq_2107,Csa,informer,4,0.0,2020-02-01 00:00:00,6270,1556,0.05330558493733406,0.04077775776386261,0.9488316178321838,0.14852273267955182,0.31712623027987186,-0.36968957330745233,0.992998170375925,2249,6.7734428473648185,3.260438056125941,0.2755938893355749,81537,32.40980860000036,0.2219295000004422,30662
pvdaq_2107,Csa,xgboost,0,-0.25,2020-02-01 00:00:00,6270,1556,0.052115846425294876,0.03830915689468384,0.9508224129676819,0.14558702064872198,0.6166584151737708,0.11588526689509937,1.208481508310345,2249,6.7734428473648185,3.260438056125941,0.2752868942328777,1033,8.41188669999974,0.17804069999965577,30662
pvdaq_2107,Csa,xgboost,1,-0.25,2020-02-01 00:00:00,6270,1556,0.05195818096399307,0.03809643164277077,0.9511195421218872,0.1451465779361002,0.6146213878001849,0.013701654070523026,1.2340037415975447,2249,6.7734428473648185,3.260438056125941,0.2750822308310796,1312,12.010009800000262,0.21596020000015415,30662
pvdaq_2107,Csa,xgboost,2,-0.25,2020-02-01 00:00:00,6270,1556,0.05229394882917404,0.03852520510554314,0.9504857063293457,0.14608455451087102,0.5418756319231477,0.023157595983604767,1.3120059347428796,2249,6.7734428473648185,3.260438056125941,0.27534536949053434,795,8.020635100000618,0.13834679999945365,30662
pvdaq_2107,Csa,xgboost,3,-0.25,2020-02-01 00:00:00,6270,1556,0.05254768207669258,0.03880388289690018,0.9500040411949158,0.14679336517172634,0.4707692653393436,-0.05460537108300759,1.221803220817952,2249,6.7734428473648185,3.260438056125941,0.27534536949053434,679,6.669681200000014,0.11549170000034792,30662
pvdaq_2107,Csa,xgboost,4,-0.25,2020-02-01 00:00:00,6270,1556,0.052577268332242966,0.03878891468048096,0.9499477744102478,0.14687601517346635,0.5921849347508168,-0.07001862557343141,1.3045194759398138,2249,6.7734428473648185,3.260438056125941,0.2753307506761202,751,7.150902100000167,0.12769599999955972,30662
pvdaq_2107,Csa,random_forest,0,-0.25,2020-02-01 00:00:00,6270,1556,0.05239364877343178,0.03846157342195511,0.9502967596054077,0.14636306899041868,0.39133563225400675,-0.1994088707108821,0.9494137136976593,2249,6.7734428473648185,3.260438056125941,0.27525765660404944,3059544,2.3794588999999178,0.5143138000003091,30662
pvdaq_2107,Csa,random_forest,1,-0.25,2020-02-01 00:00:00,6270,1556,0.052265457808971405,0.038366127759218216,0.9505396485328674,0.1460049640785734,0.32215007652715344,-0.20765333305220368,1.057293730417297,2249,6.7734428473648185,3.260438056125941,0.27525765660404944,3065868,2.418587899999693,0.5097599000000628,30662
pvdaq_2107,Csa,random_forest,2,-0.25,2020-02-01 00:00:00,6270,1556,0.05210060253739357,0.038220856338739395,0.9508512020111084,0.14554443643729914,0.44185818596181314,-0.12642954583919064,0.9159404610684696,2249,6.7734428473648185,3.260438056125941,0.2752868942328777,3065040,2.3047711999997773,0.5315988000002108,30662
pvdaq_2107,Csa,random_forest,3,-0.25,2020-02-01 00:00:00,6270,1556,0.05213625356554985,0.0382196269929409,0.950783908367157,0.14564402854465897,0.35718713382204004,-0.18213517154421136,0.9052900191021562,2249,6.7734428473648185,3.260438056125941,0.2751991813463928,3065470,2.327484999999797,0.5293967000006887,30662
pvdaq_2107,Csa,random_forest,4,-0.25,2020-02-01 00:00:00,6270,1556,0.052423857152462006,0.03842328488826752,0.9502394199371338,0.14644745691085556,0.46300676555313347,-0.21393853367133214,0.9843368318546819,2249,6.7734428473648185,3.260438056125941,0.27521380016080693,3065566,2.369139399999767,0.5186029999995299,30662
pvdaq_2107,Csa,lstm,0,-0.25,2020-02-01 00:00:00,6270,1556,0.053081389516592026,0.04015526548027992,0.9489833116531372,0.1482842912796693,0.7159137424957329,-0.0015724926715661,1.3553577415292066,2249,6.7734428473648185,3.260438056125941,0.27544770119143336,13729,92.45538919999944,0.06356289999985165,30662
pvdaq_2107,Csa,lstm,1,-0.25,2020-02-01 00:00:00,6270,1556,0.05355697497725487,0.040719129145145416,0.9480650424957275,0.14961285207318922,0.7554597508162669,0.08179642751203424,1.3341042143100081,2249,6.7734428473648185,3.260438056125941,0.2753892259337768,13729,112.42602499999975,0.06916430000001128,30662
pvdaq_2107,Csa,lstm,2,-0.25,2020-02-01 00:00:00,6270,1556,0.0540570430457592,0.04161250591278076,0.9470906853675842,0.15100980569111552,0.6366304054598994,-0.03863742483889601,1.270459248542474,2249,6.7734428473648185,3.260438056125941,0.27553541407791826,13729,82.89656279999963,0.05672080000022106,30662
pvdaq_2107,Csa,lstm,3,-0.25,2020-02-01 00:00:00,6270,1556,0.053512439131736755,0.040846891701221466,0.9481514096260071,0.1494884399892303,0.698045216972832,-0.06114484200980039,1.2594048532115876,2249,6.7734428473648185,3.260438056125941,0.2754915576346758,13729,98.59304530000009,0.06304980000004434,30662
pvdaq_2107,Csa,lstm,4,-0.25,2020-02-01 00:00:00,6270,1556,0.053525760769844055,0.04089338332414627,0.9481256008148193,0.14952565434408077,0.6039699277504831,-0.10152801398781691,1.1513902899238082,2249,6.7734428473648185,3.260438056125941,0.2754915576346758,13729,91.48279850000017,0.059597499999654246,30662
pvdaq_2107,Csa,gru,0,-0.25,2020-02-01 00:00:00,6270,1556,0.053324244916439056,0.04111273214221001,0.9485154151916504,0.14896271438007627,0.4947233644298087,-0.020960388610587195,1.200743092523815,2249,6.7734428473648185,3.260438056125941,0.27552079526350415,151809,71.94841110000016,0.08823410000059084,30662
pvdaq_2107,Csa,gru,1,-0.25,2020-02-01 00:00:00,6270,1556,0.05303915962576866,0.04098439961671829,0.9490644931793213,0.14816632094225748,0.4824742114736713,-0.2521831352384708,1.301619723728853,2249,6.7734428473648185,3.260438056125941,0.2754038447481909,151809,77.87681560000055,0.08803380000063044,30662
pvdaq_2107,Csa,gru,2,-0.25,2020-02-01 00:00:00,6270,1556,0.052863556891679764,0.040395162999629974,0.9494011998176575,0.1476757699749923,0.4098584085415524,-0.21131182729003412,1.126253624820056,2249,6.7734428473648185,3.260438056125941,0.2754769388202617,151809,81.89870520000022,0.08886290000009467,30662
pvdaq_2107,Csa,gru,3,-0.25,2020-02-01 00:00:00,6270,1556,0.05341142416000366,0.040385063737630844,0.9483469724655151,0.149206251945012,0.4309368273163028,-0.2726138463815754,1.110447737361847,2249,6.7734428473648185,3.260438056125941,0.27553541407791826,151809,66.37757669999974,0.08838119999927585,30662
pvdaq_2107,Csa,gru,4,-0.25,2020-02-01 00:00:00,6270,1556,0.05352707579731941,0.04046867787837982,0.948123037815094,0.1495293279087514,0.47244936772613544,-0.23670251307181256,1.2115214964469878,2249,6.7734428473648185,3.260438056125941,0.27553541407791826,151809,66.2357693999993,0.08839299999999639,30662
pvdaq_2107,Csa,tcn,0,-0.25,2020-02-01 00:00:00,6270,1556,0.0519581101834774,0.03838631510734558,0.9511196613311768,0.1451463802088233,0.5540184897707023,-0.16894530040718336,1.1592644261858722,2249,6.7734428473648185,3.260438056125941,0.2754915576346758,198273,6.240564900000209,0.140576300000248,30662
pvdaq_2107,Csa,tcn,1,-0.25,2020-02-01 00:00:00,6270,1556,0.051842737942934036,0.03883255273103714,0.9513365030288696,0.1448240847474927,0.3727098791857397,-0.1961756994417252,1.0487838628920287,2249,6.7734428473648185,3.260438056125941,0.27550617644909,198273,7.222787500000777,0.1394906000004994,30662
pvdaq_2107,Csa,tcn,2,-0.25,2020-02-01 00:00:00,6270,1556,0.051829855889081955,0.038395848125219345,0.9513607025146484,0.14478809838309872,0.36220996500401226,-0.39179676482834525,1.0176869705995295,2249,6.7734428473648185,3.260438056125941,0.2754769388202617,198273,8.4138724000004,0.14114629999949102,30662
pvdaq_2107,Csa,tcn,3,-0.25,2020-02-01 00:00:00,6270,1556,0.05185675993561745,0.038850754499435425,0.9513101577758789,0.14486325556171448,0.26500646906745806,-0.4864960835601768,0.9451095832580969,2249,6.7734428473648185,3.260438056125941,0.2754038447481909,198273,10.296216100000493,0.14028890000008687,30662
pvdaq_2107,Csa,tcn,4,-0.25,2020-02-01 00:00:00,6270,1556,0.052487973123788834,0.03993413969874382,0.9501175880432129,0.1466265666036215,0.2994437324654209,-0.33427459762304124,0.9852955601921263,2249,6.7734428473648185,3.260438056125941,0.2753015130472919,198273,7.383378300000004,0.14307129999997414,30662
pvdaq_2107,Csa,patchtst,0,-0.25,2020-02-01 00:00:00,6270,1556,0.05526292696595192,0.04196805879473686,0.9447038173675537,0.15437847490079085,0.5314226669554847,-0.34104480435240353,1.1625306043180905,2249,6.7734428473648185,3.260438056125941,0.27550617644909,25857,15.773444299999937,0.3988763999996081,30662
pvdaq_2107,Csa,patchtst,1,-0.25,2020-02-01 00:00:00,6270,1556,0.054706867784261703,0.04161541536450386,0.9458109736442566,0.15282510860014584,0.3676869325426435,-0.3148949977815537,0.9563434537999886,2249,6.7734428473648185,3.260438056125941,0.27550617644909,25857,25.774078600000394,0.4328124999992724,30662
pvdaq_2107,Csa,patchtst,2,-0.25,2020-02-01 00:00:00,6270,1556,0.05433623120188713,0.041341256350278854,0.9465427398681641,0.15178972532475976,0.293577074254744,-0.5177607482721077,0.9896272265019689,2249,6.7734428473648185,3.260438056125941,0.2754769388202617,25857,24.8160098999997,0.3429089000001113,30662
pvdaq_2107,Csa,patchtst,3,-0.25,2020-02-01 00:00:00,6270,1556,0.05531180649995804,0.0420437790453434,0.9446059465408325,0.15451502119553154,0.38915791804300903,-0.2150244572458183,0.9283243542157575,2249,6.7734428473648185,3.260438056125941,0.2754038447481909,25857,18.522445900000093,0.34319000000050437,30662
pvdaq_2107,Csa,patchtst,4,-0.25,2020-02-01 00:00:00,6270,1556,0.05550263077020645,0.043043576180934906,0.9442230463027954,0.15504809393402685,0.5293551351971959,-0.22197249895945514,1.392453748923017,2249,6.7734428473648185,3.260438056125941,0.2754623200058475,25857,17.219775300000038,0.34255429999939224,30662
pvdaq_2107,Csa,informer,0,-0.25,2020-02-01 00:00:00,6270,1556,0.053771909326314926,0.04145851358771324,0.9476473927497864,0.15021327696621253,0.4737286296356325,-0.10108996240157095,1.0113910791932021,2249,6.7734428473648185,3.260438056125941,0.27543308237701924,81537,17.26795510000011,0.160037800000282,30662
pvdaq_2107,Csa,informer,1,-0.25,2020-02-01 00:00:00,6270,1556,0.052508387714624405,0.038819555193185806,0.9500787854194641,0.14668359531295608,0.24667761728167092,-0.5107178024637534,1.042414768128952,2249,6.7734428473648185,3.260438056125941,0.2754623200058475,81537,27.78428890000032,0.16043270000045595,30662
pvdaq_2107,Csa,informer,2,-0.25,2020-02-01 00:00:00,6270,1556,0.05535506829619408,0.04255995154380798,0.9445192217826843,0.15463587418850644,0.488635575305596,-0.1495348717326596,1.1699430246671114,2249,6.7734428473648185,3.260438056125941,0.27550617644909,81537,10.614165400000275,0.15953730000001087,30662
pvdaq_2107,Csa,informer,3,-0.25,2020-02-01 00:00:00,6270,1556,0.05460663512349129,0.04302041605114937,0.9460093975067139,0.1525451059626721,0.4521198355851519,-0.18153278767675252,1.042706398624168,2249,6.7734428473648185,3.260438056125941,0.27555003289233243,81537,11.436460199999601,0.160746300000028,30662
pvdaq_2107,Csa,informer,4,-0.25,2020-02-01 00:00:00,6270,1556,0.0525796115398407,0.03978713974356651,0.9499433040618896,0.14688256098700128,0.11942132194215885,-0.46205563970741914,0.803704156179802,2249,6.7734428473648185,3.260438056125941,0.2753892259337768,81537,28.01162680000016,0.13607559999945806,30662
pvdaq_2107,Csa,xgboost,0,-0.5,2020-02-01 00:00:00,6270,1556,0.051879364997148514,0.038099255412817,0.9510009288787842,0.1453058573586073,0.43625327896852345,-0.1081132739997992,0.9607544813512227,2249,6.7734428473648185,3.260438056125941,0.2748483298004532,1029,9.137387699999636,0.16535820000081003,30662
pvdaq_2107,Csa,xgboost,1,-0.5,2020-02-01 00:00:00,6270,1556,0.05222483351826668,0.03847925737500191,0.9503461718559265,0.14627345978886536,0.32143083653515814,-0.10081873053608414,1.0399325830398594,2249,6.7734428473648185,3.260438056125941,0.27483371098603904,812,7.188586400000531,0.13242689999970025,30662
pvdaq_2107,Csa,xgboost,2,-0.5,2020-02-01 00:00:00,6270,1556,0.05209217220544815,0.03834403678774834,0.9505981206893921,0.1459018965324825,0.33170597664240387,-0.2706920241291044,1.0187013704869288,2249,6.7734428473648185,3.260438056125941,0.27490680505810977,795,7.745732399999724,0.1325965999994878,30662
pvdaq_2107,Csa,xgboost,3,-0.5,2020-02-01 00:00:00,6270,1556,0.05218929797410965,0.03840789571404457,0.950413703918457,0.14617393037653106,0.3291664523381388,-0.16356258646513494,1.0673144041310034,2249,6.7734428473648185,3.260438056125941,0.2748483298004532,1034,9.256968900000174,0.1743980000001102,30662
pvdaq_2107,Csa,xgboost,4,-0.5,2020-02-01 00:00:00,6270,1556,0.052118655294179916,0.03842690587043762,0.9505478739738464,0.14597607145566988,0.3724797982493755,-0.23702305582972558,1.0048191239136541,2249,6.7734428473648185,3.260438056125941,0.2748483298004532,941,9.482307799999944,0.18248690000018541,30662
pvdaq_2107,Csa,random_forest,0,-0.5,2020-02-01 00:00:00,6270,1556,0.05216250568628311,0.03824310377240181,0.9504646062850952,0.14609888943581317,0.10807435846991795,-0.4239571262755648,0.670604641062174,2249,6.7734428473648185,3.260438056125941,0.27483371098603904,3061094,2.280339599999934,0.8121720999997706,30662
pvdaq_2107,Csa,random_forest,1,-0.5,2020-02-01 00:00:00,6270,1556,0.05211193114519119,0.03823800012469292,0.9505606293678284,0.14595723818286735,0.17345408711885169,-0.4606975403111946,0.6772356648727662,2249,6.7734428473648185,3.260438056125941,0.27483371098603904,3063554,2.313973999999689,0.45650770000065677,30662
pvdaq_2107,Csa,random_forest,2,-0.5,2020-02-01 00:00:00,6270,1556,0.051980964839458466,0.03816455602645874,0.9508088231086731,0.1455904223719832,0.1714851473824497,-0.403812037410467,0.7535449091003676,2249,6.7734428473648185,3.260438056125941,0.2747898545427966,3065764,2.391733600000407,0.5141070999998192,30662
pvdaq_2107,Csa,random_forest,3,-0.5,2020-02-01 00:00:00,6270,1556,0.05215008184313774,0.03830118477344513,0.9504882097244263,0.14606409222539962,0.12033151864748737,-0.40177508014775376,0.7231544367391347,2249,6.7734428473648185,3.260438056125941,0.2747898545427966,3065598,2.284262999999555,0.48689999999987776,30662
pvdaq_2107,Csa,random_forest,4,-0.5,2020-02-01 00:00:00,6270,1556,0.05231331288814545,0.038417600095272064,0.950177788734436,0.14652127644389745,0.11783579700609392,-0.42172618004468476,0.7898800009337108,2249,6.7734428473648185,3.260438056125941,0.27480447335721075,3066424,2.278494399999545,0.499456999999893,30662
pvdaq_2107,Csa,lstm,0,-0.5,2020-02-01 00:00:00,6270,1556,0.05287281423807144,0.03999946638941765,0.9491063356399536,0.14808835081631438,0.4379374116388557,-0.2182252033238264,1.1301898545235773,2249,6.7734428473648185,3.260438056125941,0.27500913675900884,13729,93.62525259999984,0.06432680000034452,30662
pvdaq_2107,Csa,lstm,1,-0.5,2020-02-01 00:00:00,6270,1556,0.05333026126027107,0.0405375212430954,0.9482219219207764,0.149369587233925,0.49001996663050384,-0.16556493189092572,1.0604981261908573,2249,6.7734428473648185,3.260438056125941,0.2749652803157664,13729,110.02492689999963,0.0627833999997165,30662
pvdaq_2107,Csa,lstm,2,-0.5,2020-02-01 00:00:00,6270,1556,0.053842347115278244,0.041447147727012634,0.9472227692604065,0.15080385833973212,0.4266648309471155,-0.32278440851264456,1.004223456967559,2249,6.7734428473648185,3.260438056125941,0.27506761201666546,13729,86.75153059999957,0.0620600000002014,30662
pvdaq_2107,Csa,lstm,3,-0.5,2020-02-01 00:00:00,6270,1556,0.05328816920518875,0.040651287883520126,0.9483035802841187,0.14925169407636496,0.39381371746554095,-0.3525377649512773,0.9909487320153975,2249,6.7734428473648185,3.260438056125941,0.2750383743878371,13729,88.07512620000034,0.06165210000017396,30662
pvdaq_2107,Csa,lstm,4,-0.5,2020-02-01 00:00:00,6270,1556,0.05329907312989235,0.04070984572172165,0.9482824206352234,0.1492822342367489,0.36363731262464505,-0.3515317203917179,0.9297706939997867,2249,6.7734428473648185,3.260438056125941,0.275023755573423,13729,89.99114559999907,0.0636080000003858,30662
pvdaq_2107,Csa,gru,0,-0.5,2020-02-01 00:00:00,6270,1556,0.0531080886721611,0.040944334119558334,0.9486523866653442,0.1487473171194262,0.2585709476635744,-0.3468020310290809,0.9177278431513174,2249,6.7734428473648185,3.260438056125941,0.27506761201666546,151809,80.73044029999983,0.07592190000104893,30662
pvdaq_2107,Csa,gru,1,-0.5,2020-02-01 00:00:00,6270,1556,0.05280667170882225,0.040798671543598175,0.9492335915565491,0.1479030961024036,0.22847417555634375,-0.49549288574155526,1.0996781860118876,2249,6.7734428473648185,3.260438056125941,0.2749506615013522,151809,77.43876529999943,0.0790114999999787,30662
pvdaq_2107,Csa,gru,2,-0.5,2020-02-01 00:00:00,6270,1556,0.05262799188494682,0.0401785783469677,0.9495765566825867,0.1474026423092176,0.14293235083983402,-0.4757911641038892,0.9300235179908394,2249,6.7734428473648185,3.260438056125941,0.275023755573423,151809,80.46045640000011,0.08339739999973972,30662
pvdaq_2107,Csa,gru,3,-0.5,2020-02-01 00:00:00,6270,1556,0.05318113788962364,0.04023494943976402,0.9485110640525818,0.14895191636950092,0.2128176404020632,-0.5427203865452215,0.8336031742075645,2249,6.7734428473648185,3.260438056125941,0.27506761201666546,151809,65.24064069999986,0.07632529999864346,30662
pvdaq_2107,Csa,gru,4,-0.5,2020-02-01 00:00:00,6270,1556,0.053321391344070435,0.04030061513185501,0.9482391476631165,0.1493447440081395,0.23629289467954062,-0.5049314875337074,0.9393995046276138,2249,6.7734428473648185,3.260438056125941,0.27506761201666546,151809,66.20700100000067,0.07840339999893331,30662
pvdaq_2107,Csa,tcn,0,-0.5,2020-02-01 00:00:00,6270,1556,0.05169570818543434,0.038424137979745865,0.9513472318649292,0.14479146381336358,0.36921907580897,-0.39985586895985525,0.9425764194942454,2249,6.7734428473648185,3.260438056125941,0.2750383743878371,198273,6.2375723000004655,0.11993929999880493,30662
pvdaq_2107,Csa,tcn,1,-0.5,2020-02-01 00:00:00,6270,1556,0.05162074789404869,0.0384957417845726,0.951488196849823,0.1445815119489134,0.15962117269843812,-0.45737901147477333,0.9107731186611567,2249,6.7734428473648185,3.260438056125941,0.2750383743878371,198273,7.28381360000094,0.12039010000080452,30662
pvdaq_2107,Csa,tcn,2,-0.5,2020-02-01 00:00:00,6270,1556,0.05140536278486252,0.037737928330898285,0.9518921971321106,0.1439782524843017,0.12986685987911306,-0.6349658843066375,0.7575755994516589,2249,6.7734428473648185,3.260438056125941,0.2750529932022513,198273,8.560563000000911,0.11840080000001763,30662
pvdaq_2107,Csa,tcn,3,-0.5,2020-02-01 00:00:00,6270,1556,0.05132396146655083,0.0380091592669487,0.9520444273948669,0.14375026032695648,0.03986327313187859,-0.7117586542272347,0.7499130622733491,2249,6.7734428473648185,3.260438056125941,0.2749360426869381,198273,10.55117060000157,0.1181205000011687,30662
pvdaq_2107,Csa,tcn,4,-0.5,2020-02-01 00:00:00,6270,1556,0.0517406165599823,0.039052825421094894,0.9512626528739929,0.14491724503421374,0.15626785238668228,-0.7575869406980518,0.7837494598216697,2249,6.7734428473648185,3.260438056125941,0.275023755573423,198273,12.203154500000892,0.1198158000006515,30662
pvdaq_2107,Csa,patchtst,0,-0.5,2020-02-01 00:00:00,6270,1556,0.05498113855719566,0.041752781718969345,0.9449666142463684,0.15399343220652,0.2301238808903627,-0.6018993601183076,0.9490373376986438,2249,6.7734428473648185,3.260438056125941,0.2750383743878371,25857,15.864947199999733,0.3393523999984609,30662
pvdaq_2107,Csa,patchtst,1,-0.5,2020-02-01 00:00:00,6270,1556,0.05443920940160751,0.041426338255405426,0.9460461735725403,0.1524755747580973,0.12708429708024516,-0.5420464067364961,0.6884129516106396,2249,6.7734428473648185,3.260438056125941,0.275023755573423,25857,25.908631100001003,0.34142359999896144,30662
pvdaq_2107,Csa,patchtst,2,-0.5,2020-02-01 00:00:00,6270,1556,0.05409335345029831,0.04115307703614235,0.9467295408248901,0.15150688719743957,0.05050370401046278,-0.7423040307875857,0.7131020481902262,2249,6.7734428473648185,3.260438056125941,0.275023755573423,25857,24.72928999999931,0.34243659999992815,30662
pvdaq_2107,Csa,patchtst,3,-0.5,2020-02-01 00:00:00,6270,1556,0.054986100643873215,0.04178351163864136,0.9449566602706909,0.15400733022279314,0.08692829991475304,-0.47391325529815287,0.6236128165683589,2249,6.7734428473648185,3.260438056125941,0.2749506615013522,25857,18.274135599998772,0.34205349999865575,30662
pvdaq_2107,Csa,patchtst,4,-0.5,2020-02-01 00:00:00,6270,1556,0.05528310686349869,0.04290670529007912,0.9443604350090027,0.15483919744757296,0.3500067966653919,-0.45319896238715796,1.100095207163517,2249,6.7734428473648185,3.260438056125941,0.2749945179445947,25857,16.793459799999255,0.34276130000034755,30662
pvdaq_2107,Csa,informer,0,-0.5,2020-02-01 00:00:00,6270,1556,0.05339862033724785,0.04078972339630127,0.948089063167572,0.14956105014579563,-0.03407480977549171,-0.5659979170674767,0.6579999760992483,2249,6.7734428473648185,3.260438056125941,0.2749360426869381,81537,22.891039300000557,0.16178609999951732,30662
pvdaq_2107,Csa,informer,1,-0.5,2020-02-01 00:00:00,6270,1556,0.0525314100086689,0.040061481297016144,0.9497615098953247,0.14713213182130708,0.0012618549339104628,-0.5851751027256658,0.7067346666142282,2249,6.7734428473648185,3.260438056125941,0.275023755573423,81537,25.229461299999457,0.1636330999990605,30662
pvdaq_2107,Csa,informer,2,-0.5,2020-02-01 00:00:00,6270,1556,0.05490836128592491,0.04223189502954483,0.9451122283935547,0.1537895946345143,0.17924763562822688,-0.43684459727835023,0.8859521230192993,2249,6.7734428473648185,3.260438056125941,0.2750383743878371,81537,10.612811899998633,0.16795160000037868,30662
pvdaq_2107,Csa,informer,3,-0.5,2020-02-01 00:00:00,6270,1556,0.05260629579424858,0.040446795523166656,0.9496181607246399,0.14734187500683424,-0.06129234686921634,-0.7887082572727078,0.6007878040475735,2249,6.7734428473648185,3.260438056125941,0.2749360426869381,81537,25.470544300000256,0.17225230000076408,30662
pvdaq_2107,Csa,informer,4,-0.5,2020-02-01 00:00:00,6270,1556,0.05241694301366806,0.03973506763577461,0.9499801993370056,0.14681152795792565,-0.2164240474716489,-0.7170793694525113,0.577092669246082,2249,6.7734428473648185,3.260438056125941,0.27492142387252394,81537,27.883092500000203,0.1706094999990455,30662
pvdaq_2107,Csa,xgboost,0,-1.0,2020-02-01 00:00:00,6271,1556,0.051763955503702164,0.03822892904281616,0.9506831169128418,0.14574580021437572,-0.1490507646957795,-0.7289160879662693,0.4342482630801186,2249,6.7734428473648185,3.260438056125941,0.27394196330677584,753,6.149395200000072,0.12536650000038208,30662
pvdaq_2107,Csa,xgboost,1,-1.0,2020-02-01 00:00:00,6271,1556,0.05204763635993004,0.03843989595770836,0.9501410722732544,0.14654452768784854,-0.20101079284625156,-0.7341238175051545,0.4539804845694069,2249,6.7734428473648185,3.260438056125941,0.27394196330677584,636,5.43962079999983,0.10915019999993092,30662
pvdaq_2107,Csa,xgboost,2,-1.0,2020-02-01 00:00:00,6271,1556,0.05188456550240517,0.03828196972608566,0.9504530429840088,0.14608538787926287,-0.10436574179746119,-0.6278066774871556,0.4118596861543436,2249,6.7734428473648185,3.260438056125941,0.27392734449236167,760,6.872602699999334,0.12609540000084962,30662
pvdaq_2107,Csa,xgboost,3,-1.0,2020-02-01 00:00:00,6271,1556,0.05162106081843376,0.03805549815297127,0.9509550333023071,0.14534346812734394,-0.05408571473475288,-0.6939374760675188,0.44409776432270853,2249,6.7734428473648185,3.260438056125941,0.2738981068635334,842,7.33812190000026,0.13422909999826516,30662
pvdaq_2107,Csa,xgboost,4,-1.0,2020-02-01 00:00:00,6271,1556,0.05192602053284645,0.03832468017935753,0.9503738284111023,0.14620210802797995,-0.19077444360635631,-0.8802248862439275,0.4207644281306836,2249,6.7734428473648185,3.260438056125941,0.27394196330677584,662,5.9023529999994935,0.11256709999906889,30662
pvdaq_2107,Csa,random_forest,0,-1.0,2020-02-01 00:00:00,6271,1556,0.05174512416124344,0.037971723824739456,0.9507189989089966,0.14569277897500074,-0.31198292064922306,-0.8823611300660213,0.2013086553694058,2249,6.7734428473648185,3.260438056125941,0.27386886923470505,3060340,2.3041074000011577,0.46950569999899017,30662
pvdaq_2107,Csa,random_forest,1,-1.0,2020-02-01 00:00:00,6271,1556,0.051589105278253555,0.037852995097637177,0.9510157108306885,0.14525349459789616,-0.3707651414401142,-0.9011368869144776,0.21990917812843025,2249,6.7734428473648185,3.260438056125941,0.2738834880491192,3065122,2.3213097999996535,0.48304599999937636,30662
pvdaq_2107,Csa,random_forest,2,-1.0,2020-02-01 00:00:00,6271,1556,0.05173188075423241,0.037909094244241714,0.9507442116737366,0.14565549104107828,-0.35338664073678017,-0.8283617931404919,0.25344047446881396,2249,6.7734428473648185,3.260438056125941,0.27386886923470505,3067846,2.2321412000001146,0.5004903999997623,30662
pvdaq_2107,Csa,random_forest,3,-1.0,2020-02-01 00:00:00,6271,1556,0.051751285791397095,0.03787011280655861,0.9507072567939758,0.14571012756647972,-0.2974483969291952,-0.8565841659045725,0.23641157510315447,2249,6.7734428473648185,3.260438056125941,0.2738834880491192,3065420,2.2735553000002255,0.4690184999999474,30662
pvdaq_2107,Csa,random_forest,4,-1.0,2020-02-01 00:00:00,6271,1556,0.051908936351537704,0.03802613168954849,0.9504064321517944,0.14615400606877643,-0.3463074585686926,-0.8732287726536965,0.25836636696907056,2249,6.7734428473648185,3.260438056125941,0.27386886923470505,3066162,2.225825599998643,0.46530969999912486,30662
pvdaq_2107,Csa,lstm,0,-1.0,2020-02-01 00:00:00,6271,1556,0.05343412607908249,0.0402737632393837,0.9474493265151978,0.1504483069033381,-0.26889003494290487,-0.9088485435346683,0.3825405545768966,2249,6.7734428473648185,3.260438056125941,0.2741027702653315,13729,63.790332799999305,0.0629914999990433,30662
pvdaq_2107,Csa,lstm,1,-1.0,2020-02-01 00:00:00,6271,1556,0.05277777463197708,0.039851248264312744,0.9487323760986328,0.148600293822626,-0.1831082100556436,-0.6666866944691763,0.4425313626406041,2249,6.7734428473648185,3.260438056125941,0.2740004385644324,13729,109.80143239999961,0.06598549999944225,30662
pvdaq_2107,Csa,lstm,2,-1.0,2020-02-01 00:00:00,6271,1556,0.05315948277711868,0.04066189378499985,0.9479881525039673,0.14967502542921715,-0.07491822937117142,-0.8212824060482191,0.47000159662418106,2249,6.7734428473648185,3.260438056125941,0.2740735326365032,13729,88.59769079999933,0.06369939999967755,30662
pvdaq_2107,Csa,lstm,3,-1.0,2020-02-01 00:00:00,6271,1556,0.052619919180870056,0.039777789264917374,0.9490386247634888,0.14815583843246266,-0.08998796903466974,-0.9901644014607665,0.4405231271493595,2249,6.7734428473648185,3.260438056125941,0.274058913822089,13729,113.6374152999997,0.0656751999995322,30662
pvdaq_2107,Csa,lstm,4,-1.0,2020-02-01 00:00:00,6271,1556,0.052146438509225845,0.03929031640291214,0.9499515891075134,0.14682271350598966,-0.3079894853173471,-0.8997195420642976,0.413567892448774,2249,6.7734428473648185,3.260438056125941,0.27401505737884657,13729,108.0128908000006,0.06368780000047991,30662
pvdaq_2107,Csa,gru,0,-1.0,2020-02-01 00:00:00,6271,1556,0.0523320771753788,0.04026903584599495,0.9495946168899536,0.14734539489086287,-0.2568944627399788,-0.9441512960748129,0.4780626437766333,2249,6.7734428473648185,3.260438056125941,0.27402967619326074,151809,75.90084079999906,0.06764430000112043,30662
pvdaq_2107,Csa,gru,1,-1.0,2020-02-01 00:00:00,6271,1556,0.05240166187286377,0.0397334024310112,0.949460506439209,0.14754131649922794,-0.2651293517295178,-1.0594878659795803,0.37777861380204336,2249,6.7734428473648185,3.260438056125941,0.27404429500767485,151809,98.98782860000028,0.0675202000002173,30662
pvdaq_2107,Csa,gru,2,-1.0,2020-02-01 00:00:00,6271,1556,0.05201627314090729,0.03925752639770508,0.950201153755188,0.14645622188877871,-0.3336600018706897,-1.0101668820949818,0.37469305481168114,2249,6.7734428473648185,3.260438056125941,0.27404429500767485,151809,95.15737190000073,0.07016530000146304,30662
pvdaq_2107,Csa,gru,3,-1.0,2020-02-01 00:00:00,6271,1556,0.052329570055007935,0.039572302252054214,0.9495994448661804,0.14733833588114986,-0.29874890516869057,-1.0423570074028499,0.47550393819733583,2249,6.7734428473648185,3.260438056125941,0.274058913822089,151809,86.68541389999882,0.07281829999919864,30662
pvdaq_2107,Csa,gru,4,-1.0,2020-02-01 00:00:00,6271,1556,0.05330744758248329,0.041149623692035675,0.9476982355117798,0.15009163286872954,-0.32428468195776494,-1.0043808335822024,0.32346139340493907,2249,6.7734428473648185,3.260438056125941,0.2741027702653315,151809,55.353463000001284,0.06934720000026573,30662
pvdaq_2107,Csa,tcn,0,-1.0,2020-02-01 00:00:00,6271,1556,0.052256934344768524,0.039735518395900726,0.9497392773628235,0.14713382388800772,-0.17566658114021583,-0.7578825757188186,0.44542247355950737,2249,6.7734428473648185,3.260438056125941,0.274058913822089,198273,6.181521599999542,0.10508490000029269,30662
pvdaq_2107,Csa,tcn,1,-1.0,2020-02-01 00:00:00,6271,1556,0.05109187215566635,0.0388118214905262,0.9519554376602173,0.14385349263437963,-0.45459722899275323,-1.0998477268067837,0.15987356696076005,2249,6.7734428473648185,3.260438056125941,0.27402967619326074,198273,8.039474700000937,0.10273739999865938,30662
pvdaq_2107,Csa,tcn,2,-1.0,2020-02-01 00:00:00,6271,1556,0.05219941958785057,0.039960701018571854,0.9498498439788818,0.14697188621942012,-0.3587742440683106,-1.0451792380211442,0.5002598255191913,2249,6.7734428473648185,3.260438056125941,0.27375191871939186,198273,5.730196000000433,0.10368759999983013,30662
pvdaq_2107,Csa,tcn,3,-1.0,2020-02-01 00:00:00,6271,1556,0.051376089453697205,0.038074031472206116,0.9514194130897522,0.14465373050517588,-0.49098085918287127,-1.180340216506015,0.09286842794893568,2249,6.7734428473648185,3.260438056125941,0.27401505737884657,198273,13.134269000000131,0.1059227000005194,30662
pvdaq_2107,Csa,tcn,4,-1.0,2020-02-01 00:00:00,6271,1556,0.050772637128829956,0.0376909039914608,0.952553927898407,0.1429546593827476,-0.354151598563071,-1.1142732465929228,0.2884899957004028,2249,6.7734428473648185,3.260438056125941,0.2740735326365032,198273,13.966239100000166,0.10463249999884283,30662
pvdaq_2107,Csa,patchtst,0,-1.0,2020-02-01 00:00:00,6271,1556,0.05652511864900589,0.044393014162778854,0.941193699836731,0.1591512582364903,-0.2014239659361261,-0.982263869876401,0.6165284701165841,2249,6.7734428473648185,3.260438056125941,0.2739127256779475,25857,11.48487109999951,0.2892011000003549,30662
pvdaq_2107,Csa,patchtst,1,-1.0,2020-02-01 00:00:00,6271,1556,0.05402955412864685,0.04100460931658745,0.9462716579437256,0.15212478499913656,-0.5169067165939852,-1.1846349181759008,0.14999519873209502,2249,6.7734428473648185,3.260438056125941,0.27404429500767485,25857,22.360073300000295,0.2929851000008057,30662
pvdaq_2107,Csa,patchtst,2,-1.0,2020-02-01 00:00:00,6271,1556,0.05380641669034958,0.04099361598491669,0.9467145204544067,0.15149652264580662,-0.38059824122469754,-1.1445096110416415,0.2329444074905115,2249,6.7734428473648185,3.260438056125941,0.274058913822089,25857,22.42968589999873,0.28917940000064846,30662
pvdaq_2107,Csa,patchtst,3,-1.0,2020-02-01 00:00:00,6271,1556,0.054247647523880005,0.04084150120615959,0.9458370208740234,0.15273884542207802,-0.4900903625984776,-1.164502214249724,0.232351726851236,2249,6.7734428473648185,3.260438056125941,0.27401505737884657,25857,27.875503799999933,0.2905780999990384,30662
pvdaq_2107,Csa,patchtst,4,-1.0,2020-02-01 00:00:00,6271,1556,0.05433604121208191,0.04198865219950676,0.9456603527069092,0.15298772533659624,-0.05500442668211665,-0.9234437228110921,0.49028935114197036,2249,6.7734428473648185,3.260438056125941,0.2740004385644324,25857,18.72034260000146,0.28627440000127535,30662
pvdaq_2107,Csa,informer,0,-1.0,2020-02-01 00:00:00,6271,1556,0.05293294042348862,0.040769148617982864,0.9484304785728455,0.1490371762484315,-0.3687395894244605,-1.1293901689084922,0.28949916069119785,2249,6.7734428473648185,3.260438056125941,0.2738250127914626,81537,21.049906800000826,0.13857239999924786,30662
pvdaq_2107,Csa,informer,1,-1.0,2020-02-01 00:00:00,6271,1556,0.05253574997186661,0.040030281990766525,0.9492015242576599,0.14791885289686654,-0.3002653641465347,-1.095741392329779,0.3677816121921973,2249,6.7734428473648185,3.260438056125941,0.27401505737884657,81537,21.443452699999398,0.14497379999920668,30662
pvdaq_2107,Csa,informer,2,-1.0,2020-02-01 00:00:00,6271,1556,0.0534796416759491,0.040890347212553024,0.9473598003387451,0.150576459920684,-0.5827754492761739,-1.17034816997595,0.20585618178202703,2249,6.7734428473648185,3.260438056125941,0.27404429500767485,81537,16.097409799998786,0.13573139999971318,30662
pvdaq_2107,Csa,informer,3,-1.0,2020-02-01 00:00:00,6271,1556,0.05195007473230362,0.039707597345113754,0.9503278136253357,0.14626983466351787,-0.6300373340123788,-1.362837667756056,-0.04741797120267001,2249,6.7734428473648185,3.260438056125941,0.27404429500767485,81537,30.132378500000414,0.13774780000130704,30662
pvdaq_2107,Csa,informer,4,-1.0,2020-02-01 00:00:00,6271,1556,0.05265343561768532,0.039861537516117096,0.9489736557006836,0.14825020679856687,-0.5811626798637115,-1.088001485397362,0.09784293420429524,2249,6.7734428473648185,3.260438056125941,0.27312330969958337,81537,26.167613400000846,0.14147799999955168,30662
pvdaq_2107,Csa,xgboost,0,-2.0,2020-02-01 00:00:00,6272,1556,0.05104280635714531,0.03755404055118561,0.950989305973053,0.1452444859097245,-1.2814521439052766,-1.8465596950032572,-0.8359719140373489,2249,6.7734428473648185,3.260438056125941,0.27367882464732113,687,6.608445199999551,0.13011499999993248,30662
pvdaq_2107,Csa,xgboost,1,-2.0,2020-02-01 00:00:00,6272,1556,0.05113853141665459,0.037522342056035995,0.9508053064346313,0.14551687565569224,-1.154187209183547,-1.7720519497467426,-0.5584721049915986,2249,6.7734428473648185,3.260438056125941,0.27360573057525034,933,8.841794100000698,0.1643065000007482,30662
pvdaq_2107,Csa,xgboost,2,-2.0,2020-02-01 00:00:00,6272,1556,0.051055360585451126,0.03753669187426567,0.9509652256965637,0.1452802095026538,-1.2948535300207453,-1.7810082707749375,-0.6263175386022193,2249,6.7734428473648185,3.260438056125941,0.2736495870184928,775,7.457497800000056,0.12155189999975846,30662
pvdaq_2107,Csa,xgboost,3,-2.0,2020-02-01 00:00:00,6272,1556,0.05113077163696289,0.03779027238488197,0.95082026720047,0.14549479487110123,-1.3176845295992057,-1.9564553672823903,-0.797178631079487,2249,6.7734428473648185,3.260438056125941,0.2737226810905636,519,5.251009499999782,0.08384990000013204,30662
pvdaq_2107,Csa,xgboost,4,-2.0,2020-02-01 00:00:00,6272,1556,0.05090499296784401,0.037306513637304306,0.9512535929679871,0.14485233202342584,-1.1564014340472162,-1.7561854084581596,-0.6440955339068516,2249,6.7734428473648185,3.260438056125941,0.2736349682040787,966,9.28409709999869,0.1694840000000113,30662
pvdaq_2107,Csa,random_forest,0,-2.0,2020-02-01 00:00:00,6272,1556,0.050794485956430435,0.037195172160863876,0.9514650106430054,0.1445378796018666,-1.1910156742913447,-1.6908481733251035,-0.7780858834989695,2249,6.7734428473648185,3.260438056125941,0.2736349682040787,3065606,2.3618866999986494,0.5016783999999461,30662
pvdaq_2107,Csa,random_forest,1,-2.0,2020-02-01 00:00:00,6272,1556,0.05092008411884308,0.037274133414030075,0.951224684715271,0.14489527453824977,-1.1900400833318558,-1.6928446266901154,-0.8276934799719582,2249,6.7734428473648185,3.260438056125941,0.2736203493896645,3065770,2.2499848999996175,0.5040098999998008,30662
pvdaq_2107,Csa,random_forest,2,-2.0,2020-02-01 00:00:00,6272,1556,0.05086272954940796,0.03717567026615143,0.951334536075592,0.144732069660879,-1.1394937530284754,-1.641968385954723,-0.760913941128577,2249,6.7734428473648185,3.260438056125941,0.2736495870184928,3064568,2.2476033000002644,0.52567850000014,30662
pvdaq_2107,Csa,random_forest,3,-2.0,2020-02-01 00:00:00,6272,1556,0.0508086159825325,0.03724082186818123,0.9514380097389221,0.14457808719473925,-1.189355541985071,-1.7286192178346704,-0.7615199374773285,2249,6.7734428473648185,3.260438056125941,0.2736495870184928,3066552,2.2903389999992214,0.5113100999988092,30662
pvdaq_2107,Csa,random_forest,4,-2.0,2020-02-01 00:00:00,6272,1556,0.05090967193245888,0.0373375229537487,0.9512446522712708,0.14486564621711107,-1.201087680587043,-1.607660824916608,-0.7795727121888283,2249,6.7734428473648185,3.260438056125941,0.2736203493896645,3065412,2.2347804000000906,0.5236882000008336,30662
pvdaq_2107,Csa,lstm,0,-2.0,2020-02-01 00:00:00,6272,1556,0.05208075791597366,0.03915318101644516,0.9489758014678955,0.14819802140905383,-1.2334439201661107,-1.8333538415857165,-0.7062247617880725,2249,6.7734428473648185,3.260438056125941,0.27375191871939186,13729,86.93512250000094,0.06851049999932002,30662
pvdaq_2107,Csa,lstm,1,-2.0,2020-02-01 00:00:00,6272,1556,0.053231317549943924,0.04074602574110031,0.9466964602470398,0.15147198799653355,-1.4094305161191143,-2.0195106608098454,-0.7047275416601851,2249,6.7734428473648185,3.260438056125941,0.2738103939770485,13729,58.820052200000646,0.06113469999945664,30662
pvdaq_2107,Csa,lstm,2,-2.0,2020-02-01 00:00:00,6272,1556,0.05247247591614723,0.03960660845041275,0.9482053518295288,0.1493126717117567,-1.2008883587617758,-1.8786541352440844,-0.5923234014527318,2249,6.7734428473648185,3.260438056125941,0.27378115634822014,13729,82.29933859999983,0.0662214000003587,30662
pvdaq_2107,Csa,lstm,3,-2.0,2020-02-01 00:00:00,6272,1556,0.05197272077202797,0.039588700979948044,0.9491872787475586,0.14789059710088096,-1.3633625306856643,-1.9879689485097773,-0.7000197797607299,2249,6.7734428473648185,3.260438056125941,0.27378115634822014,13729,106.93081229999916,0.06307620000006864,30662
pvdaq_2107,Csa,lstm,4,-2.0,2020-02-01 00:00:00,6272,1556,0.05161510035395622,0.039111994206905365,0.9498841166496277,0.1468729729246119,-1.3399682246130138,-1.9242969519486453,-0.774246266054035,2249,6.7734428473648185,3.260438056125941,0.2737372999049777,13729,112.63734609999847,0.06559769999876153,30662
pvdaq_2107,Csa,gru,0,-2.0,2020-02-01 00:00:00,6272,1556,0.05044761300086975,0.03747926279902458,0.9521256685256958,0.14355083778927735,-1.4485419971682456,-1.9703008036373246,-0.8427039251995191,2249,6.7734428473648185,3.260438056125941,0.2737372999049777,151809,119.29974539999967,0.07030790000135312,30662
pvdaq_2107,Csa,gru,1,-2.0,2020-02-01 00:00:00,6272,1556,0.05194259062409401,0.03898446634411812,0.9492461681365967,0.14780486047785066,-1.3581259884290506,-1.8493540032375524,-0.641420099504779,2249,6.7734428473648185,3.260438056125941,0.27376653753380603,151809,69.54592230000162,0.07039739999891026,30662
pvdaq_2107,Csa,gru,2,-2.0,2020-02-01 00:00:00,6272,1556,0.051957760006189346,0.0399666503071785,0.9492165446281433,0.14784802560260082,-1.3602540852350242,-1.9943014902512046,-0.7211432636746062,2249,6.7734428473648185,3.260438056125941,0.2737372999049777,151809,76.96794979999868,0.06608790000063891,30662
pvdaq_2107,Csa,gru,3,-2.0,2020-02-01 00:00:00,6272,1556,0.05176254361867905,0.0392986536026001,0.9495974183082581,0.14729252903278658,-1.1960209517688098,-1.9130943140835743,-0.628138827374608,2249,6.7734428473648185,3.260438056125941,0.27376653753380603,151809,79.22442210000008,0.07313429999885557,30662
pvdaq_2107,Csa,gru,4,-2.0,2020-02-01 00:00:00,6272,1556,0.05122261121869087,0.03826083615422249,0.9506434202194214,0.14575612832406443,-1.6361953387297068,-2.0965073106569254,-0.9941467936987989,2249,6.7734428473648185,3.260438056125941,0.2737372999049777,151809,117.31441860000086,0.06845669999893289,30662
pvdaq_2107,Csa,tcn,0,-2.0,2020-02-01 00:00:00,6272,1556,0.04972014203667641,0.03652751445770264,0.9534963965415955,0.14148078808493303,-1.4413805123150425,-1.9616965894168277,-0.700214971866566,2249,6.7734428473648185,3.260438056125941,0.2737372999049777,198273,6.987802100000408,0.10159389999898849,30662
pvdaq_2107,Csa,tcn,1,-2.0,2020-02-01 00:00:00,6272,1556,0.05077260360121727,0.03798435255885124,0.9515068531036377,0.1444756124253483,-1.6573197978064498,-2.053642566453795,-0.8850688309231863,2249,6.7734428473648185,3.260438056125941,0.27348878005993715,198273,7.525950399998692,0.10493619999942894,30662
pvdaq_2107,Csa,tcn,2,-2.0,2020-02-01 00:00:00,6272,1556,0.050618384033441544,0.037994738668203354,0.9518010020256042,0.14403677405736992,-1.6219344492470034,-2.1277977711977867,-0.7404819055437217,2249,6.7734428473648185,3.260438056125941,0.27357649294642206,198273,7.581859399999303,0.10309670000060578,30662
pvdaq_2107,Csa,tcn,3,-2.0,2020-02-01 00:00:00,6272,1556,0.05175929144024849,0.03960477560758591,0.9496037364006042,0.14728327482013753,-1.5451152428458719,-2.125467234215038,-0.911596125582886,2249,6.7734428473648185,3.260438056125941,0.2737080622761494,198273,5.155967200000305,0.10261590000118304,30662
pvdaq_2107,Csa,tcn,4,-2.0,2020-02-01 00:00:00,6272,1556,0.05022362247109413,0.037873558700084686,0.9525498151779175,0.14291346316848808,-1.274665258442105,-1.8832990608985696,-0.8538070208691712,2249,6.7734428473648185,3.260438056125941,0.2737226810905636,198273,11.215293000001111,0.10378569999920728,30662
pvdaq_2107,Csa,patchtst,0,-2.0,2020-02-01 00:00:00,6272,1556,0.053557466715574265,0.04107929393649101,0.9460412859916687,0.15240005937960777,-1.2727059374053091,-2.0251899464001744,-0.5763553481455297,2249,6.7734428473648185,3.260438056125941,0.27375191871939186,25857,15.05739209999956,0.28367289999914647,30662
pvdaq_2107,Csa,patchtst,1,-2.0,2020-02-01 00:00:00,6272,1556,0.053677137941122055,0.041023001074790955,0.9457998871803284,0.15274058896395815,-1.2597664170569622,-2.082723620755089,-0.711840308718692,2249,6.7734428473648185,3.260438056125941,0.27375191871939186,25857,21.22699079999984,0.2845411999987846,30662
pvdaq_2107,Csa,patchtst,2,-2.0,2020-02-01 00:00:00,6272,1556,0.052930139005184174,0.040368419140577316,0.9472979307174683,0.15061497158182882,-1.2428766599069663,-1.9699808182850005,-0.6868182819935664,2249,6.7734428473648185,3.260438056125941,0.27375191871939186,25857,19.594229399999676,0.2872623000002932,30662
pvdaq_2107,Csa,patchtst,3,-2.0,2020-02-01 00:00:00,6272,1556,0.05333012342453003,0.04058591648936272,0.9464983940124512,0.1517531443334071,-1.7093124182338324,-2.33459197936393,-1.064675782327329,2249,6.7734428473648185,3.260438056125941,0.27367882464732113,25857,29.208080300000802,0.28995300000133284,30662
pvdaq_2107,Csa,patchtst,4,-2.0,2020-02-01 00:00:00,6272,1556,0.05345585197210312,0.04151581600308418,0.9462458491325378,0.15211091028633403,-1.2096992510049245,-2.0165606063401675,-0.6369763686598418,2249,6.7734428473648185,3.260438056125941,0.27367882464732113,25857,20.985821000000215,0.28936199999952805,30662
pvdaq_2107,Csa,informer,0,-2.0,2020-02-01 00:00:00,6272,1556,0.052558545023202896,0.04017079621553421,0.9480352997779846,0.14955758503253963,-1.5474603469905535,-2.1142667297387177,-0.9853817283140776,2249,6.7734428473648185,3.260438056125941,0.2732694978437249,81537,22.84668740000052,0.13542510000115726,30662
pvdaq_2107,Csa,informer,1,-2.0,2020-02-01 00:00:00,6272,1556,0.05191538855433464,0.04044543579220772,0.9492993354797363,0.14772745582634628,-1.5302466770216463,-2.1116667969870333,-0.9408930604907851,2249,6.7734428473648185,3.260438056125941,0.2737226810905636,81537,15.074789900001633,0.136952900000324,30662
pvdaq_2107,Csa,informer,2,-2.0,2020-02-01 00:00:00,6272,1556,0.051684413105249405,0.039381809532642365,0.9497494697570801,0.14707020531928328,-1.7740735074337266,-2.228525808743498,-1.1935296611039092,2249,6.7734428473648185,3.260438056125941,0.27366420583290696,81537,28.844425200000842,0.14187519999904907,30662
pvdaq_2107,Csa,informer,3,-2.0,2020-02-01 00:00:00,6272,1556,0.0513475202023983,0.038976311683654785,0.9504023790359497,0.14611156217300192,-1.5288614044869502,-2.1291493762844937,-1.0664680152688524,2249,6.7734428473648185,3.260438056125941,0.27376653753380603,81537,23.187097699999867,0.14206820000072184,30662
pvdaq_2107,Csa,informer,4,-2.0,2020-02-01 00:00:00,6272,1556,0.051586173474788666,0.03924311324954033,0.9499402642250061,0.146790660254257,-1.533787763544514,-2.1531936163471768,-0.9139008738794616,2249,6.7734428473648185,3.260438056125941,0.27366420583290696,81537,19.152825400000438,0.17865079999864975,30662
