system_id,location,climate,model,seed,condition,injection,n_local_train,val_rmse,plr,ci_low,ci_high,t_center_years
dkasc_7,dkasc,BWh,xgboost,0,scratch_24,0.0,6772,0.01803082786500454,-1.072775582618024,-1.2210420922222354,-0.8835228669824668,6.4486652977412735
dkasc_7,dkasc,BWh,xgboost,0,scratch_6,0.0,1911,0.025886131450533867,-1.034014674030792,-1.195070470587134,-0.8529420728697557,6.4486652977412735
dkasc_7,dkasc,BWh,xgboost,0,zero_shot,0.0,0,0.09916294366121292,-0.6358074944832537,-0.9727760220056392,-0.2971304057478288,6.4486652977412735
dkasc_7,dkasc,BWh,xgboost,0,finetune_6,0.0,1911,0.033656664192676544,-0.973630780043883,-1.1858208736704734,-0.7830070229481243,6.4486652977412735
dkasc_7,dkasc,BWh,xgboost,1,scratch_24,0.0,6772,0.01800605095922947,-1.0816981161155925,-1.251229263168041,-0.9358865173972553,6.4486652977412735
dkasc_7,dkasc,BWh,xgboost,1,scratch_6,0.0,1911,0.025875959545373917,-1.0761313037311544,-1.2476771695773103,-0.888321073930724,6.4486652977412735
dkasc_7,dkasc,BWh,xgboost,1,zero_shot,0.0,0,0.10022655874490738,-0.5784422034098236,-0.9913778809032758,-0.2420717291972574,6.4486652977412735
dkasc_7,dkasc,BWh,xgboost,1,finetune_6,0.0,1911,0.03435957431793213,-0.9586247241232138,-1.2119457721514348,-0.7350095015969393,6.4486652977412735
dkasc_7,dkasc,BWh,xgboost,2,scratch_24,0.0,6772,0.017997760325670242,-1.0703797714252006,-1.2166598227448144,-0.8623000679047973,6.4486652977412735
dkasc_7,dkasc,BWh,xgboost,2,scratch_6,0.0,1911,0.02592453733086586,-1.063041877659343,-1.262997534455502,-0.8730966979720413,6.4486652977412735
dkasc_7,dkasc,BWh,xgboost,2,zero_shot,0.0,0,0.09878458827733994,-0.5960562892529886,-0.9733224391354933,-0.30583893469186635,6.4486652977412735
dkasc_7,dkasc,BWh,xgboost,2,finetune_6,0.0,1911,0.03317147120833397,-1.0344908003649511,-1.2450835516072178,-0.7893216549269777,6.4486652977412735
dkasc_7,dkasc,BWh,xgboost,3,scratch_24,0.0,6772,0.017947465181350708,-1.05056624516483,-1.2277315183753634,-0.8981965850943685,6.4486652977412735
dkasc_7,dkasc,BWh,xgboost,3,scratch_6,0.0,1911,0.02590969204902649,-1.0538565820768397,-1.2297226253652815,-0.8916392965448994,6.4486652977412735
dkasc_7,dkasc,BWh,xgboost,3,zero_shot,0.0,0,0.09889945387840271,-0.5830634935862654,-0.943615193861369,-0.27362531726462525,6.4486652977412735
dkasc_7,dkasc,BWh,xgboost,3,finetune_6,0.0,1911,0.0337328240275383,-1.0208417837450412,-1.186165425983724,-0.8040270403536831,6.4486652977412735
dkasc_7,dkasc,BWh,xgboost,4,scratch_24,0.0,6772,0.017944002524018288,-1.0811519362578625,-1.2495342587081535,-0.873217893191991,6.4486652977412735
dkasc_7,dkasc,BWh,xgboost,4,scratch_6,0.0,1911,0.025856448337435722,-1.038853660837602,-1.2106245928220516,-0.8908189174343741,6.4486652977412735
dkasc_7,dkasc,BWh,xgboost,4,zero_shot,0.0,0,0.10025657713413239,-0.621503943038983,-1.0181698912642867,-0.26832643753365026,6.4486652977412735
dkasc_7,dkasc,BWh,xgboost,4,finetune_6,0.0,1911,0.03404969722032547,-0.9555439385347746,-1.2042642521772007,-0.746320315585991,6.4486652977412735
dkasc_7,dkasc,BWh,tcn,0,scratch_24,0.0,6772,0.01885000430047512,-1.0072188378648206,-1.193324886347871,-0.8358502680198998,6.4486652977412735
dkasc_7,dkasc,BWh,tcn,0,scratch_6,0.0,1911,0.027882808819413185,-0.9971953275679346,-1.2433995759269385,-0.8055601813957147,6.4486652977412735
dkasc_7,dkasc,BWh,tcn,0,zero_shot,0.0,0,0.10317566990852356,-0.867313886386456,-1.1746238682625032,-0.494547460140915,6.4486652977412735
dkasc_7,dkasc,BWh,tcn,0,finetune_6,0.0,1911,0.03484003618359566,-0.9679161156643912,-1.2015927256540881,-0.725374215982566,6.4486652977412735
dkasc_7,dkasc,BWh,tcn,1,scratch_24,0.0,6772,0.018986433744430542,-1.0319545440671152,-1.218454041837258,-0.8436611463937366,6.4486652977412735
dkasc_7,dkasc,BWh,tcn,1,scratch_6,0.0,1911,0.028585970401763916,-1.0619265077767892,-1.2654318780556024,-0.8991384234306898,6.4486652977412735
dkasc_7,dkasc,BWh,tcn,1,zero_shot,0.0,0,0.10319526493549347,-0.5274130403828736,-0.9329805740995234,-0.02739999364695933,6.45687885010267
dkasc_7,dkasc,BWh,tcn,1,finetune_6,0.0,1911,0.037158939987421036,-0.9588658444168507,-1.276311038312894,-0.6981189158035028,6.458247775496236
dkasc_7,dkasc,BWh,tcn,2,scratch_24,0.0,6772,0.01866932027041912,-1.0231343479662673,-1.2519522866076271,-0.8513739053990999,6.4486652977412735
dkasc_7,dkasc,BWh,tcn,2,scratch_6,0.0,1911,0.03063068352639675,-1.087114905596925,-1.249171893336154,-0.9007063027938966,6.4486652977412735
dkasc_7,dkasc,BWh,tcn,2,zero_shot,0.0,0,0.10743173956871033,-0.7523195385865433,-1.0870113010388405,-0.3441100951145982,6.4486652977412735
dkasc_7,dkasc,BWh,tcn,2,finetune_6,0.0,1911,0.03472478315234184,-0.995017951508026,-1.2289791281449938,-0.7346511929751998,6.4486652977412735
dkasc_7,dkasc,BWh,tcn,3,scratch_24,0.0,6772,0.018612898886203766,-1.03775605960148,-1.2309145674544775,-0.860971077300321,6.4486652977412735
dkasc_7,dkasc,BWh,tcn,3,scratch_6,0.0,1911,0.0317673534154892,-1.047336378655317,-1.2477020064135314,-0.8120710198304848,6.4486652977412735
dkasc_7,dkasc,BWh,tcn,3,zero_shot,0.0,0,0.1226096972823143,-0.45741696843262236,-0.8701753521013211,-0.1139054273442297,6.45687885010267
dkasc_7,dkasc,BWh,tcn,3,finetune_6,0.0,1911,0.032241340726614,-0.9078037733552868,-1.141596855387761,-0.6685461640802193,6.45687885010267
dkasc_7,dkasc,BWh,tcn,4,scratch_24,0.0,6772,0.019639378413558006,-0.9620475929448924,-1.1627003771858102,-0.8107221256263397,6.4486652977412735
dkasc_7,dkasc,BWh,tcn,4,scratch_6,0.0,1911,0.03412123769521713,-0.998618939360725,-1.144129945738881,-0.8269841119158627,6.4486652977412735
dkasc_7,dkasc,BWh,tcn,4,zero_shot,0.0,0,0.11460543423891068,-0.6255269750172987,-1.0158133586538276,-0.2971599142957637,6.45687885010267
dkasc_7,dkasc,BWh,tcn,4,finetune_6,0.0,1911,0.03376255929470062,-0.8223513942656406,-1.1298774266759473,-0.5930261269958548,6.45687885010267
dkasc_7,dkasc,BWh,xgboost,0,scratch_24,-1.0,6770,0.02103678695857525,-1.891865515674636,-2.097524876389527,-1.7113109129471589,6.4486652977412735
dkasc_7,dkasc,BWh,xgboost,0,scratch_6,-1.0,1911,0.032454632222652435,-1.8888024989505738,-2.042326527737115,-1.7262900002043557,6.4486652977412735
dkasc_7,dkasc,BWh,xgboost,0,zero_shot,-1.0,0,0.10850819945335388,-1.6241159928906672,-1.888788392319285,-1.2768394678100203,6.4486652977412735
dkasc_7,dkasc,BWh,xgboost,0,finetune_6,-1.0,1911,0.040232427418231964,-1.884994182788446,-2.0527235064994542,-1.6453329761847435,6.4486652977412735
dkasc_7,dkasc,BWh,xgboost,1,scratch_24,-1.0,6770,0.02097393199801445,-1.914258685585977,-2.096290781852217,-1.7099461675590997,6.4486652977412735
dkasc_7,dkasc,BWh,xgboost,1,scratch_6,-1.0,1911,0.0324137806892395,-1.8984325340481445,-2.0875217930726673,-1.754567747469915,6.4486652977412735
dkasc_7,dkasc,BWh,xgboost,1,zero_shot,-1.0,0,0.10955124348402023,-1.597451163832131,-1.9177690263045533,-1.2978861648474616,6.4486652977412735
dkasc_7,dkasc,BWh,xgboost,1,finetune_6,-1.0,1911,0.040678516030311584,-1.8442770588934843,-2.0555560354042712,-1.6246017813113345,6.4486652977412735
dkasc_7,dkasc,BWh,xgboost,2,scratch_24,-1.0,6770,0.021054962649941444,-1.8993344866170658,-2.122487983572152,-1.7054385364949964,6.4486652977412735
dkasc_7,dkasc,BWh,xgboost,2,scratch_6,-1.0,1911,0.03245050087571144,-1.8943024614340787,-2.0950823847651012,-1.7424464475217172,6.4486652977412735
dkasc_7,dkasc,BWh,xgboost,2,zero_shot,-1.0,0,0.10811083763837814,-1.5503943167308298,-1.8609812243252088,-1.3470038225387608,6.4486652977412735
dkasc_7,dkasc,BWh,xgboost,2,finetune_6,-1.0,1911,0.03979931026697159,-1.83931157408056,-2.073327488768262,-1.659685373523434,6.4486652977412735
dkasc_7,dkasc,BWh,xgboost,3,scratch_24,-1.0,6770,0.021097201853990555,-1.888383628571666,-2.1197685251481135,-1.7240638356130915,6.4486652977412735
dkasc_7,dkasc,BWh,xgboost,3,scratch_6,-1.0,1911,0.032515641301870346,-1.8704489034541472,-2.058333719813951,-1.717387585000818,6.4486652977412735
dkasc_7,dkasc,BWh,xgboost,3,zero_shot,-1.0,0,0.1082400530576706,-1.5504217621156502,-1.845107058720541,-1.3047273465262261,6.4486652977412735
dkasc_7,dkasc,BWh,xgboost,3,finetune_6,-1.0,1911,0.04023359715938568,-1.8579157130799162,-2.044411704015281,-1.6443516818267279,6.4486652977412735
dkasc_7,dkasc,BWh,xgboost,4,scratch_24,-1.0,6770,0.02102867141366005,-1.8941396677719544,-2.093453700148988,-1.7162784876334491,6.4486652977412735
dkasc_7,dkasc,BWh,xgboost,4,scratch_6,-1.0,1911,0.03245531767606735,-1.9101203237200601,-2.046231325163539,-1.751230706888307,6.4486652977412735
dkasc_7,dkasc,BWh,xgboost,4,zero_shot,-1.0,0,0.10961054265499115,-1.6096339344905193,-1.9158520780630295,-1.267158969596871,6.4486652977412735
dkasc_7,dkasc,BWh,xgboost,4,finetune_6,-1.0,1911,0.04069385677576065,-1.8205419879216644,-2.0555423211848445,-1.6149944217187406,6.4486652977412735
dkasc_7,dkasc,BWh,tcn,0,scratch_24,-1.0,6770,0.022091081365942955,-1.933065999902872,-2.0826852922074424,-1.7188660715736215,6.4486652977412735
dkasc_7,dkasc,BWh,tcn,0,scratch_6,-1.0,1911,0.03431253880262375,-1.8659815543609626,-2.070324575373439,-1.6787295018073523,6.4486652977412735
dkasc_7,dkasc,BWh,tcn,0,zero_shot,-1.0,0,0.11214271187782288,-1.744047916785818,-2.037837937295739,-1.4228771688870046,6.4486652977412735
dkasc_7,dkasc,BWh,tcn,0,finetune_6,-1.0,1911,0.038872361183166504,-1.871116409290574,-2.0777607189495395,-1.6316197105905845,6.4486652977412735
dkasc_7,dkasc,BWh,tcn,1,scratch_24,-1.0,6770,0.021441379562020302,-1.8377582494988776,-1.9976664620710793,-1.6759501163960442,6.4486652977412735
dkasc_7,dkasc,BWh,tcn,1,scratch_6,-1.0,1911,0.03589379042387009,-1.9338013454012142,-2.1006053709036965,-1.7408991356944514,6.4486652977412735
dkasc_7,dkasc,BWh,tcn,1,zero_shot,-1.0,0,0.11240904778242111,-1.4817368142148069,-1.8323858349625133,-1.0107478464065012,6.45687885010267
dkasc_7,dkasc,BWh,tcn,1,finetune_6,-1.0,1911,0.04183051362633705,-1.8439510927538427,-2.102400476408328,-1.5873024681090753,6.458247775496236
dkasc_7,dkasc,BWh,tcn,2,scratch_24,-1.0,6770,0.021825304254889488,-1.8615686165684364,-2.0195957172450485,-1.6547030883079406,6.4486652977412735
dkasc_7,dkasc,BWh,tcn,2,scratch_6,-1.0,1911,0.03674906864762306,-1.8958520355590203,-2.081416965703775,-1.7307388752806516,6.4486652977412735
dkasc_7,dkasc,BWh,tcn,2,zero_shot,-1.0,0,0.11629686504602432,-1.6097499643236035,-1.950329873811063,-1.245178408360079,6.4486652977412735
dkasc_7,dkasc,BWh,tcn,2,finetune_6,-1.0,1911,0.039837807416915894,-1.8411514107232962,-2.070629339655694,-1.6541814799975518,6.4486652977412735
dkasc_7,dkasc,BWh,tcn,3,scratch_24,-1.0,6770,0.022033823654055595,-1.880178979745739,-2.04651962315221,-1.6631624366615982,6.4486652977412735
dkasc_7,dkasc,BWh,tcn,3,scratch_6,-1.0,1911,0.0359380878508091,-1.870650125196606,-2.1032814085595604,-1.6834232429548512,6.4486652977412735
dkasc_7,dkasc,BWh,tcn,3,zero_shot,-1.0,0,0.1321248561143875,-1.4164187556004348,-1.8089358766400498,-1.0885857878866312,6.455509924709103
dkasc_7,dkasc,BWh,tcn,3,finetune_6,-1.0,1911,0.03792873024940491,-1.7365898962490287,-2.0042886263998527,-1.5872244487240006,6.45687885010267
dkasc_7,dkasc,BWh,tcn,4,scratch_24,-1.0,6770,0.02205006591975689,-1.8771084443862658,-2.0218461757613455,-1.6867543685806563,6.4486652977412735
dkasc_7,dkasc,BWh,tcn,4,scratch_6,-1.0,1911,0.03609176352620125,-1.8510782132783565,-1.9998894107775957,-1.7203798195806197,6.4486652977412735
dkasc_7,dkasc,BWh,tcn,4,zero_shot,-1.0,0,0.12404553592205048,-1.5364275477911018,-1.87523877575555,-1.187838806795527,6.45687885010267
dkasc_7,dkasc,BWh,tcn,4,finetune_6,-1.0,1911,0.03861435502767563,-1.6913969762181023,-1.9840331606063466,-1.4835753336128632,6.45687885010267
dkasc_8,dkasc,BWh,xgboost,0,scratch_24,0.0,6884,0.018716514110565186,-0.9571626184577686,-1.1660792598908851,-0.7474997275983198,5.268651608487337
dkasc_8,dkasc,BWh,xgboost,0,scratch_6,0.0,1918,0.0257151760160923,-1.1080685971644564,-1.406475904499465,-0.7331276715810503,5.268651608487337
dkasc_8,dkasc,BWh,xgboost,0,zero_shot,0.0,0,0.07092203944921494,-0.8465520445761765,-1.2359559616535882,-0.5080485629461728,5.267282683093772
dkasc_8,dkasc,BWh,xgboost,0,finetune_6,0.0,1918,0.033096976578235626,-0.9760542149985507,-1.3001219201690268,-0.6787912244867411,5.268651608487337
dkasc_8,dkasc,BWh,xgboost,1,scratch_24,0.0,6884,0.018727626651525497,-0.9713942510667706,-1.189449210591577,-0.7909111041522416,5.268651608487337
dkasc_8,dkasc,BWh,xgboost,1,scratch_6,0.0,1918,0.025794100016355515,-1.0801441333559259,-1.3820428809113605,-0.7503419264734079,5.268651608487337
dkasc_8,dkasc,BWh,xgboost,1,zero_shot,0.0,0,0.07190480828285217,-0.8683330274868325,-1.206308874975448,-0.4770135227512795,5.267282683093772
dkasc_8,dkasc,BWh,xgboost,1,finetune_6,0.0,1918,0.03373933583498001,-0.9755822406033381,-1.2909954503091847,-0.6983125761409581,5.268651608487337
dkasc_8,dkasc,BWh,xgboost,2,scratch_24,0.0,6884,0.018721139058470726,-0.9728508696248581,-1.1547972189355493,-0.7841368919656428,5.268651608487337
dkasc_8,dkasc,BWh,xgboost,2,scratch_6,0.0,1918,0.025607937946915627,-1.045401600785981,-1.3395506831223813,-0.695904461440773,5.268651608487337
dkasc_8,dkasc,BWh,xgboost,2,zero_shot,0.0,0,0.07073058187961578,-0.7931150249477104,-1.3001892858070896,-0.4314075711034557,5.267282683093772
dkasc_8,dkasc,BWh,xgboost,2,finetune_6,0.0,1918,0.032575611025094986,-1.0333303521493475,-1.2709245427932816,-0.7310036778204698,5.268651608487337
dkasc_8,dkasc,BWh,xgboost,3,scratch_24,0.0,6884,0.018636351451277733,-0.9287512182694392,-1.130658977658625,-0.7731238578262104,5.268651608487337
dkasc_8,dkasc,BWh,xgboost,3,scratch_6,0.0,1918,0.025654654949903488,-1.089339743370807,-1.3738738668760317,-0.7451081814830562,5.268651608487337
dkasc_8,dkasc,BWh,xgboost,3,zero_shot,0.0,0,0.07076247036457062,-0.8418813490174648,-1.195203364782027,-0.5120635534100935,5.267282683093772
dkasc_8,dkasc,BWh,xgboost,3,finetune_6,0.0,1918,0.033146969974040985,-1.0554107580535605,-1.3496949332890302,-0.7297853366710738,5.268651608487337
dkasc_8,dkasc,BWh,xgboost,4,scratch_24,0.0,6884,0.018696758896112442,-0.9318240810018419,-1.1446984786339653,-0.7606290438105046,5.268651608487337
dkasc_8,dkasc,BWh,xgboost,4,scratch_6,0.0,1918,0.025704508647322655,-1.0911360258697878,-1.3641921149328384,-0.7405830639143671,5.268651608487337
dkasc_8,dkasc,BWh,xgboost,4,zero_shot,0.0,0,0.07165403664112091,-0.8553796972967875,-1.264680791214956,-0.5228342953856879,5.267282683093772
dkasc_8,dkasc,BWh,xgboost,4,finetune_6,0.0,1918,0.033435627818107605,-1.0046773778956908,-1.3704092830515855,-0.7165143981026689,5.268651608487337
dkasc_8,dkasc,BWh,tcn,0,scratch_24,0.0,6884,0.01805207133293152,-0.948107099605187,-1.1677226531190996,-0.7421819268415988,5.267282683093772
dkasc_8,dkasc,BWh,tcn,0,scratch_6,0.0,1918,0.02926119789481163,-1.0571814595188855,-1.3223730272162537,-0.8367692619664524,5.267282683093772
dkasc_8,dkasc,BWh,tcn,0,zero_shot,0.0,0,0.08153681457042694,-0.9090504298667534,-1.2823981293625608,-0.5608900916941992,5.267282683093772
dkasc_8,dkasc,BWh,tcn,0,finetune_6,0.0,1918,0.03634710982441902,-1.0834547085538437,-1.4019311865585582,-0.7749994087078259,5.267282683093772
dkasc_8,dkasc,BWh,tcn,1,scratch_24,0.0,6884,0.018927356228232384,-0.9710571586058246,-1.1703957464772041,-0.7521659792224944,5.268651608487337
dkasc_8,dkasc,BWh,tcn,1,scratch_6,0.0,1918,0.025752246379852295,-1.0208990669425242,-1.2752351606173218,-0.8487368354387613,5.268651608487337
dkasc_8,dkasc,BWh,tcn,1,zero_shot,0.0,0,0.08018713444471359,-0.6377075677783026,-1.0415188964296598,-0.26519543887705266,5.260438056125941
dkasc_8,dkasc,BWh,tcn,1,finetune_6,0.0,1918,0.030944477766752243,-1.0972505302593971,-1.3269014308067695,-0.8262517719755946,5.260438056125941
dkasc_8,dkasc,BWh,tcn,2,scratch_24,0.0,6884,0.01849965937435627,-0.96580832089046,-1.187906665530064,-0.730571324431939,5.268651608487337
dkasc_8,dkasc,BWh,tcn,2,scratch_6,0.0,1918,0.026624547317624092,-1.013957451329075,-1.2363921063708507,-0.8274054788568019,5.268651608487337
dkasc_8,dkasc,BWh,tcn,2,zero_shot,0.0,0,0.08933121711015701,-0.8939486122113482,-1.25246872498589,-0.5311617463397172,5.267282683093772
dkasc_8,dkasc,BWh,tcn,2,finetune_6,0.0,1918,0.03127779811620712,-1.1015360525940432,-1.345449118013986,-0.8587378729057016,5.267282683093772
dkasc_8,dkasc,BWh,tcn,3,scratch_24,0.0,6884,0.018170742318034172,-1.040005744028183,-1.2693868249660456,-0.7960467856966332,5.267282683093772
dkasc_8,dkasc,BWh,tcn,3,scratch_6,0.0,1918,0.025913208723068237,-1.1085356092751297,-1.2701503332907649,-0.8818206197025502,5.267282683093772
dkasc_8,dkasc,BWh,tcn,3,zero_shot,0.0,0,0.08594595640897751,-0.8833463510243265,-1.2192578965613265,-0.5005802035039975,5.260438056125941
dkasc_8,dkasc,BWh,tcn,3,finetune_6,0.0,1918,0.02865276113152504,-1.1598372681614102,-1.4526126685407117,-0.9194649813862243,5.260438056125941
dkasc_8,dkasc,BWh,tcn,4,scratch_24,0.0,6884,0.018898654729127884,-1.0320061997841634,-1.3083981250038512,-0.7938708986769627,5.267282683093772
dkasc_8,dkasc,BWh,tcn,4,scratch_6,0.0,1918,0.02541169337928295,-0.9889981308479991,-1.2541477981325988,-0.7669683550758807,5.268651608487337
dkasc_8,dkasc,BWh,tcn,4,zero_shot,0.0,0,0.09197811037302017,-0.8874654742894994,-1.2784600164172044,-0.5565345122036365,5.260438056125941
dkasc_8,dkasc,BWh,tcn,4,finetune_6,0.0,1918,0.031166568398475647,-1.0978081060829425,-1.3944099871801277,-0.8147763576952349,5.260438056125941
dkasc_8,dkasc,BWh,xgboost,0,scratch_24,-1.0,6884,0.01992565207183361,-1.8841179258081653,-2.075645617126011,-1.6982695963051353,5.268651608487337
dkasc_8,dkasc,BWh,xgboost,0,scratch_6,-1.0,1918,0.028699511662125587,-1.988478080762629,-2.283927896912019,-1.691922870167395,5.268651608487337
dkasc_8,dkasc,BWh,xgboost,0,zero_shot,-1.0,0,0.07644856721162796,-1.7419526986716227,-2.1149410424610187,-1.392026848341965,5.267282683093772
dkasc_8,dkasc,BWh,xgboost,0,finetune_6,-1.0,1918,0.03629887104034424,-1.884082493698773,-2.148267890951633,-1.5928341715737035,5.268651608487337
dkasc_8,dkasc,BWh,xgboost,1,scratch_24,-1.0,6884,0.019873131066560745,-1.9277465320213183,-2.0986621766084763,-1.7247051495694525,5.268651608487337
dkasc_8,dkasc,BWh,xgboost,1,scratch_6,-1.0,1918,0.028740597888827324,-1.951658689736474,-2.296746718372234,-1.6692370745860665,5.268651608487337
dkasc_8,dkasc,BWh,xgboost,1,zero_shot,-1.0,0,0.07744383066892624,-1.73607719375628,-2.126748152229463,-1.397067322861778,5.267282683093772
dkasc_8,dkasc,BWh,xgboost,1,finetune_6,-1.0,1918,0.036624301224946976,-1.8797091059575646,-2.1631152129022384,-1.6405686037263167,5.268651608487337
dkasc_8,dkasc,BWh,xgboost,2,scratch_24,-1.0,6884,0.01993398554623127,-1.9256735260301516,-2.110413454483412,-1.7305018064283453,5.268651608487337
dkasc_8,dkasc,BWh,xgboost,2,scratch_6,-1.0,1918,0.028620289638638496,-1.9555135679543478,-2.1980418051471107,-1.656333786998537,5.268651608487337
dkasc_8,dkasc,BWh,xgboost,2,zero_shot,-1.0,0,0.07625366002321243,-1.7223424768067708,-2.1658850381275503,-1.3264587551227391,5.267282683093772
dkasc_8,dkasc,BWh,xgboost,2,finetune_6,-1.0,1918,0.03537470102310181,-1.9204408139867346,-2.170598277329182,-1.6503597890087915,5.268651608487337
dkasc_8,dkasc,BWh,xgboost,3,scratch_24,-1.0,6884,0.019884148612618446,-1.910819759434229,-2.0800463844760118,-1.7395224280735209,5.268651608487337
dkasc_8,dkasc,BWh,xgboost,3,scratch_6,-1.0,1918,0.02865290269255638,-1.9818510371370057,-2.2480664439370215,-1.692693730310367,5.268651608487337
dkasc_8,dkasc,BWh,xgboost,3,zero_shot,-1.0,0,0.0762510597705841,-1.7232687858385387,-2.1181171937851326,-1.387232105611258,5.267282683093772
dkasc_8,dkasc,BWh,xgboost,3,finetune_6,-1.0,1918,0.036120377480983734,-1.9111855107505182,-2.1564385028864486,-1.6284329306507044,5.268651608487337
dkasc_8,dkasc,BWh,xgboost,4,scratch_24,-1.0,6884,0.019967095926404,-1.9061837775639225,-2.086990530370116,-1.7642899253716406,5.268651608487337
dkasc_8,dkasc,BWh,xgboost,4,scratch_6,-1.0,1918,0.02873046137392521,-1.9827480059561085,-2.304409567636114,-1.7083036885262137,5.268651608487337
dkasc_8,dkasc,BWh,xgboost,4,zero_shot,-1.0,0,0.07721392065286636,-1.7463457857605613,-2.1646685710112523,-1.3994044959771634,5.267282683093772
dkasc_8,dkasc,BWh,xgboost,4,finetune_6,-1.0,1918,0.03642457351088524,-1.8966431075034151,-2.2157224129289887,-1.6438183187421518,5.268651608487337
dkasc_8,dkasc,BWh,tcn,0,scratch_24,-1.0,6884,0.02004651166498661,-1.9537320505343272,-2.167165754273838,-1.7603172742185378,5.268651608487337
dkasc_8,dkasc,BWh,tcn,0,scratch_6,-1.0,1918,0.032461754977703094,-1.965392629953382,-2.1868727790485876,-1.7531838629375462,5.267282683093772
dkasc_8,dkasc,BWh,tcn,0,zero_shot,-1.0,0,0.0864085778594017,-1.7995388786718456,-2.14377485512266,-1.436691404188628,5.267282683093772
dkasc_8,dkasc,BWh,tcn,0,finetune_6,-1.0,1918,0.03828158229589462,-2.0059490624786736,-2.3292554712247338,-1.7790944584423871,5.267282683093772
dkasc_8,dkasc,BWh,tcn,1,scratch_24,-1.0,6884,0.02019605226814747,-1.854511156711311,-2.09654220380745,-1.6578229349472229,5.268651608487337
dkasc_8,dkasc,BWh,tcn,1,scratch_6,-1.0,1918,0.03009362518787384,-2.0161897191363938,-2.177963451138275,-1.83144433819176,5.268651608487337
dkasc_8,dkasc,BWh,tcn,1,zero_shot,-1.0,0,0.08549363166093826,-1.5417190134804304,-1.9872646122251423,-1.1667220672565652,5.260438056125941
dkasc_8,dkasc,BWh,tcn,1,finetune_6,-1.0,1918,0.03389693796634674,-2.0520743256053837,-2.246937443934727,-1.7387219131892506,5.260438056125941
dkasc_8,dkasc,BWh,tcn,2,scratch_24,-1.0,6884,0.020513786002993584,-1.9118355121003416,-2.0909020329071715,-1.6631611470508345,5.268651608487337
dkasc_8,dkasc,BWh,tcn,2,scratch_6,-1.0,1918,0.03209462761878967,-1.9714573805408475,-2.165085356145397,-1.8075769769388184,5.268651608487337
dkasc_8,dkasc,BWh,tcn,2,zero_shot,-1.0,0,0.09442681819200516,-1.7627623218952504,-2.140780943155063,-1.4236771783780269,5.267282683093772
dkasc_8,dkasc,BWh,tcn,2,finetune_6,-1.0,1918,0.03406573832035065,-2.065634720094134,-2.2987210016804287,-1.8068753724497233,5.267282683093772
dkasc_8,dkasc,BWh,tcn,3,scratch_24,-1.0,6884,0.01944451779127121,-1.959256249137431,-2.2073372970679572,-1.7395560857432768,5.267282683093772
dkasc_8,dkasc,BWh,tcn,3,scratch_6,-1.0,1918,0.030032314360141754,-2.0841732567104865,-2.2518827482767025,-1.8771572950022186,5.267282683093772
dkasc_8,dkasc,BWh,tcn,3,zero_shot,-1.0,0,0.09200122952461243,-1.7356407150573072,-2.060842847562369,-1.3564706156364528,5.260438056125941
dkasc_8,dkasc,BWh,tcn,3,finetune_6,-1.0,1918,0.031344957649707794,-2.102917306715125,-2.3432188818927777,-1.8437836755533012,5.260438056125941
dkasc_8,dkasc,BWh,tcn,4,scratch_24,-1.0,6884,0.019737092778086662,-1.8990039171033941,-2.1010317253968513,-1.650854632074698,5.268651608487337
dkasc_8,dkasc,BWh,tcn,4,scratch_6,-1.0,1918,0.03350500389933586,-1.9093902433945802,-2.177824583157571,-1.66853093762303,5.268651608487337
dkasc_8,dkasc,BWh,tcn,4,zero_shot,-1.0,0,0.09763096272945404,-1.789038254968959,-2.140747344762678,-1.4676239182197737,5.260438056125941
dkasc_8,dkasc,BWh,tcn,4,finetune_6,-1.0,1918,0.033216506242752075,-2.0229287515325893,-2.3079953818797017,-1.7092756205184818,5.260438056125941
dkasc_10,dkasc,BWh,xgboost,0,scratch_24,0.0,6885,0.01912664994597435,-1.1972902589814371,-1.3195428237401385,-1.0551796433215577,5.22621492128679
dkasc_10,dkasc,BWh,xgboost,0,scratch_6,0.0,1919,0.025348879396915436,-1.293569109427467,-1.4475762813806747,-1.134617770347568,5.22621492128679
dkasc_10,dkasc,BWh,xgboost,0,zero_shot,0.0,0,0.060926854610443115,-1.0862012462327209,-1.328777689824967,-0.8374341683973712,5.224845995893224
dkasc_10,dkasc,BWh,xgboost,0,finetune_6,0.0,1919,0.03188997879624367,-1.161615954906632,-1.3638435769134647,-0.9691143057371439,5.224845995893224
dkasc_10,dkasc,BWh,xgboost,1,scratch_24,0.0,6885,0.019123369827866554,-1.2089439776496458,-1.3474286909627082,-1.0711553820729574,5.22621492128679
dkasc_10,dkasc,BWh,xgboost,1,scratch_6,0.0,1919,0.02522435039281845,-1.300057249577964,-1.4666084392449263,-1.164221719642522,5.22621492128679
dkasc_10,dkasc,BWh,xgboost,1,zero_shot,0.0,0,0.061869826167821884,-1.0771554394325866,-1.319612477627008,-0.8239278722624531,5.224845995893224
dkasc_10,dkasc,BWh,xgboost,1,finetune_6,0.0,1919,0.032401956617832184,-1.2530723857770765,-1.3667979151769205,-1.0164610777877559,5.224845995893224
dkasc_10,dkasc,BWh,xgboost,2,scratch_24,0.0,6885,0.01910441368818283,-1.1814810445667068,-1.3230139402800325,-1.073585793720322,5.22621492128679
dkasc_10,dkasc,BWh,xgboost,2,scratch_6,0.0,1919,0.02526584453880787,-1.286141854803974,-1.4419347103211355,-1.1419131632728452,5.22621492128679
dkasc_10,dkasc,BWh,xgboost,2,zero_shot,0.0,0,0.06059875711798668,-1.0477341289844122,-1.2951067044066122,-0.7979334827718176,5.224845995893224
dkasc_10,dkasc,BWh,xgboost,2,finetune_6,0.0,1919,0.031369104981422424,-1.2135568638746652,-1.405514738219232,-1.0317174020035513,5.224845995893224
dkasc_10,dkasc,BWh,xgboost,3,scratch_24,0.0,6885,0.01911967620253563,-1.1924572474410589,-1.3276441556734964,-1.071735639830049,5.22621492128679
dkasc_10,dkasc,BWh,xgboost,3,scratch_6,0.0,1919,0.02511768974363804,-1.3331805425390764,-1.4702488527659818,-1.1531702576670189,5.22621492128679
dkasc_10,dkasc,BWh,xgboost,3,zero_shot,0.0,0,0.06077064573764801,-1.0210772471501894,-1.3210583134555365,-0.7751418696068546,5.224845995893224
dkasc_10,dkasc,BWh,xgboost,3,finetune_6,0.0,1919,0.03203212842345238,-1.1737056910493981,-1.376102327056694,-0.9493999071398251,5.224845995893224
dkasc_10,dkasc,BWh,xgboost,4,scratch_24,0.0,6885,0.01913958415389061,-1.2011671118847633,-1.3184683706886857,-1.0737228567971104,5.22621492128679
dkasc_10,dkasc,BWh,xgboost,4,scratch_6,0.0,1919,0.02529051899909973,-1.3041635398835045,-1.4546691774051712,-1.1476417783755521,5.22621492128679
dkasc_10,dkasc,BWh,xgboost,4,zero_shot,0.0,0,0.06179637461900711,-1.0606396225702142,-1.4044935842688622,-0.7931656884611393,5.224845995893224
dkasc_10,dkasc,BWh,xgboost,4,finetune_6,0.0,1919,0.03239360824227333,-1.2074737246415168,-1.4101637816738344,-1.0165139810782104,5.224845995893224
dkasc_10,dkasc,BWh,tcn,0,scratch_24,0.0,6885,0.01879243738949299,-1.2774685845737765,-1.4248479178383973,-1.14542574992169,5.22621492128679
dkasc_10,dkasc,BWh,tcn,0,scratch_6,0.0,1919,0.03308385610580444,-1.3182013418804206,-1.5096060330996308,-1.1347758340695346,5.224845995893224
dkasc_10,dkasc,BWh,tcn,0,zero_shot,0.0,0,0.06859850138425827,-1.1036635312186793,-1.4337249598745272,-0.8168893656961496,5.224845995893224
dkasc_10,dkasc,BWh,tcn,0,finetune_6,0.0,1919,0.038910724222660065,-1.328292952793153,-1.483041054943679,-1.1666187999470834,5.224845995893224
dkasc_10,dkasc,BWh,tcn,1,scratch_24,0.0,6885,0.02022191695868969,-1.3108254585971608,-1.4638348032600168,-1.1869093385284635,5.22621492128679
dkasc_10,dkasc,BWh,tcn,1,scratch_6,0.0,1919,0.031920935958623886,-1.3827791376156855,-1.4985022814284155,-1.1935881049226311,5.22621492128679
dkasc_10,dkasc,BWh,tcn,1,zero_shot,0.0,0,0.06476078927516937,-1.0823169982170977,-1.448071280012797,-0.7902247172383636,5.218001368925394
dkasc_10,dkasc,BWh,tcn,1,finetune_6,0.0,1919,0.034088291227817535,-1.2817307316243753,-1.4874036951855423,-1.0945552382918722,5.218001368925394
dkasc_10,dkasc,BWh,tcn,2,scratch_24,0.0,6885,0.02062423899769783,-1.337361640759331,-1.4928946393739484,-1.188114989888262,5.22621492128679
dkasc_10,dkasc,BWh,tcn,2,scratch_6,0.0,1919,0.029561681672930717,-1.3638804043064723,-1.5150704855910033,-1.1891316790047624,5.22621492128679
dkasc_10,dkasc,BWh,tcn,2,zero_shot,0.0,0,0.07295788824558258,-1.0214166553581094,-1.3803774602611285,-0.7218378633807587,5.224845995893224
dkasc_10,dkasc,BWh,tcn,2,finetune_6,0.0,1919,0.03429735451936722,-1.2948724633804185,-1.5181072876609858,-1.1306944138726793,5.224845995893224
dkasc_10,dkasc,BWh,tcn,3,scratch_24,0.0,6885,0.01993105746805668,-1.331572353647456,-1.4658893757056148,-1.18011384408368,5.22621492128679
dkasc_10,dkasc,BWh,tcn,3,scratch_6,0.0,1919,0.03486116975545883,-1.3117935210238598,-1.4627929031514975,-1.205595783894387,5.22621492128679
dkasc_10,dkasc,BWh,tcn,3,zero_shot,0.0,0,0.07846520841121674,-1.088581419693707,-1.392941799611914,-0.8179069714684295,5.218001368925394
dkasc_10,dkasc,BWh,tcn,3,finetune_6,0.0,1919,0.03282304108142853,-1.3665961124137407,-1.5666630008444977,-1.1686870198854304,5.218001368925394
dkasc_10,dkasc,BWh,tcn,4,scratch_24,0.0,6885,0.019981253892183304,-1.2852258035574406,-1.4253600147783207,-1.1274245382143389,5.22621492128679
dkasc_10,dkasc,BWh,tcn,4,scratch_6,0.0,1919,0.03105492703616619,-1.2784858058347535,-1.4265371855401925,-1.116290631550313,5.22621492128679
dkasc_10,dkasc,BWh,tcn,4,zero_shot,0.0,0,0.07614599913358688,-1.1797838283691342,-1.4554596805777587,-0.7997472112867798,5.218001368925394
dkasc_10,dkasc,BWh,tcn,4,finetune_6,0.0,1919,0.03522740304470062,-1.2977959307632512,-1.544094754375701,-1.108738629053141,5.218001368925394
dkasc_10,dkasc,BWh,xgboost,0,scratch_24,-1.0,6885,0.02034880220890045,-2.0423062298945527,-2.1442981997248314,-1.9491557750664468,5.22621492128679
dkasc_10,dkasc,BWh,xgboost,0,scratch_6,-1.0,1919,0.02810773439705372,-2.1629354837494827,-2.3399401870141516,-2.0440666073254983,5.22621492128679
dkasc_10,dkasc,BWh,xgboost,0,zero_shot,-1.0,0,0.0649886354804039,-1.9352581555289627,-2.1953081785816897,-1.7152591352795443,5.224845995893224
dkasc_10,dkasc,BWh,xgboost,0,finetune_6,-1.0,1919,0.033695582300424576,-2.074698771896217,-2.2286006244973677,-1.9179668614989431,5.224845995893224
dkasc_10,dkasc,BWh,xgboost,1,scratch_24,-1.0,6885,0.020255016162991524,-2.0660350579243403,-2.197199835628094,-1.9807401332040842,5.22621492128679
dkasc_10,dkasc,BWh,xgboost,1,scratch_6,-1.0,1919,0.027991721406579018,-2.1859339482642195,-2.3261647662079366,-2.008067969867346,5.22621492128679
dkasc_10,dkasc,BWh,xgboost,1,zero_shot,-1.0,0,0.06597183644771576,-1.9302468134014674,-2.2017029699809676,-1.6832081044125295,5.224845995893224
dkasc_10,dkasc,BWh,xgboost,1,finetune_6,-1.0,1919,0.03410463407635689,-2.1262888416487047,-2.2617118214387277,-1.9055128876547478,5.224845995893224
dkasc_10,dkasc,BWh,xgboost,2,scratch_24,-1.0,6885,0.02036331407725811,-2.062176922330672,-2.181785195984809,-1.9540079924952962,5.22621492128679
dkasc_10,dkasc,BWh,xgboost,2,scratch_6,-1.0,1919,0.028004655614495277,-2.174126646778799,-2.310076122227173,-2.0217877714190644,5.22621492128679
dkasc_10,dkasc,BWh,xgboost,2,zero_shot,-1.0,0,0.06466224789619446,-1.8934934341259702,-2.1380504013567503,-1.6668851256045558,5.224845995893224
dkasc_10,dkasc,BWh,xgboost,2,finetune_6,-1.0,1919,0.03312411531805992,-2.0529345826923673,-2.2506332770172333,-1.90683980322095,5.224845995893224
dkasc_10,dkasc,BWh,xgboost,3,scratch_24,-1.0,6885,0.020311135798692703,-2.070395291646393,-2.174991582024547,-1.9781928099680048,5.22621492128679
dkasc_10,dkasc,BWh,xgboost,3,scratch_6,-1.0,1919,0.027942392975091934,-2.1815458288477103,-2.314032228859718,-2.0404777118027297,5.22621492128679
dkasc_10,dkasc,BWh,xgboost,3,zero_shot,-1.0,0,0.0647839680314064,-1.886233621218214,-2.1502529050070662,-1.6797418580215795,5.224845995893224
dkasc_10,dkasc,BWh,xgboost,3,finetune_6,-1.0,1919,0.03380782529711723,-2.055554418521144,-2.259437761325922,-1.851427471972722,5.224845995893224
dkasc_10,dkasc,BWh,xgboost,4,scratch_24,-1.0,6885,0.020359404385089874,-2.0697936967848083,-2.179128729646912,-1.9624450485053118,5.22621492128679
dkasc_10,dkasc,BWh,xgboost,4,scratch_6,-1.0,1919,0.02792234905064106,-2.176335675240402,-2.3174031004644045,-2.001740181207364,5.22621492128679
dkasc_10,dkasc,BWh,xgboost,4,zero_shot,-1.0,0,0.06590297073125839,-1.9379395687458525,-2.2108275716695287,-1.635484690980793,5.224845995893224
dkasc_10,dkasc,BWh,xgboost,4,finetune_6,-1.0,1919,0.03415229171514511,-2.074463940440896,-2.2947692331293568,-1.8629425288088086,5.224845995893224
dkasc_10,dkasc,BWh,tcn,0,scratch_24,-1.0,6885,0.02042277157306671,-2.178466064574219,-2.3202241309556375,-2.0284030887590565,5.22621492128679
dkasc_10,dkasc,BWh,tcn,0,scratch_6,-1.0,1919,0.033556923270225525,-2.1987116927383363,-2.413373174626593,-2.0349380738686973,5.22621492128679
dkasc_10,dkasc,BWh,tcn,0,zero_shot,-1.0,0,0.07232116162776947,-1.9666501647323198,-2.282862377051592,-1.7032794063133678,5.224845995893224
dkasc_10,dkasc,BWh,tcn,0,finetune_6,-1.0,1919,0.03975021466612816,-2.2160164506539903,-2.4098957176361346,-2.032082351311546,5.224845995893224
dkasc_10,dkasc,BWh,tcn,1,scratch_24,-1.0,6885,0.020749898627400398,-2.186798347303072,-2.3099435754527664,-2.054047653401103,5.22621492128679
dkasc_10,dkasc,BWh,tcn,1,scratch_6,-1.0,1919,0.035521961748600006,-2.198846292372003,-2.3540492020697075,-2.0656871239007057,5.22621492128679
dkasc_10,dkasc,BWh,tcn,1,zero_shot,-1.0,0,0.0691566914319992,-1.9905679020809735,-2.3228443960552903,-1.7526575567137215,5.218001368925394
dkasc_10,dkasc,BWh,tcn,1,finetune_6,-1.0,1919,0.036035750061273575,-2.1741253911275296,-2.3811348785275235,-1.9626889809443133,5.218001368925394
dkasc_10,dkasc,BWh,tcn,2,scratch_24,-1.0,6885,0.021765142679214478,-2.2293446176993745,-2.358265717106751,-2.0807722026107003,5.22621492128679
dkasc_10,dkasc,BWh,tcn,2,scratch_6,-1.0,1919,0.0327608548104763,-2.204138738351774,-2.3801633070018258,-2.0504262650259895,5.22621492128679
dkasc_10,dkasc,BWh,tcn,2,zero_shot,-1.0,0,0.07730783522129059,-1.8970848449765598,-2.2148944855723385,-1.592387672509421,5.224845995893224
dkasc_10,dkasc,BWh,tcn,2,finetune_6,-1.0,1919,0.035980481654405594,-2.2035147015808,-2.361446950927293,-1.9481424535071845,5.224845995893224
dkasc_10,dkasc,BWh,tcn,3,scratch_24,-1.0,6885,0.020898884162306786,-2.2628303642441834,-2.4010191813082784,-2.119204337942293,5.22621492128679
dkasc_10,dkasc,BWh,tcn,3,scratch_6,-1.0,1919,0.03336899355053902,-2.2027376583137634,-2.351656641599972,-2.052338519153263,5.22621492128679
dkasc_10,dkasc,BWh,tcn,3,zero_shot,-1.0,0,0.08324859291315079,-2.013195794011069,-2.3160302849420296,-1.7057502272570633,5.218001368925394
dkasc_10,dkasc,BWh,tcn,3,finetune_6,-1.0,1919,0.03403608873486519,-2.2405523897343627,-2.44074409264439,-2.0046786345960426,5.218001368925394
dkasc_10,dkasc,BWh,tcn,4,scratch_24,-1.0,6885,0.021434109658002853,-2.1711218951267597,-2.28279369846378,-2.0576907623153335,5.22621492128679
dkasc_10,dkasc,BWh,tcn,4,scratch_6,-1.0,1919,0.033453475683927536,-2.122544166976518,-2.281117724395804,-2.006106170290267,5.22621492128679
dkasc_10,dkasc,BWh,tcn,4,zero_shot,-1.0,0,0.08116382360458374,-2.062900815572799,-2.29803449734447,-1.7130460478233134,5.218001368925394
dkasc_10,dkasc,BWh,tcn,4,finetune_6,-1.0,1919,0.03699424862861633,-2.1512893002660514,-2.3479775500934164,-1.9766453624468217,5.218001368925394
dkasc_11,dkasc,BWh,xgboost,0,scratch_24,0.0,6845,0.017313746735453606,-1.2020896520783693,-1.3214710942803465,-1.0947763801789079,5.275496235455167
dkasc_11,dkasc,BWh,xgboost,0,scratch_6,0.0,1915,0.022828103974461555,-1.2948306982543278,-1.4346477660111656,-1.1429792536140293,5.275496235455167
dkasc_11,dkasc,BWh,xgboost,0,zero_shot,0.0,0,0.06329687684774399,-1.1237762596501943,-1.370144361248582,-0.8083604828926227,5.274127310061601
dkasc_11,dkasc,BWh,xgboost,0,finetune_6,0.0,1915,0.03142380714416504,-1.1871487058515253,-1.4098055467902548,-1.0162570769804424,5.274127310061601
dkasc_11,dkasc,BWh,xgboost,1,scratch_24,0.0,6845,0.017212428152561188,-1.2148153192114264,-1.34947941486165,-1.0838290641715598,5.275496235455167
dkasc_11,dkasc,BWh,xgboost,1,scratch_6,0.0,1915,0.022753017023205757,-1.3156437905903817,-1.442727397096934,-1.156361015856644,5.275496235455167
dkasc_11,dkasc,BWh,xgboost,1,zero_shot,0.0,0,0.0643925666809082,-1.0465014401520756,-1.3088369552212653,-0.7724171356852216,5.274127310061601
dkasc_11,dkasc,BWh,xgboost,1,finetune_6,0.0,1915,0.03205070272088051,-1.221788609816149,-1.430635017310638,-1.009225418411644,5.274127310061601
dkasc_11,dkasc,BWh,xgboost,2,scratch_24,0.0,6845,0.01725044660270214,-1.2065964151200759,-1.3263273684601007,-1.1012661340110772,5.275496235455167
dkasc_11,dkasc,BWh,xgboost,2,scratch_6,0.0,1915,0.02280142717063427,-1.3111804131295202,-1.4394686489319408,-1.1714452938639222,5.275496235455167
dkasc_11,dkasc,BWh,xgboost,2,zero_shot,0.0,0,0.06298255920410156,-1.0761995897858811,-1.3342820865131355,-0.8334769278802883,5.274127310061601
dkasc_11,dkasc,BWh,xgboost,2,finetune_6,0.0,1915,0.030721258372068405,-1.1783277539780135,-1.369691246644844,-1.0119086957014578,5.274127310061601
dkasc_11,dkasc,BWh,xgboost,3,scratch_24,0.0,6845,0.017222490161657333,-1.1940774088078698,-1.3197914108837887,-1.1048172214755294,5.275496235455167
dkasc_11,dkasc,BWh,xgboost,3,scratch_6,0.0,1915,0.022766591981053352,-1.3365708666218423,-1.4727465398232331,-1.2119306201811595,5.275496235455167
dkasc_11,dkasc,BWh,xgboost,3,zero_shot,0.0,0,0.06303117424249649,-1.0758344714961787,-1.3559906437829508,-0.8401030124321814,5.274127310061601
dkasc_11,dkasc,BWh,xgboost,3,finetune_6,0.0,1915,0.031460247933864594,-1.1866794301810035,-1.340539756702836,-1.015731189911035,5.274127310061601
dkasc_11,dkasc,BWh,xgboost,4,scratch_24,0.0,6845,0.017096316441893578,-1.191320185961997,-1.3066953935019665,-1.0731429920540658,5.275496235455167
dkasc_11,dkasc,BWh,xgboost,4,scratch_6,0.0,1915,0.022783059626817703,-1.296002630765517,-1.4653968509646091,-1.1796536996914408,5.275496235455167
dkasc_11,dkasc,BWh,xgboost,4,zero_shot,0.0,0,0.06418237090110779,-1.0470465182708388,-1.305606194687714,-0.847506066891146,5.274127310061601
dkasc_11,dkasc,BWh,xgboost,4,finetune_6,0.0,1915,0.032018788158893585,-1.1859282713190755,-1.3692890193004283,-0.9984467122419405,5.274127310061601
dkasc_11,dkasc,BWh,tcn,0,scratch_24,0.0,6845,0.0178995318710804,-1.2544929532542615,-1.3611034595927052,-1.1211641141525175,5.275496235455167
dkasc_11,dkasc,BWh,tcn,0,scratch_6,0.0,1915,0.028533169999718666,-1.2646038024052175,-1.4337543200213905,-1.1360059116622458,5.275496235455167
dkasc_11,dkasc,BWh,tcn,0,zero_shot,0.0,0,0.06946887075901031,-1.2399293288901985,-1.5215833636769673,-0.9187382205564442,5.274127310061601
dkasc_11,dkasc,BWh,tcn,0,finetune_6,0.0,1915,0.03563319519162178,-1.3088856188630205,-1.4940530441734208,-1.1604383291823148,5.274127310061601
dkasc_11,dkasc,BWh,tcn,1,scratch_24,0.0,6845,0.017978113144636154,-1.2231661198223498,-1.3782722192072216,-1.1016778597070893,5.275496235455167
dkasc_11,dkasc,BWh,tcn,1,scratch_6,0.0,1915,0.027987800538539886,-1.3435994639450333,-1.4628194106432932,-1.235947788074423,5.275496235455167
dkasc_11,dkasc,BWh,tcn,1,zero_shot,0.0,0,0.06649895012378693,-1.1301541786210592,-1.3385965438293623,-0.8606291995755688,5.267282683093772
dkasc_11,dkasc,BWh,tcn,1,finetune_6,0.0,1915,0.03111349232494831,-1.2525407387992793,-1.4769847511439333,-1.1056490059278223,5.267282683093772
dkasc_11,dkasc,BWh,tcn,2,scratch_24,0.0,6845,0.01730055920779705,-1.2523555468198722,-1.3895819027547662,-1.1290216482340854,5.275496235455167
dkasc_11,dkasc,BWh,tcn,2,scratch_6,0.0,1915,0.025316406041383743,-1.2840850006406779,-1.4161987196568804,-1.150649068754156,5.275496235455167
dkasc_11,dkasc,BWh,tcn,2,zero_shot,0.0,0,0.07401209324598312,-1.204852533094995,-1.5808165510965089,-0.8890417618759416,5.274127310061601
dkasc_11,dkasc,BWh,tcn,2,finetune_6,0.0,1915,0.0313485749065876,-1.3113918499074673,-1.512993301632698,-1.1234724747440785,5.274127310061601
dkasc_11,dkasc,BWh,tcn,3,scratch_24,0.0,6845,0.017640843987464905,-1.2510785781069733,-1.3828536863442042,-1.1394495934113997,5.274127310061601
dkasc_11,dkasc,BWh,tcn,3,scratch_6,0.0,1915,0.026247864589095116,-1.375985136810176,-1.512175691647799,-1.214165966481362,5.275496235455167
dkasc_11,dkasc,BWh,tcn,3,zero_shot,0.0,0,0.0811019316315651,-1.1076196545870554,-1.319984729441775,-0.8260854127977502,5.267282683093772
dkasc_11,dkasc,BWh,tcn,3,finetune_6,0.0,1915,0.028875865042209625,-1.2995134008820652,-1.4623588752705308,-1.0886716891405221,5.267282683093772
dkasc_11,dkasc,BWh,tcn,4,scratch_24,0.0,6845,0.018286850303411484,-1.2505876063163113,-1.3836425757993265,-1.1298426134991102,5.275496235455167
dkasc_11,dkasc,BWh,tcn,4,scratch_6,0.0,1915,0.02811487950384617,-1.2428786499724565,-1.3811617959440303,-1.1435412963089957,5.275496235455167
dkasc_11,dkasc,BWh,tcn,4,zero_shot,0.0,0,0.07901402562856674,-1.2425373086861147,-1.5845244486414023,-0.9371574253571047,5.267282683093772
dkasc_11,dkasc,BWh,tcn,4,finetune_6,0.0,1915,0.03222976624965668,-1.4007690761614233,-1.588643357859164,-1.1863577446862172,5.267282683093772
dkasc_11,dkasc,BWh,xgboost,0,scratch_24,-1.0,6845,0.018469559028744698,-2.0771815947441263,-2.203759927128157,-1.971419679226727,5.275496235455167
dkasc_11,dkasc,BWh,xgboost,0,scratch_6,-1.0,1915,0.02546757273375988,-2.205575873221751,-2.3217629859459574,-2.084880352110974,5.275496235455167
dkasc_11,dkasc,BWh,xgboost,0,zero_shot,-1.0,0,0.06826099753379822,-2.043363462815645,-2.2751805559239724,-1.7737514234950957,5.274127310061601
dkasc_11,dkasc,BWh,xgboost,0,finetune_6,-1.0,1915,0.03320622444152832,-2.1053694296123213,-2.2609734658157725,-1.9375591203690257,5.274127310061601
dkasc_11,dkasc,BWh,xgboost,1,scratch_24,-1.0,6845,0.01835261844098568,-2.10668383570346,-2.198569737363165,-1.9762143715953973,5.275496235455167
dkasc_11,dkasc,BWh,xgboost,1,scratch_6,-1.0,1915,0.025450287386775017,-2.198288909586632,-2.299581225934111,-2.064079814843356,5.275496235455167
dkasc_11,dkasc,BWh,xgboost,1,zero_shot,-1.0,0,0.06936971843242645,-2.0115003872951007,-2.2588435191045475,-1.749019716100808,5.274127310061601
dkasc_11,dkasc,BWh,xgboost,1,finetune_6,-1.0,1915,0.033859189599752426,-2.103554686901769,-2.2996803218872874,-1.903699098612921,5.274127310061601
dkasc_11,dkasc,BWh,xgboost,2,scratch_24,-1.0,6845,0.018478212878108025,-2.097429303277887,-2.216297905258946,-1.9987122840034566,5.275496235455167
dkasc_11,dkasc,BWh,xgboost,2,scratch_6,-1.0,1915,0.02552492544054985,-2.1781698905317004,-2.2995412673490923,-2.062077175567545,5.275496235455167
dkasc_11,dkasc,BWh,xgboost,2,zero_shot,-1.0,0,0.06795060634613037,-2.0322050293636593,-2.2401941859420904,-1.7675153407965785,5.274127310061601
dkasc_11,dkasc,BWh,xgboost,2,finetune_6,-1.0,1915,0.032520197331905365,-2.1324335347439662,-2.294170234601234,-1.9505629599147256,5.274127310061601
dkasc_11,dkasc,BWh,xgboost,3,scratch_24,-1.0,6845,0.018385406583547592,-2.075989460768357,-2.1881682210770865,-1.9766218290956261,5.275496235455167
dkasc_11,dkasc,BWh,xgboost,3,scratch_6,-1.0,1915,0.025440890341997147,-2.2054883580341245,-2.328458214148943,-2.0877069730962927,5.275496235455167
dkasc_11,dkasc,BWh,xgboost,3,zero_shot,-1.0,0,0.067960225045681,-2.03759704679583,-2.2814373891530293,-1.8017588044238475,5.274127310061601
dkasc_11,dkasc,BWh,xgboost,3,finetune_6,-1.0,1915,0.03315184265375137,-2.0739212023937537,-2.244577844688267,-1.9148512794618378,5.274127310061601
dkasc_11,dkasc,BWh,xgboost,4,scratch_24,-1.0,6845,0.0183987095952034,-2.1042744780684464,-2.239188495952449,-1.9937359479254235,5.275496235455167
dkasc_11,dkasc,BWh,xgboost,4,scratch_6,-1.0,1915,0.025414839386940002,-2.195102635865187,-2.320437236699602,-2.079259833861513,5.275496235455167
dkasc_11,dkasc,BWh,xgboost,4,zero_shot,-1.0,0,0.06917761266231537,-2.0196630290529676,-2.2117037271230764,-1.8188328937656983,5.274127310061601
dkasc_11,dkasc,BWh,xgboost,4,finetune_6,-1.0,1915,0.03383293002843857,-2.069602126789838,-2.2742781563668943,-1.9079390192263257,5.274127310061601
dkasc_11,dkasc,BWh,tcn,0,scratch_24,-1.0,6845,0.018595311790704727,-2.195099142635664,-2.296083184060449,-2.094239370710349,5.275496235455167
dkasc_11,dkasc,BWh,tcn,0,scratch_6,-1.0,1915,0.02998289093375206,-2.164161100989259,-2.2978048613106483,-2.0287760163783535,5.275496235455167
dkasc_11,dkasc,BWh,tcn,0,zero_shot,-1.0,0,0.07413426041603088,-2.1222435363524443,-2.3986920065141804,-1.7982740534771113,5.274127310061601
dkasc_11,dkasc,BWh,tcn,0,finetune_6,-1.0,1915,0.03662802278995514,-2.183537154718712,-2.390831432590945,-2.017552874446138,5.274127310061601
dkasc_11,dkasc,BWh,tcn,1,scratch_24,-1.0,6845,0.01974189467728138,-2.173540467323487,-2.3297208188557628,-2.0783223470720387,5.275496235455167
dkasc_11,dkasc,BWh,tcn,1,scratch_6,-1.0,1915,0.030189191922545433,-2.1848045902952924,-2.339204178912326,-2.0552484414220196,5.275496235455167
dkasc_11,dkasc,BWh,tcn,1,zero_shot,-1.0,0,0.07180368155241013,-1.9860809213552932,-2.24839104437226,-1.801236192984712,5.267282683093772
dkasc_11,dkasc,BWh,tcn,1,finetune_6,-1.0,1915,0.032241467386484146,-2.1573894450062556,-2.3000705544702313,-2.0215120103917017,5.267282683093772
dkasc_11,dkasc,BWh,tcn,2,scratch_24,-1.0,6845,0.018910836428403854,-2.2200271330213406,-2.3542656490365137,-2.1060845327367406,5.275496235455167
dkasc_11,dkasc,BWh,tcn,2,scratch_6,-1.0,1915,0.028002411127090454,-2.1699983387361788,-2.3229667412006223,-2.02293675849321,5.275496235455167
dkasc_11,dkasc,BWh,tcn,2,zero_shot,-1.0,0,0.07920943945646286,-2.0302461893379533,-2.3230377792007824,-1.7778560756256128,5.274127310061601
dkasc_11,dkasc,BWh,tcn,2,finetune_6,-1.0,1915,0.03325271233916283,-2.224432716370467,-2.411262850249485,-2.0556224578460798,5.274127310061601
dkasc_11,dkasc,BWh,tcn,3,scratch_24,-1.0,6845,0.01984429359436035,-2.1700326661820757,-2.30067526669493,-2.0670160448338692,5.275496235455167
dkasc_11,dkasc,BWh,tcn,3,scratch_6,-1.0,1915,0.02847866341471672,-2.1861317773115063,-2.3306308134565357,-2.061561811152215,5.275496235455167
dkasc_11,dkasc,BWh,tcn,3,zero_shot,-1.0,0,0.0865781381726265,-1.9840098675114715,-2.218676554090864,-1.7475995981960923,5.267282683093772
dkasc_11,dkasc,BWh,tcn,3,finetune_6,-1.0,1915,0.030452076345682144,-2.1735245154080127,-2.3600272911434295,-2.003521893206001,5.267282683093772
dkasc_11,dkasc,BWh,tcn,4,scratch_24,-1.0,6845,0.019088665023446083,-2.181080183667772,-2.2918470275864467,-2.0758005087023412,5.275496235455167
dkasc_11,dkasc,BWh,tcn,4,scratch_6,-1.0,1915,0.03282703086733818,-2.1281367548322327,-2.2584544703930507,-1.9902299277243598,5.275496235455167
dkasc_11,dkasc,BWh,tcn,4,zero_shot,-1.0,0,0.08471452444791794,-2.1382367502725486,-2.3923005577290386,-1.8613607328381132,5.267282683093772
dkasc_11,dkasc,BWh,tcn,4,finetune_6,-1.0,1915,0.03365929424762726,-2.2554047924832066,-2.4536430838527523,-2.0707137963120292,5.267282683093772
dkasc_13,dkasc,BWh,xgboost,0,scratch_24,0.0,6884,0.027079585939645767,-0.7011912557100763,-0.8488097501641478,-0.5647893988276365,5.301505817932923
dkasc_13,dkasc,BWh,xgboost,0,scratch_6,0.0,1919,0.04489648714661598,-0.816863369526687,-0.973253914395833,-0.6700115685539298,5.301505817932923
dkasc_13,dkasc,BWh,xgboost,0,zero_shot,0.0,0,0.07064560800790787,-0.7205693259132173,-1.0233577730461234,-0.4656538830863366,5.300136892539356
dkasc_13,dkasc,BWh,xgboost,0,finetune_6,0.0,1919,0.048316750675439835,-0.7131240382661066,-0.9973851160888286,-0.5214342390176152,5.300136892539356
dkasc_13,dkasc,BWh,xgboost,1,scratch_24,0.0,6884,0.027054306119680405,-0.6710898259746578,-0.8467678610051682,-0.5143889396480805,5.301505817932923
dkasc_13,dkasc,BWh,xgboost,1,scratch_6,0.0,1919,0.04502331465482712,-0.7945252649518177,-0.9722180216469762,-0.6512515028393834,5.301505817932923
dkasc_13,dkasc,BWh,xgboost,1,zero_shot,0.0,0,0.07158247381448746,-0.737094358131607,-1.0301563460624517,-0.4145253590921241,5.300136892539356
dkasc_13,dkasc,BWh,xgboost,1,finetune_6,0.0,1919,0.0489392913877964,-0.7285400693764426,-0.949005736835077,-0.5178448112307721,5.300136892539356
dkasc_13,dkasc,BWh,xgboost,2,scratch_24,0.0,6884,0.027082614600658417,-0.700866539674457,-0.8745482748876986,-0.5475874498772293,5.301505817932923
dkasc_13,dkasc,BWh,xgboost,2,scratch_6,0.0,1919,0.045042071491479874,-0.8004183249829988,-0.9494528961002446,-0.6536597865958838,5.301505817932923
dkasc_13,dkasc,BWh,xgboost,2,zero_shot,0.0,0,0.07032493501901627,-0.7529947141984294,-1.0302684001640348,-0.5047593800888376,5.300136892539356
dkasc_13,dkasc,BWh,xgboost,2,finetune_6,0.0,1919,0.04799294099211693,-0.7225501470366975,-0.9494385699063913,-0.5280950523807574,5.300136892539356
dkasc_13,dkasc,BWh,xgboost,3,scratch_24,0.0,6884,0.027121996507048607,-0.6968161689127506,-0.8476329855755083,-0.5386045607889245,5.301505817932923
dkasc_13,dkasc,BWh,xgboost,3,scratch_6,0.0,1919,0.0449642576277256,-0.8062938225389504,-0.9459607187741859,-0.6759989096105978,5.301505817932923
dkasc_13,dkasc,BWh,xgboost,3,zero_shot,0.0,0,0.07030285894870758,-0.801850032775453,-1.024015573725423,-0.4602784558190076,5.300136892539356
dkasc_13,dkasc,BWh,xgboost,3,finetune_6,0.0,1919,0.04863935708999634,-0.7694880218292754,-0.9602869619072808,-0.5171171330527913,5.300136892539356
dkasc_13,dkasc,BWh,xgboost,4,scratch_24,0.0,6884,0.027303121984004974,-0.7119842156346867,-0.8526428014379084,-0.5441671195663189,5.301505817932923
dkasc_13,dkasc,BWh,xgboost,4,scratch_6,0.0,1919,0.04492862522602081,-0.8034716000579099,-0.9784184587422139,-0.6563609611541438,5.301505817932923
dkasc_13,dkasc,BWh,xgboost,4,zero_shot,0.0,0,0.07152476906776428,-0.7561089743718059,-1.0462469619206072,-0.4635855249275871,5.300136892539356
dkasc_13,dkasc,BWh,xgboost,4,finetune_6,0.0,1919,0.04896193742752075,-0.7495970387674737,-0.9933848153190845,-0.5896434667627404,5.300136892539356
dkasc_13,dkasc,BWh,tcn,0,scratch_24,0.0,6884,0.027250220999121666,-0.728600883363173,-0.900639068153275,-0.5928836263189297,5.301505817932923
dkasc_13,dkasc,BWh,tcn,0,scratch_6,0.0,1919,0.047012172639369965,-0.8967352222060243,-1.0790434426306814,-0.6817045902118846,5.301505817932923
dkasc_13,dkasc,BWh,tcn,0,zero_shot,0.0,0,0.08037161827087402,-0.7685830803489668,-1.0328535663650213,-0.47713905952960234,5.300136892539356
dkasc_13,dkasc,BWh,tcn,0,finetune_6,0.0,1919,0.05098222196102142,-0.8518664262102391,-1.0892023099298473,-0.6170274682545995,5.300136892539356
dkasc_13,dkasc,BWh,tcn,1,scratch_24,0.0,6884,0.02562715671956539,-0.6948318909273055,-0.8572653420821363,-0.5660115095259376,5.301505817932923
dkasc_13,dkasc,BWh,tcn,1,scratch_6,0.0,1919,0.0466582290828228,-0.8512432156820663,-1.0141008170008292,-0.6763132975934005,5.301505817932923
dkasc_13,dkasc,BWh,tcn,1,zero_shot,0.0,0,0.07764558494091034,-0.7161450481201648,-1.0702014141615868,-0.4004478748415585,5.293292265571527
dkasc_13,dkasc,BWh,tcn,1,finetune_6,0.0,1919,0.047214750200510025,-0.85075638281914,-1.0822216507167304,-0.6541287773287774,5.293292265571527
dkasc_13,dkasc,BWh,tcn,2,scratch_24,0.0,6884,0.027268141508102417,-0.745362227076178,-0.8778328001665225,-0.5798232060130304,5.301505817932923
dkasc_13,dkasc,BWh,tcn,2,scratch_6,0.0,1919,0.045749761164188385,-0.8609676855692916,-1.0428405085812331,-0.701606137733211,5.301505817932923
dkasc_13,dkasc,BWh,tcn,2,zero_shot,0.0,0,0.08616560697555542,-0.6658554119924427,-1.001155098491299,-0.37096545366956946,5.300136892539356
dkasc_13,dkasc,BWh,tcn,2,finetune_6,0.0,1919,0.0480915866792202,-0.8572936100514239,-1.0477087577573616,-0.6059922437372633,5.300136892539356
dkasc_13,dkasc,BWh,tcn,3,scratch_24,0.0,6884,0.025736119598150253,-0.6516279505810463,-0.8175060289922879,-0.5051386230902444,5.300136892539356
dkasc_13,dkasc,BWh,tcn,3,scratch_6,0.0,1919,0.04263758659362793,-0.8764506453664223,-1.028648626414097,-0.7161228654868013,5.301505817932923
dkasc_13,dkasc,BWh,tcn,3,zero_shot,0.0,0,0.08956419676542282,-0.5551341301153312,-0.812717843392341,-0.2933911815950818,5.293292265571527
dkasc_13,dkasc,BWh,tcn,3,finetune_6,0.0,1919,0.04622498154640198,-0.8506485498339877,-1.0366648274655308,-0.6324614198605083,5.293292265571527
dkasc_13,dkasc,BWh,tcn,4,scratch_24,0.0,6884,0.02645580843091011,-0.7626075615335015,-0.8937297658276222,-0.5571134624197506,5.301505817932923
dkasc_13,dkasc,BWh,tcn,4,scratch_6,0.0,1919,0.04752048850059509,-0.7924299117610278,-0.9820267178896058,-0.6376545030542552,5.301505817932923
dkasc_13,dkasc,BWh,tcn,4,zero_shot,0.0,0,0.08949937671422958,-0.8307550976990763,-1.1083288377766538,-0.4740025980515039,5.293292265571527
dkasc_13,dkasc,BWh,tcn,4,finetune_6,0.0,1919,0.04921053722500801,-0.9005663366904892,-1.0755021283234356,-0.6829536202149211,5.293292265571527
dkasc_13,dkasc,BWh,xgboost,0,scratch_24,-1.0,6884,0.028537025675177574,-1.643269057033736,-1.7936249757051992,-1.5031445165039403,5.301505817932923
dkasc_13,dkasc,BWh,xgboost,0,scratch_6,-1.0,1919,0.047772228717803955,-1.674246769672716,-1.851992406210845,-1.552798695744928,5.301505817932923
dkasc_13,dkasc,BWh,xgboost,0,zero_shot,-1.0,0,0.07564583420753479,-1.6451831773984102,-1.939197425822227,-1.3938118050496435,5.300136892539356
dkasc_13,dkasc,BWh,xgboost,0,finetune_6,-1.0,1919,0.051055919378995895,-1.6138348157745896,-1.8621143149581534,-1.4353746819957713,5.300136892539356
dkasc_13,dkasc,BWh,xgboost,1,scratch_24,-1.0,6884,0.02848649024963379,-1.675766201616067,-1.8026346789985483,-1.4931992913389425,5.301505817932923
dkasc_13,dkasc,BWh,xgboost,1,scratch_6,-1.0,1919,0.047910306602716446,-1.7026086059719114,-1.8584397952958853,-1.5495003062268475,5.301505817932923
dkasc_13,dkasc,BWh,xgboost,1,zero_shot,-1.0,0,0.07660408318042755,-1.6706511609363262,-1.9207707383071537,-1.3720881190750165,5.300136892539356
dkasc_13,dkasc,BWh,xgboost,1,finetune_6,-1.0,1919,0.051582951098680496,-1.645177691957267,-1.8494409952501512,-1.434115672760139,5.300136892539356
dkasc_13,dkasc,BWh,xgboost,2,scratch_24,-1.0,6884,0.028387635946273804,-1.6768688333099453,-1.8316702040751864,-1.512001893072401,5.301505817932923
dkasc_13,dkasc,BWh,xgboost,2,scratch_6,-1.0,1919,0.04798075556755066,-1.6849058999371391,-1.83457511274466,-1.5520083513374527,5.301505817932923
dkasc_13,dkasc,BWh,xgboost,2,zero_shot,-1.0,0,0.07533081620931625,-1.6548383662506254,-1.9296801122194784,-1.4083095833772985,5.300136892539356
dkasc_13,dkasc,BWh,xgboost,2,finetune_6,-1.0,1919,0.0506875216960907,-1.6609124893979033,-1.8331405523292155,-1.436519720264131,5.300136892539356
dkasc_13,dkasc,BWh,xgboost,3,scratch_24,-1.0,6884,0.02839360386133194,-1.6455558444106206,-1.7712365829521293,-1.4829024757523277,5.301505817932923
dkasc_13,dkasc,BWh,xgboost,3,scratch_6,-1.0,1919,0.047897547483444214,-1.7119600197407325,-1.8498674613796728,-1.5662752001861402,5.301505817932923
dkasc_13,dkasc,BWh,xgboost,3,zero_shot,-1.0,0,0.07527893781661987,-1.690137789969013,-1.9409095219363215,-1.2967991984202234,5.300136892539356
dkasc_13,dkasc,BWh,xgboost,3,finetune_6,-1.0,1919,0.05118932947516441,-1.6537898604102763,-1.8693219531218364,-1.4685457589881767,5.300136892539356
dkasc_13,dkasc,BWh,xgboost,4,scratch_24,-1.0,6884,0.0285628791898489,-1.668317517420892,-1.8154640792605314,-1.52011937376838,5.301505817932923
dkasc_13,dkasc,BWh,xgboost,4,scratch_6,-1.0,1919,0.04800254851579666,-1.720748469715494,-1.8531214289873477,-1.5685365943722829,5.301505817932923
dkasc_13,dkasc,BWh,xgboost,4,zero_shot,-1.0,0,0.07655050605535507,-1.6798179361610321,-1.9453258517049559,-1.3911434024599372,5.300136892539356
dkasc_13,dkasc,BWh,xgboost,4,finetune_6,-1.0,1919,0.05157158151268959,-1.66531370755759,-1.8233002900980946,-1.5035986849085359,5.300136892539356
dkasc_13,dkasc,BWh,tcn,0,scratch_24,-1.0,6884,0.028569817543029785,-1.6885770223502128,-1.8049580118061723,-1.531569511098041,5.301505817932923
dkasc_13,dkasc,BWh,tcn,0,scratch_6,-1.0,1919,0.05011669918894768,-1.820668202609356,-1.999002661795754,-1.6692996167350649,5.301505817932923
dkasc_13,dkasc,BWh,tcn,0,zero_shot,-1.0,0,0.08482658118009567,-1.6606143943768692,-1.906979975867781,-1.4223753571221491,5.300136892539356
dkasc_13,dkasc,BWh,tcn,0,finetune_6,-1.0,1919,0.053027331829071045,-1.7458785343977934,-1.986451541839832,-1.5337474204396406,5.300136892539356
dkasc_13,dkasc,BWh,tcn,1,scratch_24,-1.0,6884,0.027460338547825813,-1.6666457076211725,-1.8063483452879758,-1.5194672725022729,5.301505817932923
dkasc_13,dkasc,BWh,tcn,1,scratch_6,-1.0,1919,0.04959633946418762,-1.7637003944921736,-1.928722546800099,-1.6109322679636717,5.301505817932923
dkasc_13,dkasc,BWh,tcn,1,zero_shot,-1.0,0,0.08262725174427032,-1.6311552552504271,-1.9154636973152894,-1.277102394567231,5.293292265571527
dkasc_13,dkasc,BWh,tcn,1,finetune_6,-1.0,1919,0.05000722035765648,-1.750791414679663,-1.9573493205487957,-1.5576960853574406,5.293292265571527
dkasc_13,dkasc,BWh,tcn,2,scratch_24,-1.0,6884,0.027518831193447113,-1.663800518280678,-1.8392224526228351,-1.524101078622675,5.301505817932923
dkasc_13,dkasc,BWh,tcn,2,scratch_6,-1.0,1919,0.04887057840824127,-1.7710923134006689,-1.9294199904553302,-1.629923185047888,5.301505817932923
dkasc_13,dkasc,BWh,tcn,2,zero_shot,-1.0,0,0.09101146459579468,-1.562003559626205,-1.870958163495716,-1.2815628357409847,5.300136892539356
dkasc_13,dkasc,BWh,tcn,2,finetune_6,-1.0,1919,0.050932303071022034,-1.7738283753006845,-1.9941848190673532,-1.5402804690749394,5.300136892539356
dkasc_13,dkasc,BWh,tcn,3,scratch_24,-1.0,6884,0.0271932203322649,-1.6552476145058115,-1.8215551984962275,-1.4916569197767848,5.300136892539356
dkasc_13,dkasc,BWh,tcn,3,scratch_6,-1.0,1919,0.044987067580223083,-1.7419134304967887,-1.9381136799120124,-1.6029061775724496,5.301505817932923
dkasc_13,dkasc,BWh,tcn,3,zero_shot,-1.0,0,0.09489315748214722,-1.477459650884838,-1.7282891554973423,-1.2177618528540586,5.291923340177961
dkasc_13,dkasc,BWh,tcn,3,finetune_6,-1.0,1919,0.049505408853292465,-1.7396697826209078,-1.9236596631593272,-1.5671296852273584,5.293292265571527
dkasc_13,dkasc,BWh,tcn,4,scratch_24,-1.0,6884,0.027159716933965683,-1.674863908917889,-1.821800579355104,-1.5469218307803678,5.301505817932923
dkasc_13,dkasc,BWh,tcn,4,scratch_6,-1.0,1919,0.05089618265628815,-1.6966401135757354,-1.8445337892664782,-1.527504558139614,5.301505817932923
dkasc_13,dkasc,BWh,tcn,4,zero_shot,-1.0,0,0.09488203376531601,-1.7160282859720115,-2.010426540383603,-1.3982108172571766,5.293292265571527
dkasc_13,dkasc,BWh,tcn,4,finetune_6,-1.0,1919,0.05139647796750069,-1.7961554377395217,-1.9527606638331751,-1.595761741816544,5.293292265571527
dkasc_17,dkasc,BWh,xgboost,0,scratch_24,0.0,6841,0.018193848431110382,-0.5584727120434213,-0.6446778084681286,-0.4136130222432882,5.248117727583846
dkasc_17,dkasc,BWh,xgboost,0,scratch_6,0.0,1917,0.02309662662446499,-0.5610824370326672,-0.7156613061600536,-0.43443073969865464,5.248117727583846
dkasc_17,dkasc,BWh,xgboost,0,zero_shot,0.0,0,0.04206797108054161,-0.47813160706692837,-0.6817169359985744,-0.2665685423739128,5.246748802190281
dkasc_17,dkasc,BWh,xgboost,0,finetune_6,0.0,1917,0.02960348315536976,-0.4720533836457874,-0.6477017818699649,-0.2488963994023149,5.246748802190281
dkasc_17,dkasc,BWh,xgboost,1,scratch_24,0.0,6841,0.01814005710184574,-0.5585529926709909,-0.6945650359925004,-0.4491513341747355,5.248117727583846
dkasc_17,dkasc,BWh,xgboost,1,scratch_6,0.0,1917,0.02288142219185829,-0.6031580287628086,-0.7292530657775798,-0.44048135905716546,5.248117727583846
dkasc_17,dkasc,BWh,xgboost,1,zero_shot,0.0,0,0.0427633598446846,-0.4259986167411689,-0.6416436257981828,-0.22650179325299225,5.246748802190281
dkasc_17,dkasc,BWh,xgboost,1,finetune_6,0.0,1917,0.029398508369922638,-0.4347630752130265,-0.591557616993156,-0.2570811073900188,5.246748802190281
dkasc_17,dkasc,BWh,xgboost,2,scratch_24,0.0,6841,0.018210863694548607,-0.5339124971234566,-0.6475396676912021,-0.42000433887535715,5.248117727583846
dkasc_17,dkasc,BWh,xgboost,2,scratch_6,0.0,1917,0.02320433408021927,-0.5815373076231367,-0.7268411644716255,-0.43885854868692675,5.248117727583846
dkasc_17,dkasc,BWh,xgboost,2,zero_shot,0.0,0,0.0420142337679863,-0.46498224274396377,-0.6875951582232035,-0.27535366096933045,5.246748802190281
dkasc_17,dkasc,BWh,xgboost,2,finetune_6,0.0,1917,0.028810827061533928,-0.4466087256303486,-0.5955608315662664,-0.29171656167281673,5.246748802190281
dkasc_17,dkasc,BWh,xgboost,3,scratch_24,0.0,6841,0.01821782812476158,-0.5560766135709289,-0.6631930987034851,-0.42896118811253103,5.248117727583846
dkasc_17,dkasc,BWh,xgboost,3,scratch_6,0.0,1917,0.023259498178958893,-0.5637427664224013,-0.7055169525135851,-0.4467859661348328,5.248117727583846
dkasc_17,dkasc,BWh,xgboost,3,zero_shot,0.0,0,0.04211575910449028,-0.41700807123992734,-0.6138711645036137,-0.183300272133069,5.246748802190281
dkasc_17,dkasc,BWh,xgboost,3,finetune_6,0.0,1917,0.02994905784726143,-0.4538618506317371,-0.6388846594237441,-0.28189226947483714,5.246748802190281
dkasc_17,dkasc,BWh,xgboost,4,scratch_24,0.0,6841,0.0181339830160141,-0.5572666047723662,-0.673037751674066,-0.4442031134952058,5.248117727583846
dkasc_17,dkasc,BWh,xgboost,4,scratch_6,0.0,1917,0.023007014766335487,-0.604559826876159,-0.7194883386473228,-0.4633485307689811,5.248117727583846
dkasc_17,dkasc,BWh,xgboost,4,zero_shot,0.0,0,0.042574260383844376,-0.4264981747246155,-0.6361533838072753,-0.21775370816717876,5.246748802190281
dkasc_17,dkasc,BWh,xgboost,4,finetune_6,0.0,1917,0.02969393879175186,-0.4353363761153639,-0.5884446660914814,-0.28273173136328256,5.246748802190281
dkasc_17,dkasc,BWh,tcn,0,scratch_24,0.0,6841,0.018982673063874245,-0.6332171668247055,-0.7895724137852222,-0.4842153567191809,5.246748802190281
dkasc_17,dkasc,BWh,tcn,0,scratch_6,0.0,1917,0.027929995208978653,-0.5992591946406944,-0.8219683898205915,-0.4282142969175402,5.246748802190281
dkasc_17,dkasc,BWh,tcn,0,zero_shot,0.0,0,0.04788610711693764,-0.5711098183795819,-0.9305647738677203,-0.27705680006131495,5.246748802190281
dkasc_17,dkasc,BWh,tcn,0,finetune_6,0.0,1917,0.036191269755363464,-0.6886185504296507,-0.8650687341097418,-0.5236814938611158,5.246748802190281
dkasc_17,dkasc,BWh,tcn,1,scratch_24,0.0,6841,0.01898062415421009,-0.6115932835285998,-0.742826590914401,-0.46115325301518295,5.248117727583846
dkasc_17,dkasc,BWh,tcn,1,scratch_6,0.0,1917,0.025988446548581123,-0.6093965077061784,-0.7483318992896892,-0.47590225022946714,5.248117727583846
dkasc_17,dkasc,BWh,tcn,1,zero_shot,0.0,0,0.04245813563466072,-0.34934176986923804,-0.6471939478802868,-0.06887361344866004,5.239904175222451
dkasc_17,dkasc,BWh,tcn,1,finetune_6,0.0,1917,0.027659600600600243,-0.6599219392450006,-0.8489062960935493,-0.5152093896948706,5.239904175222451
dkasc_17,dkasc,BWh,tcn,2,scratch_24,0.0,6841,0.018007958307862282,-0.5848119294402321,-0.717596644317553,-0.44903371016498106,5.248117727583846
dkasc_17,dkasc,BWh,tcn,2,scratch_6,0.0,1917,0.02713005244731903,-0.5626744102336656,-0.677253276973139,-0.4092712268551457,5.248117727583846
dkasc_17,dkasc,BWh,tcn,2,zero_shot,0.0,0,0.04670995473861694,-0.4972912011015129,-0.8561389042069467,-0.15254216969499135,5.246748802190281
dkasc_17,dkasc,BWh,tcn,2,finetune_6,0.0,1917,0.03050801530480385,-0.6699977090508291,-0.8543516446379185,-0.48310118507146615,5.246748802190281
dkasc_17,dkasc,BWh,tcn,3,scratch_24,0.0,6841,0.018503256142139435,-0.5614748881672127,-0.6791324234417276,-0.42823481975918787,5.248117727583846
dkasc_17,dkasc,BWh,tcn,3,scratch_6,0.0,1917,0.02598574571311474,-0.596077930337513,-0.7451911516512477,-0.43281185091854635,5.248117727583846
dkasc_17,dkasc,BWh,tcn,3,zero_shot,0.0,0,0.051651980727910995,-0.39127913798421327,-0.6671070819932063,-0.10185782185223591,5.239904175222451
dkasc_17,dkasc,BWh,tcn,3,finetune_6,0.0,1917,0.026826009154319763,-0.6561205394579162,-0.7847724625511088,-0.48049946619669326,5.239904175222451
dkasc_17,dkasc,BWh,tcn,4,scratch_24,0.0,6841,0.019036587327718735,-0.6129105395518031,-0.7245974679135903,-0.4579104774863674,5.248117727583846
dkasc_17,dkasc,BWh,tcn,4,scratch_6,0.0,1917,0.030561162158846855,-0.5410381531528831,-0.7363589801847819,-0.42951976461200186,5.248117727583846
dkasc_17,dkasc,BWh,tcn,4,zero_shot,0.0,0,0.047567978501319885,-0.5565387615006023,-0.9584701447502564,-0.23686243647763033,5.239904175222451
dkasc_17,dkasc,BWh,tcn,4,finetune_6,0.0,1917,0.03078501857817173,-0.6906887790062433,-0.8961854990347734,-0.5188350255830967,5.239904175222451
dkasc_17,dkasc,BWh,xgboost,0,scratch_24,-1.0,6841,0.019182352349162102,-1.5278488148308684,-1.6302154500870913,-1.4167127756409936,5.248117727583846
dkasc_17,dkasc,BWh,xgboost,0,scratch_6,-1.0,1917,0.026338299736380577,-1.5334898211981973,-1.7158675496820153,-1.4090051934246506,5.248117727583846
dkasc_17,dkasc,BWh,xgboost,0,zero_shot,-1.0,0,0.04187624529004097,-1.4106918600560685,-1.5916445193645767,-1.209827693222043,5.246748802190281
dkasc_17,dkasc,BWh,xgboost,0,finetune_6,-1.0,1917,0.03182172030210495,-1.4081940370601398,-1.5772914760023016,-1.2185215672665506,5.246748802190281
dkasc_17,dkasc,BWh,xgboost,1,scratch_24,-1.0,6841,0.019148757681250572,-1.5521287260914063,-1.6531730232323507,-1.44312394186914,5.248117727583846
dkasc_17,dkasc,BWh,xgboost,1,scratch_6,-1.0,1917,0.02614128217101097,-1.5333765862585724,-1.6886489042197583,-1.4123998114492498,5.248117727583846
dkasc_17,dkasc,BWh,xgboost,1,zero_shot,-1.0,0,0.042736124247312546,-1.370267044395368,-1.5561987681179106,-1.1797818342079804,5.246748802190281
dkasc_17,dkasc,BWh,xgboost,1,finetune_6,-1.0,1917,0.031931422650814056,-1.4157414397479973,-1.5787505905138166,-1.2333265679425762,5.246748802190281
dkasc_17,dkasc,BWh,xgboost,2,scratch_24,-1.0,6841,0.019247878342866898,-1.5363873202828837,-1.6387232536179575,-1.4183822477985442,5.248117727583846
dkasc_17,dkasc,BWh,xgboost,2,scratch_6,-1.0,1917,0.026258831843733788,-1.5588361534525585,-1.674320800142824,-1.4176267659369635,5.248117727583846
dkasc_17,dkasc,BWh,xgboost,2,zero_shot,-1.0,0,0.04178718477487564,-1.4099184619947969,-1.5850409645647545,-1.2000082120795388,5.246748802190281
dkasc_17,dkasc,BWh,xgboost,2,finetune_6,-1.0,1917,0.030965205281972885,-1.4210440697511983,-1.5747967007605113,-1.2356503217113088,5.246748802190281
dkasc_17,dkasc,BWh,xgboost,3,scratch_24,-1.0,6841,0.019268644973635674,-1.549210028648183,-1.6718116636744162,-1.4268332635786973,5.248117727583846
dkasc_17,dkasc,BWh,xgboost,3,scratch_6,-1.0,1917,0.02637987770140171,-1.5460112695557804,-1.673920502187376,-1.4174050335524213,5.248117727583846
dkasc_17,dkasc,BWh,xgboost,3,zero_shot,-1.0,0,0.041829027235507965,-1.3788509312296637,-1.580507777750989,-1.1833198755765273,5.246748802190281
dkasc_17,dkasc,BWh,xgboost,3,finetune_6,-1.0,1917,0.0320388488471508,-1.4116078975286606,-1.5768796292418785,-1.274215123383643,5.246748802190281
dkasc_17,dkasc,BWh,xgboost,4,scratch_24,-1.0,6841,0.01916789822280407,-1.540655053729345,-1.6429004921787227,-1.4362581742391245,5.248117727583846
dkasc_17,dkasc,BWh,xgboost,4,scratch_6,-1.0,1917,0.026289284229278564,-1.541002961914661,-1.702315884419936,-1.4242178497126559,5.248117727583846
dkasc_17,dkasc,BWh,xgboost,4,zero_shot,-1.0,0,0.04254724457859993,-1.3508550411769775,-1.583026279285149,-1.1855172136009786,5.246748802190281
dkasc_17,dkasc,BWh,xgboost,4,finetune_6,-1.0,1917,0.031913697719573975,-1.4461049102918844,-1.604369955778595,-1.2587282696845337,5.246748802190281
dkasc_17,dkasc,BWh,tcn,0,scratch_24,-1.0,6841,0.019586453214287758,-1.6022175247316306,-1.7250378938096445,-1.4793151615736133,5.248117727583846
dkasc_17,dkasc,BWh,tcn,0,scratch_6,-1.0,1917,0.03027220256626606,-1.6548919053666586,-1.7702388804142148,-1.4606180947505503,5.246748802190281
dkasc_17,dkasc,BWh,tcn,0,zero_shot,-1.0,0,0.047914087772369385,-1.5813627394308947,-1.8974660213948669,-1.2761936875896847,5.246748802190281
dkasc_17,dkasc,BWh,tcn,0,finetune_6,-1.0,1917,0.037318382412195206,-1.6431793970432276,-1.8351961510770454,-1.4933701347407236,5.246748802190281
dkasc_17,dkasc,BWh,tcn,1,scratch_24,-1.0,6841,0.019682476297020912,-1.5925203480995576,-1.727445960016416,-1.467439882986616,5.248117727583846
dkasc_17,dkasc,BWh,tcn,1,scratch_6,-1.0,1917,0.028133809566497803,-1.5607656640632461,-1.7391010023780962,-1.3926784212926258,5.248117727583846
dkasc_17,dkasc,BWh,tcn,1,zero_shot,-1.0,0,0.043242812156677246,-1.321778859298517,-1.6356802467270337,-1.029886966853534,5.239904175222451
dkasc_17,dkasc,BWh,tcn,1,finetune_6,-1.0,1917,0.030006887391209602,-1.597889570488098,-1.7938402524892871,-1.4683827295738472,5.239904175222451
dkasc_17,dkasc,BWh,tcn,2,scratch_24,-1.0,6841,0.019857138395309448,-1.6204230725482343,-1.7325364422770329,-1.4771939030977863,5.248117727583846
dkasc_17,dkasc,BWh,tcn,2,scratch_6,-1.0,1917,0.02992820553481579,-1.4905566497743328,-1.663107120731544,-1.3659784753132593,5.248117727583846
dkasc_17,dkasc,BWh,tcn,2,zero_shot,-1.0,0,0.0482393279671669,-1.517028737479753,-1.8094955737465779,-1.1227040678801092,5.246748802190281
dkasc_17,dkasc,BWh,tcn,2,finetune_6,-1.0,1917,0.032392825931310654,-1.6182684959020144,-1.8309915402679668,-1.4692086608635857,5.246748802190281
dkasc_17,dkasc,BWh,tcn,3,scratch_24,-1.0,6841,0.019318902865052223,-1.5693629342370174,-1.702470042016957,-1.4426917113099957,5.248117727583846
dkasc_17,dkasc,BWh,tcn,3,scratch_6,-1.0,1917,0.028450924903154373,-1.5682819511532435,-1.6959070963478928,-1.3959599250090382,5.248117727583846
dkasc_17,dkasc,BWh,tcn,3,zero_shot,-1.0,0,0.054207101464271545,-1.343350745093863,-1.6362118027320756,-1.0793636208558777,5.239904175222451
dkasc_17,dkasc,BWh,tcn,3,finetune_6,-1.0,1917,0.029195819050073624,-1.6105697119455098,-1.7795644780006836,-1.4315788656453332,5.239904175222451
dkasc_17,dkasc,BWh,tcn,4,scratch_24,-1.0,6841,0.019817698746919632,-1.5279163646767846,-1.6446239030186751,-1.4234690520159798,5.248117727583846
dkasc_17,dkasc,BWh,tcn,4,scratch_6,-1.0,1917,0.030306033790111542,-1.5650603979065036,-1.699994451483866,-1.4000667275587426,5.248117727583846
dkasc_17,dkasc,BWh,tcn,4,zero_shot,-1.0,0,0.050485219806432724,-1.5170729755745516,-1.8994504783851562,-1.193226462754815,5.239904175222451
dkasc_17,dkasc,BWh,tcn,4,finetune_6,-1.0,1917,0.03175853192806244,-1.6228012633627609,-1.817975524499038,-1.4472801990448647,5.239904175222451
dkasc_12,dkasc,BWh,xgboost,0,scratch_24,0.0,6885,0.017737284302711487,-1.1367151220391114,-1.2730197127161058,-1.0005971751482212,5.297399041752225
dkasc_12,dkasc,BWh,xgboost,0,scratch_6,0.0,1919,0.02240992896258831,-1.2732246096156863,-1.4540474220135158,-1.092414055972614,5.297399041752225
dkasc_12,dkasc,BWh,xgboost,0,zero_shot,0.0,0,0.06703450530767441,-1.0993847739393474,-1.3533862594716117,-0.8163828987955091,5.296030116358659
dkasc_12,dkasc,BWh,xgboost,0,finetune_6,0.0,1919,0.030937397852540016,-1.0618057236919887,-1.3339489200041914,-0.7669536474713246,5.296030116358659
dkasc_12,dkasc,BWh,xgboost,1,scratch_24,0.0,6885,0.017659295350313187,-1.150038308566581,-1.2730931527559552,-0.9865139252212884,5.297399041752225
dkasc_12,dkasc,BWh,xgboost,1,scratch_6,0.0,1919,0.02242014929652214,-1.2913079748790968,-1.4897903675133968,-1.0919576455640405,5.297399041752225
dkasc_12,dkasc,BWh,xgboost,1,zero_shot,0.0,0,0.06808263063430786,-1.0602212984900947,-1.3864261620179286,-0.7490820100592321,5.296030116358659
dkasc_12,dkasc,BWh,xgboost,1,finetune_6,0.0,1919,0.031113767996430397,-1.012093367705854,-1.3071117308423497,-0.8230383310342012,5.296030116358659
dkasc_12,dkasc,BWh,xgboost,2,scratch_24,0.0,6885,0.017724251374602318,-1.1491704006514114,-1.2635779698814686,-1.0242118417211454,5.297399041752225
dkasc_12,dkasc,BWh,xgboost,2,scratch_6,0.0,1919,0.022549107670783997,-1.3025680607074985,-1.457026879383864,-1.0961683475388346,5.297399041752225
dkasc_12,dkasc,BWh,xgboost,2,zero_shot,0.0,0,0.06665155291557312,-1.1107034600690593,-1.4157535188054071,-0.83583946603897,5.296030116358659
dkasc_12,dkasc,BWh,xgboost,2,finetune_6,0.0,1919,0.03000444918870926,-1.027624536097943,-1.2760389338106246,-0.8073486030419108,5.296030116358659
dkasc_12,dkasc,BWh,xgboost,3,scratch_24,0.0,6885,0.01767841912806034,-1.1136097118728205,-1.2472038786593087,-1.0043808020756102,5.297399041752225
dkasc_12,dkasc,BWh,xgboost,3,scratch_6,0.0,1919,0.022472470998764038,-1.2802460952818562,-1.4687926664364137,-1.1064072779769507,5.297399041752225
dkasc_12,dkasc,BWh,xgboost,3,zero_shot,0.0,0,0.06668753176927567,-1.1141429531456555,-1.4088513641540512,-0.7585184523863808,5.296030116358659
dkasc_12,dkasc,BWh,xgboost,3,finetune_6,0.0,1919,0.030741600319743156,-1.0843429386495906,-1.305220194276839,-0.8108597743368584,5.296030116358659
dkasc_12,dkasc,BWh,xgboost,4,scratch_24,0.0,6885,0.01775735430419445,-1.1491048686283034,-1.309434933462461,-1.007556652717534,5.297399041752225
dkasc_12,dkasc,BWh,xgboost,4,scratch_6,0.0,1919,0.02241445705294609,-1.2803871815955548,-1.4642103348286861,-1.1081607945357619,5.297399041752225
dkasc_12,dkasc,BWh,xgboost,4,zero_shot,0.0,0,0.06801048666238785,-1.128102401519615,-1.3985186120648918,-0.8265775704520695,5.296030116358659
dkasc_12,dkasc,BWh,xgboost,4,finetune_6,0.0,1919,0.031175479292869568,-1.1038511401944118,-1.306568050299517,-0.8711098611521972,5.296030116358659
dkasc_12,dkasc,BWh,tcn,0,scratch_24,0.0,6885,0.01819946989417076,-1.2674498760544273,-1.4363442117457215,-1.0893541365731618,5.297399041752225
dkasc_12,dkasc,BWh,tcn,0,scratch_6,0.0,1919,0.028276272118091583,-1.2957509270481073,-1.5069269792438444,-1.0302523175052092,5.296030116358659
dkasc_12,dkasc,BWh,tcn,0,zero_shot,0.0,0,0.07303757965564728,-1.3554693847713235,-1.7270760452780385,-0.9129600214526523,5.296030116358659
dkasc_12,dkasc,BWh,tcn,0,finetune_6,0.0,1919,0.035656169056892395,-1.2316329688302612,-1.4671731604633353,-0.950177422436457,5.296030116358659
dkasc_12,dkasc,BWh,tcn,1,scratch_24,0.0,6885,0.018054232001304626,-1.246186334145849,-1.4365672575786974,-1.0673795373775108,5.297399041752225
dkasc_12,dkasc,BWh,tcn,1,scratch_6,0.0,1919,0.026047570630908012,-1.250003105321218,-1.4257485142745274,-1.053340189808849,5.297399041752225
dkasc_12,dkasc,BWh,tcn,1,zero_shot,0.0,0,0.07088139653205872,-1.364758600576288,-1.7062783996125597,-1.0218060948734957,5.289185489390828
dkasc_12,dkasc,BWh,tcn,1,finetune_6,0.0,1919,0.03066188097000122,-1.2873624453912935,-1.5523804098742433,-1.049219789784006,5.289185489390828
dkasc_12,dkasc,BWh,tcn,2,scratch_24,0.0,6885,0.018016137182712555,-1.2382392042530592,-1.426844910723124,-1.1068127971530435,5.297399041752225
dkasc_12,dkasc,BWh,tcn,2,scratch_6,0.0,1919,0.02579508349299431,-1.2399891544937147,-1.44489664220816,-1.0667998050761915,5.297399041752225
dkasc_12,dkasc,BWh,tcn,2,zero_shot,0.0,0,0.07741787284612656,-1.4360365934923847,-1.7822387386588867,-1.0339216922965342,5.296030116358659
dkasc_12,dkasc,BWh,tcn,2,finetune_6,0.0,1919,0.03175024688243866,-1.3078279024483497,-1.5403810807476992,-1.0665992295042726,5.296030116358659
dkasc_12,dkasc,BWh,tcn,3,scratch_24,0.0,6885,0.018524430692195892,-1.2260069304779853,-1.3874262139482618,-1.048537352344181,5.297399041752225
dkasc_12,dkasc,BWh,tcn,3,scratch_6,0.0,1919,0.026558924466371536,-1.2689425036598978,-1.4636708223234263,-1.0900449661080809,5.297399041752225
dkasc_12,dkasc,BWh,tcn,3,zero_shot,0.0,0,0.08619870990514755,-1.342200514702152,-1.6435532555298504,-0.992084146706762,5.289185489390828
dkasc_12,dkasc,BWh,tcn,3,finetune_6,0.0,1919,0.028866702690720558,-1.2887784886015385,-1.5240586409673609,-1.1142075454023903,5.289185489390828
dkasc_12,dkasc,BWh,tcn,4,scratch_24,0.0,6885,0.018749164417386055,-1.2226416295871734,-1.3961969974491062,-1.032403810402971,5.297399041752225
dkasc_12,dkasc,BWh,tcn,4,scratch_6,0.0,1919,0.029424991458654404,-1.1710623936163844,-1.3326445170404277,-0.9984096486720272,5.297399041752225
dkasc_12,dkasc,BWh,tcn,4,zero_shot,0.0,0,0.08335960656404495,-1.4643704082902942,-1.8026616688089248,-1.1172751473920606,5.289185489390828
dkasc_12,dkasc,BWh,tcn,4,finetune_6,0.0,1919,0.03181608393788338,-1.3011009434912735,-1.6347411185912861,-1.0633939113743218,5.289185489390828
dkasc_12,dkasc,BWh,xgboost,0,scratch_24,-1.0,6885,0.018720099702477455,-2.0449185604463183,-2.212312041716073,-1.900819535321698,5.297399041752225
dkasc_12,dkasc,BWh,xgboost,0,scratch_6,-1.0,1919,0.024771232157945633,-2.1878658698373576,-2.33455945531027,-1.974420894500717,5.297399041752225
dkasc_12,dkasc,BWh,xgboost,0,zero_shot,-1.0,0,0.07230208069086075,-2.0160419546079558,-2.3267779427634308,-1.7699207794044547,5.296030116358659
dkasc_12,dkasc,BWh,xgboost,0,finetune_6,-1.0,1919,0.032516203820705414,-1.999542371374552,-2.199316699939322,-1.7278106807558469,5.296030116358659
dkasc_12,dkasc,BWh,xgboost,1,scratch_24,-1.0,6885,0.018690764904022217,-2.067470769097493,-2.235551429648186,-1.885320709207398,5.297399041752225
dkasc_12,dkasc,BWh,xgboost,1,scratch_6,-1.0,1919,0.024897778406739235,-2.205178661959073,-2.3884505683649526,-2.048020478616608,5.297399041752225
dkasc_12,dkasc,BWh,xgboost,1,zero_shot,-1.0,0,0.07336123287677765,-2.0465132252446034,-2.352626588200115,-1.7083717546570156,5.296030116358659
dkasc_12,dkasc,BWh,xgboost,1,finetune_6,-1.0,1919,0.03288471698760986,-1.9528140384595156,-2.2052116145742318,-1.7504667671697227,5.296030116358659
dkasc_12,dkasc,BWh,xgboost,2,scratch_24,-1.0,6885,0.01866486296057701,-2.049140111794385,-2.220768670990929,-1.8978285386943128,5.297399041752225
dkasc_12,dkasc,BWh,xgboost,2,scratch_6,-1.0,1919,0.02489604987204075,-2.2141152824661003,-2.3639215894055976,-2.026072119544342,5.297399041752225
dkasc_12,dkasc,BWh,xgboost,2,zero_shot,-1.0,0,0.07193125039339066,-2.019481698410469,-2.3344170522873284,-1.717450159790102,5.296030116358659
dkasc_12,dkasc,BWh,xgboost,2,finetune_6,-1.0,1919,0.031873565167188644,-1.946889065738632,-2.1883662848971612,-1.745404030073309,5.296030116358659
dkasc_12,dkasc,BWh,xgboost,3,scratch_24,-1.0,6885,0.018685853108763695,-2.036126517522896,-2.1929602035719684,-1.8732780321572773,5.297399041752225
dkasc_12,dkasc,BWh,xgboost,3,scratch_6,-1.0,1919,0.02499343827366829,-2.218103183357212,-2.383246865401445,-2.00214337521728,5.297399041752225
dkasc_12,dkasc,BWh,xgboost,3,zero_shot,-1.0,0,0.07193175703287125,-1.9826914312605095,-2.299376656985113,-1.6900079152739473,5.296030116358659
dkasc_12,dkasc,BWh,xgboost,3,finetune_6,-1.0,1919,0.032438915222883224,-2.0090832367696922,-2.222219614002041,-1.751761052571369,5.296030116358659
dkasc_12,dkasc,BWh,xgboost,4,scratch_24,-1.0,6885,0.01869514212012291,-2.0625240278141916,-2.2359990483470815,-1.89999640862768,5.297399041752225
dkasc_12,dkasc,BWh,xgboost,4,scratch_6,-1.0,1919,0.024846572428941727,-2.2054153578772357,-2.3770715938993714,-2.0154540825062406,5.297399041752225
dkasc_12,dkasc,BWh,xgboost,4,zero_shot,-1.0,0,0.07329490035772324,-2.103004320546753,-2.3940584069911672,-1.7597577545534455,5.296030116358659
dkasc_12,dkasc,BWh,xgboost,4,finetune_6,-1.0,1919,0.03290075063705444,-1.9922864035130328,-2.1985121105644367,-1.792960501682267,5.296030116358659
dkasc_12,dkasc,BWh,tcn,0,scratch_24,-1.0,6885,0.019558439031243324,-2.170304944360024,-2.336816453084012,-1.9901878622798574,5.297399041752225
dkasc_12,dkasc,BWh,tcn,0,scratch_6,-1.0,1919,0.028571397066116333,-2.209950540938933,-2.3755087167455224,-1.9896139285496606,5.296030116358659
dkasc_12,dkasc,BWh,tcn,0,zero_shot,-1.0,0,0.07800612598657608,-2.234560878491089,-2.605425347418544,-1.9143902608213748,5.296030116358659
dkasc_12,dkasc,BWh,tcn,0,finetune_6,-1.0,1919,0.03649295121431351,-2.164129791291956,-2.385388491449188,-1.8980320123772876,5.296030116358659
dkasc_12,dkasc,BWh,tcn,1,scratch_24,-1.0,6885,0.019872428849339485,-2.1805391132410645,-2.346657891243442,-2.065424599476129,5.297399041752225
dkasc_12,dkasc,BWh,tcn,1,scratch_6,-1.0,1919,0.029279617592692375,-2.112617466833894,-2.262623494158509,-1.9632677227771622,5.297399041752225
dkasc_12,dkasc,BWh,tcn,1,zero_shot,-1.0,0,0.0763910636305809,-2.209439732223406,-2.6066924662155544,-1.9529109281975598,5.289185489390828
dkasc_12,dkasc,BWh,tcn,1,finetune_6,-1.0,1919,0.032595112919807434,-2.2071771295864417,-2.479544453248317,-1.9757279799311211,5.289185489390828
dkasc_12,dkasc,BWh,tcn,2,scratch_24,-1.0,6885,0.019051754847168922,-2.130283540874356,-2.3220643294612042,-1.987561361143475,5.297399041752225
dkasc_12,dkasc,BWh,tcn,2,scratch_6,-1.0,1919,0.028366608545184135,-2.123959369028805,-2.263775917069999,-1.939270796573971,5.297399041752225
dkasc_12,dkasc,BWh,tcn,2,zero_shot,-1.0,0,0.08289491385221481,-2.306880837391506,-2.5816782746718503,-1.9563630295413017,5.296030116358659
dkasc_12,dkasc,BWh,tcn,2,finetune_6,-1.0,1919,0.033449266105890274,-2.201995457263328,-2.438952416837381,-2.0044052525451495,5.296030116358659
dkasc_12,dkasc,BWh,tcn,3,scratch_24,-1.0,6885,0.01974223181605339,-2.160055570139452,-2.310894793203666,-1.9685604508376753,5.297399041752225
dkasc_12,dkasc,BWh,tcn,3,scratch_6,-1.0,1919,0.034662649035453796,-2.150678653509175,-2.2969658182377883,-1.95272358086411,5.297399041752225
dkasc_12,dkasc,BWh,tcn,3,zero_shot,-1.0,0,0.0917602926492691,-2.207788315764186,-2.559626373317464,-1.917926912591894,5.2878165639972625
dkasc_12,dkasc,BWh,tcn,3,finetune_6,-1.0,1919,0.030040977522730827,-2.2040018656191873,-2.433737152172055,-2.044690800428781,5.289185489390828
dkasc_12,dkasc,BWh,tcn,4,scratch_24,-1.0,6885,0.01919206604361534,-2.1538042815195335,-2.348891205851417,-1.9601133586191644,5.297399041752225
dkasc_12,dkasc,BWh,tcn,4,scratch_6,-1.0,1919,0.031707413494586945,-2.0780396531968837,-2.2636737643714877,-1.9169635819524158,5.297399041752225
dkasc_12,dkasc,BWh,tcn,4,zero_shot,-1.0,0,0.08919648826122284,-2.355863082967935,-2.6776393570945634,-2.019893259743364,5.289185489390828
dkasc_12,dkasc,BWh,tcn,4,finetune_6,-1.0,1919,0.03297632187604904,-2.237959757272756,-2.5550389789174677,-1.9729209643161716,5.289185489390828
dkasc_14,dkasc,BWh,xgboost,0,scratch_24,0.0,6832,0.02034784108400345,-1.0672374511099207,-1.2623046978186447,-0.8994053805483082,5.264544832306639
dkasc_14,dkasc,BWh,xgboost,0,scratch_6,0.0,1866,0.026878582313656807,-1.0424895081435044,-1.2516371093712397,-0.8680195216350912,5.264544832306639
dkasc_14,dkasc,BWh,xgboost,0,zero_shot,0.0,0,0.05090288445353508,-1.0156777751332502,-1.3143757556202182,-0.7672959151367582,5.263175906913073
dkasc_14,dkasc,BWh,xgboost,0,finetune_6,0.0,1866,0.03408697247505188,-1.0985918922497395,-1.3359673081296228,-0.8697494465061406,5.264544832306639
dkasc_14,dkasc,BWh,xgboost,1,scratch_24,0.0,6832,0.020331673324108124,-1.0515018316260893,-1.277118645159141,-0.8968996525910045,5.264544832306639
dkasc_14,dkasc,BWh,xgboost,1,scratch_6,0.0,1866,0.026801766827702522,-1.056921780456449,-1.2400059697975072,-0.8897752052369423,5.264544832306639
dkasc_14,dkasc,BWh,xgboost,1,zero_shot,0.0,0,0.05168590694665909,-1.0091508064829502,-1.280233217975435,-0.6523717625014358,5.263175906913073
dkasc_14,dkasc,BWh,xgboost,1,finetune_6,0.0,1866,0.03403047099709511,-1.0449902584631743,-1.311259297464784,-0.8375405325992724,5.263175906913073
dkasc_14,dkasc,BWh,xgboost,2,scratch_24,0.0,6832,0.02041444554924965,-1.0813134268970404,-1.2581146632554274,-0.8628954408135769,5.264544832306639
dkasc_14,dkasc,BWh,xgboost,2,scratch_6,0.0,1866,0.026855498552322388,-1.026137793110415,-1.2312662281534312,-0.8634013372025244,5.264544832306639
dkasc_14,dkasc,BWh,xgboost,2,zero_shot,0.0,0,0.05069161579012871,-0.9357838198849611,-1.2067664252313093,-0.696203544938756,5.263175906913073
dkasc_14,dkasc,BWh,xgboost,2,finetune_6,0.0,1866,0.033334653824567795,-1.0644324588494958,-1.3036220306145263,-0.8658541591316071,5.263175906913073
dkasc_14,dkasc,BWh,xgboost,3,scratch_24,0.0,6832,0.020376110449433327,-1.0911691486322483,-1.2877772308376723,-0.8864387997541967,5.264544832306639
dkasc_14,dkasc,BWh,xgboost,3,scratch_6,0.0,1866,0.02674747072160244,-1.088367781708989,-1.239418734277009,-0.894547120946998,5.264544832306639
dkasc_14,dkasc,BWh,xgboost,3,zero_shot,0.0,0,0.050765033811330795,-1.0083921598224577,-1.2710223711748632,-0.699559237611147,5.263175906913073
dkasc_14,dkasc,BWh,xgboost,3,finetune_6,0.0,1866,0.034331854432821274,-1.0490734189784798,-1.3015370177466234,-0.8530478128960794,5.264544832306639
dkasc_14,dkasc,BWh,xgboost,4,scratch_24,0.0,6832,0.020449168980121613,-1.0682417506332107,-1.2651933744248223,-0.872260045981716,5.264544832306639
dkasc_14,dkasc,BWh,xgboost,4,scratch_6,0.0,1866,0.026816105470061302,-1.0593106802010144,-1.252540552891912,-0.8985657846475494,5.264544832306639
dkasc_14,dkasc,BWh,xgboost,4,zero_shot,0.0,0,0.051316019147634506,-0.9970524532341263,-1.3514979786461656,-0.7111673324551537,5.263175906913073
dkasc_14,dkasc,BWh,xgboost,4,finetune_6,0.0,1866,0.034037716686725616,-1.0183437337027423,-1.265409970175692,-0.8213847479412895,5.263175906913073
dkasc_14,dkasc,BWh,tcn,0,scratch_24,0.0,6832,0.022394215688109398,-1.1065086889817222,-1.2850998496566026,-0.9377050740190074,5.264544832306639
dkasc_14,dkasc,BWh,tcn,0,scratch_6,0.0,1866,0.034547045826911926,-1.3212755207196447,-1.5478517691017997,-1.0812186495481546,5.263175906913073
dkasc_14,dkasc,BWh,tcn,0,zero_shot,0.0,0,0.056329578161239624,-1.1264160297059678,-1.5021509020872292,-0.8006703618434585,5.263175906913073
dkasc_14,dkasc,BWh,tcn,0,finetune_6,0.0,1866,0.041190505027770996,-1.0310717756875263,-1.3097087958358289,-0.8339762086658875,5.263175906913073
dkasc_14,dkasc,BWh,tcn,1,scratch_24,0.0,6832,0.02186889946460724,-1.0948918780226347,-1.29622742395058,-0.8977514580474133,5.264544832306639
dkasc_14,dkasc,BWh,tcn,1,scratch_6,0.0,1866,0.029951876029372215,-1.1236859340750804,-1.3087442718597129,-0.9296134135552476,5.264544832306639
dkasc_14,dkasc,BWh,tcn,1,zero_shot,0.0,0,0.05036041513085365,-0.944935512667677,-1.2855998274272085,-0.6092719010783232,5.256331279945243
dkasc_14,dkasc,BWh,tcn,1,finetune_6,0.0,1866,0.03177482634782791,-0.9498115802945092,-1.2266362569767908,-0.726168470676658,5.256331279945243
dkasc_14,dkasc,BWh,tcn,2,scratch_24,0.0,6832,0.02262231335043907,-1.0880094592929879,-1.2843347894490535,-0.9284691208436023,5.264544832306639
dkasc_14,dkasc,BWh,tcn,2,scratch_6,0.0,1866,0.029176130890846252,-1.1890152418861963,-1.3907452214385718,-1.025065185857238,5.264544832306639
dkasc_14,dkasc,BWh,tcn,2,zero_shot,0.0,0,0.0563814677298069,-0.935019606058048,-1.2667038429093669,-0.6626661569240411,5.263175906913073
dkasc_14,dkasc,BWh,tcn,2,finetune_6,0.0,1866,0.03438059613108635,-0.9739570397340414,-1.2184990829788411,-0.7699703144731238,5.263175906913073
dkasc_14,dkasc,BWh,tcn,3,scratch_24,0.0,6832,0.022447960451245308,-1.1994169338490457,-1.3474342994010402,-0.9719167442761245,5.264544832306639
dkasc_14,dkasc,BWh,tcn,3,scratch_6,0.0,1866,0.032233502715826035,-1.2105762998656788,-1.4899277227350238,-1.03222840010039,5.264544832306639
dkasc_14,dkasc,BWh,tcn,3,zero_shot,0.0,0,0.06263893097639084,-0.9940468768373567,-1.2908402990084806,-0.7219629933749491,5.256331279945243
dkasc_14,dkasc,BWh,tcn,3,finetune_6,0.0,1866,0.03125852346420288,-1.0521124167881095,-1.2787417407244575,-0.8126979861639161,5.256331279945243
dkasc_14,dkasc,BWh,tcn,4,scratch_24,0.0,6832,0.022174440324306488,-1.0607997773783961,-1.2672496922033205,-0.8475954153759901,5.264544832306639
dkasc_14,dkasc,BWh,tcn,4,scratch_6,0.0,1866,0.029406975954771042,-1.0553778145072568,-1.2201236514082083,-0.8050898026467302,5.264544832306639
dkasc_14,dkasc,BWh,tcn,4,zero_shot,0.0,0,0.05890505388379097,-0.9670045283432349,-1.3302486243007288,-0.6929866524785444,5.256331279945243
dkasc_14,dkasc,BWh,tcn,4,finetune_6,0.0,1866,0.035275060683488846,-1.121127611563273,-1.3473425604359082,-0.8473266055356792,5.256331279945243
dkasc_14,dkasc,BWh,xgboost,0,scratch_24,-1.0,6832,0.021514736115932465,-1.9981270491645053,-2.154925744004239,-1.8360054742390806,5.264544832306639
dkasc_14,dkasc,BWh,xgboost,0,scratch_6,-1.0,1866,0.029190225526690483,-1.9732241677343247,-2.139761154183246,-1.7917278865733743,5.264544832306639
dkasc_14,dkasc,BWh,xgboost,0,zero_shot,-1.0,0,0.05288516357541084,-1.8635466310826354,-2.160412713637294,-1.6401858752843117,5.263175906913073
dkasc_14,dkasc,BWh,xgboost,0,finetune_6,-1.0,1866,0.03548581898212433,-2.0132197040777178,-2.253880961959287,-1.796698742714209,5.263175906913073
dkasc_14,dkasc,BWh,xgboost,1,scratch_24,-1.0,6832,0.02148403972387314,-2.011820164981554,-2.17505466460145,-1.8669749393812944,5.264544832306639
dkasc_14,dkasc,BWh,xgboost,1,scratch_6,-1.0,1866,0.02920888178050518,-1.9672203454317154,-2.117817366809979,-1.796420016162542,5.264544832306639
dkasc_14,dkasc,BWh,xgboost,1,zero_shot,-1.0,0,0.05376700311899185,-1.8719375110329395,-2.146462077579603,-1.532884466673956,5.263175906913073
dkasc_14,dkasc,BWh,xgboost,1,finetune_6,-1.0,1866,0.03577778860926628,-1.9942609641288245,-2.209270883568548,-1.7311151577785289,5.263175906913073
dkasc_14,dkasc,BWh,xgboost,2,scratch_24,-1.0,6832,0.021542351692914963,-2.013383223096632,-2.16590549390633,-1.8228689823308677,5.264544832306639
dkasc_14,dkasc,BWh,xgboost,2,scratch_6,-1.0,1866,0.029230602085590363,-1.9442953956749498,-2.1135498184227663,-1.8058531437326497,5.264544832306639
dkasc_14,dkasc,BWh,xgboost,2,zero_shot,-1.0,0,0.052655212581157684,-1.8329462358083748,-2.0988358627354375,-1.592981633755297,5.263175906913073
dkasc_14,dkasc,BWh,xgboost,2,finetune_6,-1.0,1866,0.035052984952926636,-1.970074427716073,-2.2043981634303433,-1.7572497589663172,5.263175906913073
dkasc_14,dkasc,BWh,xgboost,3,scratch_24,-1.0,6832,0.021561598405241966,-2.001285108113758,-2.159047026968913,-1.8457277753982981,5.264544832306639
dkasc_14,dkasc,BWh,xgboost,3,scratch_6,-1.0,1866,0.029214849695563316,-1.9635391334976422,-2.152494570289579,-1.790715573424756,5.264544832306639
dkasc_14,dkasc,BWh,xgboost,3,zero_shot,-1.0,0,0.05267644673585892,-1.8627538412482658,-2.1015778157513885,-1.5700789857606923,5.263175906913073
dkasc_14,dkasc,BWh,xgboost,3,finetune_6,-1.0,1866,0.03557853400707245,-1.980219147537624,-2.1747981716527893,-1.7215301425324236,5.263175906913073
dkasc_14,dkasc,BWh,xgboost,4,scratch_24,-1.0,6832,0.02164900302886963,-1.9694669257800446,-2.1850153474497844,-1.7932470941537528,5.264544832306639
dkasc_14,dkasc,BWh,xgboost,4,scratch_6,-1.0,1866,0.02920903079211712,-1.957241612983518,-2.1429995693711845,-1.8041155671551734,5.264544832306639
dkasc_14,dkasc,BWh,xgboost,4,zero_shot,-1.0,0,0.05341260880231857,-1.8710184470683449,-2.171186684705875,-1.5954750402717988,5.263175906913073
dkasc_14,dkasc,BWh,xgboost,4,finetune_6,-1.0,1866,0.03544280678033829,-1.9575150706411248,-2.1859227033506845,-1.7194593503428002,5.263175906913073
dkasc_14,dkasc,BWh,tcn,0,scratch_24,-1.0,6832,0.023302095010876656,-2.0356032255259615,-2.193103264958496,-1.7924023921592038,5.264544832306639
dkasc_14,dkasc,BWh,tcn,0,scratch_6,-1.0,1866,0.03563261032104492,-2.236873181908927,-2.428434960718373,-2.016258580642616,5.263175906913073
dkasc_14,dkasc,BWh,tcn,0,zero_shot,-1.0,0,0.058325186371803284,-2.067638073842241,-2.369671710302046,-1.6857556375116094,5.263175906913073
dkasc_14,dkasc,BWh,tcn,0,finetune_6,-1.0,1866,0.04177261143922806,-1.9519110356607783,-2.2452355222650655,-1.7666640532460254,5.263175906913073
dkasc_14,dkasc,BWh,tcn,1,scratch_24,-1.0,6832,0.023785997182130814,-2.0733546550521846,-2.265878778894903,-1.893758412888974,5.264544832306639
dkasc_14,dkasc,BWh,tcn,1,scratch_6,-1.0,1866,0.033530574291944504,-2.0785248616956506,-2.2404199348830756,-1.906815927393557,5.264544832306639
dkasc_14,dkasc,BWh,tcn,1,zero_shot,-1.0,0,0.05323825031518936,-1.8314554505422063,-2.1736512814010216,-1.5287101742133324,5.256331279945243
dkasc_14,dkasc,BWh,tcn,1,finetune_6,-1.0,1866,0.03509363904595375,-1.878901833661728,-2.133045175490494,-1.6564585882646508,5.256331279945243
dkasc_14,dkasc,BWh,tcn,2,scratch_24,-1.0,6832,0.023693332448601723,-2.0317731537115415,-2.2055293097286564,-1.8369822313614836,5.264544832306639
dkasc_14,dkasc,BWh,tcn,2,scratch_6,-1.0,1866,0.032293278723955154,-2.1032747736754898,-2.2984607247061586,-1.9070706603182552,5.264544832306639
dkasc_14,dkasc,BWh,tcn,2,zero_shot,-1.0,0,0.059649474918842316,-1.8118875706381043,-2.1507701035069604,-1.5884856496656163,5.263175906913073
dkasc_14,dkasc,BWh,tcn,2,finetune_6,-1.0,1866,0.03628496080636978,-1.8885694973378993,-2.1266596867700382,-1.6982716180773294,5.263175906913073
dkasc_14,dkasc,BWh,tcn,3,scratch_24,-1.0,6832,0.0235104039311409,-2.059651474149582,-2.2605088658181893,-1.899863851323036,5.264544832306639
dkasc_14,dkasc,BWh,tcn,3,scratch_6,-1.0,1866,0.03345651924610138,-2.0777201597377393,-2.323017453382425,-1.933061911345485,5.264544832306639
dkasc_14,dkasc,BWh,tcn,3,zero_shot,-1.0,0,0.06643249094486237,-1.9182243850425607,-2.1406105581859736,-1.6686268491179184,5.256331279945243
dkasc_14,dkasc,BWh,tcn,3,finetune_6,-1.0,1866,0.03315003216266632,-1.944253543645208,-2.172410379828066,-1.7454990734993125,5.256331279945243
dkasc_14,dkasc,BWh,tcn,4,scratch_24,-1.0,6832,0.023477613925933838,-1.9837275950485134,-2.1439802634104685,-1.8024889347469264,5.264544832306639
dkasc_14,dkasc,BWh,tcn,4,scratch_6,-1.0,1866,0.035050809383392334,-1.9917639891032235,-2.2001150021072258,-1.7773554678178265,5.264544832306639
dkasc_14,dkasc,BWh,tcn,4,zero_shot,-1.0,0,0.06312369555234909,-1.9109192100575934,-2.2300382887134518,-1.6462688932472331,5.256331279945243
dkasc_14,dkasc,BWh,tcn,4,finetune_6,-1.0,1866,0.036096855998039246,-2.0062463176950374,-2.2724906235858846,-1.7531559239299819,5.256331279945243
dkasc_18,dkasc,BWh,xgboost,0,scratch_24,0.0,6885,0.02410670928657055,-0.3858691024034966,-0.4742065345465063,-0.2933364537619887,5.260438056125941
dkasc_18,dkasc,BWh,xgboost,0,scratch_6,0.0,1919,0.030036380514502525,-0.37687668826807963,-0.49654078159752263,-0.2539452935234665,5.2590691307323745
dkasc_18,dkasc,BWh,xgboost,0,zero_shot,0.0,0,0.05652625858783722,-0.17185402161545849,-0.42950646346000676,0.021635408840015025,5.2590691307323745
dkasc_18,dkasc,BWh,xgboost,0,finetune_6,0.0,1919,0.03441331908106804,-0.32421155510442,-0.46990643922478226,-0.1369518741845599,5.2590691307323745
dkasc_18,dkasc,BWh,xgboost,1,scratch_24,0.0,6885,0.024222351610660553,-0.3876161354053831,-0.49209311073860024,-0.2856140346027189,5.260438056125941
dkasc_18,dkasc,BWh,xgboost,1,scratch_6,0.0,1919,0.03014933131635189,-0.37630072562915895,-0.48578357810480666,-0.25801724146606414,5.2590691307323745
dkasc_18,dkasc,BWh,xgboost,1,zero_shot,0.0,0,0.0567152164876461,-0.2131612041141977,-0.4380151836241737,0.046129830884872,5.2590691307323745
dkasc_18,dkasc,BWh,xgboost,1,finetune_6,0.0,1919,0.034754056483507156,-0.2904373885088074,-0.4674621939767015,-0.08839261014118582,5.2590691307323745
dkasc_18,dkasc,BWh,xgboost,2,scratch_24,0.0,6885,0.024073870852589607,-0.3755376140864659,-0.4700217643319571,-0.2688986272522905,5.260438056125941
dkasc_18,dkasc,BWh,xgboost,2,scratch_6,0.0,1919,0.029980767518281937,-0.3646035362261253,-0.4822494036102354,-0.25943983015757877,5.2590691307323745
dkasc_18,dkasc,BWh,xgboost,2,zero_shot,0.0,0,0.056432247161865234,-0.1891264410700957,-0.40582159809859125,0.07827250959130394,5.2590691307323745
dkasc_18,dkasc,BWh,xgboost,2,finetune_6,0.0,1919,0.03407067432999611,-0.2600606049814129,-0.44665222241554337,-0.11091183285621975,5.2590691307323745
dkasc_18,dkasc,BWh,xgboost,3,scratch_24,0.0,6885,0.02413908764719963,-0.38249443213247414,-0.4758950004595564,-0.2854766305544154,5.260438056125941
dkasc_18,dkasc,BWh,xgboost,3,scratch_6,0.0,1919,0.03001597337424755,-0.3743234452777965,-0.4745403139586352,-0.2551901834919823,5.2590691307323745
dkasc_18,dkasc,BWh,xgboost,3,zero_shot,0.0,0,0.05647510662674904,-0.14307694517740055,-0.392097125140789,0.07133210854775879,5.2590691307323745
dkasc_18,dkasc,BWh,xgboost,3,finetune_6,0.0,1919,0.03479280322790146,-0.2812091583662579,-0.43261335632468423,-0.12674677472894677,5.2590691307323745
dkasc_18,dkasc,BWh,xgboost,4,scratch_24,0.0,6885,0.024020906537771225,-0.35567586908655247,-0.4730191963505104,-0.28374162827609617,5.260438056125941
dkasc_18,dkasc,BWh,xgboost,4,scratch_6,0.0,1919,0.02991408295929432,-0.3916066092908177,-0.5274346039107068,-0.2518598640823834,5.2590691307323745
dkasc_18,dkasc,BWh,xgboost,4,zero_shot,0.0,0,0.05640355870127678,-0.17306594361876648,-0.4221228952493439,0.07873877231416859,5.2590691307323745
dkasc_18,dkasc,BWh,xgboost,4,finetune_6,0.0,1919,0.034541185945272446,-0.24507817594001113,-0.42380460602519654,-0.07260133986003448,5.2590691307323745
dkasc_18,dkasc,BWh,tcn,0,scratch_24,0.0,6885,0.026524178683757782,-0.37146112823998045,-0.49443518866486014,-0.27172065361769776,5.2590691307323745
dkasc_18,dkasc,BWh,tcn,0,scratch_6,0.0,1919,0.03788766637444496,-0.39823718130957975,-0.5256351611127252,-0.1961870924621288,5.257700205338809
dkasc_18,dkasc,BWh,tcn,0,zero_shot,0.0,0,0.06187109276652336,-0.29700031423482987,-0.5404567843133338,-0.018806229246859374,5.2590691307323745
dkasc_18,dkasc,BWh,tcn,0,finetune_6,0.0,1919,0.04139861837029457,-0.3969456359033341,-0.5655238595170697,-0.2525760183944821,5.257700205338809
dkasc_18,dkasc,BWh,tcn,1,scratch_24,0.0,6885,0.025778716430068016,-0.37500780303940073,-0.5018473652120519,-0.2331149946872792,5.2590691307323745
dkasc_18,dkasc,BWh,tcn,1,scratch_6,0.0,1919,0.03332266956567764,-0.3836529378237726,-0.5411548553691192,-0.24283714937731873,5.2590691307323745
dkasc_18,dkasc,BWh,tcn,1,zero_shot,0.0,0,0.05457490682601929,-0.25081942438505145,-0.49730856974080123,0.037459574799991735,5.252224503764545
dkasc_18,dkasc,BWh,tcn,1,finetune_6,0.0,1919,0.03550931438803673,-0.3817607478397045,-0.5249719105407058,-0.22636410124586454,5.252224503764545
dkasc_18,dkasc,BWh,tcn,2,scratch_24,0.0,6885,0.02620847336947918,-0.32586504589594,-0.4468911714911192,-0.2002246154695131,5.2590691307323745
dkasc_18,dkasc,BWh,tcn,2,scratch_6,0.0,1919,0.03507482632994652,-0.35999270563894525,-0.5156004972969533,-0.18423727557299596,5.2590691307323745
dkasc_18,dkasc,BWh,tcn,2,zero_shot,0.0,0,0.06029663607478142,-0.3030083338359746,-0.6293901162466531,0.03689001740889708,5.2590691307323745
dkasc_18,dkasc,BWh,tcn,2,finetune_6,0.0,1919,0.03637395799160004,-0.40271892515844065,-0.5444519196809143,-0.22736579762275833,5.257700205338809
dkasc_18,dkasc,BWh,tcn,3,scratch_24,0.0,6885,0.025688346475362778,-0.3800818435201192,-0.5094318818811432,-0.2889432732040769,5.2590691307323745
dkasc_18,dkasc,BWh,tcn,3,scratch_6,0.0,1919,0.03356090560555458,-0.4130294362136133,-0.5565996474405193,-0.23874810862363988,5.2590691307323745
dkasc_18,dkasc,BWh,tcn,3,zero_shot,0.0,0,0.05816502869129181,-0.1546760309716344,-0.39320476189474984,0.09301480780906646,5.252224503764545
dkasc_18,dkasc,BWh,tcn,3,finetune_6,0.0,1919,0.03343438729643822,-0.4126634349225392,-0.5597142574841847,-0.28030620951682295,5.252224503764545
dkasc_18,dkasc,BWh,tcn,4,scratch_24,0.0,6885,0.025556690990924835,-0.29882797479144907,-0.39965554449270524,-0.19286146895944323,5.2590691307323745
dkasc_18,dkasc,BWh,tcn,4,scratch_6,0.0,1919,0.03586609661579132,-0.24734511010113258,-0.4190275248548203,-0.09760114658725616,5.2590691307323745
dkasc_18,dkasc,BWh,tcn,4,zero_shot,0.0,0,0.05614651367068291,-0.2865226984022923,-0.6835455832448989,0.012385306614992597,5.252224503764545
dkasc_18,dkasc,BWh,tcn,4,finetune_6,0.0,1919,0.039018820971250534,-0.31129903983075913,-0.5062675966461797,-0.18227883604344797,5.250855578370979
dkasc_18,dkasc,BWh,xgboost,0,scratch_24,-1.0,6885,0.024716496467590332,-1.323000498930419,-1.420958175258836,-1.2465169860750969,5.260438056125941
dkasc_18,dkasc,BWh,xgboost,0,scratch_6,-1.0,1919,0.03190656751394272,-1.335227498718139,-1.4530236020718221,-1.2027869855341322,5.2590691307323745
dkasc_18,dkasc,BWh,xgboost,0,zero_shot,-1.0,0,0.053699180483818054,-1.1215335943000282,-1.3260864530861851,-0.9466759563328198,5.2590691307323745
dkasc_18,dkasc,BWh,xgboost,0,finetune_6,-1.0,1919,0.03548431396484375,-1.2474202939512273,-1.4046048163095237,-1.054679039941303,5.2590691307323745
dkasc_18,dkasc,BWh,xgboost,1,scratch_24,-1.0,6885,0.024659283459186554,-1.3267316905750781,-1.4462916103732821,-1.235855768844496,5.260438056125941
dkasc_18,dkasc,BWh,xgboost,1,scratch_6,-1.0,1919,0.03201111778616905,-1.3394454719984514,-1.439856860974803,-1.237406756265816,5.2590691307323745
dkasc_18,dkasc,BWh,xgboost,1,zero_shot,-1.0,0,0.0540301688015461,-1.1419913364057364,-1.3651831358105104,-0.9396700625069231,5.2590691307323745
dkasc_18,dkasc,BWh,xgboost,1,finetune_6,-1.0,1919,0.035843346267938614,-1.214613906377279,-1.3893282599274805,-1.0295179244198367,5.2590691307323745
dkasc_18,dkasc,BWh,xgboost,2,scratch_24,-1.0,6885,0.024644743651151657,-1.3328162651964144,-1.4264177764714336,-1.2529090011704103,5.260438056125941
dkasc_18,dkasc,BWh,xgboost,2,scratch_6,-1.0,1919,0.03183542191982269,-1.3265069460767664,-1.4326635281508824,-1.2232149622800679,5.2590691307323745
dkasc_18,dkasc,BWh,xgboost,2,zero_shot,-1.0,0,0.053572822362184525,-1.1207611400958495,-1.3468231533526165,-0.8968751916199706,5.2590691307323745
dkasc_18,dkasc,BWh,xgboost,2,finetune_6,-1.0,1919,0.035085421055555344,-1.2115024276914443,-1.4023233376141864,-1.0517274792136821,5.2590691307323745
dkasc_18,dkasc,BWh,xgboost,3,scratch_24,-1.0,6885,0.02462044730782509,-1.3107119472666906,-1.4157006325299426,-1.2183619545560676,5.260438056125941
dkasc_18,dkasc,BWh,xgboost,3,scratch_6,-1.0,1919,0.032064687460660934,-1.3316871290820709,-1.434746409879888,-1.2004787906037762,5.2590691307323745
dkasc_18,dkasc,BWh,xgboost,3,zero_shot,-1.0,0,0.05357078090310097,-1.1274231095508735,-1.2723862892102464,-0.8877903444131086,5.2590691307323745
dkasc_18,dkasc,BWh,xgboost,3,finetune_6,-1.0,1919,0.03576526418328285,-1.2633669460697268,-1.3901083136370063,-1.054208405250967,5.260438056125941
dkasc_18,dkasc,BWh,xgboost,4,scratch_24,-1.0,6885,0.02475377358496189,-1.3362195144463407,-1.4432982575899866,-1.22718807138526,5.260438056125941
dkasc_18,dkasc,BWh,xgboost,4,scratch_6,-1.0,1919,0.0318918451666832,-1.325611803768778,-1.4516899425531804,-1.192866443667473,5.2590691307323745
dkasc_18,dkasc,BWh,xgboost,4,zero_shot,-1.0,0,0.053704533725976944,-1.1423409743877233,-1.3787334558958197,-0.847388017121601,5.2590691307323745
dkasc_18,dkasc,BWh,xgboost,4,finetune_6,-1.0,1919,0.03554391488432884,-1.232813298223684,-1.4259646894623224,-1.0482856554040507,5.260438056125941
dkasc_18,dkasc,BWh,tcn,0,scratch_24,-1.0,6885,0.02693868987262249,-1.3559488321898183,-1.4581803357135468,-1.2387055493298402,5.2590691307323745
dkasc_18,dkasc,BWh,tcn,0,scratch_6,-1.0,1919,0.037986870855093,-1.408229148831086,-1.5380901345443232,-1.2358494104013906,5.257700205338809
dkasc_18,dkasc,BWh,tcn,0,zero_shot,-1.0,0,0.05943835899233818,-1.2959644411746019,-1.4868921961686654,-1.0335554231906647,5.2590691307323745
dkasc_18,dkasc,BWh,tcn,0,finetune_6,-1.0,1919,0.04141777753829956,-1.4240072333555176,-1.5458932588888308,-1.2681014742522256,5.257700205338809
dkasc_18,dkasc,BWh,tcn,1,scratch_24,-1.0,6885,0.02633405476808548,-1.3906651968710242,-1.494884618104031,-1.2539991758714675,5.2590691307323745
dkasc_18,dkasc,BWh,tcn,1,scratch_6,-1.0,1919,0.035406019538640976,-1.4360814601985559,-1.5556439757250462,-1.2899656831434385,5.2590691307323745
dkasc_18,dkasc,BWh,tcn,1,zero_shot,-1.0,0,0.05246827006340027,-1.1818567140266856,-1.4104787085857162,-0.9533745539552937,5.252224503764545
dkasc_18,dkasc,BWh,tcn,1,finetune_6,-1.0,1919,0.037128228694200516,-1.3655795332203287,-1.5739926596572862,-1.2194924203062494,5.252224503764545
dkasc_18,dkasc,BWh,tcn,2,scratch_24,-1.0,6885,0.026581646874547005,-1.3202605448026372,-1.4500481136527577,-1.2146439639515587,5.260438056125941
dkasc_18,dkasc,BWh,tcn,2,scratch_6,-1.0,1919,0.03813350945711136,-1.3503290897610098,-1.4887959053482502,-1.2311570909140688,5.2590691307323745
dkasc_18,dkasc,BWh,tcn,2,zero_shot,-1.0,0,0.05905056372284889,-1.2522953601987519,-1.552276207932124,-1.004214145131721,5.2590691307323745
dkasc_18,dkasc,BWh,tcn,2,finetune_6,-1.0,1919,0.037477634847164154,-1.4141696038443285,-1.5558665326912968,-1.261494442891753,5.257700205338809
dkasc_18,dkasc,BWh,tcn,3,scratch_24,-1.0,6885,0.026550794020295143,-1.4027921306123825,-1.517070847239232,-1.274151891957621,5.2590691307323745
dkasc_18,dkasc,BWh,tcn,3,scratch_6,-1.0,1919,0.03594236075878143,-1.4453201902406787,-1.57335513149513,-1.2691915128666187,5.2590691307323745
dkasc_18,dkasc,BWh,tcn,3,zero_shot,-1.0,0,0.05803583934903145,-1.1039910138794073,-1.3517434691497898,-0.8946430140358272,5.252224503764545
dkasc_18,dkasc,BWh,tcn,3,finetune_6,-1.0,1919,0.03421507030725479,-1.411172840403772,-1.562458682708282,-1.3176842201747192,5.252224503764545
dkasc_18,dkasc,BWh,tcn,4,scratch_24,-1.0,6885,0.026054585352540016,-1.3023747543654374,-1.4189452360137782,-1.19439257375009,5.260438056125941
dkasc_18,dkasc,BWh,tcn,4,scratch_6,-1.0,1919,0.03594106808304787,-1.3575060911231396,-1.4991874391045157,-1.2486620793853764,5.2590691307323745
dkasc_18,dkasc,BWh,tcn,4,zero_shot,-1.0,0,0.05613530054688454,-1.271878094198821,-1.6117865143335703,-0.9985621905558295,5.252224503764545
dkasc_18,dkasc,BWh,tcn,4,finetune_6,-1.0,1919,0.03938174992799759,-1.3483761146750817,-1.5266876046072722,-1.1807758644382216,5.250855578370979
dkasc_19,dkasc,BWh,xgboost,0,scratch_24,0.0,6885,0.017912328243255615,-0.6732372881930127,-0.8045713067881988,-0.545389395993906,5.317932922655715
dkasc_19,dkasc,BWh,xgboost,0,scratch_6,0.0,1919,0.021072909235954285,-0.6921654474063454,-0.8529552951957176,-0.581420287854591,5.317932922655715
dkasc_19,dkasc,BWh,xgboost,0,zero_shot,0.0,0,0.05259666219353676,-0.5014492997034825,-0.811012725577942,-0.19705185976763523,5.316563997262149
dkasc_19,dkasc,BWh,xgboost,0,finetune_6,0.0,1919,0.0274883471429348,-0.613481032369978,-0.7531014689100537,-0.44243550321428926,5.316563997262149
dkasc_19,dkasc,BWh,xgboost,1,scratch_24,0.0,6885,0.017808668315410614,-0.6862464496839249,-0.8216884362547607,-0.5713135742186091,5.317932922655715
dkasc_19,dkasc,BWh,xgboost,1,scratch_6,0.0,1919,0.02092144452035427,-0.6804607365494042,-0.8211270707606855,-0.5777709124734576,5.317932922655715
dkasc_19,dkasc,BWh,xgboost,1,zero_shot,0.0,0,0.05375475436449051,-0.5740232110714949,-0.8098372562224787,-0.2796233280848897,5.316563997262149
dkasc_19,dkasc,BWh,xgboost,1,finetune_6,0.0,1919,0.028423693031072617,-0.6014440681175182,-0.8033381401987172,-0.36311603373800905,5.316563997262149
dkasc_19,dkasc,BWh,xgboost,2,scratch_24,0.0,6885,0.01789017766714096,-0.6954849882444214,-0.8053288826217975,-0.5748836423209444,5.317932922655715
dkasc_19,dkasc,BWh,xgboost,2,scratch_6,0.0,1919,0.020940354093909264,-0.6905119979214737,-0.8267550738609163,-0.5626061380478609,5.317932922655715
dkasc_19,dkasc,BWh,xgboost,2,zero_shot,0.0,0,0.0523199699819088,-0.5777396655601508,-0.8047246318859407,-0.2726239578153766,5.316563997262149
dkasc_19,dkasc,BWh,xgboost,2,finetune_6,0.0,1919,0.027062563225626945,-0.6031696892960237,-0.7790296878438574,-0.4107660667919566,5.316563997262149
dkasc_19,dkasc,BWh,xgboost,3,scratch_24,0.0,6885,0.017862241715192795,-0.6894014979244745,-0.7825373373677613,-0.5576477259032321,5.317932922655715
dkasc_19,dkasc,BWh,xgboost,3,scratch_6,0.0,1919,0.021007191389799118,-0.6914393697466572,-0.8017912439975239,-0.5798848735428577,5.317932922655715
dkasc_19,dkasc,BWh,xgboost,3,zero_shot,0.0,0,0.05230920761823654,-0.5461030051502386,-0.8217264445935756,-0.28040691440098797,5.316563997262149
dkasc_19,dkasc,BWh,xgboost,3,finetune_6,0.0,1919,0.02790711261332035,-0.5966966353323166,-0.7793378146872576,-0.4122281769612157,5.316563997262149
dkasc_19,dkasc,BWh,xgboost,4,scratch_24,0.0,6885,0.01779097132384777,-0.68895325597302,-0.8046940319564544,-0.5473530403566573,5.317932922655715
dkasc_19,dkasc,BWh,xgboost,4,scratch_6,0.0,1919,0.02110159769654274,-0.7016902060575314,-0.8356324180117417,-0.5907329962681729,5.317932922655715
dkasc_19,dkasc,BWh,xgboost,4,zero_shot,0.0,0,0.053693026304244995,-0.5725514573342139,-0.7987466679465927,-0.3017045945099994,5.316563997262149
dkasc_19,dkasc,BWh,xgboost,4,finetune_6,0.0,1919,0.028173834085464478,-0.6241906011212673,-0.8177133241311418,-0.394495065592466,5.316563997262149
dkasc_19,dkasc,BWh,tcn,0,scratch_24,0.0,6885,0.018278611823916435,-0.750581083006463,-0.8751198422306372,-0.5813941178274011,5.317932922655715
dkasc_19,dkasc,BWh,tcn,0,scratch_6,0.0,1919,0.02680230885744095,-0.7470274943996547,-0.9159242989397187,-0.5901384771237781,5.316563997262149
dkasc_19,dkasc,BWh,tcn,0,zero_shot,0.0,0,0.05637076124548912,-0.7033568128349987,-0.915824961494538,-0.4237989996462632,5.316563997262149
dkasc_19,dkasc,BWh,tcn,0,finetune_6,0.0,1919,0.033543068915605545,-0.7907989981526198,-0.9453402309728354,-0.589032754910479,5.316563997262149
dkasc_19,dkasc,BWh,tcn,1,scratch_24,0.0,6885,0.018662817776203156,-0.7264230380690573,-0.8615534846510091,-0.5708147327195934,5.317932922655715
dkasc_19,dkasc,BWh,tcn,1,scratch_6,0.0,1919,0.024629294872283936,-0.7431523588934154,-0.8960915916722182,-0.6018994303276027,5.317932922655715
dkasc_19,dkasc,BWh,tcn,1,zero_shot,0.0,0,0.05420241504907608,-0.6908316574420315,-1.0072340459951645,-0.4320972768686323,5.309719370294319
dkasc_19,dkasc,BWh,tcn,1,finetune_6,0.0,1919,0.02577538602054119,-0.7117456772998856,-0.9029283296257723,-0.5539786487500516,5.309719370294319
dkasc_19,dkasc,BWh,tcn,2,scratch_24,0.0,6885,0.017748329788446426,-0.6723675875482227,-0.8161617798578602,-0.5257810281386281,5.317932922655715
dkasc_19,dkasc,BWh,tcn,2,scratch_6,0.0,1919,0.021137189120054245,-0.8076250559498066,-0.9546689661227847,-0.6641706111861014,5.317932922655715
dkasc_19,dkasc,BWh,tcn,2,zero_shot,0.0,0,0.05828407406806946,-0.710167804083417,-1.0152408285764225,-0.29109263619688797,5.316563997262149
dkasc_19,dkasc,BWh,tcn,2,finetune_6,0.0,1919,0.029306460171937943,-0.7432632270290673,-0.9505242728944929,-0.5637924481032115,5.316563997262149
dkasc_19,dkasc,BWh,tcn,3,scratch_24,0.0,6885,0.01872546412050724,-0.7290628164813573,-0.8896904907092666,-0.6023911125244026,5.317932922655715
dkasc_19,dkasc,BWh,tcn,3,scratch_6,0.0,1919,0.026157569140195847,-0.7831144453228245,-0.9402953203560216,-0.6341153254849664,5.317932922655715
dkasc_19,dkasc,BWh,tcn,3,zero_shot,0.0,0,0.06916988641023636,-0.5300334556152642,-0.7942601495436463,-0.3122193194141809,5.309719370294319
dkasc_19,dkasc,BWh,tcn,3,finetune_6,0.0,1919,0.024945275858044624,-0.8401576029888946,-1.0123354203464374,-0.634398166441319,5.309719370294319
dkasc_19,dkasc,BWh,tcn,4,scratch_24,0.0,6885,0.018869895488023758,-0.7183140483174921,-0.8422444999042367,-0.6018578517938661,5.317932922655715
dkasc_19,dkasc,BWh,tcn,4,scratch_6,0.0,1919,0.025334462523460388,-0.743620929530403,-0.9147490640345146,-0.6005788103033622,5.317932922655715
dkasc_19,dkasc,BWh,tcn,4,zero_shot,0.0,0,0.06499174982309341,-0.7316151063257725,-1.0760010804173659,-0.45502180300337525,5.309719370294319
dkasc_19,dkasc,BWh,tcn,4,finetune_6,0.0,1919,0.028051158413290977,-0.7167085570317897,-0.9042078052684468,-0.5457635201683957,5.309719370294319
dkasc_19,dkasc,BWh,xgboost,0,scratch_24,-1.0,6885,0.01918352209031582,-1.611660282848129,-1.713014532236945,-1.4756231331607306,5.317932922655715
dkasc_19,dkasc,BWh,xgboost,0,scratch_6,-1.0,1919,0.024329425767064095,-1.6132099278015337,-1.7535625951961833,-1.4878800267658054,5.317932922655715
dkasc_19,dkasc,BWh,xgboost,0,zero_shot,-1.0,0,0.056991685181856155,-1.48777423770062,-1.7545699147071911,-1.2082129490035398,5.316563997262149
dkasc_19,dkasc,BWh,xgboost,0,finetune_6,-1.0,1919,0.029817990958690643,-1.5253199868989662,-1.6787717629496413,-1.3757022769885108,5.316563997262149
dkasc_19,dkasc,BWh,xgboost,1,scratch_24,-1.0,6885,0.019129721447825432,-1.5911204940798174,-1.7165787357474218,-1.466545696924948,5.317932922655715
dkasc_19,dkasc,BWh,xgboost,1,scratch_6,-1.0,1919,0.024258576333522797,-1.6096189422644733,-1.7520597971500018,-1.4979866257858145,5.317932922655715
dkasc_19,dkasc,BWh,xgboost,1,zero_shot,-1.0,0,0.05817330256104469,-1.5422723519851744,-1.764677243182411,-1.2661926262374834,5.316563997262149
dkasc_19,dkasc,BWh,xgboost,1,finetune_6,-1.0,1919,0.030602816492319107,-1.536905161466795,-1.763662994477988,-1.310874302928644,5.316563997262149
dkasc_19,dkasc,BWh,xgboost,2,scratch_24,-1.0,6885,0.019201848655939102,-1.5713121383760384,-1.7052348018411934,-1.4619816367620775,5.317932922655715
dkasc_19,dkasc,BWh,xgboost,2,scratch_6,-1.0,1919,0.024295475333929062,-1.619278984371414,-1.7510002791935764,-1.499265457593788,5.317932922655715
dkasc_19,dkasc,BWh,xgboost,2,zero_shot,-1.0,0,0.056713514029979706,-1.533231732753637,-1.7723362688901578,-1.2717413566325497,5.316563997262149
dkasc_19,dkasc,BWh,xgboost,2,finetune_6,-1.0,1919,0.02936544083058834,-1.5432813817670255,-1.690744350411302,-1.3501561985839738,5.316563997262149
dkasc_19,dkasc,BWh,xgboost,3,scratch_24,-1.0,6885,0.01914341188967228,-1.6056825864520063,-1.738147737538276,-1.4863450548850465,5.317932922655715
dkasc_19,dkasc,BWh,xgboost,3,scratch_6,-1.0,1919,0.024398725479841232,-1.6200627011748416,-1.7578691192676965,-1.498663452567068,5.317932922655715
dkasc_19,dkasc,BWh,xgboost,3,zero_shot,-1.0,0,0.05666198208928108,-1.5172046891509712,-1.746548807363292,-1.2946513869926068,5.316563997262149
dkasc_19,dkasc,BWh,xgboost,3,finetune_6,-1.0,1919,0.029996857047080994,-1.4985569361596784,-1.6999144875552208,-1.3226988878457413,5.316563997262149
dkasc_19,dkasc,BWh,xgboost,4,scratch_24,-1.0,6885,0.019097117707133293,-1.5902686781798683,-1.734412124388411,-1.478514331343668,5.317932922655715
dkasc_19,dkasc,BWh,xgboost,4,scratch_6,-1.0,1919,0.024501139298081398,-1.6418359524632775,-1.753884545622808,-1.4892673673269685,5.317932922655715
dkasc_19,dkasc,BWh,xgboost,4,zero_shot,-1.0,0,0.058115553110837936,-1.5351060278655515,-1.7846926112012662,-1.2907558812991318,5.316563997262149
dkasc_19,dkasc,BWh,xgboost,4,finetune_6,-1.0,1919,0.030549729242920876,-1.5539113334336108,-1.7459430559733187,-1.3468506282506179,5.316563997262149
dkasc_19,dkasc,BWh,tcn,0,scratch_24,-1.0,6885,0.019507763907313347,-1.7237884051847199,-1.8290889300191042,-1.5972294925563353,5.317932922655715
dkasc_19,dkasc,BWh,tcn,0,scratch_6,-1.0,1919,0.030284078791737556,-1.679475155569571,-1.8326572464861135,-1.5513306947457006,5.317932922655715
dkasc_19,dkasc,BWh,tcn,0,zero_shot,-1.0,0,0.06067361310124397,-1.6284482543577727,-1.8612853728724088,-1.4150657093744634,5.316563997262149
dkasc_19,dkasc,BWh,tcn,0,finetune_6,-1.0,1919,0.03454119712114334,-1.7041227797080394,-1.8813706653218576,-1.5046417889272856,5.316563997262149
dkasc_19,dkasc,BWh,tcn,1,scratch_24,-1.0,6885,0.01999414898455143,-1.6632746381363557,-1.801879283609514,-1.5493518096995118,5.317932922655715
dkasc_19,dkasc,BWh,tcn,1,scratch_6,-1.0,1919,0.02744639292359352,-1.7159128812790136,-1.8588575808541008,-1.5332489464785826,5.317932922655715
dkasc_19,dkasc,BWh,tcn,1,zero_shot,-1.0,0,0.05917465314269066,-1.637381407146299,-1.918873685423776,-1.3471189789880063,5.309719370294319
dkasc_19,dkasc,BWh,tcn,1,finetune_6,-1.0,1919,0.028629206120967865,-1.6293418697859576,-1.8254135641014413,-1.5067283738392758,5.309719370294319
dkasc_19,dkasc,BWh,tcn,2,scratch_24,-1.0,6885,0.019425414502620697,-1.6562751164444722,-1.7737960899957272,-1.5210767806393966,5.317932922655715
dkasc_19,dkasc,BWh,tcn,2,scratch_6,-1.0,1919,0.027924584224820137,-1.6889233371834622,-1.8266008554578828,-1.549399477434954,5.317932922655715
dkasc_19,dkasc,BWh,tcn,2,zero_shot,-1.0,0,0.06353084743022919,-1.6275447543281585,-1.9430167887314775,-1.2422575276857177,5.316563997262149
dkasc_19,dkasc,BWh,tcn,2,finetune_6,-1.0,1919,0.031696442514657974,-1.675890377745104,-1.8836774196192452,-1.5001714640056067,5.316563997262149
dkasc_19,dkasc,BWh,tcn,3,scratch_24,-1.0,6885,0.019987208768725395,-1.6954494268769438,-1.8081273761494987,-1.5540491223193231,5.317932922655715
dkasc_19,dkasc,BWh,tcn,3,scratch_6,-1.0,1919,0.026848334819078445,-1.7018416756138735,-1.847728809407151,-1.5565431050209688,5.317932922655715
dkasc_19,dkasc,BWh,tcn,3,zero_shot,-1.0,0,0.07439801841974258,-1.5015761137857409,-1.7426197305867919,-1.2952182057275188,5.309719370294319
dkasc_19,dkasc,BWh,tcn,3,finetune_6,-1.0,1919,0.027204887941479683,-1.7392323796364573,-1.8951574756388423,-1.5616316555495617,5.309719370294319
dkasc_19,dkasc,BWh,tcn,4,scratch_24,-1.0,6885,0.019039789214730263,-1.6273507322067615,-1.751563735321826,-1.509329445389191,5.317932922655715
dkasc_19,dkasc,BWh,tcn,4,scratch_6,-1.0,1919,0.02918217144906521,-1.6411620504407427,-1.822219804150993,-1.4706238462559047,5.317932922655715
dkasc_19,dkasc,BWh,tcn,4,zero_shot,-1.0,0,0.07066205143928528,-1.6551378173580933,-1.970462860777566,-1.3952607760596796,5.309719370294319
dkasc_19,dkasc,BWh,tcn,4,finetune_6,-1.0,1919,0.029942739754915237,-1.6587758974762057,-1.8461323588934182,-1.5064646146509042,5.309719370294319
dkasc_20,dkasc,BWh,xgboost,0,scratch_24,0.0,6852,0.018219901248812675,-2.1602845387886815,-2.388921849581273,-1.9642873988781495,5.356262833675565
dkasc_20,dkasc,BWh,xgboost,0,scratch_6,0.0,1919,0.020866641774773598,-2.284004094581702,-2.487608673682218,-2.106619437534185,5.356262833675565
dkasc_20,dkasc,BWh,xgboost,0,zero_shot,0.0,0,0.05856981873512268,-2.3896426357660427,-2.646837393457835,-2.131393762223077,5.354893908281999
dkasc_20,dkasc,BWh,xgboost,0,finetune_6,0.0,1919,0.027322916314005852,-2.224633998323214,-2.4155977265735404,-2.047673568780878,5.354893908281999
dkasc_20,dkasc,BWh,xgboost,1,scratch_24,0.0,6852,0.01813413016498089,-2.15370778555134,-2.331371193545433,-2.002484642547253,5.356262833675565
dkasc_20,dkasc,BWh,xgboost,1,scratch_6,0.0,1919,0.02098006382584572,-2.2932705471328947,-2.4884436652829867,-2.1595954682785794,5.356262833675565
dkasc_20,dkasc,BWh,xgboost,1,zero_shot,0.0,0,0.059606581926345825,-2.3922397557116004,-2.6747242346102356,-2.015894480288499,5.354893908281999
dkasc_20,dkasc,BWh,xgboost,1,finetune_6,0.0,1919,0.02810731716454029,-2.254088474054288,-2.453312360290305,-2.107293348196415,5.354893908281999
dkasc_20,dkasc,BWh,xgboost,2,scratch_24,0.0,6852,0.018135670572519302,-2.176463686926422,-2.36505346076237,-1.959776194093743,5.356262833675565
dkasc_20,dkasc,BWh,xgboost,2,scratch_6,0.0,1919,0.02098008058965206,-2.304968718513123,-2.4692011512706666,-2.140157546516408,5.356262833675565
dkasc_20,dkasc,BWh,xgboost,2,zero_shot,0.0,0,0.05823148787021637,-2.394997431312415,-2.6397826413784076,-2.137154981373304,5.354893908281999
dkasc_20,dkasc,BWh,xgboost,2,finetune_6,0.0,1919,0.02709636650979519,-2.277673590076205,-2.44195872558481,-2.069174830729793,5.354893908281999
dkasc_20,dkasc,BWh,xgboost,3,scratch_24,0.0,6852,0.018146634101867676,-2.173138104971706,-2.3655414405247766,-2.015454722369244,5.356262833675565
dkasc_20,dkasc,BWh,xgboost,3,scratch_6,0.0,1919,0.02083570882678032,-2.312190315262852,-2.488218164865319,-2.161750089393704,5.356262833675565
dkasc_20,dkasc,BWh,xgboost,3,zero_shot,0.0,0,0.05813903361558914,-2.3796837249308256,-2.672254820316744,-2.1276818486519673,5.354893908281999
dkasc_20,dkasc,BWh,xgboost,3,finetune_6,0.0,1919,0.027673715725541115,-2.247971025582729,-2.4937666180165565,-2.0588295899727163,5.354893908281999
dkasc_20,dkasc,BWh,xgboost,4,scratch_24,0.0,6852,0.018046872690320015,-2.1375055539657897,-2.3641191417337226,-1.967075920007677,5.356262833675565
dkasc_20,dkasc,BWh,xgboost,4,scratch_6,0.0,1919,0.021015118807554245,-2.2735939831989405,-2.4903105977190787,-2.1008252528639266,5.356262833675565
dkasc_20,dkasc,BWh,xgboost,4,zero_shot,0.0,0,0.059619080275297165,-2.401500697382314,-2.696117914724494,-2.0510115879534325,5.354893908281999
dkasc_20,dkasc,BWh,xgboost,4,finetune_6,0.0,1919,0.02796521782875061,-2.260216185570184,-2.4309176186864123,-2.098490051491353,5.354893908281999
dkasc_20,dkasc,BWh,tcn,0,scratch_24,0.0,6852,0.019164463505148888,-2.32270141974823,-2.5255625669205917,-2.1324461893929167,5.356262833675565
dkasc_20,dkasc,BWh,tcn,0,scratch_6,0.0,1919,0.03183064982295036,-2.463604578604439,-2.709135793293127,-2.178544838422869,5.354893908281999
dkasc_20,dkasc,BWh,tcn,0,zero_shot,0.0,0,0.062473736703395844,-2.58507094146474,-2.9723283852932476,-2.214014572600409,5.354893908281999
dkasc_20,dkasc,BWh,tcn,0,finetune_6,0.0,1919,0.03369631618261337,-2.665753819313762,-2.869598071781648,-2.3399338360353794,5.354893908281999
dkasc_20,dkasc,BWh,tcn,1,scratch_24,0.0,6852,0.01835511438548565,-2.2688632170185685,-2.470098460430481,-2.0522013373552475,5.356262833675565
dkasc_20,dkasc,BWh,tcn,1,scratch_6,0.0,1919,0.026403293013572693,-2.4496694812689346,-2.6779755636286104,-2.2158024691665945,5.356262833675565
dkasc_20,dkasc,BWh,tcn,1,zero_shot,0.0,0,0.06081884726881981,-2.7755990235962646,-3.0823406062385708,-2.415164841494874,5.348049281314168
dkasc_20,dkasc,BWh,tcn,1,finetune_6,0.0,1919,0.025523249059915543,-2.485103950268641,-2.7774750774035573,-2.2409952915735443,5.348049281314168
dkasc_20,dkasc,BWh,tcn,2,scratch_24,0.0,6852,0.018599320203065872,-2.318005975859516,-2.4735839008675398,-2.089324425825856,5.356262833675565
dkasc_20,dkasc,BWh,tcn,2,scratch_6,0.0,1919,0.024178991094231606,-2.381036669010701,-2.598330315679087,-2.1722433593916235,5.356262833675565
dkasc_20,dkasc,BWh,tcn,2,zero_shot,0.0,0,0.06489317119121552,-2.6633030828954185,-2.9850169594617446,-2.3096858287795783,5.354893908281999
dkasc_20,dkasc,BWh,tcn,2,finetune_6,0.0,1919,0.028544122353196144,-2.5553768497896923,-2.783834772060112,-2.3188224222653386,5.354893908281999
dkasc_20,dkasc,BWh,tcn,3,scratch_24,0.0,6852,0.018986979499459267,-2.3741396062402544,-2.5629253138704566,-2.170910693298489,5.356262833675565
dkasc_20,dkasc,BWh,tcn,3,scratch_6,0.0,1919,0.026063304394483566,-2.3818572542856686,-2.6129507537504537,-2.190741816805617,5.356262833675565
dkasc_20,dkasc,BWh,tcn,3,zero_shot,0.0,0,0.07602972537279129,-2.6135986051978093,-2.9361794477068104,-2.3144698903197924,5.349418206707734
dkasc_20,dkasc,BWh,tcn,3,finetune_6,0.0,1919,0.024543162435293198,-2.517046913045517,-2.8385604736611447,-2.3056287442299928,5.348049281314168
dkasc_20,dkasc,BWh,tcn,4,scratch_24,0.0,6852,0.019203249365091324,-2.281593539290272,-2.49573478262749,-2.049325842695171,5.356262833675565
dkasc_20,dkasc,BWh,tcn,4,scratch_6,0.0,1919,0.025922685861587524,-2.2426028285801203,-2.449033190612515,-2.0605661629484184,5.356262833675565
dkasc_20,dkasc,BWh,tcn,4,zero_shot,0.0,0,0.07243193686008453,-2.740780645036034,-3.1117738958044594,-2.3456393996818536,5.348049281314168
dkasc_20,dkasc,BWh,tcn,4,finetune_6,0.0,1919,0.027661968022584915,-2.6199931594926174,-2.9061208297739616,-2.334268776385102,5.348049281314168
dkasc_20,dkasc,BWh,xgboost,0,scratch_24,-1.0,6852,0.019203994423151016,-3.0103276264910828,-3.1701365650329882,-2.86440537399848,5.356262833675565
dkasc_20,dkasc,BWh,xgboost,0,scratch_6,-1.0,1919,0.023982232436537743,-3.1298748916606334,-3.279701730817744,-2.964363611652132,5.356262833675565
dkasc_20,dkasc,BWh,xgboost,0,zero_shot,-1.0,0,0.06339234858751297,-3.1925375254017228,-3.415059861996259,-2.88397125022376,5.354893908281999
dkasc_20,dkasc,BWh,xgboost,0,finetune_6,-1.0,1919,0.029475128278136253,-3.068499905918509,-3.234321929484696,-2.903270819901064,5.354893908281999
dkasc_20,dkasc,BWh,xgboost,1,scratch_24,-1.0,6852,0.01930018700659275,-3.0418910401142307,-3.1601107587568067,-2.8867403922622894,5.356262833675565
dkasc_20,dkasc,BWh,xgboost,1,scratch_6,-1.0,1919,0.02403831109404564,-3.1445431852255568,-3.2898659217440063,-2.985136907327901,5.356262833675565
dkasc_20,dkasc,BWh,xgboost,1,zero_shot,-1.0,0,0.06445158272981644,-3.1802830130193636,-3.4717860720611915,-2.8493249663227527,5.354893908281999
dkasc_20,dkasc,BWh,xgboost,1,finetune_6,-1.0,1919,0.030239326879382133,-3.099973595753564,-3.290509829363527,-2.9260535666629064,5.354893908281999
dkasc_20,dkasc,BWh,xgboost,2,scratch_24,-1.0,6852,0.019233638420701027,-3.0151659314747574,-3.1811661459130725,-2.8664554043983936,5.356262833675565
dkasc_20,dkasc,BWh,xgboost,2,scratch_6,-1.0,1919,0.024055106565356255,-3.126391922191077,-3.2775306613902377,-2.97431677696528,5.356262833675565
dkasc_20,dkasc,BWh,xgboost,2,zero_shot,-1.0,0,0.06306007504463196,-3.202365582670341,-3.4521188778682212,-2.9160346640097288,5.354893908281999
dkasc_20,dkasc,BWh,xgboost,2,finetune_6,-1.0,1919,0.02922309935092926,-3.0624191483856364,-3.290894190860822,-2.8626655067845785,5.354893908281999
dkasc_20,dkasc,BWh,xgboost,3,scratch_24,-1.0,6852,0.019304947927594185,-3.0188163467222195,-3.1975465098646128,-2.880785352390658,5.356262833675565
dkasc_20,dkasc,BWh,xgboost,3,scratch_6,-1.0,1919,0.023852210491895676,-3.1452680934414,-3.2891303688443023,-2.979184724352792,5.356262833675565
dkasc_20,dkasc,BWh,xgboost,3,zero_shot,-1.0,0,0.06293889135122299,-3.1513136909864974,-3.427770508620376,-2.9254126419270077,5.354893908281999
dkasc_20,dkasc,BWh,xgboost,3,finetune_6,-1.0,1919,0.029738696292042732,-3.074054846591957,-3.2649677319492865,-2.88551797234176,5.354893908281999
dkasc_20,dkasc,BWh,xgboost,4,scratch_24,-1.0,6852,0.019199756905436516,-3.038303198489656,-3.158752705921164,-2.8936308175869785,5.356262833675565
dkasc_20,dkasc,BWh,xgboost,4,scratch_6,-1.0,1919,0.024060985073447227,-3.106856132741549,-3.3182582026123897,-2.932470330391563,5.356262833675565
dkasc_20,dkasc,BWh,xgboost,4,zero_shot,-1.0,0,0.06446190923452377,-3.1813435302671964,-3.4655809740509844,-2.8475171414319886,5.354893908281999
dkasc_20,dkasc,BWh,xgboost,4,finetune_6,-1.0,1919,0.030087480321526527,-3.0538684396265143,-3.2609679663103197,-2.8792765618708263,5.354893908281999
dkasc_20,dkasc,BWh,tcn,0,scratch_24,-1.0,6852,0.02031119540333748,-3.184103094650792,-3.3677203050280435,-3.001935283524826,5.356262833675565
dkasc_20,dkasc,BWh,tcn,0,scratch_6,-1.0,1919,0.035304512828588486,-3.3255721101261573,-3.5705574039033516,-3.0765386874249954,5.354893908281999
dkasc_20,dkasc,BWh,tcn,0,zero_shot,-1.0,0,0.06717505306005478,-3.3908304370862394,-3.6896949107292967,-3.0396702188172697,5.354893908281999
dkasc_20,dkasc,BWh,tcn,0,finetune_6,-1.0,1919,0.03464076295495033,-3.438743618856732,-3.6940479569658655,-3.1999579614370424,5.354893908281999
dkasc_20,dkasc,BWh,tcn,1,scratch_24,-1.0,6852,0.021052833646535873,-3.14904434065304,-3.3435571471859733,-2.9458700730959353,5.356262833675565
dkasc_20,dkasc,BWh,tcn,1,scratch_6,-1.0,1919,0.026256512850522995,-3.2332611872545214,-3.4182165324328717,-3.054162646709546,5.356262833675565
dkasc_20,dkasc,BWh,tcn,1,zero_shot,-1.0,0,0.0660892203450203,-3.5517881832096365,-3.8485690773211845,-3.2709339420463723,5.348049281314168
dkasc_20,dkasc,BWh,tcn,1,finetune_6,-1.0,1919,0.0284204613417387,-3.3197822123874676,-3.5525534263399106,-3.0703616834924508,5.348049281314168
dkasc_20,dkasc,BWh,tcn,2,scratch_24,-1.0,6852,0.02087016962468624,-3.186906144034196,-3.4007154185475272,-2.9841677233162667,5.356262833675565
dkasc_20,dkasc,BWh,tcn,2,scratch_6,-1.0,1919,0.024685503914952278,-3.2478084565252696,-3.4382045901939384,-3.0960767190783445,5.356262833675565
dkasc_20,dkasc,BWh,tcn,2,zero_shot,-1.0,0,0.07038748264312744,-3.395220204685195,-3.7115804133665664,-3.046790984161643,5.354893908281999
dkasc_20,dkasc,BWh,tcn,2,finetune_6,-1.0,1919,0.030523959547281265,-3.3766674143275166,-3.5958868765981755,-3.1091670133980287,5.354893908281999
dkasc_20,dkasc,BWh,tcn,3,scratch_24,-1.0,6852,0.020176853984594345,-3.173875456039199,-3.3391972656933278,-3.002646570172498,5.356262833675565
dkasc_20,dkasc,BWh,tcn,3,scratch_6,-1.0,1919,0.027079764753580093,-3.1959007245326965,-3.3929236117032024,-3.026615255997378,5.356262833675565
dkasc_20,dkasc,BWh,tcn,3,zero_shot,-1.0,0,0.08144242316484451,-3.400067635986548,-3.706269626768875,-3.1224571547877336,5.349418206707734
dkasc_20,dkasc,BWh,tcn,3,finetune_6,-1.0,1919,0.026796896010637283,-3.3906788679134205,-3.6193964420446836,-3.171309756317131,5.348049281314168
dkasc_20,dkasc,BWh,tcn,4,scratch_24,-1.0,6852,0.02167396806180477,-3.1878369104581274,-3.37865117732352,-2.988813825939829,5.356262833675565
dkasc_20,dkasc,BWh,tcn,4,scratch_6,-1.0,1919,0.029282696545124054,-3.132933358217947,-3.340759059433418,-2.9436979231472704,5.356262833675565
dkasc_20,dkasc,BWh,tcn,4,zero_shot,-1.0,0,0.07821108400821686,-3.5279486129117132,-3.823480980549631,-3.2200077627670423,5.348049281314168
dkasc_20,dkasc,BWh,tcn,4,finetune_6,-1.0,1919,0.02939116396009922,-3.463324182833094,-3.6484241766948884,-3.1845551226719504,5.348049281314168
dkasc_21,dkasc,BWh,xgboost,0,scratch_24,0.0,6880,0.018543150275945663,-1.0579526512485091,-1.2088461315952168,-0.9092739916136512,4.988021902806297
dkasc_21,dkasc,BWh,xgboost,0,scratch_6,0.0,1918,0.02262849174439907,-1.1273569879139758,-1.2593251197432487,-1.008057631056371,4.988021902806297
dkasc_21,dkasc,BWh,xgboost,0,zero_shot,0.0,0,0.06739038228988647,-0.9531721476847193,-1.1996900662055276,-0.6562308083775781,4.986652977412731
dkasc_21,dkasc,BWh,xgboost,0,finetune_6,0.0,1918,0.029757658019661903,-1.0053797552838972,-1.200022195383542,-0.8385748035295792,4.986652977412731
dkasc_21,dkasc,BWh,xgboost,1,scratch_24,0.0,6880,0.018500616773962975,-1.042997430203807,-1.1764256515643057,-0.9229290817751304,4.988021902806297
dkasc_21,dkasc,BWh,xgboost,1,scratch_6,0.0,1918,0.022559307515621185,-1.1034435278363566,-1.2270902651146331,-0.9554615832090052,4.988021902806297
dkasc_21,dkasc,BWh,xgboost,1,zero_shot,0.0,0,0.06841801106929779,-0.8662270640757086,-1.1585353305088808,-0.618744838345445,4.986652977412731
dkasc_21,dkasc,BWh,xgboost,1,finetune_6,0.0,1918,0.030463652685284615,-0.9692965306737311,-1.189628251439241,-0.7741141406880578,4.988021902806297
dkasc_21,dkasc,BWh,xgboost,2,scratch_24,0.0,6880,0.01840563304722309,-1.0086313283451664,-1.1308482363238561,-0.9008850626537224,4.988021902806297
dkasc_21,dkasc,BWh,xgboost,2,scratch_6,0.0,1918,0.0224862489849329,-1.0887282577526487,-1.2345850304621147,-0.9886683604301495,4.988021902806297
dkasc_21,dkasc,BWh,xgboost,2,zero_shot,0.0,0,0.06731334328651428,-0.9453366551836928,-1.2084962880509753,-0.7243313601948742,4.986652977412731
dkasc_21,dkasc,BWh,xgboost,2,finetune_6,0.0,1918,0.029465384781360626,-1.0359433030739162,-1.2308793521879302,-0.8657867404008313,4.986652977412731
dkasc_21,dkasc,BWh,xgboost,3,scratch_24,0.0,6880,0.018548231571912766,-1.0457099529232599,-1.1753248961803409,-0.910546857694472,4.988021902806297
dkasc_21,dkasc,BWh,xgboost,3,scratch_6,0.0,1918,0.022654900327324867,-1.0908359147056346,-1.2273774478188726,-0.9748574693534315,4.988021902806297
dkasc_21,dkasc,BWh,xgboost,3,zero_shot,0.0,0,0.06724738329648972,-0.9007414589352281,-1.2511753265225245,-0.6013069075401556,4.986652977412731
dkasc_21,dkasc,BWh,xgboost,3,finetune_6,0.0,1918,0.03008665330708027,-1.0047180963116742,-1.1985668341374156,-0.846587435686208,4.986652977412731
dkasc_21,dkasc,BWh,xgboost,4,scratch_24,0.0,6880,0.018503338098526,-1.0502889217241045,-1.1605270940499681,-0.9325595406759831,4.988021902806297
dkasc_21,dkasc,BWh,xgboost,4,scratch_6,0.0,1918,0.022674059495329857,-1.12253400675279,-1.2154970638116411,-0.9834161457746995,4.988021902806297
dkasc_21,dkasc,BWh,xgboost,4,zero_shot,0.0,0,0.0685667023062706,-0.8911555555599415,-1.1942128353448433,-0.6581255629488192,4.986652977412731
dkasc_21,dkasc,BWh,xgboost,4,finetune_6,0.0,1918,0.03066684491932392,-1.0174813682186923,-1.171381222802757,-0.8023094915146856,4.988021902806297
dkasc_21,dkasc,BWh,tcn,0,scratch_24,0.0,6880,0.01938362792134285,-1.113719527775101,-1.2740221115625228,-0.991394808453622,4.988021902806297
dkasc_21,dkasc,BWh,tcn,0,scratch_6,0.0,1918,0.031528960913419724,-1.1409994221065045,-1.3411752748173078,-0.9293526411473744,4.988021902806297
dkasc_21,dkasc,BWh,tcn,0,zero_shot,0.0,0,0.07116259634494781,-1.1221897546050852,-1.400286951561891,-0.7886473058432264,4.986652977412731
dkasc_21,dkasc,BWh,tcn,0,finetune_6,0.0,1918,0.03665570542216301,-1.1689955042996032,-1.3915611668149364,-0.9749648163670299,4.986652977412731
dkasc_21,dkasc,BWh,tcn,1,scratch_24,0.0,6880,0.01958349160850048,-1.1123435920684377,-1.2432697550840361,-0.9704308266582701,4.988021902806297
dkasc_21,dkasc,BWh,tcn,1,scratch_6,0.0,1918,0.026839355006814003,-1.1303993455302863,-1.3333327024663189,-0.933599207014065,4.988021902806297
dkasc_21,dkasc,BWh,tcn,1,zero_shot,0.0,0,0.06898247450590134,-1.1014940083684155,-1.3846060166929424,-0.8656592977527016,4.9798083504449
dkasc_21,dkasc,BWh,tcn,1,finetune_6,0.0,1918,0.030380481854081154,-1.06723263589644,-1.2886575362099362,-0.8997048236645266,4.9798083504449
dkasc_21,dkasc,BWh,tcn,2,scratch_24,0.0,6880,0.020296650007367134,-1.0788494449907335,-1.199003404564089,-0.9818369470370767,4.988021902806297
dkasc_21,dkasc,BWh,tcn,2,scratch_6,0.0,1918,0.02923472598195076,-1.1713345550791898,-1.3168338488044289,-1.023342237809988,4.988021902806297
dkasc_21,dkasc,BWh,tcn,2,zero_shot,0.0,0,0.07357229292392731,-1.1166969405222438,-1.4643192494502058,-0.8282784251925968,4.986652977412731
dkasc_21,dkasc,BWh,tcn,2,finetune_6,0.0,1918,0.030858587473630905,-1.1982100616985014,-1.4025217807852486,-0.9600139101341387,4.986652977412731
dkasc_21,dkasc,BWh,tcn,3,scratch_24,0.0,6880,0.019725041463971138,-1.1402484358356442,-1.2998074203404542,-0.9744687818231179,4.988021902806297
dkasc_21,dkasc,BWh,tcn,3,scratch_6,0.0,1918,0.025350447744131088,-1.0599348997285207,-1.2394535054765394,-0.9253815304181159,4.988021902806297
dkasc_21,dkasc,BWh,tcn,3,zero_shot,0.0,0,0.08419527858495712,-1.0742901434177055,-1.2925271233722206,-0.7656345144774035,4.9798083504449
dkasc_21,dkasc,BWh,tcn,3,finetune_6,0.0,1918,0.03058823198080063,-1.1814598925862907,-1.363138497989281,-0.9864501556651861,4.9798083504449
dkasc_21,dkasc,BWh,tcn,4,scratch_24,0.0,6880,0.02037268690764904,-1.1211627911872302,-1.2411608016208506,-0.9592886876828677,4.988021902806297
dkasc_21,dkasc,BWh,tcn,4,scratch_6,0.0,1918,0.025839541107416153,-1.0404166194249498,-1.1957704776933364,-0.8735236226843579,4.988021902806297
dkasc_21,dkasc,BWh,tcn,4,zero_shot,0.0,0,0.07947160303592682,-1.2764958018725718,-1.645496014476644,-0.9968724190905498,4.9798083504449
dkasc_21,dkasc,BWh,tcn,4,finetune_6,0.0,1918,0.03162591904401779,-1.0313929157251989,-1.2662536226996646,-0.85519336490823,4.9798083504449
dkasc_21,dkasc,BWh,xgboost,0,scratch_24,-1.0,6880,0.019679022952914238,-1.9215891868650243,-2.037690970612929,-1.7692555520906228,4.988021902806297
dkasc_21,dkasc,BWh,xgboost,0,scratch_6,-1.0,1918,0.024964556097984314,-1.9974823482251214,-2.1153869181763536,-1.8775417604431868,4.988021902806297
dkasc_21,dkasc,BWh,xgboost,0,zero_shot,-1.0,0,0.07133643329143524,-1.854350957786588,-2.1606281213639944,-1.5677206919758815,4.986652977412731
dkasc_21,dkasc,BWh,xgboost,0,finetune_6,-1.0,1918,0.031661126762628555,-1.8952640886967798,-2.0888581785242755,-1.736943105018161,4.986652977412731
dkasc_21,dkasc,BWh,xgboost,1,scratch_24,-1.0,6880,0.01959925703704357,-1.9120954100930287,-2.0743189413689134,-1.8162094346356072,4.988021902806297
dkasc_21,dkasc,BWh,xgboost,1,scratch_6,-1.0,1918,0.024867942556738853,-2.012028209215094,-2.151819721801406,-1.8439317857075523,4.988021902806297
dkasc_21,dkasc,BWh,xgboost,1,zero_shot,-1.0,0,0.07239580154418945,-1.774202695039151,-2.096122638592668,-1.5382346774411024,4.986652977412731
dkasc_21,dkasc,BWh,xgboost,1,finetune_6,-1.0,1918,0.03244384378194809,-1.876257200082787,-2.0693816543593293,-1.6671992454913576,4.986652977412731
dkasc_21,dkasc,BWh,xgboost,2,scratch_24,-1.0,6880,0.019586756825447083,-1.9076557797879867,-2.0465611897970737,-1.7817500460108673,4.988021902806297
dkasc_21,dkasc,BWh,xgboost,2,scratch_6,-1.0,1918,0.0249597430229187,-2.0040087911195217,-2.151087856493783,-1.87555471547087,4.988021902806297
dkasc_21,dkasc,BWh,xgboost,2,zero_shot,-1.0,0,0.07124356925487518,-1.8549292003492424,-2.1303900361705708,-1.6447392399082217,4.986652977412731
dkasc_21,dkasc,BWh,xgboost,2,finetune_6,-1.0,1918,0.03153601288795471,-1.9350677307944375,-2.0895573275174995,-1.725426514031283,4.986652977412731
dkasc_21,dkasc,BWh,xgboost,3,scratch_24,-1.0,6880,0.01963553950190544,-1.9298809790607774,-2.0452508761849675,-1.8211748569882484,4.988021902806297
dkasc_21,dkasc,BWh,xgboost,3,scratch_6,-1.0,1918,0.02497726120054722,-2.0019510443484103,-2.157785106954524,-1.865046307707996,4.988021902806297
dkasc_21,dkasc,BWh,xgboost,3,zero_shot,-1.0,0,0.07114926725625992,-1.782104525156103,-2.0988882556225503,-1.5062996404054063,4.986652977412731
dkasc_21,dkasc,BWh,xgboost,3,finetune_6,-1.0,1918,0.032065294682979584,-1.926549846387382,-2.1181105882388973,-1.7132025643998183,4.986652977412731
dkasc_21,dkasc,BWh,xgboost,4,scratch_24,-1.0,6880,0.01960901916027069,-1.9222223542055965,-2.0702398765654664,-1.8006638098258487,4.988021902806297
dkasc_21,dkasc,BWh,xgboost,4,scratch_6,-1.0,1918,0.02504008449614048,-2.0009162785587176,-2.1309144846784314,-1.9004470021183284,4.988021902806297
dkasc_21,dkasc,BWh,xgboost,4,zero_shot,-1.0,0,0.0725337415933609,-1.821320155811823,-2.075695335457517,-1.592454043080327,4.986652977412731
dkasc_21,dkasc,BWh,xgboost,4,finetune_6,-1.0,1918,0.032519228756427765,-1.887986279320322,-2.058647761710519,-1.6754624145565833,4.986652977412731
dkasc_21,dkasc,BWh,tcn,0,scratch_24,-1.0,6880,0.020439187064766884,-2.01827384579531,-2.174442742165689,-1.8625943523451316,4.988021902806297
dkasc_21,dkasc,BWh,tcn,0,scratch_6,-1.0,1918,0.033441632986068726,-2.053985242138983,-2.207287793557706,-1.9008376187244824,4.988021902806297
dkasc_21,dkasc,BWh,tcn,0,zero_shot,-1.0,0,0.0750507041811943,-2.019328469499504,-2.31211965771676,-1.7557952201881437,4.986652977412731
dkasc_21,dkasc,BWh,tcn,0,finetune_6,-1.0,1918,0.03718624636530876,-2.1110259357496224,-2.289969916173429,-1.910753241788646,4.986652977412731
dkasc_21,dkasc,BWh,tcn,1,scratch_24,-1.0,6880,0.020528579130768776,-2.0207764655733538,-2.1717864049405513,-1.8660333539419143,4.988021902806297
dkasc_21,dkasc,BWh,tcn,1,scratch_6,-1.0,1918,0.027785735204815865,-2.0288717894387878,-2.182288231829612,-1.8372049525612,4.988021902806297
dkasc_21,dkasc,BWh,tcn,1,zero_shot,-1.0,0,0.07339657843112946,-1.9987890644730666,-2.267384266624217,-1.760967707595118,4.9798083504449
dkasc_21,dkasc,BWh,tcn,1,finetune_6,-1.0,1918,0.03193068876862526,-2.0019264015946487,-2.206741084832353,-1.8221083972594643,4.9798083504449
dkasc_21,dkasc,BWh,tcn,2,scratch_24,-1.0,6880,0.02040490135550499,-1.9868916795742326,-2.1183163686380193,-1.865260336306615,4.988021902806297
dkasc_21,dkasc,BWh,tcn,2,scratch_6,-1.0,1918,0.028351303189992905,-2.0083272357412603,-2.1525783800495804,-1.8491051592512573,4.988021902806297
dkasc_21,dkasc,BWh,tcn,2,zero_shot,-1.0,0,0.0781920924782753,-2.0588699904156793,-2.3737720443240184,-1.7411374732601015,4.986652977412731
dkasc_21,dkasc,BWh,tcn,2,finetune_6,-1.0,1918,0.032848019152879715,-2.103681724260509,-2.2948239232341674,-1.866355807520892,4.986652977412731
dkasc_21,dkasc,BWh,tcn,3,scratch_24,-1.0,6880,0.020548459142446518,-2.060491406411452,-2.212143795311261,-1.9193172133975047,4.988021902806297
dkasc_21,dkasc,BWh,tcn,3,scratch_6,-1.0,1918,0.02919783815741539,-2.060804290252574,-2.2234912057901957,-1.879293002298187,4.988021902806297
dkasc_21,dkasc,BWh,tcn,3,zero_shot,-1.0,0,0.08887209743261337,-1.9922756294656452,-2.1931447003076694,-1.6827526059424698,4.9798083504449
dkasc_21,dkasc,BWh,tcn,3,finetune_6,-1.0,1918,0.03209324926137924,-2.0595186361189555,-2.268491230447477,-1.8822249736278203,4.9798083504449
dkasc_21,dkasc,BWh,tcn,4,scratch_24,-1.0,6880,0.019483311101794243,-2.022640614941003,-2.1167746585085,-1.8767090669942732,4.988021902806297
dkasc_21,dkasc,BWh,tcn,4,scratch_6,-1.0,1918,0.02809942327439785,-1.9614829607412378,-2.1262159345532305,-1.8231850145678177,4.988021902806297
dkasc_21,dkasc,BWh,tcn,4,zero_shot,-1.0,0,0.08453445136547089,-2.1821721172103197,-2.510574496352873,-1.9061104478563462,4.9798083504449
dkasc_21,dkasc,BWh,tcn,4,finetune_6,-1.0,1918,0.03300176188349724,-1.9550609170298605,-2.1646064698585823,-1.778642500725014,4.9798083504449
pvdaq_1430,39.7_-105.2,Dfb,xgboost,0,scratch_24,0.0,6334,0.04431823641061783,-0.2504175712558343,-0.5756864279654494,0.08767848819862992,4.291238877481177
pvdaq_1430,39.7_-105.2,Dfb,xgboost,0,scratch_6,0.0,1701,0.05476846918463707,-0.3699901786792914,-0.6770152856450884,-0.005766319989865076,4.291238877481177
pvdaq_1430,39.7_-105.2,Dfb,xgboost,0,zero_shot,0.0,0,0.07728413492441177,-0.39710527950484487,-0.7081676059222941,-0.09384245186309093,4.291238877481177
pvdaq_1430,39.7_-105.2,Dfb,xgboost,0,finetune_6,0.0,1701,0.05795099586248398,-0.3536370034739341,-0.7156875650357497,0.0017933303434747305,4.291238877481177
pvdaq_1430,39.7_-105.2,Dfb,xgboost,1,scratch_24,0.0,6334,0.04445135220885277,-0.24330533107714958,-0.5748827280417701,0.051748215200164704,4.291238877481177
pvdaq_1430,39.7_-105.2,Dfb,xgboost,1,scratch_6,0.0,1701,0.05454949662089348,-0.29943318652181916,-0.6903635775909804,0.033080996592415896,4.291238877481177
pvdaq_1430,39.7_-105.2,Dfb,xgboost,1,zero_shot,0.0,0,0.07630521059036255,-0.3811051864395117,-0.7375796337979024,-0.010335739816696998,4.291238877481177
pvdaq_1430,39.7_-105.2,Dfb,xgboost,1,finetune_6,0.0,1701,0.057667143642902374,-0.3576148676119974,-0.7425109399605945,-0.04729655206948285,4.291238877481177
pvdaq_1430,39.7_-105.2,Dfb,xgboost,2,scratch_24,0.0,6334,0.04428692162036896,-0.21875184684718718,-0.5363247108723239,0.10617356491507968,4.291238877481177
pvdaq_1430,39.7_-105.2,Dfb,xgboost,2,scratch_6,0.0,1701,0.054998528212308884,-0.35317194947578345,-0.6946031864784972,0.03188803457395695,4.291238877481177
pvdaq_1430,39.7_-105.2,Dfb,xgboost,2,zero_shot,0.0,0,0.07579366862773895,-0.3659189282639086,-0.7584124559735617,-0.047009325860643755,4.291238877481177
pvdaq_1430,39.7_-105.2,Dfb,xgboost,2,finetune_6,0.0,1701,0.057756442576646805,-0.2956603318671394,-0.632013334060087,-0.019703914837055126,4.291238877481177
pvdaq_1430,39.7_-105.2,Dfb,xgboost,3,scratch_24,0.0,6334,0.04439811781048775,-0.23896270534595754,-0.6112409475143687,0.10657320883443927,4.291238877481177
pvdaq_1430,39.7_-105.2,Dfb,xgboost,3,scratch_6,0.0,1701,0.055005840957164764,-0.3481127402503337,-0.677442937567807,-0.011527707880432114,4.291238877481177
pvdaq_1430,39.7_-105.2,Dfb,xgboost,3,zero_shot,0.0,0,0.07752842456102371,-0.364736510314257,-0.7506201164819387,0.014618340609340155,4.291238877481177
pvdaq_1430,39.7_-105.2,Dfb,xgboost,3,finetune_6,0.0,1701,0.0581740066409111,-0.37727187863936806,-0.6801395128799237,-0.08681676105455338,4.291238877481177
pvdaq_1430,39.7_-105.2,Dfb,xgboost,4,scratch_24,0.0,6334,0.04454633221030235,-0.25280297393898143,-0.6214217682875167,0.10608025384257758,4.291238877481177
pvdaq_1430,39.7_-105.2,Dfb,xgboost,4,scratch_6,0.0,1701,0.05495835095643997,-0.38540331769587044,-0.7093199085347057,0.09020526183516268,4.291238877481177
pvdaq_1430,39.7_-105.2,Dfb,xgboost,4,zero_shot,0.0,0,0.07606728374958038,-0.39515714118769085,-0.6942147155915002,-0.033453230902742735,4.291238877481177
pvdaq_1430,39.7_-105.2,Dfb,xgboost,4,finetune_6,0.0,1701,0.05761346593499184,-0.3251912759377702,-0.6731380364723316,0.05891864292648652,4.291238877481177
pvdaq_1430,39.7_-105.2,Dfb,tcn,0,scratch_24,0.0,6334,0.04564603045582771,-0.1548812885327655,-0.5377648521252076,0.21395399640875912,4.291238877481177
pvdaq_1430,39.7_-105.2,Dfb,tcn,0,scratch_6,0.0,1701,0.06333046406507492,-0.27361534736957827,-0.6603696516763505,0.06233194389653676,4.288501026694045
pvdaq_1430,39.7_-105.2,Dfb,tcn,0,zero_shot,0.0,0,0.09678774327039719,-0.352501545374578,-0.9131508973990066,0.3459080163725755,4.291238877481177
pvdaq_1430,39.7_-105.2,Dfb,tcn,0,finetune_6,0.0,1701,0.06141679361462593,-0.26441939730322805,-0.7187378505508351,0.1654984145161964,4.291238877481177
pvdaq_1430,39.7_-105.2,Dfb,tcn,1,scratch_24,0.0,6334,0.04593338072299957,-0.14096613925667079,-0.5276091985566722,0.2369050492074365,4.289869952087612
pvdaq_1430,39.7_-105.2,Dfb,tcn,1,scratch_6,0.0,1701,0.06491310894489288,-0.32804145902295967,-0.7084430750320059,0.029337595032929986,4.291238877481177
pvdaq_1430,39.7_-105.2,Dfb,tcn,1,zero_shot,0.0,0,0.1082606241106987,-0.2729828465681372,-1.0724410941662987,0.5003465786832084,4.284394250513348
pvdaq_1430,39.7_-105.2,Dfb,tcn,1,finetune_6,0.0,1701,0.06152913719415665,-0.3762105997932419,-0.8044650452262228,-0.051029599797164656,4.288501026694045
pvdaq_1430,39.7_-105.2,Dfb,tcn,2,scratch_24,0.0,6334,0.04543837904930115,-0.10053503468571146,-0.46509438754470667,0.2661850318819159,4.289869952087612
pvdaq_1430,39.7_-105.2,Dfb,tcn,2,scratch_6,0.0,1701,0.08573579043149948,-0.3176878422482238,-0.6668978994223695,0.07203489526700912,4.288501026694045
pvdaq_1430,39.7_-105.2,Dfb,tcn,2,zero_shot,0.0,0,0.11229899525642395,-0.5892186805674072,-1.230549064419284,0.08317013783930953,4.292607802874743
pvdaq_1430,39.7_-105.2,Dfb,tcn,2,finetune_6,0.0,1701,0.05878550931811333,-0.29648835288489983,-0.5874449238962798,0.11273627498433747,4.291238877481177
pvdaq_1430,39.7_-105.2,Dfb,tcn,3,scratch_24,0.0,6334,0.04526606947183609,-0.0865829384089245,-0.503149415992188,0.20232340988857178,4.285763175906913
pvdaq_1430,39.7_-105.2,Dfb,tcn,3,scratch_6,0.0,1701,0.06895002722740173,-0.1601543922929517,-0.521717259000587,0.16695247977337457,4.281656399726215
pvdaq_1430,39.7_-105.2,Dfb,tcn,3,zero_shot,0.0,0,0.10255120694637299,-0.4485420318828001,-1.2030063671808962,0.10676593233382992,4.288501026694045
pvdaq_1430,39.7_-105.2,Dfb,tcn,3,finetune_6,0.0,1701,0.05739753693342209,-0.48383811078726313,-0.8690887639909217,-0.01690098295133252,4.283025325119781
pvdaq_1430,39.7_-105.2,Dfb,tcn,4,scratch_24,0.0,6334,0.047374140471220016,-0.21955423955985037,-0.6299297839441498,0.15390576287310775,4.285763175906913
pvdaq_1430,39.7_-105.2,Dfb,tcn,4,scratch_6,0.0,1701,0.06189454346895218,-0.224950320644296,-0.6062952605073746,0.1692866612113681,4.291238877481177
pvdaq_1430,39.7_-105.2,Dfb,tcn,4,zero_shot,0.0,0,0.09772219508886337,-0.5624747898539839,-1.1828283652380311,0.037070082453306785,4.287132101300479
pvdaq_1430,39.7_-105.2,Dfb,tcn,4,finetune_6,0.0,1701,0.05867678299546242,-0.2713595273396263,-0.7372954978445256,0.15824535285849928,4.288501026694045
pvdaq_1430,39.7_-105.2,Dfb,xgboost,0,scratch_24,-1.0,6334,0.04473632201552391,-1.1371639567765994,-1.4825850569509196,-0.808803941485561,4.291238877481177
pvdaq_1430,39.7_-105.2,Dfb,xgboost,0,scratch_6,-1.0,1701,0.05592145025730133,-1.3879443829876492,-1.6584059600888823,-0.972250972375166,4.291238877481177
pvdaq_1430,39.7_-105.2,Dfb,xgboost,0,zero_shot,-1.0,0,0.07500873506069183,-1.3418004794539078,-1.646002276469591,-1.0676916550110715,4.291238877481177
pvdaq_1430,39.7_-105.2,Dfb,xgboost,0,finetune_6,-1.0,1701,0.05923973768949509,-1.2765723900838022,-1.6018540542040007,-1.015024306654605,4.291238877481177
pvdaq_1430,39.7_-105.2,Dfb,xgboost,1,scratch_24,-1.0,6334,0.04476884379982948,-1.2176006842638643,-1.5557608152201028,-0.8191376354009597,4.291238877481177
pvdaq_1430,39.7_-105.2,Dfb,xgboost,1,scratch_6,-1.0,1701,0.05554854869842529,-1.3395793369940845,-1.6568639337314783,-0.9549531507727166,4.291238877481177
pvdaq_1430,39.7_-105.2,Dfb,xgboost,1,zero_shot,-1.0,0,0.07404464483261108,-1.3372735634550492,-1.702689820737946,-0.9647331966967401,4.291238877481177
pvdaq_1430,39.7_-105.2,Dfb,xgboost,1,finetune_6,-1.0,1701,0.05895622819662094,-1.3359975769084123,-1.6125298596093125,-1.028153145734434,4.291238877481177
pvdaq_1430,39.7_-105.2,Dfb,xgboost,2,scratch_24,-1.0,6334,0.04466838017106056,-1.170248525103118,-1.5069629325794198,-0.7989062947245773,4.291238877481177
pvdaq_1430,39.7_-105.2,Dfb,xgboost,2,scratch_6,-1.0,1701,0.055962689220905304,-1.3140854168223748,-1.6581627536199557,-0.9465516676060267,4.291238877481177
pvdaq_1430,39.7_-105.2,Dfb,xgboost,2,zero_shot,-1.0,0,0.07353675365447998,-1.3045421683689662,-1.678898449190841,-1.0687843640626324,4.291238877481177
pvdaq_1430,39.7_-105.2,Dfb,xgboost,2,finetune_6,-1.0,1701,0.05918353050947189,-1.2708830879317747,-1.5677369903211114,-0.9587850454655544,4.291238877481177
pvdaq_1430,39.7_-105.2,Dfb,xgboost,3,scratch_24,-1.0,6334,0.04478584975004196,-1.1715041148255612,-1.526279148633014,-0.8355482920737345,4.291238877481177
pvdaq_1430,39.7_-105.2,Dfb,xgboost,3,scratch_6,-1.0,1701,0.056011028587818146,-1.2844314700133141,-1.5845355623457358,-0.9970099981118946,4.291238877481177
pvdaq_1430,39.7_-105.2,Dfb,xgboost,3,zero_shot,-1.0,0,0.07522545754909515,-1.3496705715394575,-1.725169716395048,-0.9796855211183202,4.291238877481177
pvdaq_1430,39.7_-105.2,Dfb,xgboost,3,finetune_6,-1.0,1701,0.05950743332505226,-1.3341705075640697,-1.6142441717235945,-1.047364886619706,4.291238877481177
pvdaq_1430,39.7_-105.2,Dfb,xgboost,4,scratch_24,-1.0,6334,0.044760074466466904,-1.1944744310050548,-1.4993212369503295,-0.8522807251370113,4.291238877481177
pvdaq_1430,39.7_-105.2,Dfb,xgboost,4,scratch_6,-1.0,1701,0.05601023510098457,-1.281710487023851,-1.6083229703667656,-0.9474647386823987,4.291238877481177
pvdaq_1430,39.7_-105.2,Dfb,xgboost,4,zero_shot,-1.0,0,0.0738026350736618,-1.310943597295594,-1.6530685412687929,-0.9970116704659415,4.291238877481177
pvdaq_1430,39.7_-105.2,Dfb,xgboost,4,finetune_6,-1.0,1701,0.05869103968143463,-1.3001295039329492,-1.6267361078755607,-0.9327856833016619,4.291238877481177
pvdaq_1430,39.7_-105.2,Dfb,tcn,0,scratch_24,-1.0,6334,0.04607095569372177,-1.1056916465209787,-1.423461099071699,-0.7283872357675802,4.289869952087612
pvdaq_1430,39.7_-105.2,Dfb,tcn,0,scratch_6,-1.0,1701,0.06543154269456863,-1.3150709778137106,-1.5878992917993155,-0.9423746627514995,4.289869952087612
pvdaq_1430,39.7_-105.2,Dfb,tcn,0,zero_shot,-1.0,0,0.09520231187343597,-1.3357063660879964,-1.9282183236257189,-0.6665470698695941,4.292607802874743
pvdaq_1430,39.7_-105.2,Dfb,tcn,0,finetune_6,-1.0,1701,0.062369734048843384,-1.1740573748792003,-1.5329249538241514,-0.7977535419267601,4.291238877481177
pvdaq_1430,39.7_-105.2,Dfb,tcn,1,scratch_24,-1.0,6334,0.045976895838975906,-0.9715873422208254,-1.3644954119570119,-0.6289825700386594,4.289869952087612
pvdaq_1430,39.7_-105.2,Dfb,tcn,1,scratch_6,-1.0,1701,0.06565847992897034,-1.2204126708064964,-1.5544130109215404,-0.9549178148728521,4.291238877481177
pvdaq_1430,39.7_-105.2,Dfb,tcn,1,zero_shot,-1.0,0,0.106529101729393,-1.2785383754120527,-1.9764262129817216,-0.5598653805129175,4.284394250513348
pvdaq_1430,39.7_-105.2,Dfb,tcn,1,finetune_6,-1.0,1701,0.06205281987786293,-1.3390029652990063,-1.7862148353849019,-0.9990756898171378,4.288501026694045
pvdaq_1430,39.7_-105.2,Dfb,tcn,2,scratch_24,-1.0,6334,0.0472082681953907,-1.0595742880158618,-1.3826857690987975,-0.7274211562230792,4.291238877481177
pvdaq_1430,39.7_-105.2,Dfb,tcn,2,scratch_6,-1.0,1701,0.08920732885599136,-1.1900349860887338,-1.5316144832363487,-0.8764261345743374,4.288501026694045
pvdaq_1430,39.7_-105.2,Dfb,tcn,2,zero_shot,-1.0,0,0.11013589054346085,-1.4297892009808355,-1.9979159679184848,-0.7834244716667249,4.292607802874743
pvdaq_1430,39.7_-105.2,Dfb,tcn,2,finetune_6,-1.0,1701,0.0596887543797493,-1.1779895082485907,-1.5385571600176784,-0.7947608486683042,4.291238877481177
pvdaq_1430,39.7_-105.2,Dfb,tcn,3,scratch_24,-1.0,6334,0.047032859176397324,-1.1462597659791351,-1.4573118080305703,-0.775963999230082,4.283025325119781
pvdaq_1430,39.7_-105.2,Dfb,tcn,3,scratch_6,-1.0,1701,0.07029908895492554,-1.1845753432561834,-1.5385077792159905,-0.7811411113688216,4.285763175906913
pvdaq_1430,39.7_-105.2,Dfb,tcn,3,zero_shot,-1.0,0,0.10039577633142471,-1.40643303849352,-2.0475028669777555,-0.9142386168066776,4.287132101300479
pvdaq_1430,39.7_-105.2,Dfb,tcn,3,finetune_6,-1.0,1701,0.05785104259848595,-1.433695569516369,-1.852831421693191,-0.9106582931076329,4.285763175906913
pvdaq_1430,39.7_-105.2,Dfb,tcn,4,scratch_24,-1.0,6334,0.04735661670565605,-1.099557153155667,-1.4287718905901525,-0.8219510790857874,4.288501026694045
pvdaq_1430,39.7_-105.2,Dfb,tcn,4,scratch_6,-1.0,1701,0.06370859593153,-1.2324413423100327,-1.508214949723702,-0.9170803019573364,4.291238877481177
pvdaq_1430,39.7_-105.2,Dfb,tcn,4,zero_shot,-1.0,0,0.09568414092063904,-1.5481300766274741,-2.092675602463916,-0.9646440176483528,4.287132101300479
pvdaq_1430,39.7_-105.2,Dfb,tcn,4,finetune_6,-1.0,1701,0.059289731085300446,-1.2255560322277204,-1.678581046702543,-0.8005969015183578,4.288501026694045
pvdaq_1423,36.0_-114.9,BWh,xgboost,0,scratch_24,0.0,6467,0.05561962351202965,-0.3313193249237136,-0.48000271217330526,-0.11988186243531151,4.298083504449007
pvdaq_1423,36.0_-114.9,BWh,xgboost,0,scratch_6,0.0,1587,0.07208456844091415,-0.3462569735684262,-0.5154257528710626,-0.20902302292934485,4.298083504449007
pvdaq_1423,36.0_-114.9,BWh,xgboost,0,zero_shot,0.0,0,0.09610255062580109,-0.5389216375372763,-0.7158165404112959,-0.29991221466532103,4.298083504449007
pvdaq_1423,36.0_-114.9,BWh,xgboost,0,finetune_6,0.0,1587,0.06899881362915039,-0.5092572955362884,-0.6739505492888265,-0.34724102470166107,4.298083504449007
pvdaq_1423,36.0_-114.9,BWh,xgboost,1,scratch_24,0.0,6467,0.05528629571199417,-0.3147849825373263,-0.47949711783872434,-0.15000551235079818,4.298083504449007
pvdaq_1423,36.0_-114.9,BWh,xgboost,1,scratch_6,0.0,1587,0.07213165611028671,-0.37088366942517603,-0.5263610613935404,-0.24013604308573688,4.298083504449007
pvdaq_1423,36.0_-114.9,BWh,xgboost,1,zero_shot,0.0,0,0.09582214057445526,-0.5155544546682156,-0.7771122525631224,-0.27169282386094173,4.298083504449007
pvdaq_1423,36.0_-114.9,BWh,xgboost,1,finetune_6,0.0,1587,0.0688563734292984,-0.48566807050753336,-0.6546425895458008,-0.3625062498343823,4.298083504449007
pvdaq_1423,36.0_-114.9,BWh,xgboost,2,scratch_24,0.0,6467,0.05566911771893501,-0.3362961110057072,-0.48745805584798907,-0.15359927012886798,4.298083504449007
pvdaq_1423,36.0_-114.9,BWh,xgboost,2,scratch_6,0.0,1587,0.0721186175942421,-0.32944757141052894,-0.5365907453080465,-0.206973748605499,4.298083504449007
pvdaq_1423,36.0_-114.9,BWh,xgboost,2,zero_shot,0.0,0,0.09668359160423279,-0.5110173340768576,-0.723132941674001,-0.2858387019312951,4.298083504449007
pvdaq_1423,36.0_-114.9,BWh,xgboost,2,finetune_6,0.0,1587,0.069277822971344,-0.5054527947005505,-0.6747820942024307,-0.38225323865772043,4.298083504449007
pvdaq_1423,36.0_-114.9,BWh,xgboost,3,scratch_24,0.0,6467,0.055150751024484634,-0.30541503530749115,-0.47436685155216596,-0.15912797717151372,4.298083504449007
pvdaq_1423,36.0_-114.9,BWh,xgboost,3,scratch_6,0.0,1587,0.07213427126407623,-0.36269053943123986,-0.5305697004289567,-0.19309906594947024,4.298083504449007
pvdaq_1423,36.0_-114.9,BWh,xgboost,3,zero_shot,0.0,0,0.09687821567058563,-0.5314445166907489,-0.7588613670017785,-0.269239410100514,4.298083504449007
pvdaq_1423,36.0_-114.9,BWh,xgboost,3,finetune_6,0.0,1587,0.0690336525440216,-0.5128265024333376,-0.6684955835281559,-0.33925031108695824,4.298083504449007
pvdaq_1423,36.0_-114.9,BWh,xgboost,4,scratch_24,0.0,6467,0.05552099645137787,-0.32076068690319315,-0.47065761334800227,-0.16181801662619177,4.298083504449007
pvdaq_1423,36.0_-114.9,BWh,xgboost,4,scratch_6,0.0,1587,0.07216338068246841,-0.42016076068777664,-0.5613057181583392,-0.2401038709335425,4.298083504449007
pvdaq_1423,36.0_-114.9,BWh,xgboost,4,zero_shot,0.0,0,0.09769511967897415,-0.5107973147697349,-0.721957712761323,-0.24974200751028408,4.298083504449007
pvdaq_1423,36.0_-114.9,BWh,xgboost,4,finetune_6,0.0,1587,0.06924053281545639,-0.48808025632377505,-0.6368786876380539,-0.37361147300389863,4.298083504449007
pvdaq_1423,36.0_-114.9,BWh,tcn,0,scratch_24,0.0,6467,0.04805523902177811,-0.4853405318614811,-0.6331046893208847,-0.3541137530525346,4.298083504449007
pvdaq_1423,36.0_-114.9,BWh,tcn,0,scratch_6,0.0,1587,0.11135955899953842,-0.21811183351014368,-0.4781731437383252,0.11654325859340453,4.30082135523614
pvdaq_1423,36.0_-114.9,BWh,tcn,0,zero_shot,0.0,0,0.10090778768062592,-0.2462516999530595,-0.5395011437870911,0.03405776804509819,4.298083504449007
pvdaq_1423,36.0_-114.9,BWh,tcn,0,finetune_6,0.0,1587,0.06901838630437851,-0.3461002066892769,-0.5932090932389444,-0.0928727418723796,4.298083504449007
pvdaq_1423,36.0_-114.9,BWh,tcn,1,scratch_24,0.0,6467,0.04844445735216141,-0.5143896306311901,-0.6632179695826579,-0.3786030597345946,4.298083504449007
pvdaq_1423,36.0_-114.9,BWh,tcn,1,scratch_6,0.0,1587,0.3155542314052582,-0.3491630262083323,-0.6749945462038776,0.0311247356422734,4.299452429842574
pvdaq_1423,36.0_-114.9,BWh,tcn,1,zero_shot,0.0,0,0.09734153002500534,-0.19053442264246323,-0.5392597252752762,0.07457210000650916,4.298083504449007
pvdaq_1423,36.0_-114.9,BWh,tcn,1,finetune_6,0.0,1587,0.06799696385860443,-0.18507568428065013,-0.5097345160764988,0.05355840298081013,4.298083504449007
pvdaq_1423,36.0_-114.9,BWh,tcn,2,scratch_24,0.0,6467,0.05003253370523453,-0.5312017311196959,-0.709825628919847,-0.3759874447488376,4.298083504449007
pvdaq_1423,36.0_-114.9,BWh,tcn,2,scratch_6,0.0,1587,0.18118847906589508,-0.32071000823772344,-0.6143799647154495,0.06924357468195419,4.299452429842574
pvdaq_1423,36.0_-114.9,BWh,tcn,2,zero_shot,0.0,0,0.10451900959014893,-0.33000751241671755,-0.6582922622880238,0.04667320379360129,4.298083504449007
pvdaq_1423,36.0_-114.9,BWh,tcn,2,finetune_6,0.0,1587,0.07161512225866318,-0.35647289387273906,-0.5549788010116583,-0.09541646110380461,4.298083504449007
pvdaq_1423,36.0_-114.9,BWh,tcn,3,scratch_24,0.0,6467,0.04974175617098808,-0.5261918457559644,-0.662096298836834,-0.35901958836214126,4.298083504449007
pvdaq_1423,36.0_-114.9,BWh,tcn,3,scratch_6,0.0,1587,0.12216559052467346,-0.48562435753832234,-0.7487507467591303,-0.17841135697655996,4.30082135523614
pvdaq_1423,36.0_-114.9,BWh,tcn,3,zero_shot,0.0,0,0.09694086015224457,-0.4997217274969268,-0.7117665947836184,-0.2446342247105758,4.298083504449007
pvdaq_1423,36.0_-114.9,BWh,tcn,3,finetune_6,0.0,1587,0.08184847235679626,-0.2763059034843691,-0.5428413596044457,-0.023709175303850933,4.298083504449007
pvdaq_1423,36.0_-114.9,BWh,tcn,4,scratch_24,0.0,6467,0.04971381649374962,-0.5003438035882546,-0.6226533946301632,-0.3658406590401663,4.298083504449007
pvdaq_1423,36.0_-114.9,BWh,tcn,4,scratch_6,0.0,1587,0.21132074296474457,-0.4018240605004886,-0.6858807968901814,-0.11847373779028114,4.302190280629706
pvdaq_1423,36.0_-114.9,BWh,tcn,4,zero_shot,0.0,0,0.0983356311917305,-0.44845771128206235,-0.7329095930099299,-0.14354461361528736,4.298083504449007
pvdaq_1423,36.0_-114.9,BWh,tcn,4,finetune_6,0.0,1587,0.08026275038719177,-0.27744864907768285,-0.5500020526650516,-0.04881922590475596,4.298083504449007
pvdaq_1423,36.0_-114.9,BWh,xgboost,0,scratch_24,-1.0,6467,0.0541224367916584,-1.2419589542434495,-1.3985287074857882,-1.1067135475241574,4.298083504449007
pvdaq_1423,36.0_-114.9,BWh,xgboost,0,scratch_6,-1.0,1587,0.07127326726913452,-1.3640958971363748,-1.499258797799169,-1.2114499580666127,4.298083504449007
pvdaq_1423,36.0_-114.9,BWh,xgboost,0,zero_shot,-1.0,0,0.09213478863239288,-1.4530304413651107,-1.659996035571354,-1.206888891035631,4.298083504449007
pvdaq_1423,36.0_-114.9,BWh,xgboost,0,finetune_6,-1.0,1587,0.06805279850959778,-1.4728262039169722,-1.6582666716635497,-1.3342162428442417,4.298083504449007
pvdaq_1423,36.0_-114.9,BWh,xgboost,1,scratch_24,-1.0,6467,0.054351381957530975,-1.2324347066961927,-1.4087282275443147,-1.0895045719155283,4.298083504449007
pvdaq_1423,36.0_-114.9,BWh,xgboost,1,scratch_6,-1.0,1587,0.07127084583044052,-1.345225769411429,-1.5486626447621699,-1.2252869536163118,4.298083504449007
pvdaq_1423,36.0_-114.9,BWh,xgboost,1,zero_shot,-1.0,0,0.0918571799993515,-1.4079667447027544,-1.7187536244795854,-1.2057491901160677,4.298083504449007
pvdaq_1423,36.0_-114.9,BWh,xgboost,1,finetune_6,-1.0,1587,0.06781650334596634,-1.47760870090023,-1.617127499364901,-1.3412403232953296,4.298083504449007
pvdaq_1423,36.0_-114.9,BWh,xgboost,2,scratch_24,-1.0,6467,0.0543600469827652,-1.239281558351607,-1.4021447306823365,-1.0710106269728459,4.298083504449007
pvdaq_1423,36.0_-114.9,BWh,xgboost,2,scratch_6,-1.0,1587,0.07127384096384048,-1.3591034141509195,-1.5377781994523738,-1.166424888653117,4.298083504449007
pvdaq_1423,36.0_-114.9,BWh,xgboost,2,zero_shot,-1.0,0,0.09271523356437683,-1.4467433306018043,-1.6853475720145283,-1.2322527695142638,4.298083504449007
pvdaq_1423,36.0_-114.9,BWh,xgboost,2,finetune_6,-1.0,1587,0.06833752989768982,-1.4850887107977433,-1.6806786403720297,-1.3172197154315708,4.298083504449007
pvdaq_1423,36.0_-114.9,BWh,xgboost,3,scratch_24,-1.0,6467,0.05403205752372742,-1.260400129451389,-1.4253445104290885,-1.0974052898360906,4.298083504449007
pvdaq_1423,36.0_-114.9,BWh,xgboost,3,scratch_6,-1.0,1587,0.07133785635232925,-1.3731373872974462,-1.5289015214763644,-1.1637515576976565,4.298083504449007
pvdaq_1423,36.0_-114.9,BWh,xgboost,3,zero_shot,-1.0,0,0.09289199858903885,-1.459518160045714,-1.6887983610449075,-1.2356512478991175,4.298083504449007
pvdaq_1423,36.0_-114.9,BWh,xgboost,3,finetune_6,-1.0,1587,0.06804383546113968,-1.4970513223078181,-1.627747237217089,-1.3305673880888784,4.298083504449007
pvdaq_1423,36.0_-114.9,BWh,xgboost,4,scratch_24,-1.0,6467,0.054204605519771576,-1.2362279083967809,-1.3902881232217779,-1.0555407526235128,4.298083504449007
pvdaq_1423,36.0_-114.9,BWh,xgboost,4,scratch_6,-1.0,1587,0.07123427093029022,-1.3752277720798955,-1.5323037474637424,-1.20129533283191,4.298083504449007
pvdaq_1423,36.0_-114.9,BWh,xgboost,4,zero_shot,-1.0,0,0.09369976818561554,-1.4533893871919834,-1.676915245863413,-1.234859422363599,4.298083504449007
pvdaq_1423,36.0_-114.9,BWh,xgboost,4,finetune_6,-1.0,1587,0.0682535320520401,-1.4720970989212157,-1.672772302181047,-1.3359387711824322,4.298083504449007
pvdaq_1423,36.0_-114.9,BWh,tcn,0,scratch_24,-1.0,6467,0.0471646785736084,-1.4978463397070874,-1.6226847812334708,-1.3125275257627758,4.298083504449007
pvdaq_1423,36.0_-114.9,BWh,tcn,0,scratch_6,-1.0,1587,0.10079284757375717,-1.1575099428537627,-1.4499173831824748,-0.9273604770829169,4.302190280629706
pvdaq_1423,36.0_-114.9,BWh,tcn,0,zero_shot,-1.0,0,0.096939317882061,-1.273269362539584,-1.5080005334019486,-0.9363013137047933,4.298083504449007
pvdaq_1423,36.0_-114.9,BWh,tcn,0,finetune_6,-1.0,1587,0.06825675815343857,-1.2758299982365162,-1.5586727298262104,-1.0476485701119007,4.298083504449007
pvdaq_1423,36.0_-114.9,BWh,tcn,1,scratch_24,-1.0,6467,0.04790877923369408,-1.468841595396736,-1.6137118775953752,-1.3779958338141163,4.298083504449007
pvdaq_1423,36.0_-114.9,BWh,tcn,1,scratch_6,-1.0,1587,0.12627491354942322,-1.257462739177928,-1.5696626671306668,-0.9963410946295492,4.299452429842574
pvdaq_1423,36.0_-114.9,BWh,tcn,1,zero_shot,-1.0,0,0.09343035519123077,-1.1272405888776593,-1.4632331704202053,-0.833241016362795,4.298083504449007
pvdaq_1423,36.0_-114.9,BWh,tcn,1,finetune_6,-1.0,1587,0.06739412993192673,-1.1398982091800902,-1.4429227717943565,-0.9306399636963225,4.298083504449007
pvdaq_1423,36.0_-114.9,BWh,tcn,2,scratch_24,-1.0,6467,0.04762086272239685,-1.4189721870413174,-1.5993734980803587,-1.2666537747597795,4.298083504449007
pvdaq_1423,36.0_-114.9,BWh,tcn,2,scratch_6,-1.0,1587,0.1588970124721527,-1.335651321236453,-1.5765402136657558,-1.0525723509484828,4.30082135523614
pvdaq_1423,36.0_-114.9,BWh,tcn,2,zero_shot,-1.0,0,0.10053012520074844,-1.2772926420843433,-1.6040686950711702,-0.9129292970996017,4.298083504449007
pvdaq_1423,36.0_-114.9,BWh,tcn,2,finetune_6,-1.0,1587,0.07100174576044083,-1.2700834352576504,-1.5078649388500343,-1.018283438060712,4.298083504449007
pvdaq_1423,36.0_-114.9,BWh,tcn,3,scratch_24,-1.0,6467,0.048062004148960114,-1.4796604118327783,-1.6392059799894443,-1.3341689011981073,4.298083504449007
pvdaq_1423,36.0_-114.9,BWh,tcn,3,scratch_6,-1.0,1587,0.11494974046945572,-1.4436581432941908,-1.6768198542711055,-1.1701735411483893,4.299452429842574
pvdaq_1423,36.0_-114.9,BWh,tcn,3,zero_shot,-1.0,0,0.09295696020126343,-1.5143987162941686,-1.6828613155798644,-1.2079665001519737,4.298083504449007
pvdaq_1423,36.0_-114.9,BWh,tcn,3,finetune_6,-1.0,1587,0.08249619603157043,-1.2163977811622892,-1.4704105082671615,-0.9966005765445041,4.298083504449007
pvdaq_1423,36.0_-114.9,BWh,tcn,4,scratch_24,-1.0,6467,0.04827019199728966,-1.5311562016177644,-1.714738114216352,-1.3646626222207892,4.298083504449007
pvdaq_1423,36.0_-114.9,BWh,tcn,4,scratch_6,-1.0,1587,0.22555913031101227,-1.4123769881406956,-1.7191530998337479,-1.1321067860880292,4.302190280629706
pvdaq_1423,36.0_-114.9,BWh,tcn,4,zero_shot,-1.0,0,0.09440658241510391,-1.416872038991418,-1.6835800316610472,-1.096372723056226,4.298083504449007
pvdaq_1423,36.0_-114.9,BWh,tcn,4,finetune_6,-1.0,1587,0.08061596751213074,-1.21859540579482,-1.5075375935736712,-1.016051723543951,4.298083504449007
pvdaq_2107,39.0_-122.1,Csa,xgboost,0,scratch_24,0.0,6270,0.0523701012134552,0.8089592871196702,0.2905868166706016,1.4198188698853298,3.260438056125941
pvdaq_2107,39.0_-122.1,Csa,xgboost,0,scratch_6,0.0,1529,0.06643997132778168,0.5632397902934574,-0.2303637620634172,1.3804396577557223,3.260438056125941
pvdaq_2107,39.0_-122.1,Csa,xgboost,0,zero_shot,0.0,0,0.0839950293302536,1.5513518085267326,0.7546260204747608,2.191062993468211,3.260438056125941
pvdaq_2107,39.0_-122.1,Csa,xgboost,0,finetune_6,0.0,1529,0.06420405209064484,0.9033771193668829,0.22419176273615013,1.6356019879805679,3.260438056125941
pvdaq_2107,39.0_-122.1,Csa,xgboost,1,scratch_24,0.0,6270,0.05262388661503792,0.8570043240366915,0.2411863876495766,1.5138885685447094,3.260438056125941
pvdaq_2107,39.0_-122.1,Csa,xgboost,1,scratch_6,0.0,1529,0.06682337075471878,0.8104485667316511,-0.09408309215179766,1.3569401144540805,3.260438056125941
pvdaq_2107,39.0_-122.1,Csa,xgboost,1,zero_shot,0.0,0,0.084098219871521,1.4405861962556004,0.7208158075598156,2.3202501813771934,3.260438056125941
pvdaq_2107,39.0_-122.1,Csa,xgboost,1,finetune_6,0.0,1529,0.06544121354818344,0.8247323072731683,0.03016662210397758,1.7360527835051232,3.260438056125941
pvdaq_2107,39.0_-122.1,Csa,xgboost,2,scratch_24,0.0,6270,0.052413634955883026,0.7315752453060731,0.18829149347118862,1.5039387077635358,3.260438056125941
pvdaq_2107,39.0_-122.1,Csa,xgboost,2,scratch_6,0.0,1529,0.0673363208770752,0.7252671006182433,-0.17773577569379131,1.4112993043461406,3.260438056125941
pvdaq_2107,39.0_-122.1,Csa,xgboost,2,zero_shot,0.0,0,0.08399047702550888,1.5008663544365364,0.7199979746932692,2.219889105768069,3.260438056125941
pvdaq_2107,39.0_-122.1,Csa,xgboost,2,finetune_6,0.0,1529,0.06446552276611328,0.7196000574975634,-0.02616887586680828,1.6161560068735537,3.260438056125941
pvdaq_2107,39.0_-122.1,Csa,xgboost,3,scratch_24,0.0,6270,0.052690036594867706,0.7692565242421068,0.21542520560716705,1.523199891817794,3.260438056125941
pvdaq_2107,39.0_-122.1,Csa,xgboost,3,scratch_6,0.0,1529,0.06673859059810638,0.5940081909973416,-0.13046593346426327,1.3173638474952607,3.260438056125941
pvdaq_2107,39.0_-122.1,Csa,xgboost,3,zero_shot,0.0,0,0.08370177447795868,1.4472394041411372,0.762308829798434,2.1375168894977925,3.260438056125941
pvdaq_2107,39.0_-122.1,Csa,xgboost,3,finetune_6,0.0,1529,0.0649651288986206,0.801394927041077,0.02417835388925569,1.7643398881463352,3.260438056125941
pvdaq_2107,39.0_-122.1,Csa,xgboost,4,scratch_24,0.0,6270,0.0525469034910202,0.9209534064966274,0.22090326656664167,1.5015923413782966,3.260438056125941
pvdaq_2107,39.0_-122.1,Csa,xgboost,4,scratch_6,0.0,1529,0.06814736127853394,0.6573154077763377,-0.12278737523489962,1.4092777144108641,3.260438056125941
pvdaq_2107,39.0_-122.1,Csa,xgboost,4,zero_shot,0.0,0,0.08464237302541733,1.465532469641753,0.7479015731269123,2.2220466883258676,3.260438056125941
pvdaq_2107,39.0_-122.1,Csa,xgboost,4,finetune_6,0.0,1529,0.0652327612042427,0.9414363109167101,0.17159455084965747,1.6058602641578439,3.260438056125941
pvdaq_2107,39.0_-122.1,Csa,tcn,0,scratch_24,0.0,6270,0.05245110020041466,0.8144917345822345,-0.001150482016275866,1.4057350113878986,3.260438056125941
pvdaq_2107,39.0_-122.1,Csa,tcn,0,scratch_6,0.0,1529,0.1395091563463211,0.6077028327857115,-0.2799923136129978,1.4174450918669683,3.2412731006160165
pvdaq_2107,39.0_-122.1,Csa,tcn,0,zero_shot,0.0,0,0.08939993381500244,1.0038741896030405,0.31512092514525136,1.8293875224754306,3.260438056125941
pvdaq_2107,39.0_-122.1,Csa,tcn,0,finetune_6,0.0,1529,0.07005373388528824,0.686342473088386,-0.22362004123708257,1.4365657618343626,3.260438056125941
pvdaq_2107,39.0_-122.1,Csa,tcn,1,scratch_24,0.0,6270,0.05215800926089287,0.8171390875358009,0.1622067456980995,1.351127269107133,3.260438056125941
pvdaq_2107,39.0_-122.1,Csa,tcn,1,scratch_6,0.0,1529,0.12066670507192612,0.7010205695059724,-0.022218427159700925,1.2729961521801392,3.259069130732375
pvdaq_2107,39.0_-122.1,Csa,tcn,1,zero_shot,0.0,0,0.0850583016872406,1.0382949375813595,0.2794957501272877,1.6813259356979122,3.260438056125941
pvdaq_2107,39.0_-122.1,Csa,tcn,1,finetune_6,0.0,1529,0.06202743947505951,0.7707159057557256,0.026006950097270318,1.5601784711727333,3.260438056125941
pvdaq_2107,39.0_-122.1,Csa,tcn,2,scratch_24,0.0,6270,0.051831938326358795,0.40988376951156746,-0.1135501572439676,1.236676578745799,3.260438056125941
pvdaq_2107,39.0_-122.1,Csa,tcn,2,scratch_6,0.0,1529,0.08234760910272598,0.5095568329276466,-0.2012921068833995,1.280436500306043,3.259069130732375
pvdaq_2107,39.0_-122.1,Csa,tcn,2,zero_shot,0.0,0,0.08682295680046082,0.9962093379556481,0.2036649792105408,1.7199828212159627,3.260438056125941
pvdaq_2107,39.0_-122.1,Csa,tcn,2,finetune_6,0.0,1529,0.06276440620422363,0.6721214893478433,-0.30774063667618456,1.4132341178663022,3.260438056125941
pvdaq_2107,39.0_-122.1,Csa,tcn,3,scratch_24,0.0,6270,0.052880022674798965,0.4161247733722617,-0.25510016240236955,1.2332992033819767,3.260438056125941
pvdaq_2107,39.0_-122.1,Csa,tcn,3,scratch_6,0.0,1529,0.12599734961986542,0.64250714431769,0.037691043778265154,1.3723195016108867,3.2426420260095825
pvdaq_2107,39.0_-122.1,Csa,tcn,3,zero_shot,0.0,0,0.08826369047164917,1.1567383078631002,0.13568870746850648,1.8929520073435881,3.260438056125941
pvdaq_2107,39.0_-122.1,Csa,tcn,3,finetune_6,0.0,1529,0.0674491673707962,0.8376520421340072,0.0019442254473034382,1.6600410121456401,3.260438056125941
pvdaq_2107,39.0_-122.1,Csa,tcn,4,scratch_24,0.0,6270,0.0517888143658638,0.5176311671071354,-0.12548590177716312,1.2535969102812183,3.260438056125941
pvdaq_2107,39.0_-122.1,Csa,tcn,4,scratch_6,0.0,1529,0.10164929926395416,0.8393919417233268,-0.07296500298243018,1.5835477167668477,3.260438056125941
pvdaq_2107,39.0_-122.1,Csa,tcn,4,zero_shot,0.0,0,0.08696508407592773,1.0663729197719403,0.22297791626030294,1.7561996114737521,3.260438056125941
pvdaq_2107,39.0_-122.1,Csa,tcn,4,finetune_6,0.0,1529,0.06383999437093735,0.7772861605068648,-0.14918981785771007,1.6603720753338118,3.260438056125941
pvdaq_2107,39.0_-122.1,Csa,xgboost,0,scratch_24,-1.0,6271,0.051763955503702164,-0.1490507646957795,-0.7289160879662693,0.4342482630801186,3.260438056125941
pvdaq_2107,39.0_-122.1,Csa,xgboost,0,scratch_6,-1.0,1529,0.06488902121782303,-0.4514304302873695,-1.232379908963368,0.34171296437267784,3.260438056125941
pvdaq_2107,39.0_-122.1,Csa,xgboost,0,zero_shot,-1.0,0,0.08525675535202026,0.19593101659610818,-0.7084793120885724,0.9106754446780274,3.260438056125941
pvdaq_2107,39.0_-122.1,Csa,xgboost,0,finetune_6,-1.0,1529,0.06427647173404694,-0.31406074476393064,-0.9476295209712511,0.6378781747332307,3.260438056125941
pvdaq_2107,39.0_-122.1,Csa,xgboost,1,scratch_24,-1.0,6271,0.05204763635993004,-0.20101079284625156,-0.7470046719695778,0.4556882564546926,3.260438056125941
pvdaq_2107,39.0_-122.1,Csa,xgboost,1,scratch_6,-1.0,1529,0.06426919996738434,-0.35332510829049757,-1.2370194137511392,0.2887804301002074,3.260438056125941
pvdaq_2107,39.0_-122.1,Csa,xgboost,1,zero_shot,-1.0,0,0.08535286784172058,0.13643096507534164,-0.6010521200117719,0.962415889017894,3.260438056125941
pvdaq_2107,39.0_-122.1,Csa,xgboost,1,finetune_6,-1.0,1529,0.06372948735952377,-0.14764744147359155,-1.0233215305494037,0.5857897146247135,3.260438056125941
pvdaq_2107,39.0_-122.1,Csa,xgboost,2,scratch_24,-1.0,6271,0.05188456550240517,-0.10436574179746119,-0.6278066774871556,0.3958161378053826,3.260438056125941
pvdaq_2107,39.0_-122.1,Csa,xgboost,2,scratch_6,-1.0,1529,0.06433798372745514,-0.39094892813853477,-1.252593421582593,0.367528560689542,3.260438056125941
pvdaq_2107,39.0_-122.1,Csa,xgboost,2,zero_shot,-1.0,0,0.08524488657712936,0.11149297682764119,-0.5661453477847633,0.9008924658617357,3.260438056125941
pvdaq_2107,39.0_-122.1,Csa,xgboost,2,finetune_6,-1.0,1529,0.06247444078326225,-0.34067056432215415,-1.1152808244372148,0.5105270162391865,3.260438056125941
pvdaq_2107,39.0_-122.1,Csa,xgboost,3,scratch_24,-1.0,6271,0.05162106081843376,-0.05408571473475288,-0.6988383903849053,0.4437979122119168,3.260438056125941
pvdaq_2107,39.0_-122.1,Csa,xgboost,3,scratch_6,-1.0,1529,0.06440246105194092,-0.48751302318958967,-1.222019138714834,0.22027895595179148,3.260438056125941
pvdaq_2107,39.0_-122.1,Csa,xgboost,3,zero_shot,-1.0,0,0.08493711054325104,0.12416173959930808,-0.5879681325211605,0.8645102063143767,3.260438056125941
pvdaq_2107,39.0_-122.1,Csa,xgboost,3,finetune_6,-1.0,1529,0.06281156092882156,-0.4367881807329055,-0.9346842910844985,0.642604828703289,3.260438056125941
pvdaq_2107,39.0_-122.1,Csa,xgboost,4,scratch_24,-1.0,6271,0.05192602053284645,-0.19077444360635631,-0.8802248862439275,0.39732010437901655,3.260438056125941
pvdaq_2107,39.0_-122.1,Csa,xgboost,4,scratch_6,-1.0,1529,0.06581269204616547,-0.5111413650784293,-1.3032870262785416,0.3231110372233559,3.260438056125941
pvdaq_2107,39.0_-122.1,Csa,xgboost,4,zero_shot,-1.0,0,0.08591260761022568,0.14756706558996413,-0.6223917037257665,0.9163146116183851,3.260438056125941
pvdaq_2107,39.0_-122.1,Csa,xgboost,4,finetune_6,-1.0,1529,0.06423874199390411,-0.1591121768908077,-1.0232411785262463,0.4588529071841263,3.260438056125941
pvdaq_2107,39.0_-122.1,Csa,tcn,0,scratch_24,-1.0,6271,0.052256934344768524,-0.17566658114021583,-0.7578825757188186,0.44542247355950737,3.260438056125941
pvdaq_2107,39.0_-122.1,Csa,tcn,0,scratch_6,-1.0,1529,0.11996681243181229,-0.47751784952780874,-1.0815626493917208,0.38424005573445275,3.2399041752224504
pvdaq_2107,39.0_-122.1,Csa,tcn,0,zero_shot,-1.0,0,0.0906192883849144,-0.2012245299258808,-1.0474051499888917,0.600615211840072,3.260438056125941
pvdaq_2107,39.0_-122.1,Csa,tcn,0,finetune_6,-1.0,1529,0.06776682287454605,-0.38331130940242675,-1.2438422845295658,0.25490096498083525,3.260438056125941
pvdaq_2107,39.0_-122.1,Csa,tcn,1,scratch_24,-1.0,6271,0.05109187215566635,-0.45459722899275323,-1.0998477268067837,0.15987356696076005,3.260438056125941
pvdaq_2107,39.0_-122.1,Csa,tcn,1,scratch_6,-1.0,1529,0.11631528288125992,-0.3655975982354731,-1.0348629231727924,0.3038163322306874,3.256331279945243
pvdaq_2107,39.0_-122.1,Csa,tcn,1,zero_shot,-1.0,0,0.08623513579368591,-0.1467991149620949,-0.7850532479827518,0.4701427564187205,3.260438056125941
pvdaq_2107,39.0_-122.1,Csa,tcn,1,finetune_6,-1.0,1529,0.06043867766857147,-0.3420039868280267,-1.005634248356754,0.38089966325731694,3.260438056125941
pvdaq_2107,39.0_-122.1,Csa,tcn,2,scratch_24,-1.0,6271,0.05219941958785057,-0.3587742440683106,-1.0451792380211442,0.5002598255191913,3.260438056125941
pvdaq_2107,39.0_-122.1,Csa,tcn,2,scratch_6,-1.0,1529,0.07851814478635788,-0.490458507792102,-1.288109256843728,0.12418563125708372,3.259069130732375
pvdaq_2107,39.0_-122.1,Csa,tcn,2,zero_shot,-1.0,0,0.08806971460580826,-0.1635962648015578,-0.8671173586829173,0.511479238816175,3.260438056125941
pvdaq_2107,39.0_-122.1,Csa,tcn,2,finetune_6,-1.0,1529,0.061196766793727875,-0.4503128643865357,-1.3329548006457026,0.27056149946282915,3.260438056125941
pvdaq_2107,39.0_-122.1,Csa,tcn,3,scratch_24,-1.0,6271,0.051376089453697205,-0.49098085918287127,-1.180340216506015,0.09286842794893568,3.260438056125941
pvdaq_2107,39.0_-122.1,Csa,tcn,3,scratch_6,-1.0,1529,0.1258707046508789,-0.43520403871459834,-1.205905431249364,0.22106254320714003,3.2412731006160165
pvdaq_2107,39.0_-122.1,Csa,tcn,3,zero_shot,-1.0,0,0.08949419856071472,-0.031663669399989436,-0.8657941714425577,0.5287793022077831,3.260438056125941
pvdaq_2107,39.0_-122.1,Csa,tcn,3,finetune_6,-1.0,1529,0.06546299904584885,-0.43390752277280287,-1.1267138466418414,0.46233337535130925,3.260438056125941
pvdaq_2107,39.0_-122.1,Csa,tcn,4,scratch_24,-1.0,6271,0.050772637128829956,-0.354151598563071,-1.1142732465929228,0.2884899957004028,3.260438056125941
pvdaq_2107,39.0_-122.1,Csa,tcn,4,scratch_6,-1.0,1529,0.09552407264709473,-0.36628516016269375,-1.144117000713837,0.3269727333948591,3.261806981519507
pvdaq_2107,39.0_-122.1,Csa,tcn,4,zero_shot,-1.0,0,0.08818759024143219,-0.11137689740869511,-0.7951396694037419,0.48298033891141,3.260438056125941
pvdaq_2107,39.0_-122.1,Csa,tcn,4,finetune_6,-1.0,1529,0.06219438835978508,-0.46581420131117,-1.3139948021084535,0.4325667618745702,3.260438056125941
