system_id,model,seed,injection,regime,n_train,val_rmse,val_mae,val_r2,val_nrmse_mean,plr,ci_low,ci_high,days,span_years,t_center_years,points_kept_fraction
dkasc_7,tcn,0,0.0,24 months,6772,0.01885000430047512,0.013475000858306885,0.9947876930236816,0.04874699927137824,-1.0072188378648206,-1.193324886347871,-0.8358502680198998,2839,12.216290212183436,6.4486652977412735,0.2518376059770022
dkasc_7,tcn,1,0.0,24 months,6772,0.018986433744430542,0.013370469212532043,0.9947119951248169,0.049099812241554686,-1.0319545440671152,-1.218454041837258,-0.8436611463937366,2839,12.216290212183436,6.4486652977412735,0.2518376059770022
dkasc_7,tcn,2,0.0,24 months,6772,0.01866932027041912,0.012956961058080196,0.9948871731758118,0.04827974185641481,-1.0231343479662673,-1.2519522866076271,-0.8513739053990999,2839,12.216290212183436,6.4486652977412735,0.2518376059770022
dkasc_7,tcn,3,0.0,24 months,6772,0.018612898886203766,0.01287512294948101,0.9949179887771606,0.04813383349844341,-1.03775605960148,-1.2309145674544775,-0.860971077300321,2839,12.216290212183436,6.4486652977412735,0.2518376059770022
dkasc_7,tcn,4,0.0,24 months,6772,0.019639378413558006,0.01406870223581791,0.994342029094696,0.05078835792052859,-0.9620475929448924,-1.1627003771858102,-0.8107221256263397,2839,12.216290212183436,6.4486652977412735,0.2517771915339227
dkasc_7,patchtst,0,0.0,24 months,6772,0.021927623078227043,0.01622246578335762,0.9929467439651489,0.056705866437942835,-1.0921970095235656,-1.2572413299493657,-0.9019642583594089,2839,12.216290212183436,6.4486652977412735,0.2518275369031556
dkasc_7,patchtst,1,0.0,24 months,6772,0.02134247124195099,0.015569093637168407,0.9933181405067444,0.05519263621889851,-1.0524283706250137,-1.2134543650398677,-0.8885032329419147,2839,12.216290212183436,6.4486652977412735,0.2518376059770022
dkasc_7,patchtst,2,0.0,24 months,6772,0.021945059299468994,0.01605176366865635,0.9929355382919312,0.05675095732761205,-1.0278020771189111,-1.182336649143866,-0.8808389151317986,2839,12.216290212183436,6.4486652977412735,0.2518376059770022
dkasc_7,patchtst,3,0.0,24 months,6772,0.020906252786517143,0.015125703997910023,0.9935885071754456,0.05406455473996434,-1.0823720031708173,-1.2100957320577366,-0.9402394672544762,2839,12.216290212183436,6.4486652977412735,0.2518376059770022
dkasc_7,patchtst,4,0.0,24 months,6772,0.02171032316982746,0.01594141311943531,0.9930858612060547,0.056143918636362866,-1.0997736277832182,-1.317306333569579,-0.9313906263838101,2839,12.216290212183436,6.4486652977412735,0.2518376059770022
dkasc_7,informer,0,0.0,24 months,6772,0.01998083107173443,0.013921774923801422,0.994143545627594,0.05167137058270165,-1.1273335465731171,-1.2972490873531917,-0.9751901177663003,2839,12.216290212183436,6.4486652977412735,0.2518376059770022
dkasc_7,informer,1,0.0,24 months,6772,0.020891984924674034,0.015005662105977535,0.9935972690582275,0.05402765737698323,-1.0600452776078015,-1.2148321358835146,-0.8511222705912092,2839,12.216290212183436,6.4486652977412735,0.2518376059770022
dkasc_7,informer,2,0.0,24 months,6772,0.02087874338030815,0.01501662191003561,0.993605375289917,0.05399341411935493,-1.0004386807407228,-1.1981953122506404,-0.8352424969009897,2839,12.216290212183436,6.4486652977412735,0.2518376059770022
dkasc_7,informer,3,0.0,24 months,6772,0.021383807063102722,0.015516218729317188,0.9932922720909119,0.05529953260000515,-1.1888558589034148,-1.350896803807966,-0.980607577522082,2839,12.216290212183436,6.4486652977412735,0.2518376059770022
dkasc_7,informer,4,0.0,24 months,6772,0.02034730277955532,0.01472175307571888,0.9939267635345459,0.052619083686070836,-1.0952573562396206,-1.2674986860118698,-0.9185303104393361,2839,12.216290212183436,6.4486652977412735,0.2518376059770022
dkasc_7,tcn,0,-0.25,24 months,6772,0.01952178031206131,0.01367140281945467,0.9943509101867676,0.05076276008230631,-1.277475231469405,-1.4382358034150666,-1.0666425007704317,2839,12.216290212183436,6.4486652977412735,0.2518376059770022
dkasc_7,tcn,1,-0.25,24 months,6772,0.019105492159724236,0.013272196985781193,0.9945892691612244,0.04968028014121521,-1.2116017986013028,-1.3496944264515451,-1.0523354882739355,2839,12.216290212183436,6.4486652977412735,0.2518376059770022
dkasc_7,tcn,2,-0.25,24 months,6772,0.01934366300702095,0.013658114708960056,0.9944535493850708,0.050299599147302636,-1.2298941758807198,-1.4231398814829155,-1.0228454053787805,2839,12.216290212183436,6.4486652977412735,0.2518376059770022
dkasc_7,tcn,3,-0.25,24 months,6772,0.01901237852871418,0.012970266863703728,0.994641900062561,0.04943815545607902,-1.2354260324528354,-1.4304887108253506,-0.993017714691613,2839,12.216290212183436,6.4486652977412735,0.2518376059770022
dkasc_7,tcn,4,-0.25,24 months,6772,0.020606160163879395,0.015044641681015491,0.9937059283256531,0.05358248827184642,-1.2384510971720855,-1.4034106909775024,-1.058188297240048,2839,12.216290212183436,6.4486652977412735,0.2518275369031556
dkasc_7,patchtst,0,-0.25,24 months,6772,0.02232125960290432,0.016622498631477356,0.9926145672798157,0.05804228548033818,-1.2994923271568481,-1.4627852805826416,-1.1305355220365132,2839,12.216290212183436,6.4486652977412735,0.2518275369031556
dkasc_7,patchtst,1,-0.25,24 months,6772,0.02323879487812519,0.017250632867217064,0.9919949173927307,0.06042816536929037,-1.2601701038789659,-1.4993738512124488,-1.0582275441413769,2839,12.216290212183436,6.4486652977412735,0.2518376059770022
dkasc_7,patchtst,2,-0.25,24 months,6772,0.022419963032007217,0.016538571566343307,0.9925491213798523,0.058298945396122376,-1.2419749493762455,-1.38050743677961,-1.0675116272588547,2839,12.216290212183436,6.4486652977412735,0.2518376059770022
dkasc_7,patchtst,3,-0.25,24 months,6772,0.0213895533233881,0.015524571761488914,0.9932182431221008,0.05561955652948328,-1.3033419591019224,-1.434072265664943,-1.1132151560516188,2839,12.216290212183436,6.4486652977412735,0.2518376059770022
dkasc_7,patchtst,4,-0.25,24 months,6772,0.021907741203904152,0.016079915687441826,0.9928856492042542,0.056967007767828745,-1.3444900418964734,-1.5078949634981909,-1.1429730792949289,2839,12.216290212183436,6.4486652977412735,0.2518376059770022
dkasc_7,informer,0,-0.25,24 months,6772,0.02061830647289753,0.014556879177689552,0.9936984777450562,0.053614072490125536,-1.3546248191745325,-1.5183432768689862,-1.1720753551460072,2839,12.216290212183436,6.4486652977412735,0.2518376059770022
dkasc_7,informer,1,-0.25,24 months,6772,0.021852588281035423,0.01584049127995968,0.9929214715957642,0.05682359284630679,-1.2512032208260138,-1.4183443762526085,-1.0875723868984977,2839,12.216290212183436,6.4486652977412735,0.2518376059770022
dkasc_7,informer,2,-0.25,24 months,6772,0.02131238952279091,0.015217436477541924,0.9932670593261719,0.055418906412837206,-1.2826963217049236,-1.455909245386111,-1.132889891095135,2839,12.216290212183436,6.4486652977412735,0.2518376059770022
dkasc_7,informer,3,-0.25,24 months,6772,0.021889379248023033,0.0159597210586071,0.9928975701332092,0.05691926091553683,-1.3653959683999628,-1.5389104260734254,-1.1820572865277401,2839,12.216290212183436,6.4486652977412735,0.2518376059770022
dkasc_7,informer,4,-0.25,24 months,6772,0.02096719481050968,0.015275528654456139,0.9934834241867065,0.05452129174444621,-1.2981528601111902,-1.4420002149063027,-1.1271564961533254,2839,12.216290212183436,6.4486652977412735,0.2518376059770022
dkasc_7,tcn,0,-0.5,24 months,6772,0.020104479044675827,0.014416213147342205,0.9939457774162292,0.05256796780874763,-1.4604272255119288,-1.6599898029775018,-1.3060037610770792,2839,12.216290212183436,6.4486652977412735,0.2518376059770022
dkasc_7,tcn,1,-0.5,24 months,6772,0.02045011892914772,0.014845927245914936,0.9937358498573303,0.05347172593547957,-1.4570513854720746,-1.5988779546962095,-1.2676697205587728,2839,12.216290212183436,6.4486652977412735,0.2518376059770022
dkasc_7,tcn,2,-0.5,24 months,6772,0.02017069235444069,0.014504583552479744,0.9939058423042297,0.052741098339934,-1.4690794117859673,-1.6529125460415073,-1.3287842953053963,2839,12.216290212183436,6.4486652977412735,0.2518376059770022
dkasc_7,tcn,3,-0.5,24 months,6772,0.021599814295768738,0.015428422950208187,0.9930117130279541,0.05647787938457405,-1.473183659565258,-1.7139460339092194,-1.296611516433832,2839,12.216290212183436,6.4486652977412735,0.2518376059770022
dkasc_7,tcn,4,-0.5,24 months,6772,0.021134216338396072,0.015292498283088207,0.993309736251831,0.055260462192086954,-1.3217177046814355,-1.5325604997189124,-1.1765886050751573,2839,12.216290212183436,6.4486652977412735,0.2517671224600761
dkasc_7,patchtst,0,-0.5,24 months,6772,0.022782668471336365,0.01709177903831005,0.9922253489494324,0.05957073446853349,-1.5258293457455663,-1.6838869100190723,-1.3579097420316821,2839,12.216290212183436,6.4486652977412735,0.2518275369031556
dkasc_7,patchtst,1,-0.5,24 months,6772,0.02263498306274414,0.01678701490163803,0.9923258423805237,0.05918457565350298,-1.503210119524967,-1.6489375086105629,-1.2924752391669903,2839,12.216290212183436,6.4486652977412735,0.2518376059770022
dkasc_7,patchtst,2,-0.5,24 months,6772,0.02304251864552498,0.017086081206798553,0.9920470118522644,0.06025017488385039,-1.4378023796593142,-1.6013472430871811,-1.2904496392229132,2839,12.216290212183436,6.4486652977412735,0.2518376059770022
dkasc_7,patchtst,3,-0.5,24 months,6772,0.02194981835782528,0.01599835231900215,0.9927833676338196,0.05739304869715525,-1.4737717935197514,-1.6668490836923866,-1.3107989410884646,2839,12.216290212183436,6.4486652977412735,0.2518376059770022
dkasc_7,patchtst,4,-0.5,24 months,6772,0.02238338626921177,0.016539309173822403,0.9924954771995544,0.058526715675445186,-1.541547899000717,-1.7101591309660216,-1.3423322690595985,2839,12.216290212183436,6.4486652977412735,0.2518376059770022
dkasc_7,informer,0,-0.5,24 months,6772,0.02257627621293068,0.016485076397657394,0.9923655986785889,0.0590310725567906,-1.5419258146876946,-1.7335778953946779,-1.3672280581530694,2839,12.216290212183436,6.4486652977412735,0.2518376059770022
dkasc_7,informer,1,-0.5,24 months,6772,0.02260553650557995,0.016576845198869705,0.9923457503318787,0.05910758058859004,-1.5431720906601942,-1.6522004984710015,-1.3695033733741924,2839,12.216290212183436,6.4486652977412735,0.2518376059770022
dkasc_7,informer,2,-0.5,24 months,6772,0.023139886558055878,0.016905810683965683,0.9919796586036682,0.06050476657360048,-1.416540411065792,-1.6093037127263066,-1.2396791632218227,2839,12.216290212183436,6.4486652977412735,0.2518376059770022
dkasc_7,informer,3,-0.5,24 months,6772,0.022614305838942528,0.016648201271891594,0.9923398494720459,0.05913051010757354,-1.5624954941189428,-1.7301650472997048,-1.3746327986383422,2839,12.216290212183436,6.4486652977412735,0.2518376059770022
dkasc_7,informer,4,-0.5,24 months,6772,0.021736804395914078,0.015655919909477234,0.9929227828979492,0.05683607275822749,-1.4685875507618684,-1.6618904364414337,-1.3205971249602098,2839,12.216290212183436,6.4486652977412735,0.2518376059770022
dkasc_7,tcn,0,-1.0,24 months,6772,0.021835150197148323,0.015857111662626266,0.9927079677581787,0.05773376421721383,-1.9048095989667724,-2.055370549695046,-1.7031303583840418,2839,12.216290212183436,6.4486652977412735,0.2518376059770022
dkasc_7,tcn,1,-1.0,24 months,6772,0.021937686949968338,0.01572156883776188,0.9926393628120422,0.058004879032429645,-1.8914985534072115,-2.032925278733322,-1.6784692636671226,2839,12.216290212183436,6.4486652977412735,0.2518376059770022
dkasc_7,tcn,2,-1.0,24 months,6772,0.021699208766222,0.015743087977170944,0.9927985072135925,0.05737432494385925,-1.9441565697316587,-2.0553640674036755,-1.7772258492628201,2839,12.216290212183436,6.4486652977412735,0.2518376059770022
dkasc_7,tcn,3,-1.0,24 months,6772,0.021313650533556938,0.015192799270153046,0.9930521249771118,0.05635488024594289,-1.819701286626763,-2.0442306453984695,-1.6143916928852642,2839,12.216290212183436,6.4486652977412735,0.2518376059770022
dkasc_7,tcn,4,-1.0,24 months,6772,0.02302611991763115,0.017086826264858246,0.9918908476829529,0.06088277690599197,-1.8389529271502614,-2.0261408517576185,-1.6684227277274424,2839,12.216290212183436,6.4486652977412735,0.2517973296816159
dkasc_7,patchtst,0,-1.0,24 months,6772,0.024193421006202698,0.018423279747366905,0.9910477995872498,0.06396920796827467,-1.9387459945843566,-2.1045087068855204,-1.7938468075824776,2839,12.216290212183436,6.4486652977412735,0.2518275369031556
dkasc_7,patchtst,1,-1.0,24 months,6772,0.023830747231841087,0.01788121834397316,0.991314172744751,0.06301027148340016,-1.906753911651657,-2.063965496209874,-1.7511067182536366,2839,12.216290212183436,6.4486652977412735,0.2518376059770022
dkasc_7,patchtst,2,-1.0,24 months,6772,0.02491985261440277,0.018800728023052216,0.990502119064331,0.06588994727206163,-1.8109976244094494,-2.0286564691478937,-1.6968242931258113,2839,12.216290212183436,6.4486652977412735,0.2518376059770022
dkasc_7,patchtst,3,-1.0,24 months,6772,0.02339850552380085,0.017264092341065407,0.9916264414787292,0.06186739219786633,-1.892331394768354,-2.0646835838768363,-1.7353888589561883,2839,12.216290212183436,6.4486652977412735,0.2518376059770022
dkasc_7,patchtst,4,-1.0,24 months,6772,0.025428185239434242,0.01924329809844494,0.9901106953620911,0.06723401661220829,-2.0496377053368153,-2.2171816300897818,-1.802223180249617,2839,12.216290212183436,6.4486652977412735,0.2518174678293091
dkasc_7,informer,0,-1.0,24 months,6772,0.023905852809548378,0.017708323895931244,0.9912593364715576,0.06320885622752144,-1.9850115228503107,-2.1188164394510993,-1.808483047753262,2839,12.216290212183436,6.4486652977412735,0.2518376059770022
dkasc_7,informer,1,-1.0,24 months,6772,0.023299172520637512,0.01724853925406933,0.991697371006012,0.061604748335477466,-1.8520275049394463,-2.0118802287092286,-1.6912653653832321,2839,12.216290212183436,6.4486652977412735,0.2518376059770022
dkasc_7,informer,2,-1.0,24 months,6772,0.024229465052485466,0.01818738877773285,0.9910210967063904,0.06406451111255052,-1.8472198769924897,-2.0353610603579986,-1.6717377377632903,2839,12.216290212183436,6.4486652977412735,0.2518376059770022
dkasc_7,informer,3,-1.0,24 months,6772,0.023847706615924835,0.01771988719701767,0.9913018345832825,0.06305511335868473,-1.9690581213940406,-2.1050180566062338,-1.7858024161930608,2839,12.216290212183436,6.4486652977412735,0.2518376059770022
dkasc_7,informer,4,-1.0,24 months,6772,0.02275523543357849,0.016717851161956787,0.9920805096626282,0.06016653814458238,-1.8946811266241514,-2.057551756934639,-1.7377446688231823,2839,12.216290212183436,6.4486652977412735,0.2518376059770022
dkasc_7,tcn,0,-2.0,24 months,6772,0.024926457554101944,0.017828619107604027,0.9900926947593689,0.06742022458922214,-2.699795971073482,-2.912286102721484,-2.501142567940868,2839,12.216290212183436,6.4486652977412735,0.2518275369031556
dkasc_7,tcn,1,-2.0,24 months,6772,0.026726126670837402,0.019614282995462418,0.9886104464530945,0.07228790768351023,-2.646811230820967,-2.9064417850517166,-2.454192597322535,2839,12.216290212183436,6.4486652977412735,0.2518376059770022
dkasc_7,tcn,2,-2.0,24 months,6772,0.0254847202450037,0.01853836327791214,0.989643931388855,0.06893019430387926,-2.6769192778632322,-2.8557669717195644,-2.428622044110418,2839,12.216290212183436,6.4486652977412735,0.2518376059770022
dkasc_7,tcn,3,-2.0,24 months,6772,0.026435744017362595,0.01978861354291439,0.9888565540313721,0.07150249067543384,-2.741066864242503,-2.9413595305499363,-2.550755041408148,2839,12.216290212183436,6.4486652977412735,0.2518376059770022
dkasc_7,tcn,4,-2.0,24 months,6772,0.026279646903276443,0.019430866464972496,0.9889878034591675,0.07108028457307952,-2.710680396504681,-2.869758484038904,-2.572068024381291,2839,12.216290212183436,6.4486652977412735,0.2517973296816159
dkasc_7,patchtst,0,-2.0,24 months,6772,0.02674495242536068,0.020048951730132103,0.9885943531990051,0.07233882693648735,-2.7729961630827415,-2.9351328467865367,-2.621613884952422,2839,12.216290212183436,6.4486652977412735,0.2518275369031556
dkasc_7,patchtst,1,-2.0,24 months,6772,0.027345197275280952,0.02108789049088955,0.9880766868591309,0.07396234855011068,-2.757032692317832,-2.9316111347880813,-2.5819715868571125,2839,12.216290212183436,6.4486652977412735,0.2518376059770022
dkasc_7,patchtst,2,-2.0,24 months,6772,0.02686176635324955,0.02023668773472309,0.9884945154190063,0.07265478122868163,-2.7083003578993545,-2.9065649521306414,-2.539409469768694,2839,12.216290212183436,6.4486652977412735,0.2518376059770022
dkasc_7,patchtst,3,-2.0,24 months,6772,0.027629772201180458,0.02124800533056259,0.9878272414207458,0.07473205701650479,-2.7252571573370243,-2.9138283479734906,-2.5261391578172976,2839,12.216290212183436,6.4486652977412735,0.2518275369031556
dkasc_7,patchtst,4,-2.0,24 months,6772,0.028237203136086464,0.021406620740890503,0.9872860908508301,0.0763750153055002,-2.8409214894175916,-3.0569421861716446,-2.6658000959915857,2839,12.216290212183436,6.4486652977412735,0.2518073987554625
dkasc_7,informer,0,-2.0,24 months,6772,0.02599547989666462,0.019076412543654442,0.9892246723175049,0.07031167943273685,-2.738569147763348,-2.8814228766906678,-2.5674524996678327,2839,12.216290212183436,6.4486652977412735,0.2518376059770022
dkasc_7,informer,1,-2.0,24 months,6772,0.026926344260573387,0.020184701308608055,0.98843914270401,0.07282944933006848,-2.7358281138027145,-2.922324441645907,-2.5793464886555872,2839,12.216290212183436,6.4486652977412735,0.2518376059770022
dkasc_7,informer,2,-2.0,24 months,6772,0.02671138010919094,0.019673440605401993,0.9886230230331421,0.07224802169104759,-2.7005372602665125,-2.8370321003572436,-2.5577021079513096,2839,12.216290212183436,6.4486652977412735,0.2518376059770022
dkasc_7,informer,3,-2.0,24 months,6772,0.02723834663629532,0.02078583650290966,0.9881696701049805,0.07367334261887164,-2.817218960669088,-3.0277712112127597,-2.58943714727099,2839,12.216290212183436,6.4486652977412735,0.2518376059770022
dkasc_7,informer,4,-2.0,24 months,6772,0.02828671596944332,0.021695146337151527,0.9872414469718933,0.07650893591326095,-2.7701662921916412,-2.9231931751159235,-2.6045238911927893,2839,12.216290212183436,6.4486652977412735,0.2518376059770022
dkasc_8,tcn,0,0.0,24 months,6884,0.01805207133293152,0.011968097649514675,0.9953705668449402,0.04418298599774696,-0.9493277479669817,-1.1677226531190996,-0.7476013109858126,3380,12.238193018480493,5.268651608487337,0.3002840044629273
dkasc_8,tcn,1,0.0,24 months,6884,0.018927356228232384,0.012979855760931969,0.9949107766151428,0.04632527203018518,-0.9710571586058246,-1.1703957464772041,-0.7521659792224944,3380,12.238193018480493,5.268651608487337,0.3004158636778578
dkasc_8,tcn,2,0.0,24 months,6884,0.01849965937435627,0.012667695060372353,0.9951381683349609,0.04527847115301293,-0.96580832089046,-1.187906665530064,-0.730571324431939,3380,12.238193018480493,5.268651608487337,0.3004158636778578
dkasc_8,tcn,3,0.0,24 months,6884,0.018170742318034172,0.012209171429276466,0.9953095316886902,0.04447343679291773,-1.0393986827339219,-1.26768925938891,-0.796173988266806,3380,12.238193018480493,5.268651608487337,0.3003955776447916
dkasc_8,tcn,4,0.0,24 months,6884,0.018898654729127884,0.013117028400301933,0.9949261546134949,0.046255024250323205,-1.029894472088344,-1.3024848428344273,-0.7970900532072434,3380,12.238193018480493,5.268651608487337,0.3003550055786591
dkasc_8,patchtst,0,0.0,24 months,6884,0.021175488829612732,0.015402967110276222,0.9936299920082092,0.05182764399714417,-0.9539934220671307,-1.22710894219187,-0.6737865702642842,3380,12.238193018480493,5.268651608487337,0.3004158636778578
dkasc_8,patchtst,1,0.0,24 months,6884,0.021344201639294624,0.015415269881486893,0.9935280680656433,0.05224057365880672,-0.9964730470154692,-1.283190557653242,-0.7476180590086368,3380,12.238193018480493,5.268651608487337,0.3004158636778578
dkasc_8,patchtst,2,0.0,24 months,6884,0.020615777000784874,0.01494470052421093,0.993962287902832,0.050457732509437976,-1.0159752913650744,-1.2653663740569636,-0.7060365683432978,3380,12.238193018480493,5.268651608487337,0.3004158636778578
dkasc_8,patchtst,3,0.0,24 months,6884,0.020860645920038223,0.015000548213720322,0.9938179850578308,0.051057056533319795,-0.9769831547814232,-1.24940780045672,-0.7098693646926031,3380,12.238193018480493,5.268651608487337,0.3004158636778578
dkasc_8,patchtst,4,0.0,24 months,6884,0.02117287553846836,0.015332247130572796,0.9936315417289734,0.05182124788869156,-1.042864455938064,-1.336556012084464,-0.7631177001694778,3380,12.238193018480493,5.268651608487337,0.3004158636778578
dkasc_8,informer,0,0.0,24 months,6884,0.02038726955652237,0.014008251018822193,0.9940953850746155,0.04989845368630297,-1.0056813079790032,-1.251451300686518,-0.813127825993363,3380,12.238193018480493,5.268651608487337,0.3004158636778578
dkasc_8,informer,1,0.0,24 months,6884,0.02013157680630684,0.014204331673681736,0.9942425489425659,0.04927263801151726,-0.9264422938904493,-1.1796672512926685,-0.6942890585913877,3380,12.238193018480493,5.268651608487337,0.3004158636778578
dkasc_8,informer,2,0.0,24 months,6884,0.020779956132173538,0.014867914840579033,0.9938657283782959,0.05085956585750561,-1.0005347685324126,-1.2257297045799087,-0.7738431929532055,3380,12.238193018480493,5.268651608487337,0.3004158636778578
dkasc_8,informer,3,0.0,24 months,6884,0.022078150883316994,0.01610887609422207,0.9930753111839294,0.05403693644585933,-1.094990466852348,-1.322649372078688,-0.8811466163044636,3380,12.238193018480493,5.268651608487337,0.3004158636778578
dkasc_8,informer,4,0.0,24 months,6884,0.0199885293841362,0.014126756228506565,0.9943240880966187,0.04892252515553439,-0.9804973296192177,-1.258060883581905,-0.7599411519738962,3380,12.238193018480493,5.268651608487337,0.3004158636778578
dkasc_8,tcn,0,-0.25,24 months,6884,0.01916704885661602,0.013188036158680916,0.9947428107261658,0.0470873619808426,-1.2140086943572825,-1.4484386420241586,-0.9651968320554691,3380,12.238193018480493,5.268651608487337,0.3003144335125266
dkasc_8,tcn,1,-0.25,24 months,6884,0.01946336217224598,0.013266068883240223,0.994579017162323,0.04781530984893578,-1.2406938076009566,-1.4383710090352442,-1.0401579122774283,3380,12.238193018480493,5.268651608487337,0.3004158636778578
dkasc_8,tcn,2,-0.25,24 months,6884,0.018621839582920074,0.012851634062826633,0.9950376152992249,0.045747955658153976,-1.1820104866144365,-1.4137132172145421,-0.9719569116276665,3380,12.238193018480493,5.268651608487337,0.3004158636778578
dkasc_8,tcn,3,-0.25,24 months,6884,0.018602922558784485,0.012663205154240131,0.9950476884841919,0.04570148252764044,-1.1907884148010695,-1.4357191046757434,-0.9781439235174161,3379,12.238193018480493,5.267282683093772,0.30038543462825845
dkasc_8,tcn,4,-0.25,24 months,6884,0.018809285014867783,0.012936433777213097,0.9949372410774231,0.046208449653437476,-1.2634374032245765,-1.506739984748115,-1.0337567940162486,3380,12.238193018480493,5.268651608487337,0.3003042904959935
dkasc_8,patchtst,0,-0.25,24 months,6884,0.021233418956398964,0.015413478948175907,0.9935481548309326,0.05216377815751884,-1.244790995456061,-1.4900130965755045,-0.9792793102041035,3380,12.238193018480493,5.268651608487337,0.3004158636778578
dkasc_8,patchtst,1,-0.25,24 months,6884,0.02066459320485592,0.014846120029687881,0.9938892126083374,0.050766353636545344,-1.1706107894858753,-1.4799084220950498,-0.9640502449654511,3380,12.238193018480493,5.268651608487337,0.3004158636778578
dkasc_8,patchtst,2,-0.25,24 months,6884,0.020887278020381927,0.015202267095446587,0.9937568306922913,0.05131341962436385,-1.2143893420531293,-1.4804334521378348,-0.960898739056093,3380,12.238193018480493,5.268651608487337,0.3004158636778578
dkasc_8,patchtst,3,-0.25,24 months,6884,0.021070873364806175,0.015188442543148994,0.9936465620994568,0.051764455175301996,-1.2058022741512742,-1.4628110977720765,-0.9586149711032734,3380,12.238193018480493,5.268651608487337,0.3004158636778578
dkasc_8,patchtst,4,-0.25,24 months,6884,0.021393397822976112,0.015524834394454956,0.9934505820274353,0.05255679551017211,-1.2516942115465304,-1.5577878141131096,-0.9862992833570987,3380,12.238193018480493,5.268651608487337,0.3004158636778578
dkasc_8,informer,0,-0.25,24 months,6884,0.020606204867362976,0.014211447909474373,0.9939237236976624,0.050622912003795456,-1.2857936068666642,-1.4688254991653311,-1.0461468696847622,3380,12.238193018480493,5.268651608487337,0.3004158636778578
dkasc_8,informer,1,-0.25,24 months,6884,0.020117564126849174,0.014193259179592133,0.9942084550857544,0.049422476631648,-1.1764517009444975,-1.4057683309493862,-0.9343565465730674,3380,12.238193018480493,5.268651608487337,0.3004158636778578
dkasc_8,informer,2,-0.25,24 months,6884,0.021415388211607933,0.015442054718732834,0.9934371113777161,0.052610818922819096,-1.2523224983163939,-1.4724867690949042,-1.0117525471734279,3380,12.238193018480493,5.268651608487337,0.3004158636778578
dkasc_8,informer,3,-0.25,24 months,6884,0.020554350689053535,0.014361719600856304,0.9939542412757874,0.05049552272845415,-1.3180373912116405,-1.5752649146674735,-1.0530558937787997,3380,12.238193018480493,5.268651608487337,0.3004158636778578
dkasc_8,informer,4,-0.25,24 months,6884,0.0212731771171093,0.015444141812622547,0.9935239553451538,0.052261451352754305,-1.2303670044401471,-1.490477760315129,-0.9918239892814764,3380,12.238193018480493,5.268651608487337,0.3004158636778578
dkasc_8,tcn,0,-0.5,24 months,6884,0.01881321147084236,0.01255787443369627,0.9948980212211609,0.04639159167655715,-1.4371921478450382,-1.6546175864015376,-1.2385049331208209,3380,12.238193018480493,5.268651608487337,0.3003042904959935
dkasc_8,tcn,1,-0.5,24 months,6884,0.01954597793519497,0.013418879359960556,0.9944928288459778,0.04819852414320202,-1.4191780778398944,-1.6075604696643278,-1.2249320736088087,3380,12.238193018480493,5.268651608487337,0.3004158636778578
dkasc_8,tcn,2,-0.5,24 months,6884,0.018929770216345787,0.012890642508864403,0.9948346018791199,0.04667901446644644,-1.4225054888834943,-1.646500434034659,-1.2068828738874293,3380,12.238193018480493,5.268651608487337,0.3004158636778578
dkasc_8,tcn,3,-0.5,24 months,6884,0.018733633682131767,0.012614755891263485,0.9949410557746887,0.04619536041183625,-1.422195855270858,-1.7167122205432965,-1.2097259160314284,3379,12.238193018480493,5.267282683093772,0.3003752916117253
dkasc_8,tcn,4,-0.5,24 months,6884,0.01942473091185093,0.013501414097845554,0.994560956954956,0.04789954050568259,-1.4923008029329048,-1.7010220925318065,-1.2776026419550859,3380,12.238193018480493,5.268651608487337,0.3003042904959935
dkasc_8,patchtst,0,-0.5,24 months,6884,0.021508987993001938,0.015636630356311798,0.9933310747146606,0.05303912040184165,-1.4765224827168133,-1.7080374122950714,-1.229126729222818,3380,12.238193018480493,5.268651608487337,0.3004158636778578
dkasc_8,patchtst,1,-0.5,24 months,6884,0.02093758061528206,0.0151052949950099,0.9936807155609131,0.05163008410895582,-1.4122290517005864,-1.7071805208702004,-1.1995121748434756,3380,12.238193018480493,5.268651608487337,0.3004158636778578
dkasc_8,patchtst,2,-0.5,24 months,6884,0.021271491423249245,0.015573660843074322,0.9934775829315186,0.052453476430017604,-1.4683322813003246,-1.716198339661428,-1.1964774274842882,3380,12.238193018480493,5.268651608487337,0.3004158636778578
dkasc_8,patchtst,3,-0.5,24 months,6884,0.021422361955046654,0.015623282641172409,0.9933847188949585,0.052825508824275114,-1.4605024449648583,-1.7771926049882647,-1.2267004098457481,3380,12.238193018480493,5.268651608487337,0.3004158636778578
dkasc_8,patchtst,4,-0.5,24 months,6884,0.021635396406054497,0.01573835127055645,0.9932525157928467,0.053350831535897876,-1.4728601147229792,-1.7790257854743974,-1.2091016158459311,3380,12.238193018480493,5.268651608487337,0.3004158636778578
dkasc_8,informer,0,-0.5,24 months,6884,0.022535594180226326,0.016230134293437004,0.9926792979240417,0.055570633701639185,-1.568850558324101,-1.7797609395994285,-1.3100080850544502,3380,12.238193018480493,5.268651608487337,0.3004158636778578
dkasc_8,informer,1,-0.5,24 months,6884,0.02027978003025055,0.014309697784483433,0.9940715432167053,0.05000801037674492,-1.4270388643962406,-1.6324598526752088,-1.199013318280198,3380,12.238193018480493,5.268651608487337,0.3004158636778578
dkasc_8,informer,2,-0.5,24 months,6884,0.02119656838476658,0.015182037837803364,0.9935234189033508,0.05226872333702007,-1.425261725636937,-1.635571902447588,-1.1609362168983628,3380,12.238193018480493,5.268651608487337,0.3004158636778578
dkasc_8,informer,3,-0.5,24 months,6884,0.022590653970837593,0.016554513946175575,0.9926434755325317,0.05570640591298085,-1.5551775561237033,-1.7743039806891736,-1.3457977780753092,3380,12.238193018480493,5.268651608487337,0.3004158636778578
dkasc_8,informer,4,-0.5,24 months,6884,0.020092779770493507,0.014193045906722546,0.9941803812980652,0.04954688550672982,-1.4681861853739901,-1.6903819220304197,-1.2277698176484195,3380,12.238193018480493,5.268651608487337,0.3004158636778578
dkasc_8,tcn,0,-1.0,24 months,6884,0.02004651166498661,0.013717909343540668,0.9941219091415405,0.04980672708047795,-1.9529787118562991,-2.1854516072028596,-1.752377146008106,3380,12.238193018480493,5.268651608487337,0.3003144335125266
dkasc_8,tcn,1,-1.0,24 months,6884,0.02019605226814747,0.013991565443575382,0.994033932685852,0.05017826942827165,-1.853895769847941,-2.0638677199001623,-1.6513184466198632,3380,12.238193018480493,5.268651608487337,0.3004158636778578
dkasc_8,tcn,2,-1.0,24 months,6884,0.020513786002993584,0.01418287679553032,0.9938446879386902,0.05096769741854798,-1.9108279515107407,-2.0715997709362055,-1.6669329586299895,3380,12.238193018480493,5.268651608487337,0.3004158636778578
dkasc_8,tcn,3,-1.0,24 months,6884,0.01944451779127121,0.013325278647243977,0.9944696426391602,0.04831103820086945,-1.9624588761342214,-2.2073372970679572,-1.7503145885792686,3380,12.238193018480493,5.268651608487337,0.3003955776447916
dkasc_8,tcn,4,-1.0,24 months,6884,0.019737092778086662,0.013522403314709663,0.994301974773407,0.04903795781473641,-1.8956364982183949,-2.0989692624362677,-1.6137161465494376,3380,12.238193018480493,5.268651608487337,0.30029414747946037
dkasc_8,patchtst,0,-1.0,24 months,6884,0.02219388447701931,0.01624300144612789,0.9927951693534851,0.05514200003850372,-1.927080719599381,-2.1803624236473027,-1.7008928529853362,3380,12.238193018480493,5.268651608487337,0.3004158636778578
dkasc_8,patchtst,1,-1.0,24 months,6884,0.021735569462180138,0.015962589532136917,0.9930896759033203,0.05400328966123394,-1.9074189378607265,-2.1860467751404364,-1.7036637557081962,3380,12.238193018480493,5.268651608487337,0.3004158636778578
dkasc_8,patchtst,2,-1.0,24 months,6884,0.021955236792564392,0.01614473946392536,0.9929493069648743,0.05454906595168228,-1.9390321666587442,-2.195898298661958,-1.6888390608317796,3380,12.238193018480493,5.268651608487337,0.3004158636778578
dkasc_8,patchtst,3,-1.0,24 months,6884,0.021969592198729515,0.015956779941916466,0.9929400682449341,0.05458473279531795,-1.8989280815983223,-2.14517526962449,-1.6680745192282505,3380,12.238193018480493,5.268651608487337,0.3004158636778578
dkasc_8,patchtst,4,-1.0,24 months,6884,0.022408757358789444,0.016410397365689278,0.9926549792289734,0.05567586424182111,-1.9235200279898916,-2.215086618978934,-1.677144147564974,3380,12.238193018480493,5.268651608487337,0.3004158636778578
dkasc_8,informer,0,-1.0,24 months,6884,0.023301266133785248,0.01692744717001915,0.992058277130127,0.057893354332667665,-2.0153627027296914,-2.250481513159228,-1.8145445011251116,3380,12.238193018480493,5.268651608487337,0.3004158636778578
dkasc_8,informer,1,-1.0,24 months,6884,0.020909318700432777,0.014766856096684933,0.9936050772666931,0.051950421467598755,-1.8593917189082831,-2.1248052409577043,-1.696832390529912,3380,12.238193018480493,5.268651608487337,0.3004158636778578
dkasc_8,informer,2,-1.0,24 months,6884,0.021442780271172523,0.015410235151648521,0.9932745695114136,0.05327583784456198,-1.8787536972218566,-2.1088482216659377,-1.6669782824755952,3380,12.238193018480493,5.268651608487337,0.3004158636778578
dkasc_8,informer,3,-1.0,24 months,6884,0.02155480906367302,0.015189141035079956,0.9932041168212891,0.05355417991157473,-1.958353316301443,-2.23311726856027,-1.740923162199159,3380,12.238193018480493,5.268651608487337,0.3004158636778578
dkasc_8,informer,4,-1.0,24 months,6884,0.020919812843203545,0.014767535030841827,0.9935986399650574,0.051976494777193065,-1.877487349239842,-2.162876869714281,-1.703215226719467,3380,12.238193018480493,5.268651608487337,0.3004158636778578
dkasc_8,tcn,0,-2.0,24 months,6884,0.02173016034066677,0.014962293207645416,0.9928883910179138,0.05481920189142486,-2.866903721630959,-3.087514743412978,-2.6554040130625545,3380,12.238193018480493,5.268651608487337,0.3004158636778578
dkasc_8,tcn,1,-2.0,24 months,6884,0.02193036861717701,0.015404361300170422,0.992756724357605,0.05532427216050196,-2.791866257979275,-3.042517609137607,-2.5918486902312687,3380,12.238193018480493,5.268651608487337,0.3004158636778578
dkasc_8,tcn,2,-2.0,24 months,6884,0.022374432533979416,0.01577116921544075,0.9924604296684265,0.056444522960599874,-2.892828151113236,-3.0898915390063952,-2.691188727645142,3380,12.238193018480493,5.268651608487337,0.3004158636778578
dkasc_8,tcn,3,-2.0,24 months,6884,0.021303590387105942,0.014771923422813416,0.9931648373603821,0.053743083536177176,-2.890328334266965,-3.111489912162729,-2.7025610429173432,3380,12.238193018480493,5.268651608487337,0.3003955776447916
dkasc_8,tcn,4,-2.0,24 months,6884,0.021373650059103966,0.014700275845825672,0.9931198358535767,0.05391982476787988,-2.830122628236659,-3.0446256853927545,-2.664730019556638,3380,12.238193018480493,5.268651608487337,0.300344862562126
dkasc_8,patchtst,0,-2.0,24 months,6884,0.023727919906377792,0.017534559592604637,0.9915207028388977,0.05985899834236432,-2.8269740786443673,-3.045572327404844,-2.6041421992522653,3380,12.238193018480493,5.268651608487337,0.3004158636778578
dkasc_8,patchtst,1,-2.0,24 months,6884,0.02379531040787697,0.017674308270215988,0.9914724230766296,0.06002900599299053,-2.8170761191808236,-3.0719485290057307,-2.6464045332866144,3380,12.238193018480493,5.268651608487337,0.3004158636778578
dkasc_8,patchtst,2,-2.0,24 months,6884,0.023617886006832123,0.017383702099323273,0.9915991425514221,0.05958141315847563,-2.960277813488382,-3.175962836689887,-2.7161913052907605,3380,12.238193018480493,5.268651608487337,0.3004158636778578
dkasc_8,patchtst,3,-2.0,24 months,6884,0.024644549936056137,0.018461626023054123,0.9908528923988342,0.06217140312304336,-2.8664644297741457,-3.102861459429088,-2.6412212919341242,3380,12.238193018480493,5.268651608487337,0.3004158636778578
dkasc_8,patchtst,4,-2.0,24 months,6884,0.02345529943704605,0.01729988306760788,0.9917144179344177,0.059171252080314735,-2.8508854362887637,-3.0258314573417544,-2.639278657249244,3380,12.238193018480493,5.268651608487337,0.3004057206613247
dkasc_8,informer,0,-2.0,24 months,6884,0.023035313934087753,0.016339784488081932,0.9920084476470947,0.058111744478106395,-2.839142000213357,-3.0668568822243767,-2.6516264922137878,3380,12.238193018480493,5.268651608487337,0.3004158636778578
dkasc_8,informer,1,-2.0,24 months,6884,0.022704388946294785,0.01615879125893116,0.9922364354133606,0.057276911994942885,-2.82191904415513,-3.0719043549263434,-2.6043725341208743,3380,12.238193018480493,5.268651608487337,0.3004158636778578
dkasc_8,informer,2,-2.0,24 months,6884,0.023429308086633682,0.016892649233341217,0.9917327761650085,0.05910568307100467,-2.831960836375173,-3.024103167038901,-2.5897869036465133,3380,12.238193018480493,5.268651608487337,0.3004158636778578
dkasc_8,informer,3,-2.0,24 months,6884,0.022290578112006187,0.01576620526611805,0.9925168752670288,0.05623298137896523,-2.8742102754405687,-3.0986412562178156,-2.6692655919331805,3380,12.238193018480493,5.268651608487337,0.3004158636778578
dkasc_8,informer,4,-2.0,24 months,6884,0.02263174019753933,0.016386624425649643,0.9922860264778137,0.05709363923658539,-2.8747978585298384,-3.081407510134219,-2.645627602241285,3380,12.238193018480493,5.268651608487337,0.3004158636778578
dkasc_10,tcn,0,0.0,24 months,6885,0.01879243738949299,0.012780536897480488,0.9955237507820129,0.04433504955380518,-1.2774685845737765,-1.4248479178383973,-1.14542574992169,3341,12.216290212183436,5.22621492128679,0.29159416208169464
dkasc_10,tcn,1,0.0,24 months,6885,0.02022191695868969,0.013696229085326195,0.9948168396949768,0.0477074725249692,-1.3108254585971608,-1.4638348032600168,-1.1869093385284635,3341,12.216290212183436,5.22621492128679,0.291030889467808
dkasc_10,tcn,2,0.0,24 months,6885,0.02062423899769783,0.014301592484116554,0.9946085214614868,0.04865662920785838,-1.337361640759331,-1.4928946393739484,-1.188114989888262,3341,12.216290212183436,5.22621492128679,0.29172492179563264
dkasc_10,tcn,3,0.0,24 months,6885,0.01993105746805668,0.013338509947061539,0.9949648380279541,0.04702127787851962,-1.331572353647456,-1.4658893757056148,-1.18011384408368,3341,12.216290212183436,5.22621492128679,0.28964282481215864
dkasc_10,tcn,4,0.0,24 months,6885,0.019981253892183304,0.013563736341893673,0.9949394464492798,0.04713970109872,-1.2852258035574406,-1.4253600147783207,-1.1274245382143389,3341,12.216290212183436,5.22621492128679,0.29172492179563264
dkasc_10,patchtst,0,0.0,24 months,6885,0.026336589828133583,0.01841229945421219,0.9912083745002747,0.06213318639344664,-1.404780857016502,-1.5656225021547796,-1.2202356691488871,3341,12.216290212183436,5.22621492128679,0.2917349802351663
dkasc_10,patchtst,1,0.0,24 months,6885,0.025883454829454422,0.017730122432112694,0.9915083050727844,0.0610641519619558,-1.3465243725103104,-1.5303707286912216,-1.1830222057207074,3341,12.216290212183436,5.22621492128679,0.29172492179563264
dkasc_10,patchtst,2,0.0,24 months,6885,0.026890184730291367,0.018704524263739586,0.9908348917961121,0.06343922546178069,-1.3834230564626293,-1.547779870129662,-1.201101560851242,3341,12.216290212183436,5.22621492128679,0.2917349802351663
dkasc_10,patchtst,3,0.0,24 months,6885,0.02598012425005436,0.01801549457013607,0.9914447665214539,0.06129221410545572,-1.3868221359444153,-1.5537956648563345,-1.2290808322370728,3341,12.216290212183436,5.22621492128679,0.2917349802351663
dkasc_10,patchtst,4,0.0,24 months,6885,0.02632385492324829,0.018602615222334862,0.9912168383598328,0.06210314225242063,-1.3996483871123395,-1.6020316144370041,-1.243832571645252,3341,12.216290212183436,5.22621492128679,0.2916243374002957
dkasc_10,informer,0,0.0,24 months,6885,0.02107894979417324,0.014649671502411366,0.9943681955337524,0.04972938125574648,-1.316558401651033,-1.449565229712818,-1.1892298462002737,3341,12.216290212183436,5.22621492128679,0.28930083786801314
dkasc_10,informer,1,0.0,24 months,6885,0.021604377776384354,0.015091481618583202,0.9940839409828186,0.050968969029566075,-1.354945339727115,-1.4678552352692498,-1.2118994321094765,3341,12.216290212183436,5.22621492128679,0.29138293485148714
dkasc_10,informer,2,0.0,24 months,6885,0.019833683967590332,0.013379991985857487,0.995013952255249,0.046791554672374114,-1.3213181429297949,-1.465133092916945,-1.2133960728103999,3341,12.216290212183436,5.22621492128679,0.2914332270491556
dkasc_10,informer,3,0.0,24 months,6885,0.02409202791750431,0.016766108572483063,0.9926430583000183,0.056837824143631685,-1.3755640209541835,-1.5285066371218514,-1.2265541715741481,3341,12.216290212183436,5.22621492128679,0.29159416208169464
dkasc_10,informer,4,0.0,24 months,6885,0.0217527337372303,0.014881209470331669,0.9940024018287659,0.051318969869764954,-1.322330009686477,-1.4650727392548417,-1.1677834597084205,3341,12.216290212183436,5.22621492128679,0.29096048039107214
dkasc_10,tcn,0,-0.25,24 months,6885,0.01934458315372467,0.013069912791252136,0.9952216744422913,0.04580856756803678,-1.5156069627474067,-1.6572501634726344,-1.3632861909514349,3341,12.216290212183436,5.22621492128679,0.28981381828423136
dkasc_10,tcn,1,-0.25,24 months,6885,0.020709523931145668,0.014340861700475216,0.9945235848426819,0.04904078928778056,-1.5356702270051092,-1.7048144918387131,-1.4117134814076657,3341,12.216290212183436,5.22621492128679,0.2893410716261479
dkasc_10,tcn,2,-0.25,24 months,6885,0.021113721653819084,0.014632286503911018,0.9943076968193054,0.04999794192026655,-1.5225576012117268,-1.6507504994153879,-1.3822694834674274,3341,12.216290212183436,5.22621492128679,0.29168468803749786
dkasc_10,tcn,3,-0.25,24 months,6885,0.02007635496556759,0.013463734649121761,0.9948533177375793,0.04754142571343118,-1.574238465352995,-1.6899454127438611,-1.448831959490602,3341,12.216290212183436,5.22621492128679,0.29038714933765175
dkasc_10,tcn,4,-0.25,24 months,6885,0.01941804215312004,0.013109986670315266,0.9951853156089783,0.045982520736763254,-1.539140553611057,-1.6821380863914492,-1.4169928437262669,3341,12.216290212183436,5.22621492128679,0.2888280912099297
dkasc_10,patchtst,0,-0.25,24 months,6885,0.02646881714463234,0.018563287332654,0.9910540580749512,0.0626789726602324,-1.6319998576600325,-1.7959297824390088,-1.4598840813211285,3341,12.216290212183436,5.22621492128679,0.2917349802351663
dkasc_10,patchtst,1,-0.25,24 months,6885,0.027850063517689705,0.01970728114247322,0.9900960326194763,0.06594980653168345,-1.5865823963279273,-1.7580397485210564,-1.426080942425756,3341,12.216290212183436,5.22621492128679,0.2917349802351663
dkasc_10,patchtst,2,-0.25,24 months,6885,0.02707984484732151,0.018690550699830055,0.9906362891197205,0.0641259050434298,-1.575420656510651,-1.7595321231241412,-1.3680037284586557,3341,12.216290212183436,5.22621492128679,0.2917349802351663
dkasc_10,patchtst,3,-0.25,24 months,6885,0.026433009654283524,0.01862589456140995,0.99107825756073,0.06259417942235021,-1.623172275495719,-1.7619409933136108,-1.4611365460548416,3341,12.216290212183436,5.22621492128679,0.2917349802351663
dkasc_10,patchtst,4,-0.25,24 months,6885,0.026522524654865265,0.018826985731720924,0.9910176992416382,0.06280615369545374,-1.6460934568104144,-1.8215695432759351,-1.4651561686771715,3341,12.216290212183436,5.22621492128679,0.2916243374002957
dkasc_10,informer,0,-0.25,24 months,6885,0.02097429893910885,0.014443340711295605,0.9943826198577881,0.04966778464592419,-1.5466735365575202,-1.6905576101687303,-1.417600920954047,3341,12.216290212183436,5.22621492128679,0.28987416892143353
dkasc_10,informer,1,-0.25,24 months,6885,0.021257787942886353,0.014596788212656975,0.994229793548584,0.05033909532143165,-1.5338093742872205,-1.6721701804971612,-1.4073126480815303,3341,12.216290212183436,5.22621492128679,0.2914231686096219
dkasc_10,informer,2,-0.25,24 months,6885,0.020865624770522118,0.014562876895070076,0.9944407343864441,0.04941044087402456,-1.5283166978926732,-1.6482757603864773,-1.3883697237892678,3341,12.216290212183436,5.22621492128679,0.2917148633560989
dkasc_10,informer,3,-0.25,24 months,6885,0.023892419412732124,0.01664361171424389,0.9927108287811279,0.05657798363162345,-1.595829466858508,-1.7579999444681915,-1.4329426257953415,3341,12.216290212183436,5.22621492128679,0.2916746295979642
dkasc_10,informer,4,-0.25,24 months,6885,0.022076334804296494,0.015252550132572651,0.9937768578529358,0.052277439451700033,-1.5460688722442049,-1.688578573553996,-1.3984127192915787,3341,12.216290212183436,5.22621492128679,0.29027650650278114
dkasc_10,tcn,0,-0.5,24 months,6885,0.020319638773798943,0.01409143302589655,0.9946887493133545,0.048298390502143525,-1.7300153263145879,-1.860191291757604,-1.616231622282391,3341,12.216290212183436,5.22621492128679,0.28896890936340136
dkasc_10,tcn,1,-0.5,24 months,6885,0.02000264823436737,0.013458915054798126,0.9948531985282898,0.04754492568766598,-1.7630223588787075,-1.8823007661767308,-1.6359463989021883,3341,12.216290212183436,5.22621492128679,0.28954224041682175
dkasc_10,tcn,2,-0.5,24 months,6885,0.02109474129974842,0.014792407862842083,0.9942758083343506,0.050140756151171584,-1.7733111479876675,-1.9051374424570053,-1.665533178684418,3341,12.216290212183436,5.22621492128679,0.29169474647703153
dkasc_10,tcn,3,-0.5,24 months,6885,0.020185209810733795,0.013647837564349174,0.9947587847709656,0.04797886205849369,-1.797285482266775,-1.9155379793995508,-1.6592279214919423,3341,12.216290212183436,5.22621492128679,0.28966294169122603
dkasc_10,tcn,4,-0.5,24 months,6885,0.020602406933903694,0.014155548065900803,0.9945399165153503,0.04897051106345597,-1.7140420624701003,-1.8724222605330465,-1.6433434207130575,3341,12.216290212183436,5.22621492128679,0.28908961063780564
dkasc_10,patchtst,0,-0.5,24 months,6885,0.02670886553823948,0.018896887078881264,0.9908235669136047,0.06348514518370829,-1.8398982390510743,-2.0123351565645264,-1.6944281416811702,3341,12.216290212183436,5.22621492128679,0.29172492179563264
dkasc_10,patchtst,1,-0.5,24 months,6885,0.026270652189850807,0.018360255286097527,0.9911221861839294,0.062443542049944956,-1.7847314278436555,-1.9731118201882802,-1.6430732554686585,3341,12.216290212183436,5.22621492128679,0.29172492179563264
dkasc_10,patchtst,2,-0.5,24 months,6885,0.027337856590747833,0.019059734418988228,0.9903862476348877,0.0649802138615814,-1.7957965426707967,-1.9615223370053891,-1.6275712801128162,3341,12.216290212183436,5.22621492128679,0.2917349802351663
dkasc_10,patchtst,3,-0.5,24 months,6885,0.026692068204283714,0.01892220228910446,0.9908350706100464,0.06344521907065964,-1.8639713320476412,-2.0007466084780656,-1.7071621800416548,3341,12.216290212183436,5.22621492128679,0.29172492179563264
dkasc_10,patchtst,4,-0.5,24 months,6885,0.026551328599452972,0.01874449849128723,0.9909314513206482,0.06311069066349143,-1.888744521874386,-2.0405036133850114,-1.6916834820453253,3341,12.216290212183436,5.22621492128679,0.2916343958398294
dkasc_10,informer,0,-0.5,24 months,6885,0.0213199220597744,0.014762857928872108,0.9941529631614685,0.0506759954043087,-1.7817124858354347,-1.9184897452324379,-1.6473168882168432,3341,12.216290212183436,5.22621492128679,0.28998481175630414
dkasc_10,informer,1,-0.5,24 months,6885,0.02206079475581646,0.015490884892642498,0.9937395453453064,0.05243699909065156,-1.7842293438300072,-1.8895521481331123,-1.6458795247133229,3341,12.216290212183436,5.22621492128679,0.29140305173055453
dkasc_10,informer,2,-0.5,24 months,6885,0.021112505346536636,0.014732424169778824,0.9942662119865417,0.05018298007445224,-1.771237564307943,-1.8935278319301196,-1.6399558973414858,3341,12.216290212183436,5.22621492128679,0.29172492179563264
dkasc_10,informer,3,-0.5,24 months,6885,0.024575920775532722,0.01743720844388008,0.9922306537628174,0.05841528148113359,-1.8199189232120236,-1.9596975647106163,-1.6470173844318925,3341,12.216290212183436,5.22621492128679,0.2916243374002957
dkasc_10,informer,4,-0.5,24 months,6885,0.02257840894162655,0.015953876078128815,0.9934422969818115,0.05366733258004119,-1.7881235965319604,-1.933201466016456,-1.6436413119615618,3341,12.216290212183436,5.22621492128679,0.29096048039107214
dkasc_10,tcn,0,-1.0,24 months,6885,0.02042277157306671,0.014071198180317879,0.9945548176765442,0.04891121566701735,-2.177761137166188,-2.3328268312460154,-2.0580569417423327,3341,12.216290212183436,5.22621492128679,0.2893611885052153
dkasc_10,tcn,1,-1.0,24 months,6885,0.020749898627400398,0.014265577308833599,0.9943789839744568,0.049694663782655676,-2.1766847073022446,-2.3039569541072997,-2.0537188022703488,3341,12.216290212183436,5.22621492128679,0.28930083786801314
dkasc_10,tcn,2,-1.0,24 months,6885,0.021765142679214478,0.015415099449455738,0.9938154816627502,0.052126107555861355,-2.2236656319896673,-2.3320372615401617,-2.0843730060540078,3341,12.216290212183436,5.22621492128679,0.29160422052122836
dkasc_10,tcn,3,-1.0,24 months,6885,0.020898884162306786,0.014204269275069237,0.994297981262207,0.050051474492847546,-2.2650405668197675,-2.4043452430203005,-2.107466309573387,3341,12.216290212183436,5.22621492128679,0.2915438698840262
dkasc_10,tcn,4,-1.0,24 months,6885,0.021434109658002853,0.015090717934072018,0.9940021634101868,0.051333304902438016,-2.192655170177243,-2.297641651169041,-2.0677840386026984,3341,12.216290212183436,5.22621492128679,0.2917349802351663
dkasc_10,patchtst,0,-1.0,24 months,6885,0.027207009494304657,0.019447913393378258,0.9903362989425659,0.06515902625016237,-2.3117023354169985,-2.473452095542314,-2.159526816643907,3341,12.216290212183436,5.22621492128679,0.29172492179563264
dkasc_10,patchtst,1,-1.0,24 months,6885,0.02760823257267475,0.019679035991430283,0.9900491833686829,0.06611992954610016,-2.27618868066895,-2.454159814061907,-2.1136827558427163,3341,12.216290212183436,5.22621492128679,0.2917349802351663
dkasc_10,patchtst,2,-1.0,24 months,6885,0.027873435989022255,0.0197017602622509,0.9898570775985718,0.06675507455794122,-2.226358373980581,-2.4000642672763197,-2.0648596635278738,3341,12.216290212183436,5.22621492128679,0.2917349802351663
dkasc_10,patchtst,3,-1.0,24 months,6885,0.02704830840229988,0.019369367510080338,0.9904487133026123,0.06477894740974321,-2.2978231627436956,-2.437594861206005,-2.106718248944006,3341,12.216290212183436,5.22621492128679,0.2917349802351663
dkasc_10,patchtst,4,-1.0,24 months,6885,0.02698267623782158,0.019217602908611298,0.990494966506958,0.06462176262510189,-2.3159696466688464,-2.433092583652885,-2.1484668681577945,3341,12.216290212183436,5.22621492128679,0.2916444542793631
dkasc_10,informer,0,-1.0,24 months,6885,0.022024905309081078,0.015510758385062218,0.9936670064926147,0.052748222236338536,-2.2172491739686553,-2.313852243081068,-2.0543546134178134,3341,12.216290212183436,5.22621492128679,0.28986411048189986
dkasc_10,informer,1,-1.0,24 months,6885,0.023017626255750656,0.016403215005993843,0.9930832386016846,0.05512572463095746,-2.1977288435473197,-2.3395383948008277,-2.0338214147799527,3341,12.216290212183436,5.22621492128679,0.2911214154236112
dkasc_10,informer,2,-1.0,24 months,6885,0.021617654711008072,0.015487638302147388,0.9938990473747253,0.051772883420957594,-2.2062066666780233,-2.3241799646288697,-2.0680242370635646,3341,12.216290212183436,5.22621492128679,0.29168468803749786
dkasc_10,informer,3,-1.0,24 months,6885,0.024934295564889908,0.017784791067242622,0.9918833374977112,0.05971602353364386,-2.2316958334036405,-2.4229289363074114,-2.104089027393247,3341,12.216290212183436,5.22621492128679,0.2916243374002957
dkasc_10,informer,4,-1.0,24 months,6885,0.023219894617795944,0.016595914959907532,0.9929611086845398,0.05561014426240741,-2.1989641112883116,-2.3431308191321003,-2.0447535113901405,3341,12.216290212183436,5.22621492128679,0.29074925316086464
dkasc_10,tcn,0,-2.0,24 months,6885,0.02290135994553566,0.016435006633400917,0.9929473996162415,0.055690927152375475,-3.0985311489448666,-3.2070842825480006,-2.959619422640791,3341,12.216290212183436,5.22621492128679,0.28866715617739064
dkasc_10,tcn,1,-2.0,24 months,6885,0.022382238879799843,0.016003763303160667,0.9932634830474854,0.05442854214450206,-3.0743287935295776,-3.178221369348999,-2.9679564898725586,3341,12.216290212183436,5.22621492128679,0.2915237530049588
dkasc_10,tcn,2,-2.0,24 months,6885,0.023637088015675545,0.017109476029872894,0.9924869537353516,0.05748005139895129,-3.09901576210988,-3.215218434028816,-2.9488583263469517,3341,12.216290212183436,5.22621492128679,0.2914432854886893
dkasc_10,tcn,3,-2.0,24 months,6885,0.022832384333014488,0.016147824004292488,0.9929897785186768,0.05552319406484956,-3.0948998840029054,-3.243036722432019,-2.97240380283618,3341,12.216290212183436,5.22621492128679,0.28952212353775436
dkasc_10,tcn,4,-2.0,24 months,6885,0.022084936499595642,0.01586170680820942,0.9934412837028503,0.05370557000496292,-3.0393195271549436,-3.16853935714696,-2.917913384146884,3341,12.216290212183436,5.22621492128679,0.29159416208169464
dkasc_10,patchtst,0,-2.0,24 months,6885,0.028731519356369972,0.021084187552332878,0.9888994097709656,0.06986855607081897,-3.213068470929575,-3.36789110866218,-3.025227897216612,3341,12.216290212183436,5.22621492128679,0.29169474647703153
dkasc_10,patchtst,1,-2.0,24 months,6885,0.0299775842577219,0.0220520980656147,0.9879156947135925,0.07289870405388012,-3.157845666611264,-3.2975381688393925,-2.9808844302645854,3341,12.216290212183436,5.22621492128679,0.2917349802351663
dkasc_10,patchtst,2,-2.0,24 months,6885,0.029039684683084488,0.021220842376351357,0.9886600375175476,0.07061794443909758,-3.1406096075234613,-3.276489257772175,-2.9599851824000987,3341,12.216290212183436,5.22621492128679,0.2917349802351663
dkasc_10,patchtst,3,-2.0,24 months,6885,0.028383851051330566,0.02089339680969715,0.9891664385795593,0.06902310539473745,-3.1830301601864837,-3.3437683351512297,-3.040793902046307,3341,12.216290212183436,5.22621492128679,0.2917349802351663
dkasc_10,patchtst,4,-2.0,24 months,6885,0.02786065824329853,0.020218264311552048,0.9895621538162231,0.06775081883061841,-3.2014050891217893,-3.3168623323687974,-3.060838267771304,3341,12.216290212183436,5.22621492128679,0.29170480491656525
dkasc_10,informer,0,-2.0,24 months,6885,0.023692524060606956,0.017212044447660446,0.9924516677856445,0.057614859320718095,-3.137465198356528,-3.2431772525432057,-3.0056421877980135,3341,12.216290212183436,5.22621492128679,0.2898942858005009
dkasc_10,informer,1,-2.0,24 months,6885,0.024173002690076828,0.017472732812166214,0.9921424388885498,0.058783274664423305,-3.0692337287072213,-3.1772785449817,-2.9767419855225796,3341,12.216290212183436,5.22621492128679,0.2913125257747513
dkasc_10,informer,2,-2.0,24 months,6885,0.023415913805365562,0.017174353823065758,0.9926269054412842,0.05694220574857722,-3.108413585615817,-3.2233774383101266,-2.9650272443609875,3341,12.216290212183436,5.22621492128679,0.29172492179563264
dkasc_10,informer,3,-2.0,24 months,6885,0.02596626989543438,0.019265789538621902,0.990933358669281,0.06314409487491825,-3.1837198106740088,-3.314138760978913,-3.038724035223211,3341,12.216290212183436,5.22621492128679,0.28954224041682175
dkasc_10,informer,4,-2.0,24 months,6885,0.024341536685824394,0.017646584659814835,0.9920324683189392,0.05919311122007755,-3.0653950280405406,-3.212518298503386,-2.94818047122089,3341,12.216290212183436,5.22621492128679,0.2905480843701908
dkasc_11,tcn,0,0.0,24 months,6845,0.0178995318710804,0.012457621283829212,0.9957209825515747,0.04281013379578448,-1.2544929532542615,-1.3611034595927052,-1.1211641141525175,3385,12.216290212183436,5.275496235455167,0.3019424687363269
dkasc_11,tcn,1,0.0,24 months,6845,0.017978113144636154,0.012370617128908634,0.9956833124160767,0.042998075852537385,-1.2231661198223498,-1.3782722192072216,-1.1016778597070893,3385,12.216290212183436,5.275496235455167,0.3022884296427445
dkasc_11,tcn,2,0.0,24 months,6845,0.01730055920779705,0.01187562383711338,0.9960025548934937,0.04137757678592176,-1.2503095479059034,-1.388759382822513,-1.12888163272582,3385,12.216290212183436,5.275496235455167,0.30172878700001016
dkasc_11,tcn,3,0.0,24 months,6845,0.017640843987464905,0.01215771771967411,0.995843768119812,0.04219143253651746,-1.249608977438288,-1.3833455768452185,-1.1399075570239248,3385,12.216290212183436,5.275496235455167,0.3020136959817658
dkasc_11,tcn,4,0.0,24 months,6845,0.018286850303411484,0.012814752757549286,0.9955337643623352,0.043736479469464185,-1.2505876063163113,-1.3836425757993265,-1.1298426134991102,3385,12.216290212183436,5.275496235455167,0.3022884296427445
dkasc_11,patchtst,0,0.0,24 months,6845,0.020871615037322044,0.0151602141559124,0.9941819906234741,0.0499184357846523,-1.3071105737616122,-1.42948783803728,-1.1869319128559597,3385,12.216290212183436,5.275496235455167,0.30229860496352146
dkasc_11,patchtst,1,0.0,24 months,6845,0.02098158746957779,0.015053601004183292,0.9941205382347107,0.050181455765991735,-1.3488346650842087,-1.4728380821730447,-1.2072307054567124,3385,12.216290212183436,5.275496235455167,0.30229860496352146
dkasc_11,patchtst,2,0.0,24 months,6845,0.02068466879427433,0.015032101422548294,0.9942857623100281,0.04947131829939435,-1.342459299149823,-1.4767841601038834,-1.217661201433654,3385,12.216290212183436,5.275496235455167,0.30229860496352146
dkasc_11,patchtst,3,0.0,24 months,6845,0.02231001853942871,0.016159936785697937,0.9933524131774902,0.053358651250678034,-1.4108782369701367,-1.5447051351786478,-1.2285583232415354,3385,12.216290212183436,5.275496235455167,0.3022884296427445
dkasc_11,patchtst,4,0.0,24 months,6845,0.020470106974244118,0.014689086936414242,0.9944036602973938,0.04895815291109719,-1.357057253389593,-1.5017767115639713,-1.186765092911013,3385,12.216290212183436,5.275496235455167,0.3022375530388596
dkasc_11,informer,0,0.0,24 months,6845,0.02020185813307762,0.014179544523358345,0.9945493936538696,0.04831658480397503,-1.3108665836498279,-1.4572753892331924,-1.1973090225868455,3385,12.216290212183436,5.275496235455167,0.3022884296427445
dkasc_11,informer,1,0.0,24 months,6845,0.01927325688302517,0.013379429467022419,0.9950389266014099,0.04609565835494836,-1.2364369545230944,-1.3841521355452913,-1.129616374873632,3385,12.216290212183436,5.275496235455167,0.30208492322720476
dkasc_11,informer,2,0.0,24 months,6845,0.019219547510147095,0.013605347834527493,0.9950665831565857,0.04596720217768303,-1.273628823003048,-1.435074824052537,-1.1198623550398021,3385,12.216290212183436,5.275496235455167,0.30229860496352146
dkasc_11,informer,3,0.0,24 months,6845,0.01916162483394146,0.013336628675460815,0.9950962662696838,0.04582866908441373,-1.33554178424391,-1.4648154924947088,-1.2223083739622331,3385,12.216290212183436,5.275496235455167,0.30229860496352146
dkasc_11,informer,4,0.0,24 months,6845,0.019806522876024246,0.014020023867487907,0.9947606325149536,0.04737106536969363,-1.2382100553979591,-1.3897421489359552,-1.0953927758411257,3385,12.216290212183436,5.275496235455167,0.30229860496352146
dkasc_11,tcn,0,-0.25,24 months,6845,0.01801983267068863,0.012493559159338474,0.9956309199333191,0.04325948720238165,-1.4697976726866204,-1.5998033501481785,-1.3252631779538282,3385,12.216290212183436,5.275496235455167,0.3021866764349746
dkasc_11,tcn,1,-0.25,24 months,6845,0.01862497255206108,0.01297038234770298,0.9953325390815735,0.04471222216570148,-1.4755334045719257,-1.600767069873954,-1.3313441009197102,3385,12.216290212183436,5.275496235455167,0.3022782543219675
dkasc_11,tcn,2,-0.25,24 months,6845,0.01788710430264473,0.012293058447539806,0.9956950545310974,0.0429408515500025,-1.5015248317593266,-1.6153107876728412,-1.3839692772867895,3385,12.216290212183436,5.275496235455167,0.30185089084933403
dkasc_11,tcn,3,-0.25,24 months,6845,0.018718888983130455,0.013148880563676357,0.9952853918075562,0.04493768356271809,-1.5113430119718108,-1.6057270615794539,-1.3863751142820013,3385,12.216290212183436,5.275496235455167,0.3020645725856508
dkasc_11,tcn,4,-0.25,24 months,6845,0.01908932253718376,0.013626362197101116,0.9950969219207764,0.04582696849026173,-1.4537340654984132,-1.6017047212855964,-1.3411811060703103,3385,12.216290212183436,5.275496235455167,0.3022070270765286
dkasc_11,patchtst,0,-0.25,24 months,6845,0.02122466079890728,0.015555329620838165,0.9939386248588562,0.050953189132478954,-1.5150204555344504,-1.6557858159952699,-1.409394308735265,3385,12.216290212183436,5.275496235455167,0.30229860496352146
dkasc_11,patchtst,1,-0.25,24 months,6845,0.021159688010811806,0.015291002579033375,0.9939756989479065,0.050797211574502454,-1.6021919217941494,-1.7222278161734383,-1.444786818530374,3385,12.216290212183436,5.275496235455167,0.30229860496352146
dkasc_11,patchtst,2,-0.25,24 months,6845,0.02085047960281372,0.01523127593100071,0.9941504597663879,0.050054907391488594,-1.5525618722896355,-1.6959649533553112,-1.402129039378297,3385,12.216290212183436,5.275496235455167,0.30229860496352146
dkasc_11,patchtst,3,-0.25,24 months,6845,0.022469907999038696,0.016320250928401947,0.9932065606117249,0.05394260397901693,-1.5940039149949903,-1.7367406996435686,-1.4326897159918413,3385,12.216290212183436,5.275496235455167,0.3022884296427445
dkasc_11,patchtst,4,-0.25,24 months,6845,0.020565828308463097,0.014801929704844952,0.99430912733078,0.049371556483068,-1.5602550276783256,-1.7086966542072535,-1.42450134412546,3385,12.216290212183436,5.275496235455167,0.3022375530388596
dkasc_11,informer,0,-0.25,24 months,6845,0.020435836166143417,0.014335724525153637,0.9943808317184448,0.049059489577683496,-1.497439431409231,-1.6625214614935033,-1.3757520563845604,3385,12.216290212183436,5.275496235455167,0.30229860496352146
dkasc_11,informer,1,-0.25,24 months,6845,0.020478880032896996,0.01425888855010271,0.9943571090698242,0.04916282325658032,-1.4869861261911255,-1.6119299557218802,-1.3540639861521875,3385,12.216290212183436,5.275496235455167,0.30229860496352146
dkasc_11,informer,2,-0.25,24 months,6845,0.019367551431059837,0.013780816458165646,0.9949529767036438,0.046494901400290514,-1.4959113265143078,-1.6512979353609736,-1.3682756660741782,3385,12.216290212183436,5.275496235455167,0.30229860496352146
dkasc_11,informer,3,-0.25,24 months,6845,0.019517378881573677,0.013742881827056408,0.9948745369911194,0.04685458613191468,-1.5621162239694453,-1.7046903073614117,-1.4270078012104892,3385,12.216290212183436,5.275496235455167,0.30222737771808256
dkasc_11,informer,4,-0.25,24 months,6845,0.019907232373952866,0.014259302988648415,0.9946677684783936,0.047790491723969035,-1.4702820170410542,-1.616415764609247,-1.3371236526378838,3385,12.216290212183436,5.275496235455167,0.30229860496352146
dkasc_11,tcn,0,-0.5,24 months,6845,0.017584718763828278,0.012164801359176636,0.9958083629608154,0.042373842636479274,-1.7312886225967494,-1.863260525081789,-1.632452495164649,3385,12.216290212183436,5.275496235455167,0.3019424687363269
dkasc_11,tcn,1,-0.5,24 months,6845,0.01901727169752121,0.013277661055326462,0.9950975775718689,0.04582586102790197,-1.7580114221046994,-1.8642160674000006,-1.6251401650338337,3385,12.216290212183436,5.275496235455167,0.3020238713025428
dkasc_11,tcn,2,-0.5,24 months,6845,0.018085317686200142,0.012624328024685383,0.9955663084983826,0.04358013431765248,-1.701609395382031,-1.8364582092307513,-1.5928331797714246,3385,12.216290212183436,5.275496235455167,0.3021357998310897
dkasc_11,tcn,3,-0.5,24 months,6845,0.018267832696437836,0.01271748449653387,0.9954763650894165,0.044019940175595226,-1.7254223482687812,-1.8510552768438382,-1.5832952694348574,3385,12.216290212183436,5.275496235455167,0.3020136959817658
dkasc_11,tcn,4,-0.5,24 months,6845,0.01908380724489689,0.013357365503907204,0.9950631856918335,0.0459861915314542,-1.6983153635595105,-1.8235532270792332,-1.5860301550529259,3385,12.216290212183436,5.275496235455167,0.3022884296427445
dkasc_11,patchtst,0,-0.5,24 months,6845,0.021471213549375534,0.015748824924230576,0.9937507510185242,0.05173911714908819,-1.7693462130357063,-1.896929767132946,-1.5968487728232228,3385,12.216290212183436,5.275496235455167,0.30229860496352146
dkasc_11,patchtst,1,-0.5,24 months,6845,0.021410513669252396,0.015463907271623611,0.9937860369682312,0.051592848834937956,-1.7994514076567067,-1.927867416552187,-1.6636199271145569,3385,12.216290212183436,5.275496235455167,0.30229860496352146
dkasc_11,patchtst,2,-0.5,24 months,6845,0.021214717999100685,0.015616326592862606,0.9938991665840149,0.051121040611710716,-1.7759035850166582,-1.9271393416392946,-1.6377627582853882,3385,12.216290212183436,5.275496235455167,0.30229860496352146
dkasc_11,patchtst,3,-0.5,24 months,6845,0.022666694596409798,0.016552133485674858,0.9930354952812195,0.05461986414551584,-1.815493054437367,-1.9408387021541795,-1.6534307247107694,3385,12.216290212183436,5.275496235455167,0.3022884296427445
dkasc_11,patchtst,4,-0.5,24 months,6845,0.02150624990463257,0.015678491443395615,0.993730366230011,0.051823544146423574,-1.815566312364525,-1.9359297168179745,-1.6988907154674382,3385,12.216290212183436,5.275496235455167,0.3022172023973056
dkasc_11,informer,0,-0.5,24 months,6845,0.019442319869995117,0.013717347756028175,0.994875967502594,0.04685009829977582,-1.70172396959082,-1.8385269296041784,-1.5541469691666514,3385,12.216290212183436,5.275496235455167,0.30224772835963654
dkasc_11,informer,1,-0.5,24 months,6845,0.020837608724832535,0.01457341481000185,0.9941141605377197,0.05021232155517025,-1.689541212786183,-1.8003142942708883,-1.5634889054452872,3385,12.216290212183436,5.275496235455167,0.30229860496352146
dkasc_11,informer,2,-0.5,24 months,6845,0.019683342427015305,0.014097263105213642,0.9947481751441956,0.047430889612971205,-1.7324263998837843,-1.8753884626684925,-1.6004532213459117,3385,12.216290212183436,5.275496235455167,0.30229860496352146
dkasc_11,informer,3,-0.5,24 months,6845,0.01993381232023239,0.014266296289861202,0.9946136474609375,0.04803444614309828,-1.7949108914949994,-1.9187260198776923,-1.6461867160867796,3385,12.216290212183436,5.275496235455167,0.30229860496352146
dkasc_11,informer,4,-0.5,24 months,6845,0.020082350820302963,0.014516809023916721,0.9945330619812012,0.048392378909154,-1.6910422498030764,-1.8240106402025003,-1.5536797753756382,3385,12.216290212183436,5.275496235455167,0.30229860496352146
dkasc_11,tcn,0,-1.0,24 months,6845,0.01859571412205696,0.013212521560490131,0.9952422976493835,0.04514996439196366,-2.1959081879964426,-2.2899405166780094,-2.0781540610481763,3385,12.216290212183436,5.275496235455167,0.3022375530388596
dkasc_11,tcn,1,-1.0,24 months,6845,0.019735893234610558,0.014143367297947407,0.9946410059928894,0.04791829294306752,-2.191987288744768,-2.312927064328729,-2.058432977726281,3385,12.216290212183436,5.275496235455167,0.30229860496352146
dkasc_11,tcn,2,-1.0,24 months,6845,0.018905101343989372,0.013198163360357285,0.995082676410675,0.0459011494210456,-2.2174835251493787,-2.3512351875685678,-2.097301843268768,3385,12.216290212183436,5.275496235455167,0.3016880857169022
dkasc_11,tcn,3,-1.0,24 months,6845,0.019838983193039894,0.014414770528674126,0.994584858417511,0.04816859298111407,-2.1849359947634888,-2.308848643561212,-2.0695023693399928,3385,12.216290212183436,5.275496235455167,0.30229860496352146
dkasc_11,tcn,4,-1.0,24 months,6845,0.01908399537205696,0.01372293196618557,0.9949891567230225,0.04633549998936318,-2.1781824785982895,-2.2835778889022107,-2.066578444630952,3385,12.216290212183436,5.275496235455167,0.30229860496352146
dkasc_11,patchtst,0,-1.0,24 months,6845,0.021982604637742043,0.01627304218709469,0.993351399898529,0.05337325633864292,-2.215972283766654,-2.3479950449846854,-2.0635027470038754,3385,12.216290212183436,5.275496235455167,0.30229860496352146
dkasc_11,patchtst,1,-1.0,24 months,6845,0.021894410252571106,0.01609886810183525,0.9934046268463135,0.05315912240843178,-2.2085735113645977,-2.3409833260658677,-2.1051166083472794,3385,12.216290212183436,5.275496235455167,0.30229860496352146
dkasc_11,patchtst,2,-1.0,24 months,6845,0.022251557558774948,0.016518253833055496,0.9931877255439758,0.05402626781903274,-2.21317138592132,-2.3480555191922603,-2.09069164736283,3385,12.216290212183436,5.275496235455167,0.30229860496352146
dkasc_11,patchtst,3,-1.0,24 months,6845,0.023170819506049156,0.01703963615000248,0.9926132559776306,0.05625821459525725,-2.237650395009838,-2.3818500619262206,-2.103099411836984,3385,12.216290212183436,5.275496235455167,0.3022884296427445
dkasc_11,patchtst,4,-1.0,24 months,6845,0.021391188725829124,0.0156988725066185,0.9937043190002441,0.05193731216417121,-2.2421420265403724,-2.3781391629951742,-2.1156069716675385,3385,12.216290212183436,5.275496235455167,0.3022375530388596
dkasc_11,informer,0,-1.0,24 months,6845,0.02117137983441353,0.015119751915335655,0.993833065032959,0.05140362125263587,-2.1719893215701913,-2.3046953266017245,-2.0747166831889152,3385,12.216290212183436,5.275496235455167,0.30229860496352146
dkasc_11,informer,1,-1.0,24 months,6845,0.021161839365959167,0.015076296404004097,0.9938386082649231,0.05138045721558036,-2.1284577635402147,-2.259567017012709,-2.02188559109735,3385,12.216290212183436,5.275496235455167,0.30229860496352146
dkasc_11,informer,2,-1.0,24 months,6845,0.019809043034911156,0.01417736429721117,0.9946011900901794,0.048095898968691125,-2.1072933507477742,-2.219916689829926,-1.9996623755725418,3385,12.216290212183436,5.275496235455167,0.30229860496352146
dkasc_11,informer,3,-1.0,24 months,6845,0.020607728511095047,0.014914833009243011,0.994157075881958,0.050035088858005915,-2.2382552968060687,-2.3325005594280857,-2.103803525743164,3385,12.216290212183436,5.275496235455167,0.30229860496352146
dkasc_11,informer,4,-1.0,24 months,6845,0.020983532071113586,0.01510913111269474,0.9939420223236084,0.05094753122197432,-2.141157584027842,-2.274013208708059,-2.0191333485356293,3385,12.216290212183436,5.275496235455167,0.30229860496352146
dkasc_11,tcn,0,-2.0,24 months,6845,0.020168893039226532,0.01471208967268467,0.9942342638969421,0.04972401660250052,-3.112685257842207,-3.2156270506359497,-3.0115825125916373,3385,12.216290212183436,5.275496235455167,0.301067391149506
dkasc_11,tcn,1,-2.0,24 months,6845,0.021134180948138237,0.015322847291827202,0.9936691522598267,0.05210381959493878,-3.1254082415546725,-3.2169689532011936,-3.016942142323653,3385,12.216290212183436,5.275496235455167,0.30229860496352146
dkasc_11,tcn,2,-2.0,24 months,6845,0.0206715390086174,0.015066600404679775,0.9939432740211487,0.05096323069712442,-3.122851782390951,-3.2291374088559976,-2.9827304085006654,3385,12.216290212183436,5.275496235455167,0.30208492322720476
dkasc_11,tcn,3,-2.0,24 months,6845,0.021440034732222557,0.01582929864525795,0.9934845566749573,0.05285786586848328,-3.10222117728316,-3.2119423823102844,-2.965312399112807,3385,12.216290212183436,5.275496235455167,0.3021968517557516
dkasc_11,tcn,4,-2.0,24 months,6845,0.021184474229812622,0.015743376687169075,0.9936389923095703,0.05222781172321809,-3.1083062816989138,-3.20356972492043,-2.9817393183871723,3385,12.216290212183436,5.275496235455167,0.30229860496352146
dkasc_11,patchtst,0,-2.0,24 months,6845,0.02388124354183674,0.018042491748929024,0.9919164180755615,0.058876377005576463,-3.1132154808255597,-3.2380382872174596,-2.973435746398445,3385,12.216290212183436,5.275496235455167,0.30229860496352146
dkasc_11,patchtst,1,-2.0,24 months,6845,0.0231486726552248,0.017258888110518456,0.9924046993255615,0.05707031026420623,-3.1525360479084608,-3.2669743691924857,-3.0330635853480947,3385,12.216290212183436,5.275496235455167,0.30229860496352146
dkasc_11,patchtst,2,-2.0,24 months,6845,0.023477233946323395,0.01778237521648407,0.9921875596046448,0.05788033920638719,-3.1227225632098787,-3.225881230463307,-3.005283135867068,3385,12.216290212183436,5.275496235455167,0.30229860496352146
dkasc_11,patchtst,3,-2.0,24 months,6845,0.024539843201637268,0.018468134105205536,0.991464376449585,0.06050007644979636,-3.122671789561482,-3.2580692206527346,-2.9997164541664643,3385,12.216290212183436,5.275496235455167,0.3022884296427445
dkasc_11,patchtst,4,-2.0,24 months,6845,0.022959884256124496,0.01717059500515461,0.9925280809402466,0.05660487482989828,-3.158827375092177,-3.2742874407857725,-3.0292559132178654,3385,12.216290212183436,5.275496235455167,0.3022375530388596
dkasc_11,informer,0,-2.0,24 months,6845,0.023256467655301094,0.017221825197339058,0.9923338294029236,0.057336066067612775,-3.101588252999543,-3.1980665634655514,-3.0085597840686984,3385,12.216290212183436,5.275496235455167,0.30229860496352146
dkasc_11,informer,1,-2.0,24 months,6845,0.02278442680835724,0.016684595495462418,0.9926418662071228,0.05617230527693158,-3.064817958388044,-3.1694670567784997,-2.9268227957767956,3385,12.216290212183436,5.275496235455167,0.30229860496352146
dkasc_11,informer,2,-2.0,24 months,6845,0.021339712664484978,0.01572004333138466,0.993545413017273,0.05261053369452219,-2.9910397869955307,-3.108419927199199,-2.869018630216358,3385,12.216290212183436,5.275496235455167,0.30229860496352146
dkasc_11,informer,3,-2.0,24 months,6845,0.02197144366800785,0.01632603071630001,0.9931576251983643,0.0541679916495221,-3.1302761623335007,-3.230925768671237,-3.0172770365124446,3385,12.216290212183436,5.275496235455167,0.3022375530388596
dkasc_11,informer,4,-2.0,24 months,6845,0.02237781696021557,0.016628697514533997,0.9929021596908569,0.055169856862910344,-3.035794363820432,-3.1545739168130194,-2.934303829786635,3385,12.216290212183436,5.275496235455167,0.30229860496352146
dkasc_13,tcn,0,0.0,24 months,6884,0.027250220999121666,0.018658790737390518,0.9899702668190002,0.06619867003300212,-0.728600883363173,-0.900639068153275,-0.5928836263189297,3404,12.216290212183436,5.301505817932923,0.3011382573653432
dkasc_13,tcn,1,0.0,24 months,6884,0.02562715671956539,0.016522526741027832,0.991129457950592,0.06225577736111658,-0.6948318909273055,-0.8570511577764672,-0.5660115095259376,3404,12.216290212183436,5.301505817932923,0.30108775792588705
dkasc_13,tcn,2,0.0,24 months,6884,0.027268141508102417,0.018582601100206375,0.9899570345878601,0.06624220413354678,-0.745362227076178,-0.8778328001665225,-0.5798232060130304,3404,12.216290212183436,5.301505817932923,0.3012190564684732
dkasc_13,tcn,3,0.0,24 months,6884,0.025736119598150253,0.01715511828660965,0.9910538196563721,0.06252047971510916,-0.6403978637398722,-0.798205745758418,-0.49082991260114284,3404,12.216290212183436,5.301505817932923,0.300673662522346
dkasc_13,tcn,4,0.0,24 months,6884,0.02645580843091011,0.018109608441591263,0.9905465245246887,0.06426881208892153,-0.7626075615335015,-0.8937297658276222,-0.5571134624197506,3404,12.216290212183436,5.301505817932923,0.3011786569169082
dkasc_13,patchtst,0,0.0,24 months,6884,0.031971175223588943,0.02262132242321968,0.9861940145492554,0.07766723357076168,-0.7082683123512457,-0.8899621762697763,-0.5523535164799531,3404,12.216290212183436,5.301505817932923,0.3012190564684732
dkasc_13,patchtst,1,0.0,24 months,6884,0.032581914216279984,0.022973891347646713,0.985661506652832,0.07915089526490887,-0.7802979765627076,-0.9300119094741155,-0.6218800675081404,3404,12.216290212183436,5.301505817932923,0.3012190564684732
dkasc_13,patchtst,2,0.0,24 months,6884,0.03147788345813751,0.02204301208257675,0.9866167306900024,0.07646888516792968,-0.7985693674092742,-0.968066020425891,-0.5813811771410715,3404,12.216290212183436,5.301505817932923,0.3012190564684732
dkasc_13,patchtst,3,0.0,24 months,6884,0.03151731193065643,0.021577686071395874,0.9865831732749939,0.07656466833395499,-0.7739489331594851,-0.9229296344482663,-0.577439825646231,3404,12.216290212183436,5.301505817932923,0.3012190564684732
dkasc_13,patchtst,4,0.0,24 months,6884,0.032970741391181946,0.023551594465970993,0.9853172302246094,0.08009546895669761,-0.7690222737554486,-0.9216306945625918,-0.5832354252839832,3404,12.216290212183436,5.301505817932923,0.30116855702901696
dkasc_13,informer,0,0.0,24 months,6884,0.027142245322465897,0.018040113151073456,0.9900495409965515,0.06593636587808331,-0.8761388363853873,-1.0319558828741038,-0.7152864598598541,3404,12.216290212183436,5.301505817932923,0.3011584571411257
dkasc_13,informer,1,0.0,24 months,6884,0.029046528041362762,0.02032126486301422,0.9886043667793274,0.07056241949290959,-0.8603878266107216,-1.0037119860186183,-0.6823274296552051,3404,12.216290212183436,5.301505817932923,0.30120895658058194
dkasc_13,informer,2,0.0,24 months,6884,0.027377808466553688,0.01864243485033512,0.9898760914802551,0.06650861690121838,-0.7183239931491392,-0.9100878733121043,-0.5963614965372899,3404,12.216290212183436,5.301505817932923,0.30068376241023725
dkasc_13,informer,3,0.0,24 months,6884,0.026627881452441216,0.017854366451501846,0.9904231429100037,0.06468682723728625,-0.8157584071738953,-0.9522696307863732,-0.6975365648886012,3404,12.216290212183436,5.301505817932923,0.30118875680479945
dkasc_13,informer,4,0.0,24 months,6884,0.027699781581759453,0.019217822700738907,0.9896366000175476,0.06729078274177032,-0.7704003953937777,-0.8947980963114888,-0.6298152062099617,3404,12.216290212183436,5.301505817932923,0.3011786569169082
dkasc_13,tcn,0,-0.25,24 months,6884,0.02553657814860344,0.016871854662895203,0.9911276698112488,0.06226702967435622,-1.004334909100535,-1.1394284586518144,-0.861218667449659,3403,12.216290212183436,5.300136892539356,0.3008352607286059
dkasc_13,tcn,1,-0.25,24 months,6884,0.025988560169935226,0.017232874408364296,0.9908108115196228,0.06336911852004133,-1.005498530191029,-1.1231092152879096,-0.8536184297836535,3404,12.216290212183436,5.301505817932923,0.3012190564684732
dkasc_13,tcn,2,-0.25,24 months,6884,0.027973435819149017,0.01909494213759899,0.9893535375595093,0.0682089334016707,-0.9995225966062128,-1.1631316245218182,-0.8542324788579544,3404,12.216290212183436,5.301505817932923,0.3012190564684732
dkasc_13,tcn,3,-0.25,24 months,6884,0.026845237240195274,0.01813599094748497,0.9901949763298035,0.06545799418086044,-1.01533189312063,-1.141242726809677,-0.8284294093915068,3404,12.216290212183436,5.301505817932923,0.300754461625476
dkasc_13,tcn,4,-0.25,24 months,6884,0.025910859927535057,0.017325125634670258,0.9908656477928162,0.0631796583946055,-0.9323530708406969,-1.118368609276943,-0.76315425804242,3404,12.216290212183436,5.301505817932923,0.3003302663340437
dkasc_13,patchtst,0,-0.25,24 months,6884,0.032123710960149765,0.022628406062722206,0.985960066318512,0.07832874287095816,-0.9264802884314527,-1.1143346520405986,-0.7762972260864975,3404,12.216290212183436,5.301505817932923,0.3012190564684732
dkasc_13,patchtst,1,-0.25,24 months,6884,0.03284299373626709,0.023140769451856613,0.9853243231773376,0.08008260361549961,-1.0205315823721528,-1.1551864233916853,-0.8809169145756024,3404,12.216290212183436,5.301505817932923,0.3012190564684732
dkasc_13,patchtst,2,-0.25,24 months,6884,0.03168857842683792,0.022185051813721657,0.9863378405570984,0.07726773891787025,-1.0010600487057708,-1.2042337824227811,-0.8176750247863299,3404,12.216290212183436,5.301505817932923,0.3012190564684732
dkasc_13,patchtst,3,-0.25,24 months,6884,0.03182719647884369,0.0216814111918211,0.9862180948257446,0.07760573778002856,-0.9881379434366965,-1.1870892739744399,-0.8273213527557499,3404,12.216290212183436,5.301505817932923,0.3012190564684732
dkasc_13,patchtst,4,-0.25,24 months,6884,0.03323999419808388,0.023800663650035858,0.9849673509597778,0.0810506283599594,-0.9882133018656146,-1.1696341963452261,-0.8121191446913811,3404,12.216290212183436,5.301505817932923,0.30118875680479945
dkasc_13,informer,0,-0.25,24 months,6884,0.02754778042435646,0.018368994817137718,0.9896751046180725,0.06717103799750326,-1.0970578575527792,-1.2476857816193232,-0.9274239028987608,3404,12.216290212183436,5.301505817932923,0.3011786569169082
dkasc_13,informer,1,-0.25,24 months,6884,0.02937394566833973,0.020538002252578735,0.988260805606842,0.07162386189488212,-1.0849801602280995,-1.2443378896805801,-0.9143864849833934,3404,12.216290212183436,5.301505817932923,0.30118875680479945
dkasc_13,informer,2,-0.25,24 months,6884,0.027723439037799835,0.019026415422558784,0.9895429611206055,0.06759935458840223,-1.0052756815898234,-1.1300176739716394,-0.8416019967962428,3404,12.216290212183436,5.301505817932923,0.30095645938330085
dkasc_13,informer,3,-0.25,24 months,6884,0.03173874318599701,0.023093324154615402,0.9862945675849915,0.07739005799010416,-1.0417653562611393,-1.2667980717705807,-0.8754541704151353,3404,12.216290212183436,5.301505817932923,0.3012190564684732
dkasc_13,informer,4,-0.25,24 months,6884,0.028938939794898033,0.02030862309038639,0.9886059165000916,0.07056316678246376,-0.9974298715681933,-1.175348085154615,-0.8502304209711764,3404,12.216290212183436,5.301505817932923,0.3012190564684732
dkasc_13,tcn,0,-0.5,24 months,6884,0.02577914297580719,0.017097050324082375,0.9908921718597412,0.06309372987986069,-1.2180888324915196,-1.342382033971512,-1.0328922101878801,3403,12.216290212183436,5.300136892539356,0.3008352607286059
dkasc_13,tcn,1,-0.5,24 months,6884,0.026391183957457542,0.017610715702176094,0.9904546141624451,0.06459168302779472,-1.2002116507435323,-1.318326130777856,-1.0598875538445296,3404,12.216290212183436,5.301505817932923,0.3012190564684732
dkasc_13,tcn,2,-0.5,24 months,6884,0.026890426874160767,0.017974596470594406,0.990090012550354,0.06581356607334313,-1.2424831077583964,-1.418450896576377,-1.107972610557073,3404,12.216290212183436,5.301505817932923,0.30120895658058194
dkasc_13,tcn,3,-0.5,24 months,6884,0.026242122054100037,0.017379794269800186,0.9905620813369751,0.0642268581973245,-1.1775811616571763,-1.3289130913732072,-1.0207782100705387,3403,12.216290212183436,5.300136892539356,0.3003302663340437
dkasc_13,tcn,4,-0.5,24 months,6884,0.026865262538194656,0.018514975905418396,0.9901085495948792,0.06575197706638732,-1.2223866633926161,-1.3754775496779503,-1.0734061188678488,3404,12.216290212183436,5.301505817932923,0.3012190564684732
dkasc_13,patchtst,0,-0.5,24 months,6884,0.03232354298233986,0.02267194166779518,0.9856809377670288,0.07911096546544368,-1.1651405574079066,-1.3489196472001967,-1.037031032063429,3404,12.216290212183436,5.301505817932923,0.3012190564684732
dkasc_13,patchtst,1,-0.5,24 months,6884,0.033069152384996414,0.02352074347436428,0.9850127100944519,0.08093582358005381,-1.2751972538227312,-1.3845865734629315,-1.1346056344943567,3404,12.216290212183436,5.301505817932923,0.3012190564684732
dkasc_13,patchtst,2,-0.5,24 months,6884,0.03194049745798111,0.022427668794989586,0.9860183000564575,0.07817347228080751,-1.231604517285123,-1.4151936081623018,-1.0686983646485682,3404,12.216290212183436,5.301505817932923,0.3012190564684732
dkasc_13,patchtst,3,-0.5,24 months,6884,0.031965166330337524,0.021989723667502403,0.985996663570404,0.07823384865446574,-1.2223370131445033,-1.4095214957095314,-1.057092556976047,3404,12.216290212183436,5.301505817932923,0.3012190564684732
dkasc_13,patchtst,4,-0.5,24 months,6884,0.03352018818259239,0.024008624255657196,0.9846010804176331,0.08203972105276557,-1.2201708285497825,-1.3849553105990675,-1.0430508935671101,3404,12.216290212183436,5.301505817932923,0.3011988566926907
dkasc_13,informer,0,-0.5,24 months,6884,0.027529636397957802,0.017950167879462242,0.9896132946014404,0.06737801346668483,-1.2406219099646343,-1.4015086127647236,-1.070811506049596,3404,12.216290212183436,5.301505817932923,0.30118875680479945
dkasc_13,informer,1,-0.5,24 months,6884,0.029772937297821045,0.02097524330019951,0.9878515601158142,0.07286842954250428,-1.3135674485408644,-1.4832762120725262,-1.1565950256223239,3404,12.216290212183436,5.301505817932923,0.3011786569169082
dkasc_13,informer,2,-0.5,24 months,6884,0.029250603169202805,0.020254414528608322,0.988274097442627,0.07159003140300833,-1.2436783658912365,-1.396514200209531,-1.092648979656903,3404,12.216290212183436,5.301505817932923,0.3012190564684732
dkasc_13,informer,3,-0.5,24 months,6884,0.02698627859354019,0.01810508407652378,0.9900192618370056,0.06604816046993424,-1.2785046464882635,-1.4310311051273117,-1.126678959725082,3404,12.216290212183436,5.301505817932923,0.3011988566926907
dkasc_13,informer,4,-0.5,24 months,6884,0.02932446449995041,0.02064942568540573,0.9882147908210754,0.071770804939783,-1.2838404469443176,-1.405205627930839,-1.106489839451552,3404,12.216290212183436,5.301505817932923,0.3012190564684732
dkasc_13,tcn,0,-1.0,24 months,6884,0.028569817543029785,0.019649459049105644,0.9886493682861328,0.0704511281510845,-1.6906308737900222,-1.8267744868406322,-1.5390133916796445,3404,12.216290212183436,5.301505817932923,0.301128157477452
dkasc_13,tcn,1,-1.0,24 months,6884,0.027460338547825813,0.018387196585536003,0.9895138144493103,0.06771523224435264,-1.6814421458818865,-1.8276827948326329,-1.5372865073423836,3404,12.216290212183436,5.301505817932923,0.30114835725323447
dkasc_13,tcn,2,-1.0,24 months,6884,0.027518831193447113,0.018699174746870995,0.9894691109657288,0.06785947092793385,-1.6824829331482216,-1.831737468801764,-1.528142098413321,3404,12.216290212183436,5.301505817932923,0.3010776580379958
dkasc_13,tcn,3,-1.0,24 months,6884,0.0271932203322649,0.018325723707675934,0.9897168278694153,0.0670565378159536,-1.6304024655366067,-1.7955329048884874,-1.4787545489092417,3404,12.216290212183436,5.301505817932923,0.3008857601680621
dkasc_13,tcn,4,-1.0,24 months,6884,0.027159716933965683,0.018091987818479538,0.9897421598434448,0.06697392083026511,-1.654725049474226,-1.805558073786162,-1.5408483983583618,3404,12.216290212183436,5.301505817932923,0.3004211653250649
dkasc_13,patchtst,0,-1.0,24 months,6884,0.032907526940107346,0.0230092816054821,0.9849410057067871,0.08114760950436606,-1.6474678920787873,-1.7895950184816822,-1.5048880220559058,3404,12.216290212183436,5.301505817932923,0.3012190564684732
dkasc_13,patchtst,1,-1.0,24 months,6884,0.033608242869377136,0.023827604949474335,0.9842928647994995,0.08287552490516065,-1.7231425084164753,-1.863097598260488,-1.58021168695196,3404,12.216290212183436,5.301505817932923,0.3012190564684732
dkasc_13,patchtst,2,-1.0,24 months,6884,0.03250609338283539,0.022973932325839996,0.9853061437606812,0.08015770304294338,-1.701623610126557,-1.8564510468221607,-1.5443293525748685,3404,12.216290212183436,5.301505817932923,0.3012190564684732
dkasc_13,patchtst,3,-1.0,24 months,6884,0.032496992498636246,0.022589461877942085,0.9853143692016602,0.0801352609129565,-1.701618138916794,-1.8628626182597863,-1.5097264550584486,3404,12.216290212183436,5.301505817932923,0.3012190564684732
dkasc_13,patchtst,4,-1.0,24 months,6884,0.03415795415639877,0.02460610866546631,0.9837748408317566,0.08423107365060607,-1.6878593000490105,-1.8076988212629495,-1.50211937343132,3404,12.216290212183436,5.301505817932923,0.30114835725323447
dkasc_13,informer,0,-1.0,24 months,6884,0.030511073768138885,0.021257314831018448,0.9870544672012329,0.07523812725891108,-1.8414338701347401,-1.9867102933239456,-1.694203745443934,3404,12.216290212183436,5.301505817932923,0.30120895658058194
dkasc_13,informer,1,-1.0,24 months,6884,0.030231015756726265,0.021247901022434235,0.9872909784317017,0.07454752421876033,-1.7918889034664542,-1.9197664268505137,-1.6340109009363557,3404,12.216290212183436,5.301505817932923,0.3011786569169082
dkasc_13,informer,2,-1.0,24 months,6884,0.028369320556521416,0.019259117543697357,0.9888080954551697,0.0699567169120511,-1.663685350576749,-1.8140743879535357,-1.50464511578563,3404,12.216290212183436,5.301505817932923,0.30102715859853957
dkasc_13,informer,3,-1.0,24 months,6884,0.033030908554792404,0.024214034900069237,0.9848278760910034,0.08145185974798673,-1.7700213644556428,-1.9165925536535622,-1.6089637116166233,3404,12.216290212183436,5.301505817932923,0.3012190564684732
dkasc_13,informer,4,-1.0,24 months,6884,0.02983010746538639,0.021388355642557144,0.9876258373260498,0.07355891302558494,-1.7142320162510938,-1.8780478581463922,-1.577626463468007,3404,12.216290212183436,5.301505817932923,0.3012190564684732
dkasc_13,tcn,0,-2.0,24 months,6884,0.028602683916687965,0.0195107813924551,0.9882866740226746,0.07161226149997127,-2.626345505395833,-2.787671743007969,-2.466962594899902,3404,12.216290212183436,5.301505817932923,0.3000777691367626
dkasc_13,tcn,1,-2.0,24 months,6884,0.03079197183251381,0.02128252573311329,0.98642498254776,0.07709356035931977,-2.620399352373304,-2.7521279448331493,-2.489663374609985,3404,12.216290212183436,5.301505817932923,0.3012190564684732
dkasc_13,tcn,2,-2.0,24 months,6884,0.029051706194877625,0.01969611644744873,0.9879160523414612,0.07273647421017326,-2.6005103376585237,-2.7580557011012363,-2.485705115529957,3404,12.216290212183436,5.301505817932923,0.30120895658058194
dkasc_13,tcn,3,-2.0,24 months,6884,0.029036838561296463,0.02002226747572422,0.9879283905029297,0.07269925026059562,-2.63386961089187,-2.7727337050641925,-2.4885954563710713,3404,12.216290212183436,5.301505817932923,0.30118875680479945
dkasc_13,tcn,4,-2.0,24 months,6884,0.029406171292066574,0.020279783755540848,0.9876194000244141,0.07362394502607449,-2.5894957225747004,-2.7503504576116167,-2.4442851849600022,3404,12.216290212183436,5.301505817932923,0.3011786569169082
dkasc_13,patchtst,0,-2.0,24 months,6884,0.034237172454595566,0.024887671694159508,0.9832172989845276,0.08571927564488557,-2.6131072681929934,-2.7705386820391253,-2.4614926620532995,3404,12.216290212183436,5.301505817932923,0.3012190564684732
dkasc_13,patchtst,1,-2.0,24 months,6884,0.034996308386325836,0.02522934228181839,0.9824648499488831,0.08761991689293903,-2.6412924911943705,-2.7581661406704705,-2.5049098063083863,3404,12.216290212183436,5.301505817932923,0.3012190564684732
dkasc_13,patchtst,2,-2.0,24 months,6884,0.03399632126092911,0.024312464520335197,0.9834526181221008,0.08511625885409554,-2.6284439663692316,-2.8131383538025134,-2.5100817548446175,3404,12.216290212183436,5.301505817932923,0.3012190564684732
dkasc_13,patchtst,3,-2.0,24 months,6884,0.034139323979616165,0.024518538266420364,0.9833130836486816,0.08547429336986521,-2.641559675570926,-2.7788887623386938,-2.483018602876297,3404,12.216290212183436,5.301505817932923,0.3011988566926907
dkasc_13,patchtst,4,-2.0,24 months,6884,0.034869708120822906,0.02576707862317562,0.982591450214386,0.08730294903965755,-2.626868515322711,-2.7700601546796877,-2.4725803664496393,3404,12.216290212183436,5.301505817932923,0.3011382573653432
dkasc_13,informer,0,-2.0,24 months,6884,0.02982320450246334,0.020537259057164192,0.9872657060623169,0.07466806701840548,-2.708801807093264,-2.8437509527867277,-2.5375318526745128,3404,12.216290212183436,5.301505817932923,0.3010776580379958
dkasc_13,informer,1,-2.0,24 months,6884,0.0303910281509161,0.02122185193002224,0.9867761731147766,0.07608972156373792,-2.655682337204833,-2.778749719059459,-2.526902929833483,3404,12.216290212183436,5.301505817932923,0.30118875680479945
dkasc_13,informer,2,-2.0,24 months,6884,0.03009912744164467,0.021151985973119736,0.9870290160179138,0.07535889259729339,-2.6084217783129415,-2.765530451407405,-2.477790949434519,3404,12.216290212183436,5.301505817932923,0.3011180575895608
dkasc_13,informer,3,-2.0,24 months,6884,0.029738524928689003,0.020513880997896194,0.9873379468917847,0.07445605559323652,-2.6832880756500463,-2.8200576728518167,-2.549593063829181,3404,12.216290212183436,5.301505817932923,0.30118875680479945
dkasc_13,informer,4,-2.0,24 months,6884,0.031343407928943634,0.022411763668060303,0.9859344363212585,0.07847418555005638,-2.674342114330963,-2.8298119250385834,-2.5390655683843355,3404,12.216290212183436,5.301505817932923,0.3012190564684732
dkasc_17,tcn,0,0.0,24 months,6841,0.018982673063874245,0.012253855355083942,0.9956379532814026,0.04114565034032299,-0.6330441424349798,-0.7895724137852222,-0.48448045355274916,3365,12.216290212183436,5.248117727583846,0.3011837942647209
dkasc_17,tcn,1,0.0,24 months,6841,0.01898062415421009,0.012410297989845276,0.995638906955719,0.04114120925237207,-0.6115932835285998,-0.742826590914401,-0.46115325301518295,3365,12.216290212183436,5.248117727583846,0.3011837942647209
dkasc_17,tcn,2,0.0,24 months,6841,0.018007958307862282,0.011633156798779964,0.9960744380950928,0.03903291983090146,-0.5848119294402321,-0.717596644317553,-0.44903371016498106,3365,12.216290212183436,5.248117727583846,0.3011837942647209
dkasc_17,tcn,3,0.0,24 months,6841,0.018503256142139435,0.011829760856926441,0.9958555102348328,0.04010649632009838,-0.5614748881672127,-0.6791324234417276,-0.42823481975918787,3365,12.216290212183436,5.248117727583846,0.3011837942647209
dkasc_17,tcn,4,0.0,24 months,6841,0.019036587327718735,0.012612743303179741,0.995613157749176,0.04126251151372238,-0.6129105395518031,-0.7245974679135903,-0.4579104774863674,3365,12.216290212183436,5.248117727583846,0.3011837942647209
dkasc_17,patchtst,0,0.0,24 months,6841,0.020336559042334557,0.013253378681838512,0.9949935674667358,0.044080248585941444,-0.6384193252434069,-0.7835606780306814,-0.5093782989250784,3365,12.216290212183436,5.248117727583846,0.3011837942647209
dkasc_17,patchtst,1,0.0,24 months,6841,0.021315643563866615,0.014222836121916771,0.994499921798706,0.04620245072475648,-0.660209446407233,-0.7952473855280084,-0.5147622111909333,3365,12.216290212183436,5.248117727583846,0.3011837942647209
dkasc_17,patchtst,2,0.0,24 months,6841,0.02001672238111496,0.013157770037651062,0.9951497912406921,0.04338699071945044,-0.5837715662900589,-0.736402593981067,-0.4566617383304994,3365,12.216290212183436,5.248117727583846,0.3011837942647209
dkasc_17,patchtst,3,0.0,24 months,6841,0.0198555625975132,0.01286030001938343,0.995227575302124,0.04303767089064194,-0.6379347405098379,-0.7580661471790595,-0.5061565351943464,3365,12.216290212183436,5.248117727583846,0.3011837942647209
dkasc_17,patchtst,4,0.0,24 months,6841,0.020155655220150948,0.012831472791731358,0.9950822591781616,0.04368813281869683,-0.6507305694720356,-0.7591918749748939,-0.5026309650591032,3365,12.216290212183436,5.248117727583846,0.3011837942647209
dkasc_17,informer,0,0.0,24 months,6841,0.020432690158486366,0.013456522487103939,0.9949461221694946,0.04428861635789316,-0.6304430117975546,-0.7890921428937769,-0.5062410543967085,3365,12.216290212183436,5.248117727583846,0.3011837942647209
dkasc_17,informer,1,0.0,24 months,6841,0.020309951156377792,0.013410934247076511,0.9950066804885864,0.04402257500286975,-0.603228016346602,-0.7412462698114575,-0.482583520438597,3365,12.216290212183436,5.248117727583846,0.3011837942647209
dkasc_17,informer,2,0.0,24 months,6841,0.0202733613550663,0.01364814955741167,0.9950246214866638,0.043943265246771716,-0.6103157835266271,-0.7458941253487783,-0.5000870380252875,3365,12.216290212183436,5.248117727583846,0.3011837942647209
dkasc_17,informer,3,0.0,24 months,6841,0.020988784730434418,0.013583502732217312,0.9946672916412354,0.04549397203865187,-0.6539780020112475,-0.823631657251156,-0.5155509612238691,3365,12.216290212183436,5.248117727583846,0.3011837942647209
dkasc_17,informer,4,0.0,24 months,6841,0.020390620455145836,0.013263150118291378,0.9949669241905212,0.04419742871020276,-0.64423114187685,-0.7937088539613724,-0.5015680067080863,3365,12.216290212183436,5.248117727583846,0.3011837942647209
dkasc_17,tcn,0,-0.25,24 months,6841,0.0192743968218565,0.012718209065496922,0.995469331741333,0.04193509997803849,-0.8740729694508453,-1.0418183340887954,-0.7632576896186127,3365,12.216290212183436,5.248117727583846,0.3011837942647209
dkasc_17,tcn,1,-0.25,24 months,6841,0.019167007878422737,0.012526407837867737,0.9955196976661682,0.04170145499702803,-0.878360876021067,-1.017799043794263,-0.7191099515643229,3365,12.216290212183436,5.248117727583846,0.3011837942647209
dkasc_17,tcn,2,-0.25,24 months,6841,0.018578147515654564,0.011864796280860901,0.9957907199859619,0.04042027777451774,-0.8732929316932259,-0.980161512241251,-0.7513925506924313,3365,12.216290212183436,5.248117727583846,0.3011837942647209
dkasc_17,tcn,3,-0.25,24 months,6841,0.018825851380825043,0.012076626531779766,0.9956777691841125,0.04095920443701602,-0.80781937244615,-0.9450952988382721,-0.6866570577917432,3365,12.216290212183436,5.248117727583846,0.3011837942647209
dkasc_17,tcn,4,-0.25,24 months,6841,0.0189276784658432,0.012189874425530434,0.9956308603286743,0.0411807485418809,-0.8408897323403886,-0.972938401104606,-0.7534019302178896,3365,12.216290212183436,5.248117727583846,0.3011837942647209
dkasc_17,patchtst,0,-0.25,24 months,6841,0.020541906356811523,0.013436094857752323,0.9948538541793823,0.044692806979856683,-0.8990036848425885,-1.0302558021856174,-0.7582533546015557,3365,12.216290212183436,5.248117727583846,0.3011837942647209
dkasc_17,patchtst,1,-0.25,24 months,6841,0.02132270485162735,0.01432113815099001,0.9944552183151245,0.04639158195296891,-0.9053705897468678,-1.0346648093950939,-0.7526227846709865,3365,12.216290212183436,5.248117727583846,0.3011837942647209
dkasc_17,patchtst,2,-0.25,24 months,6841,0.02033071592450142,0.013469436205923557,0.9949591159820557,0.044233322204525784,-0.8333352904663194,-0.9662650164328435,-0.7232014477247417,3365,12.216290212183436,5.248117727583846,0.3011837942647209
dkasc_17,patchtst,3,-0.25,24 months,6841,0.020005246624350548,0.0129861980676651,0.9951192140579224,0.043525202112999394,-0.8738002047416926,-0.9883792781795853,-0.7402228473457173,3365,12.216290212183436,5.248117727583846,0.3011837942647209
dkasc_17,patchtst,4,-0.25,24 months,6841,0.02038223296403885,0.013032807968556881,0.994933545589447,0.04434540727901823,-0.8894042536751967,-1.0088077422635124,-0.7513846310764398,3365,12.216290212183436,5.248117727583846,0.3011837942647209
dkasc_17,informer,0,-0.25,24 months,6841,0.021294523030519485,0.01425834372639656,0.9944698810577393,0.04633026706479657,-0.8734939752366657,-1.0359829801831686,-0.7199854975789233,3365,12.216290212183436,5.248117727583846,0.3011837942647209
dkasc_17,informer,1,-0.25,24 months,6841,0.02022787742316723,0.013116041198372841,0.9950100183486938,0.04400957757194923,-0.875600789935911,-0.9919238048295531,-0.7580260066865963,3365,12.216290212183436,5.248117727583846,0.3011837942647209
dkasc_17,informer,2,-0.25,24 months,6841,0.02033380977809429,0.013301393948495388,0.9949575662612915,0.04424005346885191,-0.8158246835542547,-0.9922365591717552,-0.7075238377435511,3365,12.216290212183436,5.248117727583846,0.3011837942647209
dkasc_17,informer,3,-0.25,24 months,6841,0.02150106243789196,0.01444961130619049,0.9943620562553406,0.046779632654683566,-0.878289382767039,-1.062604366354647,-0.7456432474085783,3365,12.216290212183436,5.248117727583846,0.3011837942647209
dkasc_17,informer,4,-0.25,24 months,6841,0.020556818693876266,0.013430292718112469,0.9948464035987854,0.04472525159285786,-0.8564383793760455,-1.0218357425086508,-0.7319851419953362,3365,12.216290212183436,5.248117727583846,0.3011837942647209
dkasc_17,tcn,0,-0.5,24 months,6841,0.019498689100146294,0.012939626350998878,0.9953286647796631,0.04258324925386112,-1.1077532630825115,-1.2422455027933155,-0.9327736764031869,3365,12.216290212183436,5.248117727583846,0.3011837942647209
dkasc_17,tcn,1,-0.5,24 months,6841,0.019567586481571198,0.012850209139287472,0.9952956438064575,0.0427337144646805,-1.1171774243971089,-1.2500254407995737,-0.9450674566054118,3365,12.216290212183436,5.248117727583846,0.3011837942647209
dkasc_17,tcn,2,-0.5,24 months,6841,0.019685048609972,0.01287893857806921,0.9952389597892761,0.04299024038116085,-1.107217770145863,-1.2243911974256116,-0.97502231327804,3365,12.216290212183436,5.248117727583846,0.3011837942647209
dkasc_17,tcn,3,-0.5,24 months,6841,0.01887160912156105,0.012213674373924732,0.995624303817749,0.04121376729058386,-1.072255740907968,-1.2055415827261773,-0.9640682055798581,3365,12.216290212183436,5.248117727583846,0.3011837942647209
dkasc_17,tcn,4,-0.5,24 months,6841,0.019296493381261826,0.012775220908224583,0.9954250454902649,0.04214167337913956,-1.0789365307473542,-1.1955850753536748,-0.9574410130138267,3365,12.216290212183436,5.248117727583846,0.3011837942647209
dkasc_17,patchtst,0,-0.5,24 months,6841,0.020791232585906982,0.013684019446372986,0.994688868522644,0.045406039090804005,-1.1257812317131854,-1.2706602637095332,-1.0139741673947156,3365,12.216290212183436,5.248117727583846,0.3011837942647209
dkasc_17,patchtst,1,-0.5,24 months,6841,0.02175316773355007,0.014758722856640816,0.9941860437393188,0.047506812324725055,-1.1458107701310283,-1.2724912946500577,-0.9849425874064122,3365,12.216290212183436,5.248117727583846,0.3011837942647209
dkasc_17,patchtst,2,-0.5,24 months,6841,0.020474201068282127,0.0136037552729249,0.9948495626449585,0.044713672949315664,-1.0813872049733275,-1.2028394799595832,-0.9507616620927907,3365,12.216290212183436,5.248117727583846,0.3011837942647209
dkasc_17,patchtst,3,-0.5,24 months,6841,0.02021987922489643,0.013189045712351799,0.9949767589569092,0.04415825866520806,-1.1109335329973824,-1.2397003232872448,-0.9877873111849289,3365,12.216290212183436,5.248117727583846,0.3011837942647209
dkasc_17,patchtst,4,-0.5,24 months,6841,0.02066866122186184,0.01332707516849041,0.9947512745857239,0.045138355098320586,-1.1125559373870164,-1.2374281018645608,-1.005764870705213,3365,12.216290212183436,5.248117727583846,0.3011837942647209
dkasc_17,informer,0,-0.5,24 months,6841,0.02073727920651436,0.013642285019159317,0.9947164058685303,0.045288210133638526,-1.1315550997378623,-1.2719534977330693,-0.9697403353923632,3365,12.216290212183436,5.248117727583846,0.3011837942647209
dkasc_17,informer,1,-0.5,24 months,6841,0.02043825015425682,0.01359990332275629,0.9948676824569702,0.04463515963362655,-1.1063938521697514,-1.2281110196323675,-0.9825682859074506,3365,12.216290212183436,5.248117727583846,0.3011837942647209
dkasc_17,informer,2,-0.5,24 months,6841,0.020839670673012733,0.014282443560659885,0.9946640729904175,0.04551182318357099,-1.0994759699761862,-1.2419319142029033,-0.9742762888906631,3365,12.216290212183436,5.248117727583846,0.3011837942647209
dkasc_17,informer,3,-0.5,24 months,6841,0.021511176601052284,0.014326917938888073,0.9943146705627441,0.0469783271194145,-1.1703006813123529,-1.3121166378568971,-1.0137743860041626,3365,12.216290212183436,5.248117727583846,0.3011837942647209
dkasc_17,informer,4,-0.5,24 months,6841,0.020488422363996506,0.01340461615473032,0.9948424100875854,0.044744730882339157,-1.1420586486677986,-1.2820666127292824,-0.986383663192758,3365,12.216290212183436,5.248117727583846,0.3011837942647209
dkasc_17,tcn,0,-1.0,24 months,6841,0.019586453214287758,0.012722019106149673,0.9952159523963928,0.0431003463440121,-1.610144218412124,-1.7286289480965444,-1.4713560965456174,3365,12.216290212183436,5.248117727583846,0.3011837942647209
dkasc_17,tcn,1,-1.0,24 months,6841,0.019682476297020912,0.013079790398478508,0.995168924331665,0.0433116468830908,-1.6113577683710578,-1.7320485765729643,-1.4750266194517876,3365,12.216290212183436,5.248117727583846,0.3011837942647209
dkasc_17,tcn,2,-1.0,24 months,6841,0.019857138395309448,0.013375647366046906,0.9950827956199646,0.04369599400541289,-1.615440480257434,-1.7240502955773063,-1.458022814027665,3365,12.216290212183436,5.248117727583846,0.3011837942647209
dkasc_17,tcn,3,-1.0,24 months,6841,0.019318902865052223,0.012543989345431328,0.9953457713127136,0.042511596936942266,-1.574686632329103,-1.7040356684703863,-1.4410974353905148,3365,12.216290212183436,5.248117727583846,0.3011837942647209
dkasc_17,tcn,4,-1.0,24 months,6841,0.019817698746919632,0.01340490486472845,0.9951023459434509,0.043609206342190274,-1.5378671351095647,-1.6574174703164906,-1.4329077465853213,3365,12.216290212183436,5.248117727583846,0.3011837942647209
dkasc_17,patchtst,0,-1.0,24 months,6841,0.021429041400551796,0.014290016144514084,0.9942734837532043,0.04715499514277641,-1.6278920338123615,-1.7473955885196124,-1.4961601932730773,3365,12.216290212183436,5.248117727583846,0.3011837942647209
dkasc_17,patchtst,1,-1.0,24 months,6841,0.02236686274409294,0.015422710217535496,0.9937613010406494,0.049218688057119084,-1.609873995242197,-1.7808652175840045,-1.4650027657663434,3365,12.216290212183436,5.248117727583846,0.3011837942647209
dkasc_17,patchtst,2,-1.0,24 months,6841,0.021338339895009995,0.014492330141365528,0.994321882724762,0.04695540483104384,-1.5751001524486385,-1.6988893486523993,-1.4579947498878667,3365,12.216290212183436,5.248117727583846,0.3011837942647209
dkasc_17,patchtst,3,-1.0,24 months,6841,0.020783374086022377,0.013745618984103203,0.9946134090423584,0.045734192480101056,-1.6009077538112537,-1.7322848678413054,-1.4767067519596,3365,12.216290212183436,5.248117727583846,0.3011837942647209
dkasc_17,patchtst,4,-1.0,24 months,6841,0.022711103782057762,0.015664944425225258,0.9935678243637085,0.049976196718834465,-1.6384978354425357,-1.750836073763168,-1.4969029403027578,3365,12.216290212183436,5.248117727583846,0.3011837942647209
dkasc_17,informer,0,-1.0,24 months,6841,0.021796638146042824,0.01462576538324356,0.994075357913971,0.04796389846346734,-1.5829914009614612,-1.7189570988690617,-1.4721713791039037,3365,12.216290212183436,5.248117727583846,0.3011837942647209
dkasc_17,informer,1,-1.0,24 months,6841,0.021034881472587585,0.013943447731435299,0.9944822192192078,0.04628763905618306,-1.5986246146251544,-1.7122807699878617,-1.4844492823281152,3365,12.216290212183436,5.248117727583846,0.3011837942647209
dkasc_17,informer,2,-1.0,24 months,6841,0.019996779039502144,0.013104379177093506,0.995013415813446,0.04400327578137096,-1.5412596612023268,-1.6690223485025468,-1.41357292221852,3365,12.216290212183436,5.248117727583846,0.3011837942647209
dkasc_17,informer,3,-1.0,24 months,6841,0.022074222564697266,0.014883921481668949,0.9939234852790833,0.048574728022694545,-1.6237396159625606,-1.7859819215170591,-1.46801012401706,3365,12.216290212183436,5.248117727583846,0.3011837942647209
dkasc_17,informer,4,-1.0,24 months,6841,0.020876102149486542,0.013834984973073006,0.9945652484893799,0.045938242269380904,-1.6106416704321287,-1.7231127791864904,-1.48151187179486,3365,12.216290212183436,5.248117727583846,0.3011837942647209
dkasc_17,tcn,0,-2.0,24 months,6841,0.02189653553068638,0.015117586590349674,0.9938405752182007,0.04892820642302825,-2.583268035472386,-2.6964614889377057,-2.4405504385156673,3365,12.216290212183436,5.248117727583846,0.3011837942647209
dkasc_17,tcn,1,-2.0,24 months,6841,0.02139192447066307,0.014754336327314377,0.9941211938858032,0.04780064384247469,-2.5755830518628064,-2.699451869618319,-2.4573969888287084,3365,12.216290212183436,5.248117727583846,0.3011837942647209
dkasc_17,tcn,2,-2.0,24 months,6841,0.021679803729057312,0.015211736783385277,0.9939618706703186,0.04844391527506648,-2.6050674582808613,-2.706531768347867,-2.482798665042274,3365,12.216290212183436,5.248117727583846,0.3011837942647209
dkasc_17,tcn,3,-2.0,24 months,6841,0.021025536581873894,0.014162085950374603,0.994320809841156,0.046981943449051655,-2.547324906641746,-2.6547231549227113,-2.426145464463436,3365,12.216290212183436,5.248117727583846,0.3011837942647209
dkasc_17,tcn,4,-2.0,24 months,6841,0.02151450887322426,0.015031423419713974,0.9940536022186279,0.048074560916906484,-2.54481513651017,-2.679743720659633,-2.419614537843576,3365,12.216290212183436,5.248117727583846,0.3011837942647209
dkasc_17,patchtst,0,-2.0,24 months,6841,0.023224854841828346,0.01605023629963398,0.9930705428123474,0.051896360054463096,-2.587420395476081,-2.735213637360878,-2.474395626918946,3365,12.216290212183436,5.248117727583846,0.3011837942647209
dkasc_17,patchtst,1,-2.0,24 months,6841,0.02281675860285759,0.016018163412809372,0.9933119416236877,0.05098446159487163,-2.5850390454793093,-2.70060873821814,-2.487759452526861,3365,12.216290212183436,5.248117727583846,0.3011837942647209
dkasc_17,patchtst,2,-2.0,24 months,6841,0.022537019103765488,0.015483780764043331,0.9934749603271484,0.05035937860231003,-2.533867007559165,-2.6459569025321428,-2.4317896551148372,3365,12.216290212183436,5.248117727583846,0.3011837942647209
dkasc_17,patchtst,3,-2.0,24 months,6841,0.02252647653222084,0.015441997908055782,0.9934810400009155,0.050335821034673676,-2.589413930515938,-2.7025262327857735,-2.4575236707024453,3365,12.216290212183436,5.248117727583846,0.3011837942647209
dkasc_17,patchtst,4,-2.0,24 months,6841,0.02433045394718647,0.017210422083735466,0.9923951029777527,0.054366841340064996,-2.639034563977538,-2.734798608723981,-2.489112200082366,3365,12.216290212183436,5.248117727583846,0.3011837942647209
dkasc_17,informer,0,-2.0,24 months,6841,0.023067187517881393,0.015923738479614258,0.9931643605232239,0.051544049554866855,-2.5803278012023387,-2.690449410053264,-2.455341203245287,3365,12.216290212183436,5.248117727583846,0.3011837942647209
dkasc_17,informer,1,-2.0,24 months,6841,0.02252057008445263,0.015708038583397865,0.9934844374656677,0.050322622969837125,-2.574002811254139,-2.662269881928887,-2.4781278129804907,3365,12.216290212183436,5.248117727583846,0.3011837942647209
dkasc_17,informer,2,-2.0,24 months,6841,0.02280607260763645,0.01579384133219719,0.9933182001113892,0.050960583544424676,-2.5414706276357113,-2.6491939521228747,-2.420730216696454,3365,12.216290212183436,5.248117727583846,0.3011837942647209
dkasc_17,informer,3,-2.0,24 months,6841,0.023697344586253166,0.016783325001597404,0.9927857518196106,0.052952146971785394,-2.589235987065419,-2.7256810589452396,-2.4653711779117127,3365,12.216290212183436,5.248117727583846,0.3011837942647209
dkasc_17,informer,4,-2.0,24 months,6841,0.023138385266065598,0.016840647906064987,0.9931221008300781,0.05170314221658631,-2.5456138534246553,-2.6888540760191315,-2.4470195084912105,3365,12.216290212183436,5.248117727583846,0.3011837942647209
dkasc_12,tcn,0,0.0,24 months,6885,0.01819946989417076,0.012279793620109558,0.9954100251197815,0.04419750925442286,-1.2674498760544273,-1.4363442117457215,-1.0893541365731618,3401,12.216290212183436,5.297399041752225,0.300949399050601
dkasc_12,tcn,1,0.0,24 months,6885,0.018054232001304626,0.01246184203773737,0.9954830408096313,0.043844798260565844,-1.246186334145849,-1.4365672575786974,-1.0673795373775108,3401,12.216290212183436,5.297399041752225,0.30088879911120087
dkasc_12,tcn,2,0.0,24 months,6885,0.018016137182712555,0.012378940358757973,0.9955020546913147,0.04375228479137914,-1.2382392042530592,-1.426844910723124,-1.1068127971530435,3401,12.216290212183436,5.297399041752225,0.3006867993132007
dkasc_12,tcn,3,0.0,24 months,6885,0.018524430692195892,0.012744645588099957,0.9952446818351746,0.04498667827756241,-1.2260069304779853,-1.3874262139482618,-1.048537352344181,3401,12.216290212183436,5.297399041752225,0.3009190990809009
dkasc_12,tcn,4,0.0,24 months,6885,0.018749164417386055,0.01304340735077858,0.9951285719871521,0.0455324453222418,-1.2226416295871734,-1.396377531802051,-1.0307654875760353,3401,12.216290212183436,5.297399041752225,0.3008988991011009
dkasc_12,patchtst,0,0.0,24 months,6885,0.021179068833589554,0.015088951215147972,0.9937841296195984,0.051433481096746184,-1.2333886806563787,-1.448317390250775,-1.064727941681493,3401,12.216290212183436,5.297399041752225,0.300949399050601
dkasc_12,patchtst,1,0.0,24 months,6885,0.02078237570822239,0.014724566601216793,0.9940147995948792,0.050470109735847535,-1.2349371633721553,-1.3929004962160985,-1.082121363275368,3401,12.216290212183436,5.297399041752225,0.300949399050601
dkasc_12,patchtst,2,0.0,24 months,6885,0.02176005393266678,0.015494189225137234,0.9934383630752563,0.052844406494159654,-1.2025764189340427,-1.392909384498615,-1.0187337075684533,3401,12.216290212183436,5.297399041752225,0.300949399050601
dkasc_12,patchtst,3,0.0,24 months,6885,0.02107761614024639,0.015201474539935589,0.9938434958457947,0.051187102692375364,-1.2576123459728472,-1.4300673041002883,-1.064246076792863,3401,12.216290212183436,5.297399041752225,0.300949399050601
dkasc_12,patchtst,4,0.0,24 months,6885,0.021502114832401276,0.015186021104454994,0.9935930371284485,0.052218000019830776,-1.2199269223940878,-1.435698279636558,-1.068894773216048,3401,12.216290212183436,5.297399041752225,0.3009089990910009
dkasc_12,informer,0,0.0,24 months,6885,0.019569208845496178,0.013373366557061672,0.9946931600570679,0.047523927569317795,-1.206957753244184,-1.3625127666200276,-1.0541814026885699,3401,12.216290212183436,5.297399041752225,0.30088879911120087
dkasc_12,informer,1,0.0,24 months,6885,0.020160067826509476,0.014299210160970688,0.9943678379058838,0.04895883174143099,-1.2376590459106662,-1.42194544305132,-1.0230599752032348,3401,12.216290212183436,5.297399041752225,0.300949399050601
dkasc_12,informer,2,0.0,24 months,6885,0.019831687211990356,0.013417419046163559,0.9945498108863831,0.048161357675780836,-1.171781114769399,-1.3608135937193724,-0.9696143444757895,3401,12.216290212183436,5.297399041752225,0.300949399050601
dkasc_12,informer,3,0.0,24 months,6885,0.020808860659599304,0.014820882119238377,0.9939994812011719,0.05053442858086835,-1.241382164921423,-1.5031596764764732,-1.0165826566486347,3401,12.216290212183436,5.297399041752225,0.300949399050601
dkasc_12,informer,4,0.0,24 months,6885,0.01962042599916458,0.013675427995622158,0.9946653246879578,0.047648308698900556,-1.1787094771133377,-1.351886751357989,-1.041918739394601,3401,12.216290212183436,5.297399041752225,0.300949399050601
dkasc_12,tcn,0,-0.25,24 months,6885,0.018637169152498245,0.012979848310351372,0.9951506853103638,0.04543026414674908,-1.5376932035523803,-1.6740362085828078,-1.3638491024288713,3401,12.216290212183436,5.297399041752225,0.30086859913140085
dkasc_12,tcn,1,-0.25,24 months,6885,0.01951192319393158,0.01373372133821249,0.9946847558021545,0.047562578708074274,-1.5068750016561938,-1.6554442871003494,-1.3377190708465436,3401,12.216290212183436,5.297399041752225,0.300949399050601
dkasc_12,tcn,2,-0.25,24 months,6885,0.018287265673279762,0.012414184398949146,0.9953310489654541,0.044577333781805145,-1.4632802322710803,-1.6266237767990854,-1.2991388687143446,3401,12.216290212183436,5.297399041752225,0.3008281991718008
dkasc_12,tcn,3,-0.25,24 months,6885,0.01871943101286888,0.012952279299497604,0.9951077699661255,0.04563078698448595,-1.5219453525892823,-1.68519597279011,-1.362781897883946,3401,12.216290212183436,5.297399041752225,0.3009190990809009
dkasc_12,tcn,4,-0.25,24 months,6885,0.019414065405726433,0.0139417489990592,0.994737982749939,0.047324038985083104,-1.439899528085825,-1.6258702380120003,-1.2235107087355979,3401,12.216290212183436,5.297399041752225,0.3001817998182002
dkasc_12,patchtst,0,-0.25,24 months,6885,0.02138550579547882,0.015260577201843262,0.9936150312423706,0.05212965387880292,-1.4779346174698782,-1.6884904135581875,-1.2917904607457862,3401,12.216290212183436,5.297399041752225,0.300949399050601
dkasc_12,patchtst,1,-0.25,24 months,6885,0.02101658098399639,0.014880744740366936,0.9938334226608276,0.05123035680751515,-1.4736908658136816,-1.6449473031839967,-1.277869010627175,3401,12.216290212183436,5.297399041752225,0.300949399050601
dkasc_12,patchtst,2,-0.25,24 months,6885,0.02183677814900875,0.01563264988362789,0.9933426976203918,0.05322968264686514,-1.4069639281143242,-1.652723687951585,-1.2306011174498033,3401,12.216290212183436,5.297399041752225,0.300949399050601
dkasc_12,patchtst,3,-0.25,24 months,6885,0.02116234228014946,0.015266640111804008,0.9937475919723511,0.05158566689417167,-1.4490714231262358,-1.626089264136482,-1.294615491922202,3401,12.216290212183436,5.297399041752225,0.300949399050601
dkasc_12,patchtst,4,-0.25,24 months,6885,0.021555965766310692,0.015291323885321617,0.9935128092765808,0.05254516985325019,-1.4614422616153089,-1.6388853394738723,-1.2722858227694367,3401,12.216290212183436,5.297399041752225,0.3008988991011009
dkasc_12,informer,0,-0.25,24 months,6885,0.019561031833291054,0.013660050928592682,0.9946579933166504,0.047682286719507395,-1.3920092673425701,-1.6028928892374048,-1.257422671046117,3401,12.216290212183436,5.297399041752225,0.3006362993637006
dkasc_12,informer,1,-0.25,24 months,6885,0.020223377272486687,0.014304782263934612,0.9942901134490967,0.0492968306458321,-1.4863413965469752,-1.6580558429916836,-1.2487131153126496,3401,12.216290212183436,5.297399041752225,0.300949399050601
dkasc_12,informer,2,-0.25,24 months,6885,0.019267531111836433,0.013447434641420841,0.9948170781135559,0.046966844626674456,-1.3809514709916093,-1.5755754825120039,-1.2106890246060042,3401,12.216290212183436,5.297399041752225,0.300949399050601
dkasc_12,informer,3,-0.25,24 months,6885,0.022915394976735115,0.016430990770459175,0.9926688075065613,0.05585893642439866,-1.424186969533947,-1.6616300625386438,-1.2465083635228789,3401,12.216290212183436,5.297399041752225,0.300949399050601
dkasc_12,informer,4,-0.25,24 months,6885,0.024588828906416893,0.017613137140870094,0.9915589690208435,0.05993812596415688,-1.338995307657842,-1.5105517337526186,-1.130265835647651,3401,12.216290212183436,5.297399041752225,0.300949399050601
dkasc_12,tcn,0,-0.5,24 months,6885,0.018866242840886116,0.013115941546857357,0.9949936270713806,0.046161839398676775,-1.7371523470025463,-1.890082595654241,-1.5360578007509156,3401,12.216290212183436,5.297399041752225,0.30076759923240076
dkasc_12,tcn,1,-0.5,24 months,6885,0.018385205417871475,0.012750992551445961,0.9952456951141357,0.04498483916321748,-1.7178096412755472,-1.891609910387785,-1.5326163504423618,3401,12.216290212183436,5.297399041752225,0.30086859913140085
dkasc_12,tcn,2,-0.5,24 months,6885,0.01851801387965679,0.012674259953200817,0.9951767325401306,0.0453097943191234,-1.6906591162188733,-1.8628414202981807,-1.5262462998200554,3401,12.216290212183436,5.297399041752225,0.30088879911120087
dkasc_12,tcn,3,-0.5,24 months,6885,0.0189514197409153,0.013173081912100315,0.9949483275413513,0.046370249860303143,-1.6821709216014225,-1.8208819865484616,-1.5414832303665693,3401,12.216290212183436,5.297399041752225,0.30092919907080096
dkasc_12,tcn,4,-0.5,24 months,6885,0.01917586475610733,0.013480737805366516,0.9948279857635498,0.04691942092910094,-1.7247098076145329,-1.8702986369805275,-1.5692279608135646,3401,12.216290212183436,5.297399041752225,0.30022219977780024
dkasc_12,patchtst,0,-0.5,24 months,6885,0.02157638408243656,0.015448842197656631,0.9934520125389099,0.052793000981578686,-1.7166738116539237,-1.9011178518311227,-1.5427126544341863,3401,12.216290212183436,5.297399041752225,0.300949399050601
dkasc_12,patchtst,1,-0.5,24 months,6885,0.02121792733669281,0.015104075893759727,0.993667721748352,0.05191593060418826,-1.6773204277314524,-1.8695209721013462,-1.5123969885048054,3401,12.216290212183436,5.297399041752225,0.300949399050601
dkasc_12,patchtst,2,-0.5,24 months,6885,0.021912705153226852,0.015787361189723015,0.9932462573051453,0.05361590988756217,-1.6542209147049594,-1.8465726040321873,-1.4986345171830173,3401,12.216290212183436,5.297399041752225,0.300949399050601
dkasc_12,patchtst,3,-0.5,24 months,6885,0.021349607035517693,0.015446621924638748,0.993588924407959,0.052238123907883426,-1.6653013553353802,-1.8528897404289646,-1.5521787291646216,3401,12.216290212183436,5.297399041752225,0.300949399050601
dkasc_12,patchtst,4,-0.5,24 months,6885,0.022753184661269188,0.01654558628797531,0.9927182197570801,0.05567239142420643,-1.6819867824289902,-1.8882542033987537,-1.4680922713707394,3401,12.216290212183436,5.297399041752225,0.3008988991011009
dkasc_12,informer,0,-0.5,24 months,6885,0.019860196858644485,0.01382447686046362,0.9944522380828857,0.048593841685745626,-1.6265316139336101,-1.7937829015232998,-1.4958303174034904,3401,12.216290212183436,5.297399041752225,0.3008988991011009
dkasc_12,informer,1,-0.5,24 months,6885,0.021941252052783966,0.01582936756312847,0.9932286739349365,0.05368575831492524,-1.6631523697731354,-1.8303348049462094,-1.494179590017265,3401,12.216290212183436,5.297399041752225,0.300949399050601
dkasc_12,informer,2,-0.5,24 months,6885,0.020261233672499657,0.01411721482872963,0.9942259192466736,0.04957509678514569,-1.676562393051606,-1.8017885617127916,-1.4815153046420781,3401,12.216290212183436,5.297399041752225,0.300949399050601
dkasc_12,informer,3,-0.5,24 months,6885,0.021002119407057762,0.015070845372974873,0.9937959313392639,0.05138789271806583,-1.6848881846773787,-1.869096824047789,-1.439979680172132,3401,12.216290212183436,5.297399041752225,0.300949399050601
dkasc_12,informer,4,-0.5,24 months,6885,0.024668246507644653,0.01801077090203762,0.9914408922195435,0.060358156265488704,-1.5389770792125428,-1.7450394630742154,-1.3565681243172916,3401,12.216290212183436,5.297399041752225,0.300949399050601
dkasc_12,tcn,0,-1.0,24 months,6885,0.019558439031243324,0.013913128525018692,0.9945387840270996,0.04821866382010498,-2.1753958074299695,-2.326761976501688,-1.9803684508602815,3401,12.216290212183436,5.297399041752225,0.3008988991011009
dkasc_12,tcn,1,-1.0,24 months,6885,0.019872428849339485,0.013998561538755894,0.9943620562553406,0.04899276289097303,-2.187110141752444,-2.3522108497432836,-2.035092640226943,3401,12.216290212183436,5.297399041752225,0.300949399050601
dkasc_12,tcn,2,-1.0,24 months,6885,0.019051754847168922,0.013324095867574215,0.9948180913925171,0.046969503071856114,-2.13973533680476,-2.314351076666532,-1.998184435389272,3401,12.216290212183436,5.297399041752225,0.3008079991920008
dkasc_12,tcn,3,-1.0,24 months,6885,0.01974223181605339,0.013780307024717331,0.9944356679916382,0.04867177986321868,-2.138761421938229,-2.293917926086925,-1.9659976410953184,3401,12.216290212183436,5.297399041752225,0.3009089990910009
dkasc_12,tcn,4,-1.0,24 months,6885,0.01919206604361534,0.013633577153086662,0.9947414994239807,0.04731542118939294,-2.181992765492513,-2.3589186239549074,-2.001892468433897,3401,12.216290212183436,5.297399041752225,0.3004443995556004
dkasc_12,patchtst,0,-1.0,24 months,6885,0.02206280268728733,0.016013357788324356,0.9930506944656372,0.05439283083932229,-2.1763384688903464,-2.334355451413376,-1.9580540441081595,3401,12.216290212183436,5.297399041752225,0.300949399050601
dkasc_12,patchtst,1,-1.0,24 months,6885,0.021841004490852356,0.015854906290769577,0.9931897521018982,0.05384601763747528,-2.1312871556246393,-2.2935431216644955,-1.9824910860935518,3401,12.216290212183436,5.297399041752225,0.300949399050601
dkasc_12,patchtst,2,-1.0,24 months,6885,0.022523431107401848,0.016533274203538895,0.9927574992179871,0.055528447383158305,-2.157607797264105,-2.303702735273294,-1.9977296223962049,3401,12.216290212183436,5.297399041752225,0.300949399050601
dkasc_12,patchtst,3,-1.0,24 months,6885,0.02173004299402237,0.015799477696418762,0.9932587742805481,0.05357245720128332,-2.1334184689137725,-2.2959075173339807,-2.0060742218982575,3401,12.216290212183436,5.297399041752225,0.300949399050601
dkasc_12,patchtst,4,-1.0,24 months,6885,0.022223038598895073,0.016045963391661644,0.9929494261741638,0.05478787062452086,-2.159554430598909,-2.3205978987906613,-1.9705301893277545,3401,12.216290212183436,5.297399041752225,0.30088879911120087
dkasc_12,informer,0,-1.0,24 months,6885,0.02000676654279232,0.013940989039838314,0.9942855834960938,0.04932395415161622,-2.1507166045316066,-2.295522353868138,-1.9830378499247958,3401,12.216290212183436,5.297399041752225,0.30088879911120087
dkasc_12,informer,1,-1.0,24 months,6885,0.021029945462942123,0.015082234516739845,0.9936861395835876,0.05184646222599321,-2.1659153353826177,-2.325145010538344,-1.9779426953017154,3401,12.216290212183436,5.297399041752225,0.300949399050601
dkasc_12,informer,2,-1.0,24 months,6885,0.02090892381966114,0.014708009548485279,0.9937586188316345,0.05154809987084817,-2.091257737158092,-2.2622370786943513,-1.90385618431963,3401,12.216290212183436,5.297399041752225,0.300949399050601
dkasc_12,informer,3,-1.0,24 months,6885,0.02153271809220314,0.015688763931393623,0.993380606174469,0.053085979569353826,-2.1298899235480007,-2.3470517912058564,-1.963254508009015,3401,12.216290212183436,5.297399041752225,0.300949399050601
dkasc_12,informer,4,-1.0,24 months,6885,0.02544885128736496,0.018650751560926437,0.9907539486885071,0.06274067183342545,-2.0150670585933783,-2.2383563127511774,-1.8363929261967522,3401,12.216290212183436,5.297399041752225,0.300949399050601
dkasc_12,tcn,0,-2.0,24 months,6885,0.020912477746605873,0.015152477659285069,0.9935676455497742,0.0523514179108876,-3.0323190795556676,-3.2113023762906923,-2.8981447723292697,3401,12.216290212183436,5.297399041752225,0.3009089990910009
dkasc_12,tcn,1,-2.0,24 months,6885,0.02036302164196968,0.014618370682001114,0.9939011931419373,0.050975932590303516,-3.090529261956554,-3.2497261683709477,-2.9264432168609855,3401,12.216290212183436,5.297399041752225,0.30088879911120087
dkasc_12,tcn,2,-2.0,24 months,6885,0.021233288571238518,0.015162738971412182,0.9933687448501587,0.05315452224669046,-3.042719312923836,-3.205711023284763,-2.8657779156447516,3401,12.216290212183436,5.297399041752225,0.30093929906070094
dkasc_12,tcn,3,-2.0,24 months,6885,0.02270573191344738,0.016597459092736244,0.9924171566963196,0.056840575027814935,-3.0563194386232895,-3.222493950350591,-2.9344265527362134,3401,12.216290212183436,5.297399041752225,0.300949399050601
dkasc_12,tcn,4,-2.0,24 months,6885,0.021076751872897148,0.015297808684408665,0.9934661984443665,0.052762654854765105,-3.0569625449447893,-3.2079402670101564,-2.8953739589851275,3401,12.216290212183436,5.297399041752225,0.30074739925260074
dkasc_12,patchtst,0,-2.0,24 months,6885,0.02355557307600975,0.017521822825074196,0.9918389320373535,0.05896803167825408,-3.074169991560838,-3.2477674862128696,-2.923255430660743,3401,12.216290212183436,5.297399041752225,0.300949399050601
dkasc_12,patchtst,1,-2.0,24 months,6885,0.023244142532348633,0.017258943989872932,0.9920532703399658,0.058188409543614185,-3.1108009491269017,-3.254012663771835,-2.930751577822094,3401,12.216290212183436,5.297399041752225,0.300949399050601
dkasc_12,patchtst,2,-2.0,24 months,6885,0.023060843348503113,0.017018252983689308,0.9921781420707703,0.057729546070213536,-3.1140067812888472,-3.276689511616704,-2.9746257772399254,3401,12.216290212183436,5.297399041752225,0.300949399050601
dkasc_12,patchtst,3,-2.0,24 months,6885,0.02308945544064045,0.017146185040473938,0.9921587109565735,0.0578011723792017,-3.0860093116392484,-3.24824346967435,-2.948461316108708,3401,12.216290212183436,5.297399041752225,0.300949399050601
dkasc_12,patchtst,4,-2.0,24 months,6885,0.022747281938791275,0.016660206019878387,0.9923893809318542,0.05694458961505529,-3.090966923753624,-3.221112338547316,-2.906749336496927,3401,12.216290212183436,5.297399041752225,0.3008988991011009
dkasc_12,informer,0,-2.0,24 months,6885,0.02203947678208351,0.01609819382429123,0.9928556680679321,0.05517269993238469,-3.0827966528704525,-3.214857949151817,-2.9325632324413653,3401,12.216290212183436,5.297399041752225,0.3008281991718008
dkasc_12,informer,1,-2.0,24 months,6885,0.02437666244804859,0.01813962310552597,0.9912600517272949,0.0610235123046361,-3.088453832476168,-3.2159297018675925,-2.928855204155023,3401,12.216290212183436,5.297399041752225,0.300949399050601
dkasc_12,informer,2,-2.0,24 months,6885,0.02209840714931488,0.015897607430815697,0.9928174018859863,0.055320223737069775,-2.9958109417181467,-3.14283123749991,-2.877477515615433,3401,12.216290212183436,5.297399041752225,0.300949399050601
dkasc_12,informer,3,-2.0,24 months,6885,0.022957149893045425,0.01713169366121292,0.9922482967376709,0.057469964231702295,-3.054317156707931,-3.2388491980834093,-2.8654521483070683,3401,12.216290212183436,5.297399041752225,0.300949399050601
dkasc_12,informer,4,-2.0,24 months,6885,0.02212509699165821,0.01613093726336956,0.9928000569343567,0.05538703796670921,-3.0563198914486223,-3.1904655805088766,-2.9143896567251715,3401,12.216290212183436,5.297399041752225,0.300949399050601
dkasc_14,tcn,0,0.0,24 months,6832,0.022394215688109398,0.015560808591544628,0.9938991069793701,0.050029167445086606,-1.1065086889817222,-1.2850998496566026,-0.9377050740190074,3377,12.238193018480493,5.264544832306639,0.3008720340701683
dkasc_14,tcn,1,0.0,24 months,6832,0.02186889946460724,0.014963756315410137,0.9941819310188293,0.04885559951695575,-1.0948918780226347,-1.29622742395058,-0.8977514580474133,3377,12.238193018480493,5.264544832306639,0.3008720340701683
dkasc_14,tcn,2,0.0,24 months,6832,0.02262231335043907,0.015641218051314354,0.9937741756439209,0.050538742609560136,-1.0880094592929879,-1.2843347894490535,-0.9284691208436023,3377,12.238193018480493,5.264544832306639,0.3008720340701683
dkasc_14,tcn,3,0.0,24 months,6832,0.022447960451245308,0.015422292985022068,0.9938697814941406,0.05014923442093746,-1.1994169338490457,-1.3474342994010402,-0.9719167442761245,3377,12.238193018480493,5.264544832306639,0.3008720340701683
dkasc_14,tcn,4,0.0,24 months,6832,0.022174440324306488,0.015453957952558994,0.9940182566642761,0.04953818447746972,-1.0607997773783961,-1.2672496922033205,-0.8475954153759901,3377,12.238193018480493,5.264544832306639,0.3008720340701683
dkasc_14,patchtst,0,0.0,24 months,6832,0.025491660460829735,0.01816423609852791,0.9920946955680847,0.05694892678582628,-1.1133311765933174,-1.3038195916412179,-0.9183377961495237,3377,12.238193018480493,5.264544832306639,0.3008720340701683
dkasc_14,patchtst,1,0.0,24 months,6832,0.025902768597006798,0.0187864750623703,0.9918376207351685,0.05786735134997659,-1.1087254428214375,-1.3107964409081108,-0.8997983855557723,3377,12.238193018480493,5.264544832306639,0.3008720340701683
dkasc_14,patchtst,2,0.0,24 months,6832,0.02647262252867222,0.01933440752327442,0.9914745688438416,0.05914041749185838,-1.0501550698659878,-1.2462203468690551,-0.8036742553857465,3377,12.238193018480493,5.264544832306639,0.3008720340701683
dkasc_14,patchtst,3,0.0,24 months,6832,0.025176141411066055,0.018241221085190773,0.9922891855239868,0.05624405033055827,-1.0334276573607744,-1.2578637102452557,-0.8334634256734599,3377,12.238193018480493,5.264544832306639,0.3008720340701683
dkasc_14,patchtst,4,0.0,24 months,6832,0.0257005263119936,0.018619434908032417,0.99196457862854,0.05741553766369622,-1.1010259538685174,-1.3121586801004703,-0.8834456235411237,3377,12.238193018480493,5.264544832306639,0.3008720340701683
dkasc_14,informer,0,0.0,24 months,6832,0.023224644362926483,0.016181940212845802,0.9934382438659668,0.05188436326003469,-1.1233550811962867,-1.3373076217310875,-0.9371854793184531,3377,12.238193018480493,5.264544832306639,0.3008720340701683
dkasc_14,informer,1,0.0,24 months,6832,0.023034242913126945,0.01609671674668789,0.9935453534126282,0.05145900225849419,-1.0920611081173315,-1.2561767261905274,-0.9164955931889628,3377,12.238193018480493,5.264544832306639,0.3008720340701683
dkasc_14,informer,2,0.0,24 months,6832,0.024949194863438606,0.0180218443274498,0.9924275279045105,0.05573704678149598,-1.1464380744402285,-1.3217821138335972,-0.9402811474485295,3377,12.238193018480493,5.264544832306639,0.3008720340701683
dkasc_14,informer,3,0.0,24 months,6832,0.02357413060963154,0.01639566384255886,0.9932392835617065,0.052665123175884114,-1.0701760060126353,-1.254159569468627,-0.8960607145915234,3377,12.238193018480493,5.264544832306639,0.3008720340701683
dkasc_14,informer,4,0.0,24 months,6832,0.026579327881336212,0.01981978304684162,0.9914056658744812,0.05937879958257605,-1.1072122509555102,-1.3569306564023202,-0.8783237936412843,3377,12.238193018480493,5.264544832306639,0.3008720340701683
dkasc_14,tcn,0,-0.25,24 months,6832,0.022518569603562355,0.015726028010249138,0.9937845468521118,0.05049932808832088,-1.3444918940466177,-1.5436329183854378,-1.1816027730957452,3377,12.238193018480493,5.264544832306639,0.3008720340701683
dkasc_14,tcn,1,-0.25,24 months,6832,0.022809449583292007,0.016020214185118675,0.9936229586601257,0.051151644988963095,-1.3068344564923229,-1.4689458389254693,-1.1431440781760587,3377,12.238193018480493,5.264544832306639,0.3008720340701683
dkasc_14,tcn,2,-0.25,24 months,6832,0.022932879626750946,0.016135387122631073,0.9935537576675415,0.05142844473114577,-1.314194050563,-1.4927745986587249,-1.122943614278548,3377,12.238193018480493,5.264544832306639,0.3008720340701683
dkasc_14,tcn,3,-0.25,24 months,6832,0.022552745416760445,0.015672029927372932,0.993765652179718,0.05057596952841939,-1.343378976193249,-1.5613096193343936,-1.194719843661407,3377,12.238193018480493,5.264544832306639,0.3008720340701683
dkasc_14,tcn,4,-0.25,24 months,6832,0.022659581154584885,0.015907857567071915,0.993706464767456,0.05081555548218711,-1.3099868916055786,-1.5044745047274937,-1.1300017882514704,3377,12.238193018480493,5.264544832306639,0.3008720340701683
dkasc_14,patchtst,0,-0.25,24 months,6832,0.02578519470989704,0.01849115826189518,0.9918504953384399,0.05782494316469967,-1.3399093100580295,-1.5225868347931493,-1.1649571059446084,3377,12.238193018480493,5.264544832306639,0.3008720340701683
dkasc_14,patchtst,1,-0.25,24 months,6832,0.025894904509186745,0.018638217821717262,0.9917809963226318,0.058070974384549355,-1.3526769627789148,-1.5460501983772965,-1.1565142193365565,3377,12.238193018480493,5.264544832306639,0.3008720340701683
dkasc_14,patchtst,2,-0.25,24 months,6832,0.025582194328308105,0.018540019169449806,0.9919782876968384,0.057369701865967605,-1.3239179053826065,-1.5502947249515124,-1.1588779060796752,3377,12.238193018480493,5.264544832306639,0.3008720340701683
dkasc_14,patchtst,3,-0.25,24 months,6832,0.02532625012099743,0.018492959439754486,0.9921380281448364,0.05679573066243066,-1.2689853375335347,-1.4779142754894088,-1.0623851788417495,3377,12.238193018480493,5.264544832306639,0.3008720340701683
dkasc_14,patchtst,4,-0.25,24 months,6832,0.026149818673729897,0.01895025372505188,0.9916183948516846,0.05864263565150604,-1.3507263682579522,-1.5387477072399736,-1.1801170411355497,3377,12.238193018480493,5.264544832306639,0.30083147434597446
dkasc_14,informer,0,-0.25,24 months,6832,0.023767052218317986,0.01670978218317032,0.9930762648582458,0.053299129953406285,-1.3825763352005496,-1.5995088297413806,-1.2269321971069838,3377,12.238193018480493,5.264544832306639,0.3008720340701683
dkasc_14,informer,1,-0.25,24 months,6832,0.023103123530745506,0.01606678031384945,0.9934576749801636,0.051810227540365496,-1.3157749498343152,-1.5108538799933513,-1.1128046279221093,3377,12.238193018480493,5.264544832306639,0.3008720340701683
dkasc_14,informer,2,-0.25,24 months,6832,0.024675296619534492,0.01765245944261551,0.9925369620323181,0.05533592593152015,-1.365691098577071,-1.5533066486543734,-1.2077437876063524,3377,12.238193018480493,5.264544832306639,0.3008720340701683
dkasc_14,informer,3,-0.25,24 months,6832,0.02346033602952957,0.01631619781255722,0.993253767490387,0.05261129934425537,-1.3042230773863517,-1.4694424416488105,-1.1129268077965104,3377,12.238193018480493,5.264544832306639,0.3008720340701683
dkasc_14,informer,4,-0.25,24 months,6832,0.023760776966810226,0.016830915585160255,0.9930799007415771,0.05328505730179892,-1.3375337061652615,-1.549336251521444,-1.114469346297163,3377,12.238193018480493,5.264544832306639,0.3008720340701683
dkasc_14,tcn,0,-0.5,24 months,6832,0.022712232545018196,0.01593567430973053,0.9936293959617615,0.051129131243072945,-1.534996492335633,-1.7502957556927328,-1.3836850759484765,3377,12.238193018480493,5.264544832306639,0.3008720340701683
dkasc_14,tcn,1,-0.5,24 months,6832,0.022818541154265404,0.016188640147447586,0.9935696125030518,0.05136845015739347,-1.5976971026430562,-1.80095105797431,-1.4181334284528613,3377,12.238193018480493,5.264544832306639,0.3008720340701683
dkasc_14,tcn,2,-0.5,24 months,6832,0.0222534891217947,0.0156949944794178,0.9938841462135315,0.05009642111004661,-1.4878016582060782,-1.6797358973394516,-1.3278853000390036,3377,12.238193018480493,5.264544832306639,0.3008720340701683
dkasc_14,tcn,3,-0.5,24 months,6832,0.022961759939789772,0.016089672222733498,0.9934886693954468,0.051690860209643266,-1.629881250556553,-1.8171797816928015,-1.4738057597774468,3377,12.238193018480493,5.264544832306639,0.3008720340701683
dkasc_14,tcn,4,-0.5,24 months,6832,0.02268807590007782,0.015973184257745743,0.9936429262161255,0.05107475049177072,-1.5766192792203038,-1.7869896286907716,-1.3774307021353904,3377,12.238193018480493,5.264544832306639,0.3008720340701683
dkasc_14,patchtst,0,-0.5,24 months,6832,0.0259097833186388,0.018727445974946022,0.9917093515396118,0.05832736650404017,-1.5605510528486355,-1.7391528612482572,-1.3891385928686106,3377,12.238193018480493,5.264544832306639,0.3008720340701683
dkasc_14,patchtst,1,-0.5,24 months,6832,0.02610187605023384,0.019075360149145126,0.9915859699249268,0.05875980019214616,-1.5853692400008959,-1.770632416156337,-1.3642923787207994,3377,12.238193018480493,5.264544832306639,0.3008720340701683
dkasc_14,patchtst,2,-0.5,24 months,6832,0.025717010721564293,0.018756652250885963,0.9918322563171387,0.057893402322123914,-1.5426185180492824,-1.764993285034444,-1.390413551177061,3377,12.238193018480493,5.264544832306639,0.3008720340701683
dkasc_14,patchtst,3,-0.5,24 months,6832,0.0256448183208704,0.01858239248394966,0.9918780326843262,0.05773088484514254,-1.5025985000550128,-1.7162619717779135,-1.3135217708096447,3377,12.238193018480493,5.264544832306639,0.3008720340701683
dkasc_14,patchtst,4,-0.5,24 months,6832,0.026402868330478668,0.019383102655410767,0.9913908243179321,0.059437385443586586,-1.591071859053468,-1.742964946428513,-1.4176758758883683,3377,12.238193018480493,5.264544832306639,0.3008111944838775
dkasc_14,informer,0,-0.5,24 months,6832,0.02357223443686962,0.016692375764250755,0.9931378364562988,0.05306514301605064,-1.5640265352765046,-1.757096045399903,-1.389137062779311,3377,12.238193018480493,5.264544832306639,0.3008720340701683
dkasc_14,informer,1,-0.5,24 months,6832,0.023452935740351677,0.01656317710876465,0.9932070970535278,0.052796581187119766,-1.5733882611746361,-1.7271014232278947,-1.3764914268746153,3377,12.238193018480493,5.264544832306639,0.3008720340701683
dkasc_14,informer,2,-0.5,24 months,6832,0.02490919642150402,0.017941789701581,0.9923373460769653,0.05607487376990229,-1.5784955709984656,-1.77330558315913,-1.4288802906352414,3377,12.238193018480493,5.264544832306639,0.3008720340701683
dkasc_14,informer,3,-0.5,24 months,6832,0.023756569251418114,0.01667698286473751,0.9930300712585449,0.053480112302184725,-1.5374560306565421,-1.696131114574756,-1.3523964324675803,3377,12.238193018480493,5.264544832306639,0.3008720340701683
dkasc_14,informer,4,-0.5,24 months,6832,0.02395770139992237,0.01697857864201069,0.9929115772247314,0.05393289526826663,-1.5757856061697717,-1.7730290663407033,-1.3334293397060988,3377,12.238193018480493,5.264544832306639,0.3008720340701683
dkasc_14,tcn,0,-1.0,24 months,6832,0.023302095010876656,0.016552703455090523,0.9931924343109131,0.05286281533664722,-2.033594224687607,-2.196534234985001,-1.800146619181242,3377,12.238193018480493,5.264544832306639,0.3008720340701683
dkasc_14,tcn,1,-1.0,24 months,6832,0.023785997182130814,0.017160387709736824,0.9929067492485046,0.05396058921097359,-2.0841416213617543,-2.2757287607410914,-1.9053825830219417,3377,12.238193018480493,5.264544832306639,0.3008720340701683
dkasc_14,tcn,2,-1.0,24 months,6832,0.023693332448601723,0.01696730963885784,0.9929618835449219,0.053750371258704424,-2.043132272596731,-2.197738633116808,-1.8300635571833923,3377,12.238193018480493,5.264544832306639,0.3008720340701683
dkasc_14,tcn,3,-1.0,24 months,6832,0.0235104039311409,0.016925813630223274,0.993070125579834,0.05333538211571859,-2.0498179447440035,-2.2511199942157973,-1.879472756497691,3377,12.238193018480493,5.264544832306639,0.3008720340701683
dkasc_14,tcn,4,-1.0,24 months,6832,0.023477613925933838,0.01669791340827942,0.9930894374847412,0.053260995156548634,-2.0005863026018087,-2.169155328602882,-1.8147365456800046,3377,12.238193018480493,5.264544832306639,0.3008720340701683
dkasc_14,patchtst,0,-1.0,24 months,6832,0.026455769315361977,0.019465386867523193,0.9912250638008118,0.06001719790663164,-2.027073078617608,-2.2091607069324746,-1.835897441770637,3377,12.238193018480493,5.264544832306639,0.3008720340701683
dkasc_14,patchtst,1,-1.0,24 months,6832,0.02675391174852848,0.019810551777482033,0.9910261631011963,0.060693559769423075,-2.031318325935871,-2.235490511673828,-1.8260283597071254,3377,12.238193018480493,5.264544832306639,0.3008720340701683
dkasc_14,patchtst,2,-1.0,24 months,6832,0.02617672085762024,0.019369272515177727,0.991409182548523,0.0593841523764039,-2.0107869585429095,-2.2327245058005993,-1.8481046154109768,3377,12.238193018480493,5.264544832306639,0.3008720340701683
dkasc_14,patchtst,3,-1.0,24 months,6832,0.026148289442062378,0.01912263035774231,0.9914278388023376,0.059319653254342415,-1.9950291924355712,-2.2041667309581903,-1.8235900968215923,3377,12.238193018480493,5.264544832306639,0.3008720340701683
dkasc_14,patchtst,4,-1.0,24 months,6832,0.02664981037378311,0.01989864371716976,0.9910958409309387,0.06045739680867269,-2.014050563178337,-2.229148556673821,-1.7986199021415812,3377,12.238193018480493,5.264544832306639,0.300821334414926
dkasc_14,informer,0,-1.0,24 months,6832,0.024323202669620514,0.017548875883221626,0.9925827383995056,0.055179286262450986,-2.024068451952793,-2.19147823394404,-1.8626425955543877,3377,12.238193018480493,5.264544832306639,0.3008720340701683
dkasc_14,informer,1,-1.0,24 months,6832,0.02378156967461109,0.01687302626669407,0.9929093718528748,0.05395054502772279,-2.009008803446133,-2.187840176919209,-1.832343044283424,3377,12.238193018480493,5.264544832306639,0.3008720340701683
dkasc_14,informer,2,-1.0,24 months,6832,0.025791089981794357,0.01869123801589012,0.9916604161262512,0.058509315424302474,-2.0927700300655,-2.2805686102059797,-1.8894415824631139,3377,12.238193018480493,5.264544832306639,0.3008720340701683
dkasc_14,informer,3,-1.0,24 months,6832,0.024510681629180908,0.017400532960891724,0.9924679398536682,0.05560459847640093,-1.9810470277920211,-2.15594324235151,-1.8308381461901335,3377,12.238193018480493,5.264544832306639,0.3008720340701683
dkasc_14,informer,4,-1.0,24 months,6832,0.025123054161667824,0.018651075661182404,0.9920868873596191,0.05699381846228549,-2.0731642650685167,-2.261143742627081,-1.856152739418169,3377,12.238193018480493,5.264544832306639,0.3008720340701683
dkasc_14,tcn,0,-2.0,24 months,6832,0.024813849478960037,0.018290983512997627,0.9920440912246704,0.0571769925773536,-3.0273889943781205,-3.1972549110586304,-2.842418419829701,3377,12.238193018480493,5.264544832306639,0.3008720340701683
dkasc_14,tcn,1,-2.0,24 months,6832,0.025277389213442802,0.018432369455695152,0.9917441010475159,0.05824509803113667,-3.016494030312955,-3.1900728277633297,-2.814435574561439,3377,12.238193018480493,5.264544832306639,0.3008720340701683
dkasc_14,tcn,2,-2.0,24 months,6832,0.02501128613948822,0.018327344208955765,0.9919170141220093,0.057631933455555076,-2.9353904953864642,-3.1709219368546084,-2.760752370337455,3377,12.238193018480493,5.264544832306639,0.3008720340701683
dkasc_14,tcn,3,-2.0,24 months,6832,0.02514866180717945,0.018442759290337563,0.9918279647827148,0.05794847956576465,-2.995309569050714,-3.1718118358051273,-2.8534476783200162,3377,12.238193018480493,5.264544832306639,0.3008720340701683
dkasc_14,tcn,4,-2.0,24 months,6832,0.025352269411087036,0.018515797331929207,0.9916951060295105,0.058417639760646456,-2.9271349116959335,-3.103040247503359,-2.756753727632133,3377,12.238193018480493,5.264544832306639,0.3008720340701683
dkasc_14,patchtst,0,-2.0,24 months,6832,0.02791474759578705,0.021101543679833412,0.9899314045906067,0.06432219706323083,-2.9657072356221965,-3.1289185483178583,-2.7854951814461506,3377,12.238193018480493,5.264544832306639,0.3008720340701683
dkasc_14,patchtst,1,-2.0,24 months,6832,0.028181608766317368,0.021436922252178192,0.9897379875183105,0.06493710847306805,-2.937492414318532,-3.1565049504756026,-2.799934528798216,3377,12.238193018480493,5.264544832306639,0.3008720340701683
dkasc_14,patchtst,2,-2.0,24 months,6832,0.028554249554872513,0.021631302312016487,0.9894648194313049,0.0657957612032421,-2.9285702832383143,-3.112641586454168,-2.7338539155572352,3377,12.238193018480493,5.264544832306639,0.3008720340701683
dkasc_14,patchtst,3,-2.0,24 months,6832,0.028102261945605278,0.02124871127307415,0.9897956848144531,0.06475427458497107,-2.9852922316849497,-3.1658849934086577,-2.811199500850489,3377,12.238193018480493,5.264544832306639,0.3008720340701683
dkasc_14,patchtst,4,-2.0,24 months,6832,0.028172604739665985,0.021524760872125626,0.9897445440292358,0.06491636106080342,-2.9831759163067186,-3.1573793198331566,-2.790346096111518,3377,12.238193018480493,5.264544832306639,0.300801054552829
dkasc_14,informer,0,-2.0,24 months,6832,0.02548488974571228,0.018732285127043724,0.9916079640388489,0.05872322845597981,-2.978548329904002,-3.1406883359471447,-2.8421255255539957,3377,12.238193018480493,5.264544832306639,0.3008720340701683
dkasc_14,informer,1,-2.0,24 months,6832,0.025359386578202248,0.018617546185851097,0.991690456867218,0.058434039401164276,-2.9575956480258263,-3.1543590998608484,-2.7757498514824954,3377,12.238193018480493,5.264544832306639,0.3008720340701683
dkasc_14,informer,2,-2.0,24 months,6832,0.02689824439585209,0.020176105201244354,0.9906513690948486,0.061979932677093626,-2.998151231685248,-3.177675225945534,-2.8260007886818634,3377,12.238193018480493,5.264544832306639,0.3008720340701683
dkasc_14,informer,3,-2.0,24 months,6832,0.027409810572862625,0.020752696320414543,0.9902923703193665,0.06315870244155754,-3.031713039935857,-3.179033653856267,-2.8556988855524104,3377,12.238193018480493,5.264544832306639,0.3008720340701683
dkasc_14,informer,4,-2.0,24 months,6832,0.026029745116829872,0.019367793574929237,0.9912453293800354,0.05997870441655324,-2.9704763544345756,-3.1470514419494777,-2.761130504024578,3377,12.238193018480493,5.264544832306639,0.3008720340701683
dkasc_18,tcn,0,0.0,24 months,6885,0.026524178683757782,0.016984768211841583,0.9921881556510925,0.056122444153673956,-0.34658737803384687,-0.47722252005159005,-0.2489636538439588,3374,12.238193018480493,5.260438056125941,0.29969307442185555
dkasc_18,tcn,1,0.0,24 months,6885,0.025778716430068016,0.016260549426078796,0.992621123790741,0.054545122412624346,-0.3533498489783571,-0.4807568314688704,-0.1955208189702221,3374,12.238193018480493,5.260438056125941,0.29969307442185555
dkasc_18,tcn,2,0.0,24 months,6885,0.02620847336947918,0.016270281746983528,0.9923730492591858,0.055454444059085964,-0.32586504589594,-0.4427129698129417,-0.1995340502924825,3374,12.238193018480493,5.260438056125941,0.29969307442185555
dkasc_18,tcn,3,0.0,24 months,6885,0.025688346475362778,0.01603332906961441,0.9926727414131165,0.05435390884870651,-0.4016826195122114,-0.5264271278199228,-0.3054289702581148,3374,12.238193018480493,5.260438056125941,0.29969307442185555
dkasc_18,tcn,4,0.0,24 months,6885,0.025556690990924835,0.016090452671051025,0.9927476644515991,0.05407533933441584,-0.3298081738281333,-0.43528225289987676,-0.2215743037398898,3374,12.238193018480493,5.260438056125941,0.29969307442185555
dkasc_18,patchtst,0,0.0,24 months,6885,0.02981598861515522,0.019309906288981438,0.9901288747787476,0.06308757665568394,-0.3563396073649081,-0.4840524100885955,-0.2345041331466291,3374,12.238193018480493,5.260438056125941,0.29969307442185555
dkasc_18,patchtst,1,0.0,24 months,6885,0.029195234179496765,0.01896003820002079,0.9905356168746948,0.061774123878738194,-0.41311995991935657,-0.5341359459932792,-0.2840366674818208,3374,12.238193018480493,5.260438056125941,0.29969307442185555
dkasc_18,patchtst,2,0.0,24 months,6885,0.029423994943499565,0.018926728516817093,0.9903867244720459,0.06225815821417874,-0.36122898630365075,-0.45584338444735195,-0.26295014966550845,3374,12.238193018480493,5.260438056125941,0.29969307442185555
dkasc_18,patchtst,3,0.0,24 months,6885,0.029127027839422226,0.018925741314888,0.9905797839164734,0.06162980625226617,-0.38407021906152006,-0.5085312062524272,-0.26773683723007036,3374,12.238193018480493,5.260438056125941,0.29969307442185555
dkasc_18,patchtst,4,0.0,24 months,6885,0.02981257438659668,0.019580697640776634,0.990131139755249,0.06308035249791118,-0.37619132122389326,-0.5365886437158462,-0.24873731518539818,3374,12.238193018480493,5.260438056125941,0.29969307442185555
dkasc_18,informer,0,0.0,24 months,6885,0.0273140836507082,0.01734009012579918,0.9917159676551819,0.05779380212192392,-0.4224588632232906,-0.5228967730039003,-0.2927139380677568,3374,12.238193018480493,5.260438056125941,0.29969307442185555
dkasc_18,informer,1,0.0,24 months,6885,0.027121752500534058,0.017271878197789192,0.9918321967124939,0.05738684911639052,-0.37755993271396115,-0.5012533891786908,-0.26666851191297636,3374,12.238193018480493,5.260438056125941,0.29969307442185555
dkasc_18,informer,2,0.0,24 months,6885,0.027770178392529488,0.01779150776565075,0.9914370179176331,0.05875885185944225,-0.3314569954389933,-0.437949800383067,-0.24542655875491315,3374,12.238193018480493,5.260438056125941,0.29969307442185555
dkasc_18,informer,3,0.0,24 months,6885,0.026742853224277496,0.016727615147829056,0.9920588135719299,0.056585137073762865,-0.39226683194587,-0.502856086484484,-0.2715241723357441,3374,12.238193018480493,5.260438056125941,0.29969307442185555
dkasc_18,informer,4,0.0,24 months,6885,0.02674269862473011,0.016772199422121048,0.9920589327812195,0.05658480995696247,-0.3474572990684044,-0.47166205055627075,-0.22088433684808173,3374,12.238193018480493,5.260438056125941,0.29969307442185555
dkasc_18,tcn,0,-0.25,24 months,6885,0.026869725435972214,0.017501283437013626,0.991923451423645,0.05706836056280544,-0.6024833937470454,-0.7171620094025801,-0.4972852497023339,3374,12.238193018480493,5.260438056125941,0.29969307442185555
dkasc_18,tcn,1,-0.25,24 months,6885,0.025860054418444633,0.016269244253635406,0.9925190210342407,0.05492392965615618,-0.5995036557253695,-0.721930118231548,-0.4716477850473758,3374,12.238193018480493,5.260438056125941,0.29969307442185555
dkasc_18,tcn,2,-0.25,24 months,6885,0.02631637267768383,0.016486521810293198,0.9922527074813843,0.05589309977334655,-0.5610798779403847,-0.675860374561027,-0.4345427945882071,3374,12.238193018480493,5.260438056125941,0.29969307442185555
dkasc_18,tcn,3,-0.25,24 months,6885,0.02582782320678234,0.01632465422153473,0.9925376772880554,0.054855474084739834,-0.6309390035183104,-0.7530313995176674,-0.5158113199594467,3374,12.238193018480493,5.260438056125941,0.29969307442185555
dkasc_18,tcn,4,-0.25,24 months,6885,0.025739947333931923,0.01660291478037834,0.9925883412361145,0.054668835333683406,-0.5664514674921214,-0.695770153222186,-0.43598678660612783,3374,12.238193018480493,5.260438056125941,0.29969307442185555
dkasc_18,patchtst,0,-0.25,24 months,6885,0.029781846329569817,0.019543694332242012,0.9900779128074646,0.06325338711078118,-0.6062547659726063,-0.7404397650101525,-0.4902499233978119,3374,12.238193018480493,5.260438056125941,0.29969307442185555
dkasc_18,patchtst,1,-0.25,24 months,6885,0.02934243157505989,0.019207019358873367,0.9903685450553894,0.06232011819045878,-0.6479170767894196,-0.7429695955076476,-0.5267622337842948,3374,12.238193018480493,5.260438056125941,0.29969307442185555
dkasc_18,patchtst,2,-0.25,24 months,6885,0.029489286243915558,0.019072704017162323,0.9902719259262085,0.0626320214591601,-0.6034609780866278,-0.7126494076616696,-0.5042451913850653,3374,12.238193018480493,5.260438056125941,0.29969307442185555
dkasc_18,patchtst,3,-0.25,24 months,6885,0.029132401570677757,0.019054202362895012,0.9905059337615967,0.06187403741275792,-0.6026447022657212,-0.7083905361150196,-0.46484530368441057,3374,12.238193018480493,5.260438056125941,0.29969307442185555
dkasc_18,patchtst,4,-0.25,24 months,6885,0.0298487339168787,0.01968366652727127,0.9900333285331726,0.06339544903690006,-0.6301554225217005,-0.7708767433130204,-0.4917094028232985,3374,12.238193018480493,5.260438056125941,0.29969307442185555
dkasc_18,informer,0,-0.25,24 months,6885,0.02906090021133423,0.018964074552059174,0.9905524849891663,0.06172217633902009,-0.6933147093410863,-0.7951629037013364,-0.5788760243606225,3374,12.238193018480493,5.260438056125941,0.29969307442185555
dkasc_18,informer,1,-0.25,24 months,6885,0.02690165676176548,0.0172814279794693,0.9919042587280273,0.05713617920940683,-0.6073834454644433,-0.735504171012441,-0.4458828041384624,3374,12.238193018480493,5.260438056125941,0.29969307442185555
dkasc_18,informer,2,-0.25,24 months,6885,0.027934225276112556,0.018290825188159943,0.9912708401679993,0.059329241897113714,-0.589049893836914,-0.7048650019448863,-0.47732758248806295,3374,12.238193018480493,5.260438056125941,0.29969307442185555
dkasc_18,informer,3,-0.25,24 months,6885,0.027008287608623505,0.01715955138206482,0.9918399453163147,0.057362651475754006,-0.6356311234217538,-0.7344251845726667,-0.532323617985702,3374,12.238193018480493,5.260438056125941,0.29969307442185555
dkasc_18,informer,4,-0.25,24 months,6885,0.027012906968593597,0.01716877520084381,0.9918371438980103,0.057372462491537206,-0.5961431538255872,-0.7095022663816342,-0.4805376283163132,3374,12.238193018480493,5.260438056125941,0.29969307442185555
dkasc_18,tcn,0,-0.5,24 months,6885,0.02684919163584709,0.018209153786301613,0.9918755888938904,0.057240976475531405,-0.8398887198099354,-0.9659686065594864,-0.7266363714593613,3374,12.238193018480493,5.260438056125941,0.29969307442185555
dkasc_18,tcn,1,-0.5,24 months,6885,0.02653856761753559,0.01736350916326046,0.9920624494552612,0.05657874342337633,-0.7950749512632541,-0.9391584881833004,-0.7055093328446338,3374,12.238193018480493,5.260438056125941,0.29969307442185555
dkasc_18,tcn,2,-0.5,24 months,6885,0.026198813691735268,0.016596853733062744,0.9922643899917603,0.05585440703597312,-0.8081605437974414,-0.9318202146975318,-0.6950352549283556,3374,12.238193018480493,5.260438056125941,0.29969307442185555
dkasc_18,tcn,3,-0.5,24 months,6885,0.02603606879711151,0.016577839851379395,0.9923602342605591,0.05550744401336079,-0.8812697558138349,-0.9980090316598447,-0.7461272993287416,3374,12.238193018480493,5.260438056125941,0.29969307442185555
dkasc_18,tcn,4,-0.5,24 months,6885,0.027390746399760246,0.018436340615153313,0.9915445446968079,0.058395540974969705,-0.8165321805970738,-0.9336148382791509,-0.6964455819233883,3374,12.238193018480493,5.260438056125941,0.29969307442185555
dkasc_18,patchtst,0,-0.5,24 months,6885,0.029834773391485214,0.019688742235302925,0.9899682402610779,0.06360606997101256,-0.8694600512389348,-0.9962066252830597,-0.7348570400529442,3374,12.238193018480493,5.260438056125941,0.29969307442185555
dkasc_18,patchtst,1,-0.5,24 months,6885,0.02859051339328289,0.018682342022657394,0.9907875657081604,0.06095337717293768,-0.8578039334712184,-0.9746665721596538,-0.7256289889564421,3374,12.238193018480493,5.260438056125941,0.29969307442185555
dkasc_18,patchtst,2,-0.5,24 months,6885,0.02951723523437977,0.019231952726840973,0.9901806712150574,0.06292909636124888,-0.8495892532169091,-0.9712124722206394,-0.7481466716468737,3374,12.238193018480493,5.260438056125941,0.29969307442185555
dkasc_18,patchtst,3,-0.5,24 months,6885,0.029230253770947456,0.01929388754069805,0.9903706908226013,0.06231726791516225,-0.8465729847471046,-0.9580334175807851,-0.712526966730731,3374,12.238193018480493,5.260438056125941,0.29969307442185555
dkasc_18,patchtst,4,-0.5,24 months,6885,0.0299289058893919,0.0198665801435709,0.9899048805236816,0.06380675519726964,-0.8760102451641048,-1.0099231525078856,-0.7603242623639594,3374,12.238193018480493,5.260438056125941,0.29969307442185555
dkasc_18,informer,0,-0.5,24 months,6885,0.028989756479859352,0.01892874762415886,0.9905284643173218,0.061804541127394697,-0.941141971252907,-1.0570645660935685,-0.7871904700792409,3374,12.238193018480493,5.260438056125941,0.29969307442185555
dkasc_18,informer,1,-0.5,24 months,6885,0.02763095125555992,0.017708275467157364,0.9913955926895142,0.058907644307040985,-0.8593227650460444,-0.9813803236072283,-0.7346392573428022,3374,12.238193018480493,5.260438056125941,0.29969307442185555
dkasc_18,informer,2,-0.5,24 months,6885,0.02792031690478325,0.018542127683758736,0.991214394569397,0.05952455570402714,-0.825569460802642,-0.9443491969582506,-0.7170563433516627,3374,12.238193018480493,5.260438056125941,0.29969307442185555
dkasc_18,informer,3,-0.5,24 months,6885,0.026999088004231453,0.017259204760193825,0.9917845726013184,0.05756054715806179,-0.8911094008138443,-0.9949438649019418,-0.77461617391269,3374,12.238193018480493,5.260438056125941,0.29969307442185555
dkasc_18,informer,4,-0.5,24 months,6885,0.02798142284154892,0.01833265833556652,0.9911758899688721,0.059654830147159686,-0.8585990382044661,-0.9749983072553592,-0.7142348461873702,3374,12.238193018480493,5.260438056125941,0.29969307442185555
dkasc_18,tcn,0,-1.0,24 months,6885,0.02693868987262249,0.01790529303252697,0.991698682308197,0.057870673884129,-1.3469030939796178,-1.459068193403379,-1.2457559251078334,3374,12.238193018480493,5.260438056125941,0.29969307442185555
dkasc_18,tcn,1,-1.0,24 months,6885,0.02633405476808548,0.017099788412451744,0.9920671582221985,0.05657177474987236,-1.3517835040104842,-1.4633283710215028,-1.225572215133669,3374,12.238193018480493,5.260438056125941,0.29969307442185555
dkasc_18,tcn,2,-1.0,24 months,6885,0.026581646874547005,0.017242589965462685,0.9919172525405884,0.057103661122857446,-1.3178991896475811,-1.449602727186683,-1.2129451084598386,3374,12.238193018480493,5.260438056125941,0.29969307442185555
dkasc_18,tcn,3,-1.0,24 months,6885,0.026550794020295143,0.017321590334177017,0.9919360280036926,0.057037381898617276,-1.3859793201479285,-1.492200141638278,-1.2468288904533884,3374,12.238193018480493,5.260438056125941,0.29969307442185555
dkasc_18,tcn,4,-1.0,24 months,6885,0.026054585352540016,0.017244433984160423,0.9922346472740173,0.055971408381496876,-1.2749897880652874,-1.4033262386055583,-1.162357375888242,3374,12.238193018480493,5.260438056125941,0.29969307442185555
dkasc_18,patchtst,0,-1.0,24 months,6885,0.030073586851358414,0.020049259066581726,0.9896541833877563,0.06460517365284796,-1.3687134250160993,-1.4805552089902307,-1.2162730488639795,3374,12.238193018480493,5.260438056125941,0.29969307442185555
dkasc_18,patchtst,1,-1.0,24 months,6885,0.02954338863492012,0.019580835476517677,0.9900157451629639,0.06346618255036565,-1.4164654637269847,-1.4997768670806988,-1.2541862741490162,3374,12.238193018480493,5.260438056125941,0.29969307442185555
dkasc_18,patchtst,2,-1.0,24 months,6885,0.029249457642436028,0.019439760595560074,0.9902134537696838,0.06283474929615337,-1.3471610354575114,-1.4672357318018925,-1.272794685831169,3374,12.238193018480493,5.260438056125941,0.29969307442185555
dkasc_18,patchtst,3,-1.0,24 months,6885,0.02944990061223507,0.01980575919151306,0.990078866481781,0.06326534817800157,-1.3606272412698086,-1.477931211993272,-1.229100640509841,3374,12.238193018480493,5.260438056125941,0.29969307442185555
dkasc_18,patchtst,4,-1.0,24 months,6885,0.029535900801420212,0.019386455416679382,0.9900208115577698,0.06345009691395866,-1.3852516514422677,-1.5192439674893414,-1.271900763192657,3374,12.238193018480493,5.260438056125941,0.29969307442185555
dkasc_18,informer,0,-1.0,24 months,6885,0.029526349157094955,0.019662147387862206,0.9900272488594055,0.0634295777240345,-1.4264977772936616,-1.5624037603819239,-1.2899422195857775,3374,12.238193018480493,5.260438056125941,0.29969307442185555
dkasc_18,informer,1,-1.0,24 months,6885,0.027234084904193878,0.01810755953192711,0.9915156364440918,0.05850525224038503,-1.3540654506103413,-1.4749279426578044,-1.2260932815921555,3374,12.238193018480493,5.260438056125941,0.29969307442185555
dkasc_18,informer,2,-1.0,24 months,6885,0.02822999656200409,0.01904173195362091,0.9908837676048279,0.060644705904949095,-1.3384670115826558,-1.441962856647656,-1.2475172510044907,3374,12.238193018480493,5.260438056125941,0.29969307442185555
dkasc_18,informer,3,-1.0,24 months,6885,0.02720724418759346,0.01774764247238636,0.9915323257446289,0.0584475920362495,-1.3884227748854283,-1.4852355358444371,-1.2660490695495352,3374,12.238193018480493,5.260438056125941,0.29969307442185555
dkasc_18,informer,4,-1.0,24 months,6885,0.02844271995127201,0.01903584972023964,0.9907458424568176,0.06110168603078519,-1.314768117597651,-1.461355751264143,-1.206534730580433,3374,12.238193018480493,5.260438056125941,0.29969307442185555
dkasc_18,tcn,0,-2.0,24 months,6885,0.027922838926315308,0.018894033506512642,0.9908115267753601,0.060915874217742354,-2.3795143152885947,-2.499960954342878,-2.2479518416095967,3374,12.238193018480493,5.260438056125941,0.29969307442185555
dkasc_18,tcn,1,-2.0,24 months,6885,0.028089623898267746,0.0192367285490036,0.99070143699646,0.06127972878137304,-2.361519971013876,-2.4595589387555763,-2.255814527699973,3374,12.238193018480493,5.260438056125941,0.29969307442185555
dkasc_18,tcn,2,-2.0,24 months,6885,0.027612229809165,0.01874302141368389,0.9910147786140442,0.06023825594400084,-2.3160431228802016,-2.423918992883473,-2.1755631318463364,3374,12.238193018480493,5.260438056125941,0.29969307442185555
dkasc_18,tcn,3,-2.0,24 months,6885,0.0277538001537323,0.019403500482439995,0.9909224510192871,0.06054710281037361,-2.376155740522312,-2.4823452385475826,-2.278203248346182,3374,12.238193018480493,5.260438056125941,0.29969307442185555
dkasc_18,tcn,4,-2.0,24 months,6885,0.027666794136166573,0.019232233986258507,0.9909792542457581,0.060357292324548485,-2.3232943461980184,-2.4299066800450464,-2.2114341345671864,3374,12.238193018480493,5.260438056125941,0.29969307442185555
dkasc_18,patchtst,0,-2.0,24 months,6885,0.03030231222510338,0.02087373472750187,0.9891787767410278,0.06610688278803667,-2.393558569472993,-2.4903749386498197,-2.2594792835264585,3374,12.238193018480493,5.260438056125941,0.29969307442185555
dkasc_18,patchtst,1,-2.0,24 months,6885,0.030490465462207794,0.021032415330410004,0.9890440106391907,0.06651735390651281,-2.373945021532986,-2.514226884608639,-2.2748104198300645,3374,12.238193018480493,5.260438056125941,0.29969307442185555
dkasc_18,patchtst,2,-2.0,24 months,6885,0.030104754492640495,0.020655261352658272,0.9893194437026978,0.065675895021599,-2.3469100572065638,-2.464315837364306,-2.2464124422678644,3374,12.238193018480493,5.260438056125941,0.29969307442185555
dkasc_18,patchtst,3,-2.0,24 months,6885,0.030382787808775902,0.021351220086216927,0.9891212582588196,0.0662824466175431,-2.378664730260982,-2.4679779599156197,-2.266970506165494,3374,12.238193018480493,5.260438056125941,0.29969307442185555
dkasc_18,patchtst,4,-2.0,24 months,6885,0.03015272505581379,0.02058986760675907,0.9892853498458862,0.06578054658658242,-2.377046138731729,-2.4832156306608564,-2.290765141459744,3374,12.238193018480493,5.260438056125941,0.29969307442185555
dkasc_18,informer,0,-2.0,24 months,6885,0.030591510236263275,0.021138546988368034,0.9889712333679199,0.06673779104626663,-2.4248085111607476,-2.553601085344903,-2.301531827165925,3374,12.238193018480493,5.260438056125941,0.29969307442185555
dkasc_18,informer,1,-2.0,24 months,6885,0.02858559973537922,0.020004278048872948,0.9903701543807983,0.06236173916678727,-2.350974112434362,-2.473141172831789,-2.260504850674856,3374,12.238193018480493,5.260438056125941,0.29969307442185555
dkasc_18,informer,2,-2.0,24 months,6885,0.029007812961935997,0.02046128176152706,0.9900835752487183,0.0632828306027215,-2.354738049602356,-2.45752482478645,-2.255078391742349,3374,12.238193018480493,5.260438056125941,0.29969307442185555
dkasc_18,informer,3,-2.0,24 months,6885,0.028408193960785866,0.019716057926416397,0.9904893040657043,0.06197471448497939,-2.389075323074308,-2.469668937770658,-2.266356528508673,3374,12.238193018480493,5.260438056125941,0.29969307442185555
dkasc_18,informer,4,-2.0,24 months,6885,0.028156500309705734,0.019273124635219574,0.9906570911407471,0.06142562494465503,-2.3576858772324796,-2.456282268110721,-2.250033021573496,3374,12.238193018480493,5.260438056125941,0.29969307442185555
dkasc_19,tcn,0,0.0,24 months,6885,0.018278611823916435,0.01209461409598589,0.9953546524047852,0.04201383874969106,-0.750581083006463,-0.8751198422306372,-0.5813941178274011,3416,12.216290212183436,5.317932922655715,0.30285258610247506
dkasc_19,tcn,1,0.0,24 months,6885,0.018662817776203156,0.012624531053006649,0.9951573014259338,0.04289694557867492,-0.7264230380690573,-0.8615534846510091,-0.5708147327195934,3416,12.216290212183436,5.317932922655715,0.30285258610247506
dkasc_19,tcn,2,0.0,24 months,6885,0.017748329788446426,0.011844106949865818,0.9956202507019043,0.0407949724514887,-0.6723675875482227,-0.8161617798578602,-0.5253262459954011,3416,12.216290212183436,5.317932922655715,0.30285258610247506
dkasc_19,tcn,3,0.0,24 months,6885,0.01872546412050724,0.012690577656030655,0.9951246976852417,0.04304093974153611,-0.7290628164813573,-0.8896904907092666,-0.6023911125244026,3416,12.216290212183436,5.317932922655715,0.30285258610247506
dkasc_19,tcn,4,0.0,24 months,6885,0.018869895488023758,0.012814011424779892,0.995049238204956,0.04337291879135085,-0.7183140483174921,-0.8422444999042367,-0.6018578517938661,3416,12.216290212183436,5.317932922655715,0.30285258610247506
dkasc_19,patchtst,0,0.0,24 months,6885,0.019475335255265236,0.013451464474201202,0.9947264194488525,0.044764536984164126,-0.6703504490834993,-0.8359652379594129,-0.5328304490292313,3416,12.216290212183436,5.317932922655715,0.30285258610247506
dkasc_19,patchtst,1,0.0,24 months,6885,0.01874740608036518,0.012668853625655174,0.9951133131980896,0.043091373875824006,-0.6494412183457424,-0.7733132495404804,-0.535056725085389,3416,12.216290212183436,5.317932922655715,0.30285258610247506
dkasc_19,patchtst,2,0.0,24 months,6885,0.01860365830361843,0.012739350087940693,0.9951879382133484,0.04276096607620312,-0.6824705156217237,-0.7939127283960956,-0.5430986243639357,3416,12.216290212183436,5.317932922655715,0.30285258610247506
dkasc_19,patchtst,3,0.0,24 months,6885,0.019021255895495415,0.013089272193610668,0.9949694871902466,0.043720824409888094,-0.6824542595729866,-0.8117120772540268,-0.5465688248108114,3416,12.216290212183436,5.317932922655715,0.30285258610247506
dkasc_19,patchtst,4,0.0,24 months,6885,0.020642606541514397,0.014723561704158783,0.994075357913971,0.04744753873889524,-0.7821079035272294,-0.9198409693025584,-0.6230046581230205,3416,12.216290212183436,5.317932922655715,0.30285258610247506
dkasc_19,informer,0,0.0,24 months,6885,0.018797317519783974,0.01279533002525568,0.9950872659683228,0.04320609654665409,-0.7287805154881692,-0.8889285805078639,-0.6236121059945643,3416,12.216290212183436,5.317932922655715,0.30285258610247506
dkasc_19,informer,1,0.0,24 months,6885,0.019506610929965973,0.013367262668907642,0.9947094917297363,0.04483642489153493,-0.7069447252051129,-0.8468500421018632,-0.5694167728080735,3416,12.216290212183436,5.317932922655715,0.30285258610247506
dkasc_19,informer,2,0.0,24 months,6885,0.01919846050441265,0.012921676971018314,0.9948753118515015,0.04412813356095882,-0.6806908045993765,-0.8253189004239547,-0.5769197131504676,3416,12.216290212183436,5.317932922655715,0.30285258610247506
dkasc_19,informer,3,0.0,24 months,6885,0.019985279068350792,0.013516865670681,0.9944466352462769,0.04593665537809743,-0.7961912709294527,-0.9494440149391603,-0.635550493132622,3416,12.216290212183436,5.317932922655715,0.30285258610247506
dkasc_19,informer,4,0.0,24 months,6885,0.01903550513088703,0.01288195513188839,0.9949619174003601,0.043753576627825475,-0.6611161252410926,-0.7965034108279756,-0.5094555513708312,3416,12.216290212183436,5.317932922655715,0.30285258610247506
dkasc_19,tcn,0,-0.25,24 months,6885,0.018456190824508667,0.012346871197223663,0.9952288269996643,0.042581217142912936,-0.9932400960938614,-1.1365290541580308,-0.8269670450919743,3416,12.216290212183436,5.317932922655715,0.30285258610247506
dkasc_19,tcn,1,-0.25,24 months,6885,0.018831996247172356,0.012763991951942444,0.995032548904419,0.04344825695942137,-0.9381001937329194,-1.0622416075542263,-0.7969150387481485,3416,12.216290212183436,5.317932922655715,0.30285258610247506
dkasc_19,tcn,2,-0.25,24 months,6885,0.018717583268880844,0.012860910966992378,0.9950927495956421,0.043184288954380555,-0.9448444840527426,-1.0834947424599672,-0.7755173111809843,3416,12.216290212183436,5.317932922655715,0.30285258610247506
dkasc_19,tcn,3,-0.25,24 months,6885,0.019020915031433105,0.012975513003766537,0.9949324131011963,0.04388412110124091,-0.961254815032927,-1.065702931555218,-0.8048601240382036,3416,12.216290212183436,5.317932922655715,0.30285258610247506
dkasc_19,tcn,4,-0.25,24 months,6885,0.01833443157374859,0.01236595306545496,0.9952915906906128,0.042300300178785735,-0.9418030912168973,-1.0640558213773412,-0.8263278979935139,3416,12.216290212183436,5.317932922655715,0.30285258610247506
dkasc_19,patchtst,0,-0.25,24 months,6885,0.019778434187173843,0.013768280856311321,0.9945207238197327,0.04563183209790434,-0.9243280480973082,-1.054673085911939,-0.7819703461968903,3416,12.216290212183436,5.317932922655715,0.30285258610247506
dkasc_19,patchtst,1,-0.25,24 months,6885,0.019015135243535042,0.012981199659407139,0.9949354529380798,0.0438707862584303,-0.943604414993332,-1.0590547762773124,-0.8236501097166127,3416,12.216290212183436,5.317932922655715,0.30285258610247506
dkasc_19,patchtst,2,-0.25,24 months,6885,0.01898213103413582,0.01306107547134161,0.9949530363082886,0.04379464056724075,-0.9121515601098855,-1.0275237134042658,-0.7759724370386967,3416,12.216290212183436,5.317932922655715,0.30285258610247506
dkasc_19,patchtst,3,-0.25,24 months,6885,0.018987124785780907,0.013213023543357849,0.9949504137039185,0.04380616190580834,-0.9052906537373506,-1.049674803632683,-0.7814967724613708,3416,12.216290212183436,5.317932922655715,0.30285258610247506
dkasc_19,patchtst,4,-0.25,24 months,6885,0.0209841039031744,0.015029451809823513,0.9938323497772217,0.04841349405988834,-1.0150894031265678,-1.1622676987804996,-0.867996200409979,3416,12.216290212183436,5.317932922655715,0.30285258610247506
dkasc_19,informer,0,-0.25,24 months,6885,0.018897583708167076,0.01267790887504816,0.9949979186058044,0.04359957712862768,-0.9999945349759888,-1.108279757432435,-0.8925229388274503,3416,12.216290212183436,5.317932922655715,0.30285258610247506
dkasc_19,informer,1,-0.25,24 months,6885,0.019704606384038925,0.01353355310857296,0.9945615530014038,0.045461500215970306,-0.9482239541736548,-1.0894585411072055,-0.8275480796228561,3416,12.216290212183436,5.317932922655715,0.30285258610247506
dkasc_19,informer,2,-0.25,24 months,6885,0.019915200769901276,0.014023296535015106,0.9944446682929993,0.04594737324138219,-0.9133943930064892,-1.0774263997472933,-0.8084765386139843,3416,12.216290212183436,5.317932922655715,0.30285258610247506
dkasc_19,informer,3,-0.25,24 months,6885,0.02007731795310974,0.013693404383957386,0.9943538904190063,0.04632140204539901,-0.9907933857610296,-1.1705571717720202,-0.867694546899922,3416,12.216290212183436,5.317932922655715,0.30285258610247506
dkasc_19,informer,4,-0.25,24 months,6885,0.019580144435167313,0.013463987037539482,0.9946300387382507,0.04517434771948146,-0.9245279774865889,-1.0376595259619315,-0.785195258513105,3416,12.216290212183436,5.317932922655715,0.30285258610247506
dkasc_19,tcn,0,-0.5,24 months,6885,0.018983228132128716,0.01279280986636877,0.9949150681495667,0.043962157548250974,-1.2310125799492477,-1.3783444788352694,-1.0857965799528801,3416,12.216290212183436,5.317932922655715,0.30285258610247506
dkasc_19,tcn,1,-0.5,24 months,6885,0.019472787156701088,0.013464461080729961,0.9946494102478027,0.04509589891287131,-1.1893408390344695,-1.3123602198275204,-1.0836539857627725,3416,12.216290212183436,5.317932922655715,0.30285258610247506
dkasc_19,tcn,2,-0.5,24 months,6885,0.01834462396800518,0.012381784617900848,0.9952514171600342,0.04248325118528879,-1.1522604615658294,-1.2775871004899353,-1.0105218302927619,3416,12.216290212183436,5.317932922655715,0.30285258610247506
dkasc_19,tcn,3,-0.5,24 months,6885,0.01929723285138607,0.013209164142608643,0.9947454333305359,0.04468934287430849,-1.178480122752923,-1.3134255092991025,-1.0494772342742773,3416,12.216290212183436,5.317932922655715,0.30285258610247506
dkasc_19,tcn,4,-0.5,24 months,6885,0.019376687705516815,0.01337128784507513,0.9947021007537842,0.04487334776488647,-1.1981243743199914,-1.3210454456186627,-1.0534365031395987,3416,12.216290212183436,5.317932922655715,0.30285258610247506
dkasc_19,patchtst,0,-0.5,24 months,6885,0.02013445645570755,0.014089559204876423,0.9942796230316162,0.046628220484592364,-1.1701003765013152,-1.29037876611833,-1.0044746653702918,3416,12.216290212183436,5.317932922655715,0.30285258610247506
dkasc_19,patchtst,1,-0.5,24 months,6885,0.019265681505203247,0.013187305070459843,0.9947625994682312,0.04461627494075713,-1.1740815079547329,-1.2740183895805557,-1.0463394838965967,3416,12.216290212183436,5.317932922655715,0.30285258610247506
dkasc_19,patchtst,2,-0.5,24 months,6885,0.019391154870390892,0.013388662599027157,0.994694173336029,0.04490685143333758,-1.1377074593509362,-1.2826678732492751,-1.0010791768783056,3416,12.216290212183436,5.317932922655715,0.30285258610247506
dkasc_19,patchtst,3,-0.5,24 months,6885,0.01939927414059639,0.013578184880316257,0.9946897029876709,0.04492565438052162,-1.1400984715659241,-1.2731773721558821,-1.0183774524312128,3416,12.216290212183436,5.317932922655715,0.30285258610247506
dkasc_19,patchtst,4,-0.5,24 months,6885,0.01941363699734211,0.013371555134654045,0.9946818947792053,0.04495891648782514,-1.1590697216278312,-1.298709733660941,-1.0307323596742801,3416,12.216290212183436,5.317932922655715,0.30285258610247506
dkasc_19,informer,0,-0.5,24 months,6885,0.01922876201570034,0.012970750220119953,0.9947826862335205,0.044530775235289186,-1.2192542438479392,-1.3685310700229825,-1.0795496202478776,3416,12.216290212183436,5.317932922655715,0.30285258610247506
dkasc_19,informer,1,-0.5,24 months,6885,0.020098412409424782,0.014233672060072422,0.9943000674247742,0.046544748167327336,-1.1668866271236311,-1.307907802863432,-1.0311105745780889,3416,12.216290212183436,5.317932922655715,0.30285258610247506
dkasc_19,informer,2,-0.5,24 months,6885,0.019444389268755913,0.013311054557561874,0.9946650266647339,0.04503013389044236,-1.146716757866073,-1.2700782009711475,-1.0430974804413018,3416,12.216290212183436,5.317932922655715,0.30285258610247506
dkasc_19,informer,3,-0.5,24 months,6885,0.020285651087760925,0.013796420767903328,0.9941933751106262,0.04697836336801116,-1.2560721119576512,-1.4178230644899203,-1.079435629636305,3416,12.216290212183436,5.317932922655715,0.30285258610247506
dkasc_19,informer,4,-0.5,24 months,6885,0.019555535167455673,0.013324336148798466,0.9946038126945496,0.04528753023396578,-1.1710697653894542,-1.2982641212287183,-1.0157245444926692,3416,12.216290212183436,5.317932922655715,0.30285258610247506
dkasc_19,tcn,0,-1.0,24 months,6885,0.019507763907313347,0.013270334340631962,0.9945502877235413,0.045519846801693804,-1.73857529157187,-1.8301341420135562,-1.6030855680709113,3416,12.216290212183436,5.317932922655715,0.30285258610247506
dkasc_19,tcn,1,-1.0,24 months,6885,0.01999414898455143,0.013924467377364635,0.9942751526832581,0.0466547884745427,-1.6682500385718613,-1.8054352920462091,-1.5594229456976554,3416,12.216290212183436,5.317932922655715,0.30285258610247506
dkasc_19,tcn,2,-1.0,24 months,6885,0.019425414502620697,0.013362490572035313,0.9945962429046631,0.045327690883484505,-1.659225627337263,-1.780415476024678,-1.537947309460886,3416,12.216290212183436,5.317932922655715,0.3028424920256793
dkasc_19,tcn,3,-1.0,24 months,6885,0.019987208768725395,0.01381174847483635,0.994279146194458,0.04663859402177647,-1.6978460138483253,-1.8170537550302457,-1.5517550282618162,3416,12.216290212183436,5.317932922655715,0.30285258610247506
dkasc_19,tcn,4,-1.0,24 months,6885,0.019039789214730263,0.012902303598821163,0.9948086142539978,0.044427864326682116,-1.6497699168954938,-1.7552645380634058,-1.5334047187451025,3416,12.216290212183436,5.317932922655715,0.30285258610247506
dkasc_19,patchtst,0,-1.0,24 months,6885,0.02089392952620983,0.014735458418726921,0.9937483072280884,0.04875435624694539,-1.6525587189755393,-1.757399882818378,-1.4663899625151355,3416,12.216290212183436,5.317932922655715,0.30285258610247506
dkasc_19,patchtst,1,-1.0,24 months,6885,0.020117415115237236,0.014078210107982159,0.9942043423652649,0.04694242038414111,-1.6484494175376119,-1.7661806030580929,-1.531038749877305,3416,12.216290212183436,5.317932922655715,0.30285258610247506
dkasc_19,patchtst,2,-1.0,24 months,6885,0.020493455231189728,0.014574125409126282,0.993985652923584,0.047819880689216436,-1.6320745420140337,-1.745428366810775,-1.484688028730502,3416,12.216290212183436,5.317932922655715,0.30285258610247506
dkasc_19,patchtst,3,-1.0,24 months,6885,0.02003559097647667,0.014121390879154205,0.9942514300346375,0.046751490133049384,-1.6123975122832108,-1.7493138895110696,-1.492139208293658,3416,12.216290212183436,5.317932922655715,0.30285258610247506
dkasc_19,patchtst,4,-1.0,24 months,6885,0.020165156573057175,0.014014112763106823,0.9941768050193787,0.04705382135538408,-1.6399761938199808,-1.7597195649162123,-1.5077652020132235,3416,12.216290212183436,5.317932922655715,0.30285258610247506
dkasc_19,informer,0,-1.0,24 months,6885,0.019978942349553108,0.013673016801476479,0.9942838549613953,0.04661930497685523,-1.692096653976902,-1.833283770612331,-1.55527565566273,3416,12.216290212183436,5.317932922655715,0.30285258610247506
dkasc_19,informer,1,-1.0,24 months,6885,0.020626835525035858,0.0144954863935709,0.9939071536064148,0.04813111321033407,-1.6189807966612235,-1.7734979580267693,-1.5388640296390754,3416,12.216290212183436,5.317932922655715,0.30285258610247506
dkasc_19,informer,2,-1.0,24 months,6885,0.02091929130256176,0.014991601929068565,0.9937331080436707,0.048813535975572614,-1.6477558222668387,-1.7590479727865156,-1.5081754800250757,3416,12.216290212183436,5.317932922655715,0.30285258610247506
dkasc_19,informer,3,-1.0,24 months,6885,0.02099725231528282,0.014595730230212212,0.993686318397522,0.048995451923111694,-1.7087228083312525,-1.8921475648587305,-1.5950607245491188,3416,12.216290212183436,5.317932922655715,0.30285258610247506
dkasc_19,informer,4,-1.0,24 months,6885,0.020933859050273895,0.014441842213273048,0.9937244057655334,0.04884752867956743,-1.6239655558798092,-1.7207701856081663,-1.48758477950953,3416,12.216290212183436,5.317932922655715,0.30285258610247506
dkasc_19,tcn,0,-2.0,24 months,6885,0.02182566560804844,0.015530034899711609,0.9929739832878113,0.05171364589036109,-2.675747415002622,-2.7946806594790985,-2.520267875164661,3416,12.216290212183436,5.317932922655715,0.30285258610247506
dkasc_19,tcn,1,-2.0,24 months,6885,0.02107361890375614,0.01446570549160242,0.9934498071670532,0.0499317493994498,-2.5980929836597886,-2.735297102173507,-2.4457984669033928,3416,12.216290212183436,5.317932922655715,0.30285258610247506
dkasc_19,tcn,2,-2.0,24 months,6885,0.02168814279139042,0.015619463287293911,0.9930622577667236,0.051387799871723504,-2.6662675391507076,-2.766141819391403,-2.5288513498600453,3416,12.216290212183436,5.317932922655715,0.30285258610247506
dkasc_19,tcn,3,-2.0,24 months,6885,0.021758250892162323,0.015470808371901512,0.993017315864563,0.051553913728797675,-2.664955331039792,-2.7898346500862092,-2.5471559940750788,3416,12.216290212183436,5.317932922655715,0.30285258610247506
dkasc_19,tcn,4,-2.0,24 months,6885,0.021361861377954483,0.015051979571580887,0.9932693839073181,0.050614709979390035,-2.5284841447612894,-2.6776413331536464,-2.41209325119513,3416,12.216290212183436,5.317932922655715,0.30285258610247506
dkasc_19,patchtst,0,-2.0,24 months,6885,0.022854473441839218,0.016448471695184708,0.9922959804534912,0.05415129910842682,-2.6025961571517597,-2.728048251125492,-2.4525900429122616,3416,12.216290212183436,5.317932922655715,0.30285258610247506
dkasc_19,patchtst,1,-2.0,24 months,6885,0.022666143253445625,0.01655483804643154,0.9924224019050598,0.05370507030386474,-2.6563056281286053,-2.7516812866291094,-2.4837748156928074,3416,12.216290212183436,5.317932922655715,0.30285258610247506
dkasc_19,patchtst,2,-2.0,24 months,6885,0.02242676168680191,0.01626630499958992,0.9925816059112549,0.0531378805653063,-2.5657170837965038,-2.692241142576074,-2.4604420037957757,3416,12.216290212183436,5.317932922655715,0.30285258610247506
dkasc_19,patchtst,3,-2.0,24 months,6885,0.022194406017661095,0.01587752066552639,0.9927345514297485,0.052587337960542165,-2.5829367397945613,-2.7121168010965504,-2.4622951348608924,3416,12.216290212183436,5.317932922655715,0.30285258610247506
dkasc_19,patchtst,4,-2.0,24 months,6885,0.023433415219187737,0.017305495217442513,0.9919007420539856,0.055523041469122444,-2.645016042702691,-2.7495214821486758,-2.4956582436672257,3416,12.216290212183436,5.317932922655715,0.3028424920256793
dkasc_19,informer,0,-2.0,24 months,6885,0.023406213149428368,0.016906164586544037,0.9919195175170898,0.05545858899247027,-2.662357207410271,-2.7840663788622044,-2.512803815745807,3416,12.216290212183436,5.317932922655715,0.30285258610247506
dkasc_19,informer,1,-2.0,24 months,6885,0.02436874806880951,0.018114794045686722,0.9912412762641907,0.057739215428881364,-2.6459915989213156,-2.7574142456384694,-2.5295229976718803,3416,12.216290212183436,5.317932922655715,0.30285258610247506
dkasc_19,informer,2,-2.0,24 months,6885,0.02262153849005699,0.016484813764691353,0.9924522042274475,0.053599383953660026,-2.5694016599081806,-2.7330013564977262,-2.44745234081436,3416,12.216290212183436,5.317932922655715,0.30285258610247506
dkasc_19,informer,3,-2.0,24 months,6885,0.02298075519502163,0.016489243134856224,0.9922106266021729,0.05445051059566234,-2.6609449069064652,-2.8076986419927086,-2.5002648212536838,3416,12.216290212183436,5.317932922655715,0.30285258610247506
dkasc_19,informer,4,-2.0,24 months,6885,0.022488370537757874,0.016126761212944984,0.9925408363342285,0.05328385633343471,-2.5479821192099266,-2.663445850456734,-2.440195124335094,3416,12.216290212183436,5.317932922655715,0.30285258610247506
dkasc_20,tcn,0,0.0,24 months,6852,0.019164463505148888,0.013565086759626865,0.9946186542510986,0.044608176161359876,-2.32270141974823,-2.5255625669205917,-2.123636059122558,3444,12.216290212183436,5.356262833675565,0.3017055538287227
dkasc_20,tcn,1,0.0,24 months,6852,0.01835511438548565,0.012543119490146637,0.9950636029243469,0.04272429414732492,-2.2688632170185685,-2.470098460430481,-2.0522013373552475,3444,12.216290212183436,5.356262833675565,0.3017055538287227
dkasc_20,tcn,2,0.0,24 months,6852,0.018599320203065872,0.012541184201836586,0.9949313998222351,0.043292719980238044,-2.318005975859516,-2.4735839008675398,-2.089324425825856,3444,12.216290212183436,5.356262833675565,0.3017055538287227
dkasc_20,tcn,3,0.0,24 months,6852,0.018986979499459267,0.013107039965689182,0.9947178959846497,0.044195055398052345,-2.3741396062402544,-2.5629253138704566,-2.170910693298489,3444,12.216290212183436,5.356262833675565,0.3017055538287227
dkasc_20,tcn,4,0.0,24 months,6852,0.019203249365091324,0.01360972598195076,0.9945968985557556,0.0446984560939245,-2.281593539290272,-2.49573478262749,-2.049325842695171,3444,12.216290212183436,5.356262833675565,0.3017055538287227
dkasc_20,patchtst,0,0.0,24 months,6852,0.019916905090212822,0.013898322358727455,0.9941878318786621,0.04635959731482169,-2.3125384260160198,-2.472791332092845,-2.1352856399732945,3444,12.216290212183436,5.356262833675565,0.3017055538287227
dkasc_20,patchtst,1,0.0,24 months,6852,0.018752602860331535,0.012923389673233032,0.9948474764823914,0.0436495084588694,-2.384965553840457,-2.54256741407749,-2.2050403935384377,3444,12.216290212183436,5.356262833675565,0.3017055538287227
dkasc_20,patchtst,2,0.0,24 months,6852,0.019447792321443558,0.013565546832978725,0.9944583773612976,0.04526766666812342,-2.3899865199927484,-2.5431830240783992,-2.2047485854392765,3444,12.216290212183436,5.356262833675565,0.3017055538287227
dkasc_20,patchtst,3,0.0,24 months,6852,0.021472124382853508,0.015458834357559681,0.9932447075843811,0.04997960453062621,-2.296094015578845,-2.556413548658143,-2.125252840557823,3444,12.216290212183436,5.356262833675565,0.3017055538287227
dkasc_20,patchtst,4,0.0,24 months,6852,0.01926279440522194,0.01348353736102581,0.9945633411407471,0.04483705614599316,-2.3942862837300245,-2.5702180444941862,-2.22592269197186,3444,12.216290212183436,5.356262833675565,0.30166544674280327
dkasc_20,informer,0,0.0,24 months,6852,0.020975952968001366,0.015052292495965958,0.9935532808303833,0.048824690808464924,-2.4964679398178813,-2.7102479567706617,-2.2762553349735426,3444,12.216290212183436,5.356262833675565,0.3017055538287227
dkasc_20,informer,1,0.0,24 months,6852,0.0196771752089262,0.01371750608086586,0.9943268895149231,0.045801589897984676,-2.3334880688706594,-2.53497434520229,-2.15924232417899,3444,12.216290212183436,5.356262833675565,0.3017055538287227
dkasc_20,informer,2,0.0,24 months,6852,0.0203818678855896,0.014321642927825451,0.9939132928848267,0.04744186827320637,-2.3786116433716864,-2.6021213994940986,-2.1943009356355847,3444,12.216290212183436,5.356262833675565,0.3017055538287227
dkasc_20,informer,3,0.0,24 months,6852,0.02061733789741993,0.014687446877360344,0.9937718510627747,0.047989960202084146,-2.424165276103326,-2.6167216284109673,-2.217308099435711,3444,12.216290212183436,5.356262833675565,0.3017055538287227
dkasc_20,informer,4,0.0,24 months,6852,0.021502625197172165,0.015341733582317829,0.9932254552841187,0.050050599771261355,-2.3524093272601965,-2.529890821265583,-2.207679501900861,3444,12.216290212183436,5.356262833675565,0.3017055538287227
dkasc_20,tcn,0,-0.25,24 months,6852,0.01878117211163044,0.012926255352795124,0.9947933554649353,0.043880210191945414,-2.541447771986882,-2.7648067839792883,-2.341273976893732,3444,12.216290212183436,5.356262833675565,0.3017055538287227
dkasc_20,tcn,1,-0.25,24 months,6852,0.020307507365942,0.014220337383449078,0.9939126372337341,0.04744633010099477,-2.5668934493183193,-2.768082993747567,-2.335372104004596,3444,12.216290212183436,5.356262833675565,0.3017055538287227
dkasc_20,tcn,2,-0.25,24 months,6852,0.01859946735203266,0.01272439956665039,0.9948936104774475,0.043455676355790965,-2.5266631135901663,-2.7340694140533306,-2.3642020045431145,3444,12.216290212183436,5.356262833675565,0.3017055538287227
dkasc_20,tcn,3,-0.25,24 months,6852,0.019073380157351494,0.013099812902510166,0.9946300387382507,0.04456292319781139,-2.5512909113581506,-2.7793158242299363,-2.3901950459243038,3444,12.216290212183436,5.356262833675565,0.3017055538287227
dkasc_20,tcn,4,-0.25,24 months,6852,0.018708376213908195,0.012812714092433453,0.9948335886001587,0.04371013032290544,-2.482627152364227,-2.6969207551417185,-2.25912725246572,3444,12.216290212183436,5.356262833675565,0.3017055538287227
dkasc_20,patchtst,0,-0.25,24 months,6852,0.020126579329371452,0.014089795760810375,0.9940206408500671,0.04702361099554473,-2.5328072723610964,-2.676836785088744,-2.349842814135805,3444,12.216290212183436,5.356262833675565,0.3017055538287227
dkasc_20,patchtst,1,-0.25,24 months,6852,0.020416192710399628,0.014605328440666199,0.9938473105430603,0.0477002618434461,-2.5652871288021406,-2.7177282588183638,-2.368525621800092,3444,12.216290212183436,5.356262833675565,0.3017055538287227
dkasc_20,patchtst,2,-0.25,24 months,6852,0.019701357930898666,0.013832561671733856,0.9942706227302551,0.046030126444516935,-2.5939075416172686,-2.7541184234696203,-2.4095193860085296,3444,12.216290212183436,5.356262833675565,0.3017055538287227
dkasc_20,patchtst,3,-0.25,24 months,6852,0.021569620817899704,0.015565681271255016,0.993132472038269,0.05039512388387534,-2.5331013592431617,-2.7392791026150776,-2.3440059241363276,3444,12.216290212183436,5.356262833675565,0.3017055538287227
dkasc_20,patchtst,4,-0.25,24 months,6852,0.019430963322520256,0.01359984278678894,0.9944268465042114,0.045398378213901136,-2.5918572878680934,-2.775718049451216,-2.4357404908375013,3444,12.216290212183436,5.356262833675565,0.30166544674280327
dkasc_20,informer,0,-0.25,24 months,6852,0.021236132830381393,0.01515366230159998,0.99334317445755,0.04961596468647198,-2.7000169650002683,-2.8789745165850755,-2.4581731148397568,3444,12.216290212183436,5.356262833675565,0.3017055538287227
dkasc_20,informer,1,-0.25,24 months,6852,0.020234597846865654,0.01411636732518673,0.9939562678337097,0.04727598476775102,-2.5497049709495623,-2.7319328285694007,-2.3429181390271947,3444,12.216290212183436,5.356262833675565,0.3017055538287227
dkasc_20,informer,2,-0.25,24 months,6852,0.021018026396632195,0.015073093585669994,0.9934792518615723,0.04910638221205316,-2.5962011682812647,-2.7659425241149505,-2.40715829018875,3444,12.216290212183436,5.356262833675565,0.3017055538287227
dkasc_20,informer,3,-0.25,24 months,6852,0.020687498152256012,0.014688055031001568,0.9936827421188354,0.04833413813956419,-2.5665416463431012,-2.7628614037506716,-2.3863788889700643,3444,12.216290212183436,5.356262833675565,0.3017055538287227
dkasc_20,informer,4,-0.25,24 months,6852,0.02148088999092579,0.015144865959882736,0.9931888580322266,0.05018781374822574,-2.5529423223335734,-2.6871907894036595,-2.400878556699537,3444,12.216290212183436,5.356262833675565,0.3017055538287227
dkasc_20,tcn,0,-0.5,24 months,6852,0.01975342631340027,0.014131538569927216,0.994197428226471,0.04632578380396949,-2.7332985610672322,-2.9037488894936514,-2.549132245947374,3444,12.216290212183436,5.356262833675565,0.3017055538287227
dkasc_20,tcn,1,-0.5,24 months,6852,0.019517656415700912,0.013360668905079365,0.9943351149559021,0.04577285566203519,-2.711905673909028,-2.88187560758435,-2.5498762528478762,3444,12.216290212183436,5.356262833675565,0.3017055538287227
dkasc_20,tcn,2,-0.5,24 months,6852,0.0205000601708889,0.014407610520720482,0.9937505125999451,0.04807679135648093,-2.7989720043837263,-3.0173475405418593,-2.619446878430809,3444,12.216290212183436,5.356262833675565,0.3017055538287227
dkasc_20,tcn,3,-0.5,24 months,6852,0.019406013190746307,0.013302512466907501,0.9943997859954834,0.04551102969724465,-2.7660811363617754,-2.949646675401374,-2.5792491493180725,3444,12.216290212183436,5.356262833675565,0.3017055538287227
dkasc_20,tcn,4,-0.5,24 months,6852,0.019893180578947067,0.013804658316075802,0.9941150546073914,0.04665353585005435,-2.703688592763276,-2.9241254155620955,-2.539148604057484,3444,12.216290212183436,5.356262833675565,0.3017055538287227
dkasc_20,patchtst,0,-0.5,24 months,6852,0.020337184891104698,0.014282075688242912,0.9938494563102722,0.047694815851139084,-2.7277343651068597,-2.922064734538332,-2.571129904739955,3444,12.216290212183436,5.356262833675565,0.3017055538287227
dkasc_20,patchtst,1,-0.5,24 months,6852,0.019496556371450424,0.01357516273856163,0.9943473935127258,0.04572337178654473,-2.823557186633896,-2.956828822156976,-2.593268501805335,3444,12.216290212183436,5.356262833675565,0.3017055538287227
dkasc_20,patchtst,2,-0.5,24 months,6852,0.02000618167221546,0.014136765152215958,0.994047999382019,0.0469185462909424,-2.787132797162206,-2.9679752323439446,-2.602233410304111,3444,12.216290212183436,5.356262833675565,0.3017055538287227
dkasc_20,patchtst,3,-0.5,24 months,6852,0.022171733900904655,0.016094660386443138,0.9926897287368774,0.051997204685228386,-2.716053065316515,-2.931254835523946,-2.5104980664805385,3444,12.216290212183436,5.356262833675565,0.3017055538287227
dkasc_20,patchtst,4,-0.5,24 months,6852,0.019727498292922974,0.013770189136266708,0.9942126870155334,0.046264977346799005,-2.7782267303798736,-2.979142589272077,-2.6535679435619697,3444,12.216290212183436,5.356262833675565,0.30166544674280327
dkasc_20,informer,0,-0.5,24 months,6852,0.021496225148439407,0.015573542565107346,0.9931284189224243,0.0504129999033387,-2.8660649125247573,-3.098986468117504,-2.6839288250429423,3444,12.216290212183436,5.356262833675565,0.3017055538287227
dkasc_20,informer,1,-0.5,24 months,6852,0.0204163808375597,0.01426931843161583,0.9938014149665833,0.04788054637886714,-2.785737115790221,-2.9423187677367513,-2.551831698962792,3444,12.216290212183436,5.356262833675565,0.3017055538287227
dkasc_20,informer,2,-0.5,24 months,6852,0.02069205977022648,0.01458087656646967,0.9936329126358032,0.04852706928742031,-2.778422350819344,-2.9883934366617737,-2.6243947983887073,3444,12.216290212183436,5.356262833675565,0.3017055538287227
dkasc_20,informer,3,-0.5,24 months,6852,0.02089780569076538,0.014855064451694489,0.9935056567192078,0.049009585124531976,-2.7961173516712083,-2.988648763147461,-2.6201672657174657,3444,12.216290212183436,5.356262833675565,0.3017055538287227
dkasc_20,informer,4,-0.5,24 months,6852,0.022062283009290695,0.01593433879315853,0.9927617311477661,0.05174052018596152,-2.7246682514405096,-2.910635495811953,-2.5700922666866854,3444,12.216290212183436,5.356262833675565,0.3017055538287227
dkasc_20,tcn,0,-1.0,24 months,6852,0.02031119540333748,0.014578166417777538,0.9937735199928284,0.04799578705363547,-3.18266490579324,-3.3624631038295383,-2.9871721129857143,3444,12.216290212183436,5.356262833675565,0.3017055538287227
dkasc_20,tcn,1,-1.0,24 months,6852,0.021052833646535873,0.014770307578146458,0.9933105111122131,0.049748294007782225,-3.1521361520258306,-3.3681702301161986,-2.9481332387000903,3444,12.216290212183436,5.356262833675565,0.3017055538287227
dkasc_20,tcn,2,-1.0,24 months,6852,0.02087016962468624,0.014884713105857372,0.9934260845184326,0.049316655036221985,-3.1946904652137444,-3.401888319574531,-2.9859812929010965,3444,12.216290212183436,5.356262833675565,0.3017055538287227
dkasc_20,tcn,3,-1.0,24 months,6852,0.020176853984594345,0.013985727913677692,0.9938555955886841,0.04767833542174288,-3.193560030207998,-3.338817888774459,-3.00814592196168,3444,12.216290212183436,5.356262833675565,0.3017055538287227
dkasc_20,tcn,4,-1.0,24 months,6852,0.02167396806180477,0.01539934054017067,0.9929099678993225,0.05121604785165651,-3.1950540630328317,-3.3838326684718947,-2.990176696249791,3444,12.216290212183436,5.356262833675565,0.3017055538287227
dkasc_20,patchtst,0,-1.0,24 months,6852,0.020946599543094635,0.014840416610240936,0.9933778643608093,0.04949726056020081,-3.1421459610507685,-3.33092625397976,-2.9980317953944735,3444,12.216290212183436,5.356262833675565,0.3017055538287227
dkasc_20,patchtst,1,-1.0,24 months,6852,0.021101726219058037,0.015066602267324924,0.9932793974876404,0.04986382819731065,-3.1826198190420096,-3.3309616440300975,-3.00475035479163,3444,12.216290212183436,5.356262833675565,0.3017055538287227
dkasc_20,patchtst,2,-1.0,24 months,6852,0.020708052441477776,0.014822904020547867,0.9935278296470642,0.04893356868170195,-3.209808537145309,-3.393572583004245,-3.0186136424359815,3444,12.216290212183436,5.356262833675565,0.3017055538287227
dkasc_20,patchtst,3,-1.0,24 months,6852,0.022299213334918022,0.016287395730614662,0.9924950003623962,0.05269351574011495,-3.136954201906048,-3.34759836182571,-2.9592251031141314,3444,12.216290212183436,5.356262833675565,0.3017055538287227
dkasc_20,patchtst,4,-1.0,24 months,6852,0.020416492596268654,0.01436389796435833,0.9937087893486023,0.048244606561739845,-3.196172575383316,-3.3813772347505933,-3.0473862647169088,3444,12.216290212183436,5.356262833675565,0.30166544674280327
dkasc_20,informer,0,-1.0,24 months,6852,0.022129995748400688,0.016044069081544876,0.9926084876060486,0.05229365098144685,-3.304281236914819,-3.4927080435779745,-3.053534036763794,3444,12.216290212183436,5.356262833675565,0.3017055538287227
dkasc_20,informer,1,-1.0,24 months,6852,0.020977450534701347,0.014779668301343918,0.993358314037323,0.0495701621100183,-3.1773008358610744,-3.322816224921532,-3.007201228823797,3444,12.216290212183436,5.356262833675565,0.3017055538287227
dkasc_20,informer,2,-1.0,24 months,6852,0.021570691838860512,0.015567310154438019,0.9929773807525635,0.050972003938646746,-3.1641111626021234,-3.3614845711856076,-2.998319983244735,3444,12.216290212183436,5.356262833675565,0.3017055538287227
dkasc_20,informer,3,-1.0,24 months,6852,0.02196880616247654,0.015999602153897285,0.9927157759666443,0.05191275655905319,-3.20034454421412,-3.3553052713705607,-3.0187423736547703,3444,12.216290212183436,5.356262833675565,0.3017055538287227
dkasc_20,informer,4,-1.0,24 months,6852,0.022858625277876854,0.016456238925457,0.9921137094497681,0.05401541806818279,-3.2222268600433424,-3.4149005767949325,-3.0577465020166037,3444,12.216290212183436,5.356262833675565,0.3017055538287227
dkasc_20,tcn,0,-2.0,24 months,6852,0.02175087295472622,0.015732401981949806,0.9926447868347168,0.05219086006222959,-3.9705200246331325,-4.174508076011197,-3.8202831840470575,3444,12.216290212183436,5.356262833675565,0.3017055538287227
dkasc_20,tcn,1,-2.0,24 months,6852,0.022668849676847458,0.01622936688363552,0.9920108318328857,0.05439353003066428,-4.00370626623221,-4.201510386219964,-3.806501047880523,3444,12.216290212183436,5.356262833675565,0.3017055538287227
dkasc_20,tcn,2,-2.0,24 months,6852,0.022202426567673683,0.015710309147834778,0.9923362135887146,0.05327435549126314,-4.099874001263338,-4.2673702355702225,-3.9020931409733537,3444,12.216290212183436,5.356262833675565,0.3017055538287227
dkasc_20,tcn,3,-2.0,24 months,6852,0.02202066406607628,0.015646841377019882,0.9924612045288086,0.05283821937363804,-4.080948556400898,-4.227794933142503,-3.8698888285503275,3444,12.216290212183436,5.356262833675565,0.3017055538287227
dkasc_20,tcn,4,-2.0,24 months,6852,0.021999541670084,0.01577126607298851,0.9924756288528442,0.05278753653365702,-3.980203424268336,-4.1606141826095016,-3.832690332887856,3444,12.216290212183436,5.356262833675565,0.3017055538287227
dkasc_20,patchtst,0,-2.0,24 months,6852,0.022465765476226807,0.016231024637818336,0.9921533465385437,0.0539062328487303,-4.060616509749236,-4.194931360061604,-3.900036601338126,3444,12.216290212183436,5.356262833675565,0.3017055538287227
dkasc_20,patchtst,1,-2.0,24 months,6852,0.02566443756222725,0.018893130123615265,0.9897598624229431,0.06158139363758197,-4.055936236956203,-4.265163844553697,-3.864519988027937,3444,12.216290212183436,5.356262833675565,0.3017055538287227
dkasc_20,patchtst,2,-2.0,24 months,6852,0.02233618125319481,0.016328763216733932,0.9922436475753784,0.053595297647894315,-4.068069402690111,-4.188298087303766,-3.898692606655454,3444,12.216290212183436,5.356262833675565,0.3017055538287227
dkasc_20,patchtst,3,-2.0,24 months,6852,0.02407831698656082,0.01790243200957775,0.9909865260124207,0.05777552353854109,-3.9793449522919966,-4.21483520714342,-3.779029522688605,3444,12.216290212183436,5.356262833675565,0.3017055538287227
dkasc_20,patchtst,4,-2.0,24 months,6852,0.022191805765032768,0.015970569103956223,0.992343544960022,0.05324887105091289,-4.081822849287276,-4.22872006928875,-3.923181783937235,3444,12.216290212183436,5.356262833675565,0.30165541997132345
dkasc_20,informer,0,-2.0,24 months,6852,0.02401609718799591,0.017755432054400444,0.9910330176353455,0.0576262281605229,-4.133596039236631,-4.294981319846813,-3.974947905298743,3444,12.216290212183436,5.356262833675565,0.3017055538287227
dkasc_20,informer,1,-2.0,24 months,6852,0.022427694872021675,0.016041256487369537,0.9921799302101135,0.05381488306333592,-4.040222358429313,-4.212004237663947,-3.824875712059833,3444,12.216290212183436,5.356262833675565,0.3017055538287227
dkasc_20,informer,2,-2.0,24 months,6852,0.02291504479944706,0.016745025292038918,0.9918363690376282,0.054984271157162715,-4.050206587606764,-4.207136722876514,-3.8780055731189256,3444,12.216290212183436,5.356262833675565,0.3017055538287227
dkasc_20,informer,3,-2.0,24 months,6852,0.023389386013150215,0.01737165078520775,0.99149489402771,0.05612244505747738,-3.9949213467240443,-4.179927619676205,-3.8640272236725615,3444,12.216290212183436,5.356262833675565,0.3017055538287227
dkasc_20,informer,4,-2.0,24 months,6852,0.021676169708371162,0.015329704619944096,0.9926952123641968,0.05201161085761944,-4.062481478744884,-4.22296836474051,-3.88483883279936,3444,12.216290212183436,5.356262833675565,0.3017055538287227
dkasc_21,tcn,0,0.0,24 months,6880,0.01938362792134285,0.013223360292613506,0.9949406981468201,0.04563416068028446,-1.1201674146465392,-1.2855932769502192,-0.9936746687176645,3177,12.216290212183436,4.988021902806297,0.2795285857572718
dkasc_21,tcn,1,0.0,24 months,6880,0.01958349160850048,0.0135650048032403,0.9948357939720154,0.04610469239142317,-1.113072627329753,-1.2487409489005765,-0.9785251700441039,3177,12.216290212183436,4.988021902806297,0.27956870611835505
dkasc_21,tcn,2,0.0,24 months,6880,0.020296650007367134,0.013545557856559753,0.9944528341293335,0.04778365492085458,-1.076370163977223,-1.198018616764156,-0.9751877698608935,3177,12.216290212183436,4.988021902806297,0.27956870611835505
dkasc_21,tcn,3,0.0,24 months,6880,0.019725041463971138,0.013721044175326824,0.9947608709335327,0.046437937998232745,-1.1521180663396746,-1.3119660900702077,-0.9757657291636412,3177,12.216290212183436,4.988021902806297,0.27929789368104313
dkasc_21,tcn,4,0.0,24 months,6880,0.02037268690764904,0.013925852254033089,0.9944111704826355,0.04796266579225471,-1.1133138272767105,-1.2402495019550175,-0.959236481179408,3177,12.216290212183436,4.988021902806297,0.27956870611835505
dkasc_21,patchtst,0,0.0,24 months,6880,0.027291450649499893,0.018206436187028885,0.9899705648422241,0.0642512562246424,-1.083284739970397,-1.22418163219879,-0.9410137220077511,3177,12.216290212183436,4.988021902806297,0.2795787362086259
dkasc_21,patchtst,1,0.0,24 months,6880,0.027014829218387604,0.018078051507472992,0.9901728630065918,0.06360001658641713,-1.1530106475070634,-1.29720307594232,-1.0294355265011554,3177,12.216290212183436,4.988021902806297,0.2795787362086259
dkasc_21,patchtst,2,0.0,24 months,6880,0.029744073748588562,0.021467167884111404,0.9880869388580322,0.07002537637625515,-1.1483918163543216,-1.3127579376987835,-0.9813877767839485,3177,12.216290212183436,4.988021902806297,0.27955867602808426
dkasc_21,patchtst,3,0.0,24 months,6880,0.026727186515927315,0.017917020246386528,0.9903810024261475,0.06292282997533226,-1.1455814956513044,-1.2524100315721876,-1.0018295314510872,3177,12.216290212183436,4.988021902806297,0.2795787362086259
dkasc_21,patchtst,4,0.0,24 months,6880,0.02825183793902397,0.01927345059812069,0.9892522692680359,0.06651226061779773,-1.048446695946005,-1.1941581711234828,-0.9175633370389631,3177,12.216290212183436,4.988021902806297,0.2795787362086259
dkasc_21,informer,0,0.0,24 months,6880,0.021983111277222633,0.015188862569630146,0.9934927225112915,0.05175402852077926,-1.143223554597117,-1.2738351941561539,-0.9998900096163221,3176,12.216290212183436,4.986652977412731,0.279197592778335
dkasc_21,informer,1,0.0,24 months,6880,0.02057584933936596,0.014422508887946606,0.9942991733551025,0.048440963616108355,-1.0757064583744813,-1.281769215005435,-0.9108782982183317,3176,12.216290212183436,4.986652977412731,0.2786359077231695
dkasc_21,informer,2,0.0,24 months,6880,0.021737955510616302,0.01506517268717289,0.9936370253562927,0.051176867336587654,-1.0986049283921107,-1.2296662683916604,-0.940293841719253,3176,12.216290212183436,4.986652977412731,0.2793079237713139
dkasc_21,informer,3,0.0,24 months,6880,0.022054720669984818,0.015836231410503387,0.9934502243995667,0.05192261587443605,-1.139931564681712,-1.2723153859673069,-0.9751367138117085,3176,12.216290212183436,4.986652977412731,0.2791173520561685
dkasc_21,informer,4,0.0,24 months,6880,0.02642682008445263,0.018574269488453865,0.9905959963798523,0.062215688358061176,-1.0342966219848648,-1.1865908411184067,-0.8712987827161456,3177,12.216290212183436,4.988021902806297,0.27956870611835505
dkasc_21,tcn,0,-0.25,24 months,6880,0.01949465274810791,0.013325265608727932,0.9948445558547974,0.04606800208743125,-1.3519956506433062,-1.4954696297289238,-1.181862589354589,3177,12.216290212183436,4.988021902806297,0.27953861584754264
dkasc_21,tcn,1,-0.25,24 months,6880,0.019771190360188484,0.01363520696759224,0.9946972131729126,0.0467214907879067,-1.3604533838122377,-1.5163337600895055,-1.2079687431821853,3177,12.216290212183436,4.988021902806297,0.27956870611835505
dkasc_21,tcn,2,-0.25,24 months,6880,0.01926841028034687,0.013720696792006493,0.9949634671211243,0.04553336632798728,-1.370368388069515,-1.4724463803138699,-1.205470575313877,3177,12.216290212183436,4.988021902806297,0.2795787362086259
dkasc_21,tcn,3,-0.25,24 months,6880,0.019742075353860855,0.013750533573329449,0.9947128295898438,0.04665268883541196,-1.3385494636303619,-1.4674185239216735,-1.2230269004023309,3177,12.216290212183436,4.988021902806297,0.2794984954864594
dkasc_21,tcn,4,-0.25,24 months,6880,0.019042858853936195,0.013042238540947437,0.9950807094573975,0.04500036357502886,-1.2958549537729067,-1.4348914470708412,-1.168614841828937,3177,12.216290212183436,4.988021902806297,0.27956870611835505
dkasc_21,patchtst,0,-0.25,24 months,6880,0.02744937688112259,0.01840013638138771,0.9897788166999817,0.06486588747167989,-1.2976126364513467,-1.4441227232242504,-1.170409872162581,3177,12.216290212183436,4.988021902806297,0.2795787362086259
dkasc_21,patchtst,1,-0.25,24 months,6880,0.027108415961265564,0.01821756921708584,0.9900311231613159,0.0640601594307313,-1.362851397796766,-1.5186447532121479,-1.23011389262453,3177,12.216290212183436,4.988021902806297,0.2795787362086259
dkasc_21,patchtst,2,-0.25,24 months,6880,0.02978733368217945,0.02156265825033188,0.9879634976387024,0.07039073575613394,-1.3747388980889452,-1.5531382916130765,-1.2283127670150773,3177,12.216290212183436,4.988021902806297,0.27955867602808426
dkasc_21,patchtst,3,-0.25,24 months,6880,0.02677900344133377,0.0180523544549942,0.9902719259262085,0.06328172152512065,-1.3484758285482012,-1.483970667689499,-1.250751003841044,3177,12.216290212183436,4.988021902806297,0.2795787362086259
dkasc_21,patchtst,4,-0.25,24 months,6880,0.028362587094306946,0.019391894340515137,0.9890874028205872,0.06702390334150982,-1.2821714988243007,-1.4369527226447076,-1.1374887028734586,3177,12.216290212183436,4.988021902806297,0.2795787362086259
dkasc_21,informer,0,-0.25,24 months,6880,0.02049436792731285,0.014365894719958305,0.9943022131919861,0.048430438677481306,-1.3614851340416734,-1.4732992352452512,-1.1901807410332643,3176,12.216290212183436,4.986652977412731,0.279197592778335
dkasc_21,informer,1,-0.25,24 months,6880,0.021073678508400917,0.014955585822463036,0.9939755201339722,0.04979941310363138,-1.2841622577322063,-1.4445497006259411,-1.1375414872082823,3176,12.216290212183436,4.986652977412731,0.2791775325977934
dkasc_21,informer,2,-0.25,24 months,6880,0.020008934661746025,0.013764741830527782,0.994568943977356,0.047283306641820316,-1.3005603449343206,-1.4405541153662216,-1.1563062956023384,3176,12.216290212183436,4.986652977412731,0.2792778335005015
dkasc_21,informer,3,-0.25,24 months,6880,0.02188440039753914,0.01577181927859783,0.9935030937194824,0.051715237825606525,-1.3744268146402505,-1.5207670138048108,-1.2363366456670688,3176,12.216290212183436,4.986652977412731,0.2791173520561685
dkasc_21,informer,4,-0.25,24 months,6880,0.02141634374856949,0.014820556156337261,0.9937780499458313,0.05060916864035968,-1.3255665400717638,-1.4932421573016996,-1.1753557773497592,3176,12.216290212183436,4.986652977412731,0.2790872617853561
dkasc_21,tcn,0,-0.5,24 months,6880,0.019581081345677376,0.013575897552073002,0.9947600364685059,0.04644676686189852,-1.5484342695723796,-1.672208713029144,-1.4324409327417802,3177,12.216290212183436,4.988021902806297,0.279518555667001
dkasc_21,tcn,1,-0.5,24 months,6880,0.020055798813700676,0.0140581876039505,0.9945029020309448,0.047572807409573196,-1.5426634467042009,-1.7053370281772584,-1.4024185281207635,3177,12.216290212183436,4.988021902806297,0.2795787362086259
dkasc_21,tcn,2,-0.5,24 months,6880,0.02078033797442913,0.014011160470545292,0.9940985441207886,0.04929143065037287,-1.5630023358855716,-1.6730935438966255,-1.450140601639066,3177,12.216290212183436,4.988021902806297,0.2795787362086259
dkasc_21,tcn,3,-0.5,24 months,6880,0.019997624680399895,0.014164751395583153,0.9945347309112549,0.0474348170524977,-1.5921178429734746,-1.7382736119563313,-1.4643384621221773,3177,12.216290212183436,4.988021902806297,0.2795486459378134
dkasc_21,tcn,4,-0.5,24 months,6880,0.020647550001740456,0.014348178170621395,0.9941737651824951,0.04897645458236851,-1.5428020430649836,-1.674300630131831,-1.3739982675856939,3177,12.216290212183436,4.988021902806297,0.27956870611835505
dkasc_21,patchtst,0,-0.5,24 months,6880,0.02756628394126892,0.01867070235311985,0.9896149039268494,0.06538784763036908,-1.5286611776969914,-1.6793977081589806,-1.3949018475444144,3177,12.216290212183436,4.988021902806297,0.2795787362086259
dkasc_21,patchtst,1,-0.5,24 months,6880,0.027435358613729477,0.018658123910427094,0.9897133708000183,0.06507728979869526,-1.5986908695810556,-1.7275403284557123,-1.450537148282317,3177,12.216290212183436,4.988021902806297,0.2795787362086259
dkasc_21,patchtst,2,-0.5,24 months,6880,0.029788153246045113,0.02152946963906288,0.987873375415802,0.07065817176491081,-1.6064073887607777,-1.7837549418277143,-1.4516039268826044,3177,12.216290212183436,4.988021902806297,0.27955867602808426
dkasc_21,patchtst,3,-0.5,24 months,6880,0.028348876163363457,0.019575586542487144,0.9890168905258179,0.06724417404288277,-1.6023424797099228,-1.7353830466560627,-1.466785723644301,3177,12.216290212183436,4.988021902806297,0.2795787362086259
dkasc_21,patchtst,4,-0.5,24 months,6880,0.02868434228003025,0.019755801185965538,0.9887554049491882,0.0680399072424861,-1.5067652291707645,-1.6729727593088342,-1.3837216380326867,3177,12.216290212183436,4.988021902806297,0.2795787362086259
dkasc_21,informer,0,-0.5,24 months,6880,0.020689165219664574,0.014671861194074154,0.9941502213478088,0.049075166818465486,-1.564435714148416,-1.713477451979195,-1.437037749634773,3176,12.216290212183436,4.986652977412731,0.27932798395185554
dkasc_21,informer,1,-0.5,24 months,6880,0.020979631692171097,0.014775009825825691,0.9939848184585571,0.04976415984655925,-1.5390563375791588,-1.6871940609210379,-1.4006898021352117,3176,12.216290212183436,4.986652977412731,0.27904714142427284
dkasc_21,informer,2,-0.5,24 months,6880,0.023889364674687386,0.01680038683116436,0.9922006130218506,0.05666611214855227,-1.5317413774065416,-1.6670878257339263,-1.4208259891895447,3177,12.216290212183436,4.988021902806297,0.2792577733199599
dkasc_21,informer,3,-0.5,24 months,6880,0.022100666537880898,0.01607026904821396,0.9933248162269592,0.05242327980033248,-1.5889390402765458,-1.7388141292429857,-1.4199707193116948,3176,12.216290212183436,4.986652977412731,0.27912738214643934
dkasc_21,informer,4,-0.5,24 months,6880,0.02238234505057335,0.015461845323443413,0.9931535720825195,0.05309142758941874,-1.5264172473692281,-1.6613701731595287,-1.390608066376986,3177,12.216290212183436,4.988021902806297,0.2794383149448345
dkasc_21,tcn,0,-1.0,24 months,6880,0.020439187064766884,0.014492524787783623,0.9942055344581604,0.04885071589157422,-2.0040589937912214,-2.1637884938007113,-1.8629812167150699,3177,12.216290212183436,4.988021902806297,0.27940822467402204
dkasc_21,tcn,1,-1.0,24 months,6880,0.020528579130768776,0.014292042702436447,0.9941547513008118,0.04906436756007658,-2.021824875563938,-2.1658690669249747,-1.848333932235774,3177,12.216290212183436,4.988021902806297,0.2795787362086259
dkasc_21,tcn,2,-1.0,24 months,6880,0.02040490135550499,0.014574231579899788,0.9942249655723572,0.04876877127034312,-2.0212899687197137,-2.14119556326534,-1.8889769783569559,3177,12.216290212183436,4.988021902806297,0.27922768304914747
dkasc_21,tcn,3,-1.0,24 months,6880,0.020548459142446518,0.014413363300263882,0.9941434264183044,0.049111881817826324,-2.0695498629178646,-2.2126610349586033,-1.9265845702567452,3177,12.216290212183436,4.988021902806297,0.2793881644934804
dkasc_21,tcn,4,-1.0,24 months,6880,0.019483311101794243,0.013569287024438381,0.9947348237037659,0.046566122823034094,-2.0304015152019934,-2.138376573274214,-1.882121277091553,3177,12.216290212183436,4.988021902806297,0.2794984954864594
dkasc_21,patchtst,0,-1.0,24 months,6880,0.02796117216348648,0.0193051528185606,0.9891558289527893,0.06682864993727922,-1.9902208856360257,-2.1274551132362864,-1.8559687083177678,3177,12.216290212183436,4.988021902806297,0.2795787362086259
dkasc_21,patchtst,1,-1.0,24 months,6880,0.02776915952563286,0.019299108535051346,0.98930424451828,0.06636972978601996,-2.0444838964618475,-2.189069285019485,-1.9179046732124236,3177,12.216290212183436,4.988021902806297,0.2795787362086259
dkasc_21,patchtst,2,-1.0,24 months,6880,0.02991671673953533,0.02163936197757721,0.9875859618186951,0.07150250277668817,-2.084733022014502,-2.204714674325281,-1.9079026690295264,3177,12.216290212183436,4.988021902806297,0.27955867602808426
dkasc_21,patchtst,3,-1.0,24 months,6880,0.02727331779897213,0.018808752298355103,0.9896827936172485,0.06518464237331924,-2.0547688297050497,-2.1810642697211504,-1.9239790346225352,3177,12.216290212183436,4.988021902806297,0.27956870611835505
dkasc_21,patchtst,4,-1.0,24 months,6880,0.02909400686621666,0.020430371165275574,0.9882593154907227,0.06953618356079513,-1.9525061239985675,-2.1314499304749193,-1.8161529555076132,3177,12.216290212183436,4.988021902806297,0.2795787362086259
dkasc_21,informer,0,-1.0,24 months,6880,0.021069791167974472,0.015028305351734161,0.9938424825668335,0.050357892365288155,-1.991795250933548,-2.144411720120254,-1.8585325123010477,3176,12.216290212183436,4.986652977412731,0.27940822467402204
dkasc_21,informer,1,-1.0,24 months,6880,0.021519532427191734,0.015504205599427223,0.9935767650604248,0.05143279727266647,-1.9944665573461084,-2.1372888035967597,-1.8642064789831103,3176,12.216290212183436,4.986652977412731,0.27852557673019057
dkasc_21,informer,2,-1.0,24 months,6880,0.02162196859717369,0.015357178635895252,0.9935154914855957,0.051677625025402074,-1.973290061059163,-2.0931538294214476,-1.8693442459192282,3176,12.216290212183436,4.986652977412731,0.2787963891675025
dkasc_21,informer,3,-1.0,24 months,6880,0.022923480719327927,0.01678251102566719,0.9927113652229309,0.05478830641930132,-2.035319596605088,-2.195978173656865,-1.9101313728369318,3176,12.216290212183436,4.986652977412731,0.2791173520561685
dkasc_21,informer,4,-1.0,24 months,6880,0.028800370171666145,0.0212619099766016,0.9884951114654541,0.0688343766496213,-1.907799709452175,-2.0814397496133603,-1.7299833213754945,3177,12.216290212183436,4.988021902806297,0.2793681043129388
dkasc_21,tcn,0,-2.0,24 months,6880,0.021850228309631348,0.015766097232699394,0.99317866563797,0.05302931015577557,-2.9353988723681668,-3.0639236736022606,-2.791376405349155,3176,12.216290212183436,4.986652977412731,0.2789568706118355
dkasc_21,tcn,1,-2.0,24 months,6880,0.022734472528100014,0.016445014625787735,0.9926154017448425,0.055175322556660064,-2.9405302769278654,-3.0432127483201343,-2.800035118211887,3177,12.216290212183436,4.988021902806297,0.2795285857572718
dkasc_21,tcn,2,-2.0,24 months,6880,0.021697238087654114,0.01572260819375515,0.9932738542556763,0.05265801124680922,-2.9186469703846787,-3.033776798081627,-2.793024913373665,3177,12.216290212183436,4.988021902806297,0.2795486459378134
dkasc_21,tcn,3,-2.0,24 months,6880,0.021993905305862427,0.015804897993803024,0.9930886626243591,0.05337800637475419,-2.9575281501937942,-3.1129580265270294,-2.817725904376722,3177,12.216290212183436,4.988021902806297,0.27942828485456367
dkasc_21,tcn,4,-2.0,24 months,6880,0.022947611287236214,0.016967160627245903,0.9924762845039368,0.055692598678643124,-2.8803944925786773,-2.986573311883356,-2.7499567223448707,3176,12.216290212183436,4.986652977412731,0.27915747241725175
dkasc_21,patchtst,0,-2.0,24 months,6880,0.029164671897888184,0.020846903324127197,0.9878473281860352,0.07078106506479052,-2.916476152108677,-3.0591191989182542,-2.7871062963215065,3177,12.216290212183436,4.988021902806297,0.2795787362086259
dkasc_21,patchtst,1,-2.0,24 months,6880,0.028934592381119728,0.02072376012802124,0.9880383014678955,0.07022267464971979,-2.9563342808500037,-3.0905425675724354,-2.8341236176107563,3177,12.216290212183436,4.988021902806297,0.2795787362086259
dkasc_21,patchtst,2,-2.0,24 months,6880,0.03103569895029068,0.02291511930525303,0.9862380027770996,0.07532194548332435,-2.9568916466703232,-3.0835467449905396,-2.8108515864844086,3177,12.216290212183436,4.988021902806297,0.27955867602808426
dkasc_21,patchtst,3,-2.0,24 months,6880,0.02960752509534359,0.02155231311917305,0.9874754548072815,0.0718558455763968,-2.979570565138429,-3.121376974802914,-2.8431641578124944,3177,12.216290212183436,4.988021902806297,0.2795787362086259
dkasc_21,patchtst,4,-2.0,24 months,6880,0.030246855691075325,0.021846072748303413,0.9869287014007568,0.0734074659975981,-2.9185853771447645,-3.0544681365665434,-2.78480475790156,3177,12.216290212183436,4.988021902806297,0.2795787362086259
dkasc_21,informer,0,-2.0,24 months,6880,0.022207990288734436,0.016150441020727158,0.9929534792900085,0.05389757893004001,-2.9218975277115478,-3.057892844777932,-2.8109285085648406,3176,12.216290212183436,4.986652977412731,0.2791374122367101
dkasc_21,informer,1,-2.0,24 months,6880,0.023217380046844482,0.01687278226017952,0.9922983646392822,0.05634731271736555,-2.927386295777705,-3.0957306354786747,-2.794364540649329,3177,12.216290212183436,4.988021902806297,0.27950852557673017
dkasc_21,informer,2,-2.0,24 months,6880,0.02251374162733555,0.016173869371414185,0.9927580952644348,0.054639620721799,-2.939439661280485,-3.0441782032682507,-2.80192249339109,3177,12.216290212183436,4.988021902806297,0.27953861584754264
dkasc_21,informer,3,-2.0,24 months,6880,0.02332707680761814,0.017184726893901825,0.9922254085540771,0.05661354076165496,-2.959239459879648,-3.07824004593954,-2.831012465576055,3176,12.216290212183436,4.986652977412731,0.2790872617853561
dkasc_21,informer,4,-2.0,24 months,6880,0.022411923855543137,0.016143903136253357,0.9928234219551086,0.05439251455323921,-2.9497443467749296,-3.11262420534848,-2.83024051385371,3176,12.216290212183436,4.986652977412731,0.2790270812437312
pvdaq_1430,tcn,0,0.0,24 months,6334,0.04564603045582771,0.025943605229258537,0.9751587510108948,0.10389134176089372,-0.13080559526803592,-0.5287132081130075,0.2323244886768076,2985,8.736481861738536,4.291238877481177,0.3318640637068208
pvdaq_1430,tcn,1,0.0,24 months,6334,0.04593338072299957,0.02554468624293804,0.9748449921607971,0.10454535711587021,-0.1396014118437039,-0.5195042912693348,0.24587028380925746,2984,8.736481861738536,4.289869952087612,0.33162436413029006
pvdaq_1430,tcn,2,0.0,24 months,6334,0.04543837904930115,0.02513674832880497,0.9753842353820801,0.10341872271763522,-0.09755516489274862,-0.4620774447208542,0.30923179475158546,2984,8.736481861738536,4.289869952087612,0.3316509974165712
pvdaq_1430,tcn,3,0.0,24 months,6334,0.04526606947183609,0.02504631318151951,0.975570559501648,0.10302654243334038,-0.10491118003090172,-0.500168234099962,0.20232340988857178,2982,8.736481861738536,4.289869952087612,0.33102511518896316
pvdaq_1430,tcn,4,0.0,24 months,6334,0.047374140471220016,0.026917386800050735,0.9732422232627869,0.10782455712303313,-0.21582124300817906,-0.6284831569523641,0.15772759822656235,2985,8.736481861738536,4.291238877481177,0.3314512477694623
pvdaq_1430,patchtst,0,0.0,24 months,6334,0.04938143864274025,0.028054308146238327,0.9709266424179077,0.11239321070081211,-0.2538259519785634,-0.5718881283721942,0.1022759849693411,2985,8.736481861738536,4.291238877481177,0.3318374304205396
pvdaq_1430,patchtst,1,0.0,24 months,6334,0.04947922006249428,0.02835102006793022,0.9708113670349121,0.11261576330387717,-0.36871980712497865,-0.677026555334348,0.0286850881147294,2985,8.736481861738536,4.291238877481177,0.33190401363624256
pvdaq_1430,patchtst,2,0.0,24 months,6334,0.048904355615377426,0.028163297101855278,0.9714856743812561,0.11130735952494618,-0.22082720008593237,-0.5902476159670699,0.18961936573499427,2985,8.736481861738536,4.291238877481177,0.3319306469225238
pvdaq_1430,patchtst,3,0.0,24 months,6334,0.048380691558122635,0.02755710296332836,0.9720931053161621,0.11011548892860151,-0.19926343892340825,-0.5660573454912388,0.11511869995407797,2985,8.736481861738536,4.291238877481177,0.3318773803499614
pvdaq_1430,patchtst,4,0.0,24 months,6334,0.0491102859377861,0.027794305235147476,0.9712450504302979,0.11177606134393554,-0.09663735414082145,-0.519605569722402,0.24714032216259785,2985,8.736481861738536,4.291238877481177,0.3319705968519456
pvdaq_1430,informer,0,0.0,24 months,6334,0.047689080238342285,0.028200415894389153,0.972885251045227,0.10854136677008139,-0.24020469078611068,-0.6343696656726274,0.09018281946505179,2985,8.736481861738536,4.291238877481177,0.33190401363624256
pvdaq_1430,informer,1,0.0,24 months,6334,0.04745388403534889,0.026373524218797684,0.9731520414352417,0.10800605518083603,-0.30206708153481254,-0.7330893984558773,-0.010837347054604152,2985,8.736481861738536,4.291238877481177,0.3319705968519456
pvdaq_1430,informer,2,0.0,24 months,6334,0.046891745179891586,0.026071451604366302,0.9737843871116638,0.10672661512074344,-0.1532148098762287,-0.4437688332038528,0.1684657451891451,2985,8.736481861738536,4.291238877481177,0.33198391349508616
pvdaq_1430,informer,3,0.0,24 months,6334,0.04610900208353996,0.026386575773358345,0.9746522903442383,0.10494507508928898,-0.17842991304064557,-0.541222814420278,0.16508757923937428,2985,8.736481861738536,4.291238877481177,0.3318107971342584
pvdaq_1430,informer,4,0.0,24 months,6334,0.04671882465481758,0.027236828580498695,0.9739773273468018,0.10633304430662145,-0.27819967233218235,-0.6189431021078144,0.10760034455865716,2985,8.736481861738536,4.291238877481177,0.3318374304205396
pvdaq_1430,tcn,0,-0.25,24 months,6334,0.04583941027522087,0.02700875699520111,0.9748547077178955,0.10455629886773614,-0.2679309259455309,-0.6445789899719001,0.07385314663628391,2985,8.736481861738536,4.291238877481177,0.3318374304205396
pvdaq_1430,tcn,1,-0.25,24 months,6334,0.04576953500509262,0.025371510535478592,0.9749313592910767,0.10439691855321795,-0.2674451307662751,-0.604593899326215,0.048963918613642576,2984,8.736481861738536,4.289869952087612,0.3317308972754148
pvdaq_1430,tcn,2,-0.25,24 months,6334,0.04553033784031868,0.025493554770946503,0.975192666053772,0.10385132754106789,-0.27172654927210843,-0.7235679972701914,0.12275082225063905,2984,8.736481861738536,4.289869952087612,0.33167763070285244
pvdaq_1430,tcn,3,-0.25,24 months,6334,0.0468018539249897,0.026592914015054703,0.9737877249717712,0.1067515615311169,-0.41895171900215855,-0.814772342329606,-0.020268675856157985,2983,8.736481861738536,4.288501026694045,0.330798732255573
pvdaq_1430,tcn,4,-0.25,24 months,6334,0.047576166689395905,0.027454789727926254,0.9729132652282715,0.10851771158248703,-0.4888674762479738,-0.8338474138419039,-0.1403766431274489,2985,8.736481861738536,4.291238877481177,0.3313580312674781
pvdaq_1430,patchtst,0,-0.25,24 months,6334,0.0494782030582428,0.028222158551216125,0.9707041382789612,0.11285611562923284,-0.48522867040264706,-0.8194202471744674,-0.14753749125599072,2985,8.736481861738536,4.291238877481177,0.3318374304205396
pvdaq_1430,patchtst,1,-0.25,24 months,6334,0.049461085349321365,0.028366820886731148,0.9707244038581848,0.11281707140333258,-0.46727253708146455,-0.8376575215036336,-0.13759652371425624,2985,8.736481861738536,4.291238877481177,0.331890696993102
pvdaq_1430,patchtst,2,-0.25,24 months,6334,0.04905899986624718,0.028424564749002457,0.9711984395980835,0.11189994420456911,-0.48127007825382706,-0.8226559666182576,-0.04130751600817516,2985,8.736481861738536,4.291238877481177,0.3319306469225238
pvdaq_1430,patchtst,3,-0.25,24 months,6334,0.048378802835941315,0.02752876468002796,0.9719915986061096,0.1103484651702053,-0.4531096236241594,-0.8132616959444783,-0.10076212825356201,2985,8.736481861738536,4.291238877481177,0.3318773803499614
pvdaq_1430,patchtst,4,-0.25,24 months,6334,0.049249786883592606,0.02812102995812893,0.9709740281105042,0.11233511525685544,-0.3611490662960898,-0.737048725422801,-0.008389641281308924,2985,8.736481861738536,4.291238877481177,0.3319705968519456
pvdaq_1430,informer,0,-0.25,24 months,6334,0.04510633647441864,0.025547640398144722,0.9756525754928589,0.10288421183719644,-0.3708902182985514,-0.7092338954690136,0.017309133286333312,2981,8.736481861738536,4.288501026694045,0.3313979811968999
pvdaq_1430,informer,1,-0.25,24 months,6334,0.04664856567978859,0.02626192755997181,0.9739591479301453,0.10640192240003013,-0.6317541678888972,-0.8961273872791942,-0.2743374123871156,2985,8.736481861738536,4.291238877481177,0.3319306469225238
pvdaq_1430,informer,2,-0.25,24 months,6334,0.046583142131567,0.025377564132213593,0.9740321636199951,0.10625269613337936,-0.412217622121992,-0.7966466471080706,-0.05650596087909208,2985,8.736481861738536,4.291238877481177,0.33198391349508616
pvdaq_1430,informer,3,-0.25,24 months,6334,0.0468953400850296,0.02736365981400013,0.9736829400062561,0.10696479653633276,-0.36534418195434704,-0.7090191395665413,-0.036076686615615916,2985,8.736481861738536,4.291238877481177,0.3318107971342584
pvdaq_1430,informer,4,-0.25,24 months,6334,0.0465887151658535,0.026703303679823875,0.9740259647369385,0.1062654078117138,-0.4261514602933225,-0.8346979466628293,-0.09071302057010694,2985,8.736481861738536,4.291238877481177,0.3318374304205396
pvdaq_1430,tcn,0,-0.5,24 months,6334,0.04568157717585564,0.02589663863182068,0.9749349355697632,0.10442133578596839,-0.6338665044724578,-0.9209916232044724,-0.19997465870553732,2984,8.736481861738536,4.289869952087612,0.3315710975577276
pvdaq_1430,tcn,1,-0.5,24 months,6334,0.045746684074401855,0.0253219585865736,0.9748634696006775,0.1045701605362371,-0.496790311197004,-0.8181849695475529,-0.1575621953892603,2984,8.736481861738536,4.289869952087612,0.331757530561696
pvdaq_1430,tcn,2,-0.5,24 months,6334,0.04728582873940468,0.0277449581772089,0.9731435775756836,0.1080884178255758,-0.6040325871980682,-0.9158614489376271,-0.17478016953148628,2985,8.736481861738536,4.291238877481177,0.3317708472048366
pvdaq_1430,tcn,3,-0.5,24 months,6334,0.04637446999549866,0.02757812850177288,0.9741688370704651,0.10600518639395203,-0.6686841691698471,-1.0299195981937959,-0.2902617342588898,2983,8.736481861738536,4.291238877481177,0.33103843183210374
pvdaq_1430,tcn,4,-0.5,24 months,6334,0.047121018171310425,0.02632773295044899,0.9733304381370544,0.10771168521834125,-0.6136659090910768,-0.9338286739367828,-0.30741048266270665,2985,8.736481861738536,4.291238877481177,0.33167763070285244
pvdaq_1430,patchtst,0,-0.5,24 months,6334,0.049575045704841614,0.028395866975188255,0.9704802632331848,0.11332122956748668,-0.741170412318104,-1.0752991816948492,-0.3817487369538891,2985,8.736481861738536,4.291238877481177,0.3318107971342584
pvdaq_1430,patchtst,1,-0.5,24 months,6334,0.04964916780591011,0.028636377304792404,0.9703919291496277,0.11349066173868864,-0.7553250298162042,-1.1124462869767313,-0.3979222168749467,2985,8.736481861738536,4.291238877481177,0.3318773803499614
pvdaq_1430,patchtst,2,-0.5,24 months,6334,0.04919113963842392,0.02862384356558323,0.9709357023239136,0.11244367702333197,-0.6894862568556256,-1.0765100949155337,-0.31335569879621805,2985,8.736481861738536,4.291238877481177,0.3319306469225238
pvdaq_1430,patchtst,3,-0.5,24 months,6334,0.04856918379664421,0.027832521125674248,0.9716659784317017,0.11102197786551808,-0.7062689368527513,-1.0559161800496641,-0.34122012914551797,2985,8.736481861738536,4.291238877481177,0.3318773803499614
pvdaq_1430,patchtst,4,-0.5,24 months,6334,0.049306418746709824,0.02813498117029667,0.9707993268966675,0.11270718803191841,-0.5873792472722017,-0.9900688084441835,-0.24515162310670413,2985,8.736481861738536,4.291238877481177,0.3319705968519456
pvdaq_1430,informer,0,-0.5,24 months,6334,0.048170313239097595,0.02872432768344879,0.9721294641494751,0.11011021870570682,-0.750632422121214,-1.064316339892829,-0.4467673642735037,2985,8.736481861738536,4.291238877481177,0.33190401363624256
pvdaq_1430,informer,1,-0.5,24 months,6334,0.046903565526008606,0.02649611048400402,0.973576009273529,0.10721462060069031,-0.8183519258566031,-1.1461316038421987,-0.4586168858044605,2985,8.736481861738536,4.291238877481177,0.331890696993102
pvdaq_1430,informer,2,-0.5,24 months,6334,0.04683251306414604,0.026102138683199883,0.9736560583114624,0.10705220517116149,-0.6714329026702328,-1.0046157575013925,-0.27458230122111194,2985,8.736481861738536,4.291238877481177,0.33198391349508616
pvdaq_1430,informer,3,-0.5,24 months,6334,0.046588655561208725,0.02694118767976761,0.9739296436309814,0.10649478295038046,-0.6310145200244193,-1.0475818925818614,-0.2728597046089465,2985,8.736481861738536,4.291238877481177,0.3318107971342584
pvdaq_1430,informer,4,-0.5,24 months,6334,0.04665601626038551,0.026976337656378746,0.9738542437553406,0.10664875955588249,-0.7120942263631524,-1.0906235055203357,-0.3588045073046749,2985,8.736481861738536,4.291238877481177,0.3318507470636802
pvdaq_1430,tcn,0,-1.0,24 months,6334,0.04607095569372177,0.026219980791211128,0.9743167757987976,0.10576822948025476,-1.1255481197997685,-1.4697326672745274,-0.7421806942029985,2984,8.736481861738536,4.289869952087612,0.33155778091458704
pvdaq_1430,tcn,1,-1.0,24 months,6334,0.045976895838975906,0.02594255469739437,0.974421501159668,0.10555228986815343,-1.008840826236579,-1.3685703592614673,-0.6341467038135096,2984,8.736481861738536,4.289869952087612,0.331757530561696
pvdaq_1430,tcn,2,-1.0,24 months,6334,0.0472082681953907,0.026751041412353516,0.97303307056427,0.10837923521816427,-1.0867481040694071,-1.4288161302683788,-0.7390272868233012,2985,8.736481861738536,4.291238877481177,0.3317708472048366
pvdaq_1430,tcn,3,-1.0,24 months,6334,0.047032859176397324,0.027060095220804214,0.9732331037521362,0.10797653679147792,-1.1398472444414165,-1.4760825231657504,-0.8125481679262192,2983,8.736481861738536,4.288501026694045,0.330998481902682
pvdaq_1430,tcn,4,-1.0,24 months,6334,0.04735661670565605,0.027195287868380547,0.9728633165359497,0.10871980899269393,-1.1438406550146774,-1.4277178100506327,-0.8504894243395178,2985,8.736481861738536,4.291238877481177,0.33159773084400884
pvdaq_1430,patchtst,0,-1.0,24 months,6334,0.049812428653240204,0.028816651552915573,0.9699758291244507,0.11435778367156146,-1.226279704351746,-1.5423263708458994,-0.8785783492145538,2985,8.736481861738536,4.291238877481177,0.3318107971342584
pvdaq_1430,patchtst,1,-1.0,24 months,6334,0.04994503781199455,0.02915608137845993,0.9698157906532288,0.1146622235452979,-1.2528556886536535,-1.5625333670445718,-0.9036612320733273,2985,8.736481861738536,4.291238877481177,0.3318773803499614
pvdaq_1430,patchtst,2,-1.0,24 months,6334,0.049442511051893234,0.029061967507004738,0.9704201221466064,0.1135085386502913,-1.1940680093851972,-1.516427246743507,-0.8081958962982472,2985,8.736481861738536,4.291238877481177,0.3319306469225238
pvdaq_1430,patchtst,3,-1.0,24 months,6334,0.048748329281806946,0.028132619336247444,0.9712448716163635,0.11191485830105771,-1.1574108107552799,-1.5505067588749366,-0.8587745235393185,2985,8.736481861738536,4.291238877481177,0.3318773803499614
pvdaq_1430,patchtst,4,-1.0,24 months,6334,0.05038366839289665,0.029497353360056877,0.9692832827568054,0.11566921763168785,-1.1990239799937408,-1.5805853435990673,-0.7786171937431484,2985,8.736481861738536,4.291238877481177,0.33198391349508616
pvdaq_1430,informer,0,-1.0,24 months,6334,0.04840872809290886,0.029092935845255852,0.9716441631317139,0.11113521273177696,-1.214634855796124,-1.5583073369185616,-0.8854397101736443,2985,8.736481861738536,4.291238877481177,0.3319173302793832
pvdaq_1430,informer,1,-1.0,24 months,6334,0.047201499342918396,0.027108216658234596,0.9730408191680908,0.10836369550272254,-1.2950399856050385,-1.6353756631490584,-0.9628753109574617,2985,8.736481861738536,4.291238877481177,0.331890696993102
pvdaq_1430,informer,2,-1.0,24 months,6334,0.047369617968797684,0.02686471678316593,0.9728484153747559,0.10874965687760951,-1.0888394905322896,-1.4941464865884768,-0.7582216887286664,2985,8.736481861738536,4.291238877481177,0.33198391349508616
pvdaq_1430,informer,3,-1.0,24 months,6334,0.04889901354908943,0.029171308502554893,0.9710668325424194,0.11226079443198911,-1.215144653114214,-1.503083740903538,-0.8322079979316959,2985,8.736481861738536,4.291238877481177,0.33195728020880494
pvdaq_1430,informer,4,-1.0,24 months,6334,0.04706334322690964,0.027540380135178566,0.9731983542442322,0.10804652110158229,-1.193557426221067,-1.5925378853627,-0.8047887201944603,2985,8.736481861738536,4.291238877481177,0.331824113777399
pvdaq_1430,tcn,0,-2.0,24 months,6334,0.046062711626291275,0.026920629665255547,0.9739454984664917,0.1066748323051602,-2.025587370432574,-2.407567842935243,-1.650057471049371,2985,8.736481861738536,4.291238877481177,0.3318107971342584
pvdaq_1430,tcn,1,-2.0,24 months,6334,0.047015994787216187,0.02748999558389187,0.9728559255599976,0.10888250349386537,-2.0438865143625917,-2.300565994433812,-1.688391221728458,2984,8.736481861738536,4.289869952087612,0.331690947345993
pvdaq_1430,tcn,2,-2.0,24 months,6334,0.045973796397447586,0.02646331861615181,0.974045991897583,0.10646891700422811,-2.11346418324575,-2.4188782681556664,-1.772678806526673,2984,8.736481861738536,4.289869952087612,0.3317308972754148
pvdaq_1430,tcn,3,-2.0,24 months,6334,0.046218905597925186,0.027178838849067688,0.9737684726715088,0.10703655581519372,-2.064872914007354,-2.457898821703053,-1.72754759054643,2984,8.736481861738536,4.289869952087612,0.33102511518896316
pvdaq_1430,tcn,4,-2.0,24 months,6334,0.04806068539619446,0.02808297611773014,0.9716362357139587,0.11130186161649758,-2.2164483795270695,-2.5267248348350346,-1.8794552005562348,2985,8.736481861738536,4.291238877481177,0.3314778810557435
pvdaq_1430,patchtst,0,-2.0,24 months,6334,0.05046295002102852,0.029806019738316536,0.9687299132347107,0.11686517230662476,-2.208995305840966,-2.5294917103619974,-1.893610855431982,2985,8.736481861738536,4.291238877481177,0.3318107971342584
pvdaq_1430,patchtst,1,-2.0,24 months,6334,0.05079791694879532,0.030173003673553467,0.9683133959770203,0.11764090911381053,-2.216757838392975,-2.499480370773577,-1.829521926096578,2985,8.736481861738536,4.291238877481177,0.3319173302793832
pvdaq_1430,patchtst,2,-2.0,24 months,6334,0.0501209981739521,0.0301249697804451,0.9691522717475891,0.11607325939799573,-2.1632489795053704,-2.4923768463210063,-1.80674654784566,2985,8.736481861738536,4.291238877481177,0.33190401363624256
pvdaq_1430,patchtst,3,-2.0,24 months,6334,0.04922763258218765,0.029067421332001686,0.9702421426773071,0.11400434896428434,-2.142515195686884,-2.5106432676712194,-1.7915527173278998,2985,8.736481861738536,4.291238877481177,0.3318507470636802
pvdaq_1430,patchtst,4,-2.0,24 months,6334,0.05072813108563423,0.030400333926081657,0.9684004187583923,0.11747929476269771,-2.2000613897221744,-2.559795495140884,-1.7722277274580422,2985,8.736481861738536,4.291238877481177,0.33198391349508616
pvdaq_1430,informer,0,-2.0,24 months,6334,0.04884529486298561,0.02950333058834076,0.970702588558197,0.11311890799392393,-2.1780973209195698,-2.520611379481391,-1.9174861242512442,2985,8.736481861738536,4.291238877481177,0.33190401363624256
pvdaq_1430,informer,1,-2.0,24 months,6334,0.04757481813430786,0.02777176909148693,0.9722068309783936,0.11017666062735873,-2.2846632361229635,-2.648276003130099,-1.933075322111149,2985,8.736481861738536,4.291238877481177,0.3318374304205396
pvdaq_1430,informer,2,-2.0,24 months,6334,0.04742590710520744,0.02691890113055706,0.972380518913269,0.1098318033990967,-2.1213770472310376,-2.4503511969770186,-1.8102978318931373,2985,8.736481861738536,4.291238877481177,0.33198391349508616
pvdaq_1430,informer,3,-2.0,24 months,6334,0.04768076539039612,0.028389710932970047,0.9720829129219055,0.11042201973405005,-2.192115430097032,-2.537262284604953,-1.8106752901907086,2985,8.736481861738536,4.291238877481177,0.3318107971342584
pvdaq_1430,informer,4,-2.0,24 months,6334,0.04746976122260094,0.028331398963928223,0.9723294377326965,0.10993336343439805,-2.2104770950955217,-2.6447739706662365,-1.8021616772402136,2985,8.736481861738536,4.291238877481177,0.331890696993102
pvdaq_1423,tcn,0,0.0,24 months,6467,0.04805523902177811,0.02231009304523468,0.97185879945755,0.10291402124228152,-0.4853405318614811,-0.6331046893208847,-0.3541137530525346,2121,7.260780287474333,4.298083504449007,0.3501355847452738
pvdaq_1423,tcn,1,0.0,24 months,6467,0.04844445735216141,0.022898104041814804,0.9714010953903198,0.10374756248224497,-0.5143896306311901,-0.6632179695826579,-0.3786030597345946,2121,7.260780287474333,4.298083504449007,0.3501355847452738
pvdaq_1423,tcn,2,0.0,24 months,6467,0.05003253370523453,0.025188861414790154,0.9694952964782715,0.1071485511540621,-0.5312017311196959,-0.709825628919847,-0.3759874447488376,2121,7.260780287474333,4.298083504449007,0.3501355847452738
pvdaq_1423,tcn,3,0.0,24 months,6467,0.04974175617098808,0.02628347836434841,0.9698488712310791,0.10652582851350557,-0.5261918457559644,-0.662096298836834,-0.35901958836214126,2121,7.260780287474333,4.298083504449007,0.3501355847452738
pvdaq_1423,tcn,4,0.0,24 months,6467,0.04971381649374962,0.02534269168972969,0.9698827266693115,0.10646599352786501,-0.5003438035882546,-0.6226533946301632,-0.3658406590401663,2121,7.260780287474333,4.298083504449007,0.3501355847452738
pvdaq_1423,patchtst,0,0.0,24 months,6467,0.05476418510079384,0.029774965718388557,0.9634527564048767,0.11728174957625662,-0.32791860470562373,-0.4969708985000598,-0.20171321566654354,2121,7.260780287474333,4.298083504449007,0.3501355847452738
pvdaq_1423,patchtst,1,0.0,24 months,6467,0.05485192686319351,0.029686802998185158,0.9633355140686035,0.11746965536516223,-0.373834340374139,-0.5375821683227144,-0.17660183161920529,2121,7.260780287474333,4.298083504449007,0.3501355847452738
pvdaq_1423,patchtst,2,0.0,24 months,6467,0.05476336553692818,0.029978150501847267,0.9634538292884827,0.11727999441667782,-0.42154798202570004,-0.5933667005328989,-0.26697296674809134,2121,7.260780287474333,4.298083504449007,0.3501355847452738
pvdaq_1423,patchtst,3,0.0,24 months,6467,0.054987650364637375,0.02958628349006176,0.9631538987159729,0.1177603177694079,-0.45025868012747994,-0.6374173934508565,-0.23562612629325042,2121,7.260780287474333,4.298083504449007,0.3501355847452738
pvdaq_1423,patchtst,4,0.0,24 months,6467,0.05570977181196213,0.029831286519765854,0.9621797800064087,0.11930679685227766,-0.2975519679340122,-0.48785734786722657,-0.145905745639624,2121,7.260780287474333,4.298083504449007,0.3501355847452738
pvdaq_1423,informer,0,0.0,24 months,6467,0.051753632724285126,0.027268648147583008,0.9673604965209961,0.11083441818151299,-0.4566814696201421,-0.6315024476794884,-0.2830136778576464,2121,7.260780287474333,4.298083504449007,0.3501355847452738
pvdaq_1423,informer,1,0.0,24 months,6467,0.050104521214962006,0.027249734848737717,0.9694074392318726,0.10730271798906453,-0.5677801205754267,-0.706314250549287,-0.40843882851915314,2121,7.260780287474333,4.298083504449007,0.3501355847452738
pvdaq_1423,informer,2,0.0,24 months,6467,0.05479903519153595,0.02841670624911785,0.9634062051773071,0.1173563837483456,-0.3727569522300189,-0.553967328145064,-0.2140231107365831,2121,7.260780287474333,4.298083504449007,0.3501355847452738
pvdaq_1423,informer,3,0.0,24 months,6467,0.05426999181509018,0.028746599331498146,0.9641093611717224,0.11622339632824445,-0.5276979595249948,-0.6829142039900593,-0.30928186950426234,2121,7.260780287474333,4.298083504449007,0.3501355847452738
pvdaq_1423,informer,4,0.0,24 months,6467,0.05180409178137779,0.02838178165256977,0.967296838760376,0.11094248016557984,-0.5976320664784984,-0.7555578059142865,-0.3976549838224652,2121,7.260780287474333,4.298083504449007,0.3501355847452738
pvdaq_1423,tcn,0,-0.25,24 months,6467,0.04757358506321907,0.02226417139172554,0.972269594669342,0.1021517085100516,-0.7211418421449511,-0.8656773250325884,-0.5968913684983534,2121,7.260780287474333,4.298083504449007,0.3501355847452738
pvdaq_1423,tcn,1,-0.25,24 months,6467,0.04788050428032875,0.022926656529307365,0.9719105958938599,0.102810736463498,-0.7922929962113467,-0.9570396560086132,-0.633231212530927,2121,7.260780287474333,4.298083504449007,0.3501355847452738
pvdaq_1423,tcn,2,-0.25,24 months,6467,0.04795069247484207,0.0226940605789423,0.9718282222747803,0.10296144707269939,-0.7455333177035748,-0.875721989537824,-0.5874582806239765,2121,7.260780287474333,4.298083504449007,0.3501355847452738
pvdaq_1423,tcn,3,-0.25,24 months,6467,0.04990775138139725,0.02662292681634426,0.9694817066192627,0.10716371416469511,-0.7837566698909376,-0.9339729312931506,-0.5947505343025203,2121,7.260780287474333,4.298083504449007,0.3501355847452738
pvdaq_1423,tcn,4,-0.25,24 months,6467,0.04927768185734749,0.02509213797748089,0.9702473878860474,0.1058108062794418,-0.781754333304524,-0.9169332323925361,-0.6270462941397437,2121,7.260780287474333,4.298083504449007,0.3501355847452738
pvdaq_1423,patchtst,0,-0.25,24 months,6467,0.054679010063409805,0.030254708603024483,0.9633675813674927,0.11740873197160033,-0.5907010863324402,-0.7875654837110881,-0.46342536624486097,2121,7.260780287474333,4.298083504449007,0.3501355847452738
pvdaq_1423,patchtst,1,-0.25,24 months,6467,0.05455869436264038,0.029376422986388206,0.963528573513031,0.11715038578268376,-0.6157058030086688,-0.785320379141613,-0.4683782101092812,2121,7.260780287474333,4.298083504449007,0.3501355847452738
pvdaq_1423,patchtst,2,-0.25,24 months,6467,0.054554082453250885,0.029930492863059044,0.9635347723960876,0.11714048292539428,-0.6590955748615401,-0.8535779708568725,-0.5193773460289708,2121,7.260780287474333,4.298083504449007,0.3501355847452738
pvdaq_1423,patchtst,3,-0.25,24 months,6467,0.05477193742990494,0.029874231666326523,0.9632429480552673,0.11760826894662971,-0.6642583312428729,-0.8490601097749846,-0.533893425139649,2121,7.260780287474333,4.298083504449007,0.3501355847452738
pvdaq_1423,patchtst,4,-0.25,24 months,6467,0.05547929182648659,0.02982555329799652,0.962287425994873,0.11912712568271322,-0.5452356739249191,-0.7305881695468037,-0.381486851060123,2121,7.260780287474333,4.298083504449007,0.3501355847452738
pvdaq_1423,informer,0,-0.25,24 months,6467,0.051875364035367966,0.028558263555169106,0.9670279026031494,0.11138864264174829,-0.6940481568171064,-0.9089601873598641,-0.5010525963109926,2121,7.260780287474333,4.298083504449007,0.3501355847452738
pvdaq_1423,informer,1,-0.25,24 months,6467,0.04997360706329346,0.027538318186998367,0.9694010615348816,0.10730512184737978,-0.804534492530401,-0.9508186505730154,-0.6255629268154712,2121,7.260780287474333,4.298083504449007,0.3501355847452738
pvdaq_1423,informer,2,-0.25,24 months,6467,0.054771408438682556,0.028962943702936172,0.9632436633110046,0.1176071330776999,-0.637278878452141,-0.8177882260800573,-0.5072122972085155,2121,7.260780287474333,4.298083504449007,0.3501355847452738
pvdaq_1423,informer,3,-0.25,24 months,6467,0.05256188288331032,0.026523461565375328,0.9661493897438049,0.11286276054033573,-0.7910878492008722,-0.9820440392636298,-0.6134490453343799,2121,7.260780287474333,4.298083504449007,0.3501355847452738
pvdaq_1423,informer,4,-0.25,24 months,6467,0.051396578550338745,0.028510767966508865,0.9676337242126465,0.1103605772722674,-0.7598363088725406,-0.9824022176581959,-0.5411640537628657,2121,7.260780287474333,4.298083504449007,0.3501355847452738
pvdaq_1423,tcn,0,-0.5,24 months,6467,0.047079890966415405,0.022037534043192863,0.9726939797401428,0.10135943534750055,-0.9574757227095554,-1.0997540388047464,-0.804880215973075,2121,7.260780287474333,4.298083504449007,0.3501355847452738
pvdaq_1423,tcn,1,-0.5,24 months,6467,0.04796134680509567,0.023076167330145836,0.9716619253158569,0.10325714293047102,-1.0042466353507251,-1.18743714283861,-0.8803976310749917,2121,7.260780287474333,4.298083504449007,0.3501355847452738
pvdaq_1423,tcn,2,-0.5,24 months,6467,0.048150546848773956,0.022834960371255875,0.9714378714561462,0.1036644762781339,-0.9839585817340568,-1.138731422758904,-0.8188013889788737,2121,7.260780287474333,4.298083504449007,0.3501355847452738
pvdaq_1423,tcn,3,-0.5,24 months,6467,0.048175495117902756,0.022749681025743484,0.9714083075523376,0.10371818800982836,-1.0230819422528072,-1.1712174378011753,-0.8648453591212968,2121,7.260780287474333,4.298083504449007,0.3501355847452738
pvdaq_1423,tcn,4,-0.5,24 months,6467,0.04885666072368622,0.025033896788954735,0.970594048500061,0.10518468590867867,-0.9570738132954726,-1.1132396554682922,-0.8311772830955412,2121,7.260780287474333,4.298083504449007,0.3501355847452738
pvdaq_1423,patchtst,0,-0.5,24 months,6467,0.05455264076590538,0.030414341017603874,0.9633377194404602,0.11744769903336527,-0.8498673664817602,-1.015544237422733,-0.7055459713284744,2121,7.260780287474333,4.298083504449007,0.3501355847452738
pvdaq_1423,patchtst,1,-0.5,24 months,6467,0.05435546487569809,0.029490608721971512,0.9636023044586182,0.11702319429290595,-0.8938340076912243,-1.0552505091198516,-0.6867021138645679,2121,7.260780287474333,4.298083504449007,0.3501355847452738
pvdaq_1423,patchtst,2,-0.5,24 months,6467,0.05442419648170471,0.029981102794408798,0.9635101556777954,0.11717116822896131,-0.9106391441430679,-1.0774899817264483,-0.7145392685352581,2121,7.260780287474333,4.298083504449007,0.3501355847452738
pvdaq_1423,patchtst,3,-0.5,24 months,6467,0.05462285503745079,0.0298672653734684,0.963243305683136,0.11759886503590032,-0.9142822915255928,-1.1084640261322276,-0.7356836229091532,2121,7.260780287474333,4.298083504449007,0.3501355847452738
pvdaq_1423,patchtst,4,-0.5,24 months,6467,0.0553177073597908,0.029694050550460815,0.9623022079467773,0.11909482939768111,-0.7840279071586298,-0.9649875391138945,-0.604805822878518,2121,7.260780287474333,4.298083504449007,0.3501355847452738
pvdaq_1423,informer,0,-0.5,24 months,6467,0.05177862569689751,0.0291590616106987,0.9669715166091919,0.11147545493363549,-0.917256858121307,-1.1261865571824,-0.7747890587287658,2121,7.260780287474333,4.298083504449007,0.3501355847452738
pvdaq_1423,informer,1,-0.5,24 months,6467,0.05219675227999687,0.028935233131051064,0.9664359092712402,0.1123756497619745,-0.927481440052258,-1.1593914677779402,-0.7296795348010532,2121,7.260780287474333,4.298083504449007,0.3501355847452738
pvdaq_1423,informer,2,-0.5,24 months,6467,0.05456780642271042,0.02905120700597763,0.963317334651947,0.1174803495425079,-0.9017133171331349,-1.1000446064617198,-0.7219785249112931,2121,7.260780287474333,4.298083504449007,0.3501355847452738
pvdaq_1423,informer,3,-0.5,24 months,6467,0.04998460412025452,0.026983903720974922,0.9692205786705017,0.1076130625134941,-1.053095807781379,-1.2222545214122458,-0.8782095505066136,2121,7.260780287474333,4.298083504449007,0.3501355847452738
pvdaq_1423,informer,4,-0.5,24 months,6467,0.05097709223628044,0.028002681210637093,0.9679861664772034,0.10974981417040117,-1.058562939420321,-1.220141433089108,-0.8489071021028138,2121,7.260780287474333,4.298083504449007,0.3501355847452738
pvdaq_1423,tcn,0,-1.0,24 months,6467,0.0471646785736084,0.023704852908849716,0.9722956418991089,0.10208283732523234,-1.4980047263581986,-1.6232514920850356,-1.3213339817875647,2121,7.260780287474333,4.298083504449007,0.3501355847452738
pvdaq_1423,tcn,1,-1.0,24 months,6467,0.04790877923369408,0.02365480177104473,0.9714146256446838,0.10369336259402169,-1.4785149911126283,-1.6209993046645443,-1.3835149114309164,2121,7.260780287474333,4.298083504449007,0.3501355847452738
pvdaq_1423,tcn,2,-1.0,24 months,6467,0.04762086272239685,0.0228813998401165,0.971757173538208,0.103070198495911,-1.3869616868814882,-1.5951861994647785,-1.2589904046946654,2121,7.260780287474333,4.298083504449007,0.3501355847452738
pvdaq_1423,tcn,3,-1.0,24 months,6467,0.048062004148960114,0.024262452498078346,0.9712314605712891,0.10402500132394252,-1.4806354163957005,-1.6553178183970951,-1.3329302455601877,2121,7.260780287474333,4.298083504449007,0.3501355847452738
pvdaq_1423,tcn,4,-1.0,24 months,6467,0.04827019199728966,0.02441413700580597,0.9709817171096802,0.10447560136823089,-1.5534912049716953,-1.7062683334536415,-1.3536647948283194,2121,7.260780287474333,4.298083504449007,0.3501355847452738
pvdaq_1423,patchtst,0,-1.0,24 months,6467,0.054126039147377014,0.03032035566866398,0.963513970375061,0.11714994814854138,-1.3202089396041006,-1.50569174558971,-1.1937225372494005,2121,7.260780287474333,4.298083504449007,0.3501355847452738
pvdaq_1423,patchtst,1,-1.0,24 months,6467,0.054147567600011826,0.02969083935022354,0.9634849429130554,0.11719654415204755,-1.375233300375861,-1.529395604484296,-1.1834713212993175,2121,7.260780287474333,4.298083504449007,0.3501355847452738
pvdaq_1423,patchtst,2,-1.0,24 months,6467,0.05400782451033592,0.0299109797924757,0.9636731743812561,0.11689408537310247,-1.37667344794552,-1.6017206026456288,-1.2462770935769307,2121,7.260780287474333,4.298083504449007,0.3501355847452738
pvdaq_1423,patchtst,3,-1.0,24 months,6467,0.054163068532943726,0.029543552547693253,0.9634640216827393,0.11723009424213048,-1.4025750871291351,-1.6150698670922108,-1.2259268898020084,2121,7.260780287474333,4.298083504449007,0.3501355847452738
pvdaq_1423,patchtst,4,-1.0,24 months,6467,0.05494452267885208,0.02971978858113289,0.9624021649360657,0.11892146708440252,-1.2566868538675744,-1.4796965650938243,-1.11770513313052,2121,7.260780287474333,4.298083504449007,0.3501355847452738
pvdaq_1423,informer,0,-1.0,24 months,6467,0.052400264889001846,0.030769208446145058,0.9658035635948181,0.11341469672298911,-1.4358671527210347,-1.6137857392587773,-1.291341403913388,2121,7.260780287474333,4.298083504449007,0.3501355847452738
pvdaq_1423,informer,1,-1.0,24 months,6467,0.05167864263057709,0.028180724009871483,0.9667389392852783,0.11185282351946299,-1.431703439068438,-1.6108150125992111,-1.219657402114832,2121,7.260780287474333,4.298083504449007,0.3501355847452738
pvdaq_1423,informer,2,-1.0,24 months,6467,0.05409824103116989,0.02838708460330963,0.9635514616966248,0.11708978213743859,-1.3985546323217166,-1.5738673956445601,-1.2385166862518282,2121,7.260780287474333,4.298083504449007,0.3501355847452738
pvdaq_1423,informer,3,-1.0,24 months,6467,0.05172448977828026,0.02570582926273346,0.9666798710823059,0.11195205470395,-1.5165639494174075,-1.699422408825599,-1.3383861206335834,2121,7.260780287474333,4.298083504449007,0.3501355847452738
pvdaq_1423,informer,4,-1.0,24 months,6467,0.050617676228284836,0.02822503075003624,0.9680906534194946,0.10955647667838982,-1.5457104728011761,-1.7096312720557338,-1.3671085827318241,2121,7.260780287474333,4.298083504449007,0.3501355847452738
pvdaq_1423,tcn,0,-2.0,24 months,6467,0.04619042947888374,0.023465856909751892,0.9728438854217529,0.10105066819613547,-2.4006786132358626,-2.538409195283997,-2.2540764864166176,2121,7.260780287474333,4.298083504449007,0.3501355847452738
pvdaq_1423,tcn,1,-2.0,24 months,6467,0.04684140905737877,0.023910485208034515,0.9720730781555176,0.10247481432621278,-2.517578605086046,-2.614514406607964,-2.3765116547930454,2121,7.260780287474333,4.298083504449007,0.3501355847452738
pvdaq_1423,tcn,2,-2.0,24 months,6467,0.04663842171430588,0.023833701387047768,0.9723145961761475,0.10203073950629253,-2.467875921541951,-2.5915848963343424,-2.3167541721380993,2121,7.260780287474333,4.298083504449007,0.3501355847452738
pvdaq_1423,tcn,3,-2.0,24 months,6467,0.04761197790503502,0.026130564510822296,0.9711466431617737,0.10416058555253115,-2.4001707660322005,-2.585361439687861,-2.25114703772904,2121,7.260780287474333,4.298083504449007,0.3501355847452738
pvdaq_1423,tcn,4,-2.0,24 months,6467,0.04691289737820625,0.024524254724383354,0.9719877243041992,0.10263120911771692,-2.4943767691100738,-2.624553584723338,-2.380157206607425,2121,7.260780287474333,4.298083504449007,0.3501355847452738
pvdaq_1423,patchtst,0,-2.0,24 months,6467,0.053387969732284546,0.030279584228992462,0.9637213945388794,0.116796706069787,-2.3172114611047734,-2.5297009557741665,-2.1554649402146353,2121,7.260780287474333,4.298083504449007,0.3501355847452738
pvdaq_1423,patchtst,1,-2.0,24 months,6467,0.053354810923337936,0.029720544815063477,0.9637664556503296,0.11672416463991839,-2.372063414015302,-2.5454495735740656,-2.149558750100132,2121,7.260780287474333,4.298083504449007,0.3501355847452738
pvdaq_1423,patchtst,2,-2.0,24 months,6467,0.053265031427145004,0.02997417002916336,0.9638882875442505,0.116527754297279,-2.3940748486124708,-2.5776408604371692,-2.211768276071291,2121,7.260780287474333,4.298083504449007,0.3501355847452738
pvdaq_1423,patchtst,3,-2.0,24 months,6467,0.05355490744113922,0.03008037433028221,0.9634941816329956,0.11716191520980178,-2.3573434196371537,-2.599110164242902,-2.204197813783776,2121,7.260780287474333,4.298083504449007,0.3501355847452738
pvdaq_1423,patchtst,4,-2.0,24 months,6467,0.05437174066901207,0.029926693066954613,0.9623721241950989,0.11894889888613006,-2.260032070351997,-2.439343424293716,-2.0861103962548255,2121,7.260780287474333,4.298083504449007,0.3501355847452738
pvdaq_1423,informer,0,-2.0,24 months,6467,0.05110401287674904,0.029529431834816933,0.9667590260505676,0.11180010030130162,-2.4273221353258263,-2.605241429801286,-2.2339984852762416,2121,7.260780287474333,4.298083504449007,0.3501355847452738
pvdaq_1423,informer,1,-2.0,24 months,6467,0.05012049898505211,0.027420248836278915,0.9680262207984924,0.1096484698216242,-2.459219909857252,-2.636079451318285,-2.3333948179419917,2121,7.260780287474333,4.298083504449007,0.3501355847452738
pvdaq_1423,informer,2,-2.0,24 months,6467,0.05352695658802986,0.02948988787829876,0.9635322690010071,0.11710076720976761,-2.4016026507198527,-2.580433704891899,-2.2064867335571954,2121,7.260780287474333,4.298083504449007,0.3501355847452738
pvdaq_1423,informer,3,-2.0,24 months,6467,0.051303669810295105,0.02696838416159153,0.9664987921714783,0.11223688919398868,-2.4560256405556924,-2.6321144424346246,-2.292631048011268,2121,7.260780287474333,4.298083504449007,0.3501355847452738
pvdaq_1423,informer,4,-2.0,24 months,6467,0.050139378756284714,0.027630221098661423,0.9680020809173584,0.10968977304222571,-2.5265384697980506,-2.705091212865962,-2.328692401636684,2121,7.260780287474333,4.298083504449007,0.3501355847452738
pvdaq_2107,tcn,0,0.0,24 months,6270,0.05245110020041466,0.03875614330172539,0.9504588842391968,0.14614192383354752,0.7995239501719875,-0.001150482016275866,1.3888640874062896,2249,6.7734428473648185,3.260438056125941,0.27581317155178714
pvdaq_2107,tcn,1,0.0,24 months,6270,0.05215800926089287,0.03880809247493744,0.9510110020637512,0.14532529894682003,0.8171390875358009,0.1622067456980995,1.3460507089414755,2249,6.7734428473648185,3.260438056125941,0.27581317155178714
pvdaq_2107,tcn,2,0.0,24 months,6270,0.051831938326358795,0.03827106952667236,0.9516216516494751,0.14441678352012866,0.4409454658349098,-0.10400696329757178,1.2570077053777524,2249,6.7734428473648185,3.260438056125941,0.27581317155178714
pvdaq_2107,tcn,3,0.0,24 months,6270,0.052880022674798965,0.039984624832868576,0.9496453404426575,0.14733700945315237,0.4161247733722617,-0.25510016240236955,1.2332992033819767,2249,6.7734428473648185,3.260438056125941,0.27581317155178714
pvdaq_2107,tcn,4,0.0,24 months,6270,0.0517888143658638,0.0390893779695034,0.9517021179199219,0.14429662934746154,0.5176311671071354,-0.13146605583150284,1.2509134338432226,2249,6.7734428473648185,3.260438056125941,0.27581317155178714
pvdaq_2107,patchtst,0,0.0,24 months,6270,0.05551210418343544,0.042134180665016174,0.9445078372955322,0.15467064885993453,0.7768607704340245,-0.06722824345859468,1.3953373447482877,2249,6.7734428473648185,3.260438056125941,0.27581317155178714
pvdaq_2107,patchtst,1,0.0,24 months,6270,0.05499623715877533,0.041824448853731155,0.9455344080924988,0.15323331391103825,0.6353743386248458,-0.00676712490060849,1.2775421163622402,2249,6.7734428473648185,3.260438056125941,0.27581317155178714
pvdaq_2107,patchtst,2,0.0,24 months,6270,0.05464743450284004,0.04157783091068268,0.9462230801582336,0.15226146220570014,0.5687752570802396,-0.29441139974404473,1.2525749371252746,2249,6.7734428473648185,3.260438056125941,0.27581317155178714
pvdaq_2107,patchtst,3,0.0,24 months,6270,0.05552028492093086,0.042177245020866394,0.944491446018219,0.15469344244694014,0.6552946571293432,0.044073446117761705,1.2085900309315334,2249,6.7734428473648185,3.260438056125941,0.27581317155178714
pvdaq_2107,patchtst,4,0.0,24 months,6270,0.056008193641901016,0.04350203275680542,0.9435115456581116,0.15605287854771388,0.7138516532677219,0.1340826654443239,1.5875517703215603,2249,6.7734428473648185,3.260438056125941,0.27581317155178714
pvdaq_2107,informer,0,0.0,24 months,6270,0.05366704240441322,0.04111306741833687,0.9481353163719177,0.14952984386351384,0.704295857681744,0.1413704851523978,1.2377569645593818,2249,6.7734428473648185,3.260438056125941,0.27581317155178714
pvdaq_2107,informer,1,0.0,24 months,6270,0.05280306562781334,0.03973011299967766,0.9497917890548706,0.1471225878136433,0.38945501137786354,-0.29866508029991,1.2009840424476363,2249,6.7734428473648185,3.260438056125941,0.27581317155178714
pvdaq_2107,informer,2,0.0,24 months,6270,0.055600982159376144,0.042610421776771545,0.9443299770355225,0.15491828519817674,0.762803252588895,-0.017175611697162196,1.432480941352582,2249,6.7734428473648185,3.260438056125941,0.27581317155178714
pvdaq_2107,informer,3,0.0,24 months,6270,0.05301441624760628,0.04071735218167305,0.9493890404701233,0.14771146366299504,0.4129964633349026,-0.2183274330441407,1.168559880428477,2249,6.7734428473648185,3.260438056125941,0.27581317155178714
pvdaq_2107,informer,4,0.0,24 months,6270,0.05330558493733406,0.04077775776386261,0.9488316178321838,0.14852273267955182,0.31712623027987186,-0.3697685267271597,0.9824422043967718,2249,6.7734428473648185,3.260438056125941,0.27581317155178714
pvdaq_2107,tcn,0,-0.25,24 months,6270,0.0519581101834774,0.03838631510734558,0.9511196613311768,0.1451463802088233,0.5232971094485431,-0.2273526367298665,1.1396958570123683,2249,6.7734428473648185,3.260438056125941,0.27581317155178714
pvdaq_2107,tcn,1,-0.25,24 months,6270,0.051842737942934036,0.03883255273103714,0.9513365030288696,0.1448240847474927,0.353160465344851,-0.2046259153467339,1.036378797548343,2249,6.7734428473648185,3.260438056125941,0.27581317155178714
pvdaq_2107,tcn,2,-0.25,24 months,6270,0.051829855889081955,0.038395848125219345,0.9513607025146484,0.14478809838309872,0.32180477307216515,-0.4504715469811075,1.0176869705995295,2249,6.7734428473648185,3.260438056125941,0.27581317155178714
pvdaq_2107,tcn,3,-0.25,24 months,6270,0.05185675993561745,0.038850754499435425,0.9513101577758789,0.14486325556171448,0.2550921052170796,-0.5196661589223661,0.9315682769664229,2249,6.7734428473648185,3.260438056125941,0.27581317155178714
pvdaq_2107,tcn,4,-0.25,24 months,6270,0.052487973123788834,0.03993413969874382,0.9501175880432129,0.1466265666036215,0.25683193322803405,-0.33427459762304124,0.969929367559752,2249,6.7734428473648185,3.260438056125941,0.27581317155178714
pvdaq_2107,patchtst,0,-0.25,24 months,6270,0.05526292696595192,0.04196805879473686,0.9447038173675537,0.15437847490079085,0.5240820877183273,-0.35000485244987917,1.1403921827638677,2249,6.7734428473648185,3.260438056125941,0.27581317155178714
pvdaq_2107,patchtst,1,-0.25,24 months,6270,0.054706867784261703,0.04161541536450386,0.9458109736442566,0.15282510860014584,0.3658067925382591,-0.3079933492484148,0.9519018653866993,2249,6.7734428473648185,3.260438056125941,0.27581317155178714
pvdaq_2107,patchtst,2,-0.25,24 months,6270,0.05433623120188713,0.041341256350278854,0.9465427398681641,0.15178972532475976,0.31936734797403715,-0.5536565290302643,0.9930668142711208,2249,6.7734428473648185,3.260438056125941,0.27581317155178714
pvdaq_2107,patchtst,3,-0.25,24 months,6270,0.05531180649995804,0.0420437790453434,0.9446059465408325,0.15451502119553154,0.3944729142003591,-0.22764815110075295,0.9341086868815285,2249,6.7734428473648185,3.260438056125941,0.27581317155178714
pvdaq_2107,patchtst,4,-0.25,24 months,6270,0.05550263077020645,0.043043576180934906,0.9442230463027954,0.15504809393402685,0.45349646605284955,-0.22782278665097744,1.3777687274082684,2249,6.7734428473648185,3.260438056125941,0.27581317155178714
pvdaq_2107,informer,0,-0.25,24 months,6270,0.053771909326314926,0.04145851358771324,0.9476473927497864,0.15021327696621253,0.4231734333178718,-0.12371190214134353,1.0053146935776627,2249,6.7734428473648185,3.260438056125941,0.27581317155178714
pvdaq_2107,informer,1,-0.25,24 months,6270,0.052508387714624405,0.038819555193185806,0.9500787854194641,0.14668359531295608,0.22452402863278048,-0.5156622749299788,1.0631806906945394,2249,6.7734428473648185,3.260438056125941,0.27581317155178714
pvdaq_2107,informer,2,-0.25,24 months,6270,0.05535506829619408,0.04255995154380798,0.9445192217826843,0.15463587418850644,0.47191951781691,-0.1681900461366742,1.1558074638849218,2249,6.7734428473648185,3.260438056125941,0.27581317155178714
pvdaq_2107,informer,3,-0.25,24 months,6270,0.05460663512349129,0.04302041605114937,0.9460093975067139,0.1525451059626721,0.4740031345208062,-0.18080877680164653,1.0371626758024277,2249,6.7734428473648185,3.260438056125941,0.27581317155178714
pvdaq_2107,informer,4,-0.25,24 months,6270,0.0525796115398407,0.03978713974356651,0.9499433040618896,0.14688256098700128,0.11924120654399628,-0.48126823193571233,0.8035661681187023,2249,6.7734428473648185,3.260438056125941,0.27581317155178714
pvdaq_2107,tcn,0,-0.5,24 months,6270,0.05169570818543434,0.038424137979745865,0.9513472318649292,0.14479146381336358,0.33655136772977046,-0.45299049981887524,0.9120803208025663,2249,6.7734428473648185,3.260438056125941,0.27581317155178714
pvdaq_2107,tcn,1,-0.5,24 months,6270,0.05162074789404869,0.0384957417845726,0.951488196849823,0.1445815119489134,0.20754160896882334,-0.499424122945956,0.896724004439875,2249,6.7734428473648185,3.260438056125941,0.27581317155178714
pvdaq_2107,tcn,2,-0.5,24 months,6270,0.05140536278486252,0.037737928330898285,0.9518921971321106,0.1439782524843017,0.07881497069039956,-0.6962375694089704,0.7075130537966967,2249,6.7734428473648185,3.260438056125941,0.27581317155178714
pvdaq_2107,tcn,3,-0.5,24 months,6270,0.05132396146655083,0.0380091592669487,0.9520444273948669,0.14375026032695648,0.059478060695056234,-0.8046746369549607,0.7281350547738424,2249,6.7734428473648185,3.260438056125941,0.27581317155178714
pvdaq_2107,tcn,4,-0.5,24 months,6270,0.0517406165599823,0.039052825421094894,0.9512626528739929,0.14491724503421374,0.029768998435167622,-0.8223404972183853,0.7125384757595499,2249,6.7734428473648185,3.260438056125941,0.27581317155178714
pvdaq_2107,patchtst,0,-0.5,24 months,6270,0.05498113855719566,0.041752781718969345,0.9449666142463684,0.15399343220652,0.2301238808903627,-0.6088233036266524,0.8869674996570651,2249,6.7734428473648185,3.260438056125941,0.27581317155178714
pvdaq_2107,patchtst,1,-0.5,24 months,6270,0.05443920940160751,0.041426338255405426,0.9460461735725403,0.1524755747580973,0.09832032202113533,-0.5476503076038124,0.6663376810319361,2249,6.7734428473648185,3.260438056125941,0.27581317155178714
pvdaq_2107,patchtst,2,-0.5,24 months,6270,0.05409335345029831,0.04115307703614235,0.9467295408248901,0.15150688719743957,0.0581895926463849,-0.7867699411183405,0.7121135588886718,2249,6.7734428473648185,3.260438056125941,0.27581317155178714
pvdaq_2107,patchtst,3,-0.5,24 months,6270,0.054986100643873215,0.04178351163864136,0.9449566602706909,0.15400733022279314,0.10197789890489192,-0.47391325529815287,0.625723240485557,2249,6.7734428473648185,3.260438056125941,0.27581317155178714
pvdaq_2107,patchtst,4,-0.5,24 months,6270,0.05528310686349869,0.04290670529007912,0.9443604350090027,0.15483919744757296,0.2533853991285792,-0.47259354546710497,1.0687816787271265,2249,6.7734428473648185,3.260438056125941,0.27581317155178714
pvdaq_2107,informer,0,-0.5,24 months,6270,0.05339862033724785,0.04078972339630127,0.948089063167572,0.14956105014579563,-0.01559561638358807,-0.6039059468134143,0.6384722069433302,2249,6.7734428473648185,3.260438056125941,0.27581317155178714
pvdaq_2107,informer,1,-0.5,24 months,6270,0.0525314100086689,0.040061481297016144,0.9497615098953247,0.14713213182130708,0.0012618549339104628,-0.5851751027256658,0.6998754758178661,2249,6.7734428473648185,3.260438056125941,0.27581317155178714
pvdaq_2107,informer,2,-0.5,24 months,6270,0.05490836128592491,0.04223189502954483,0.9451122283935547,0.1537895946345143,0.1864253360581769,-0.4414700971306529,0.8504670281589028,2249,6.7734428473648185,3.260438056125941,0.27581317155178714
pvdaq_2107,informer,3,-0.5,24 months,6270,0.05260629579424858,0.040446795523166656,0.9496181607246399,0.14734187500683424,-0.09427020927326257,-0.7428082436275374,0.6253818104197962,2249,6.7734428473648185,3.260438056125941,0.27581317155178714
pvdaq_2107,informer,4,-0.5,24 months,6270,0.05241694301366806,0.03973506763577461,0.9499801993370056,0.14681152795792565,-0.24216090042531116,-0.7608103044760728,0.577092669246082,2249,6.7734428473648185,3.260438056125941,0.27581317155178714
pvdaq_2107,tcn,0,-1.0,24 months,6270,0.051413167268037796,0.03798108547925949,0.9513492584228516,0.14475812623128848,-0.3661639331586334,-0.9250091535941252,0.3736571362147112,2249,6.7734428473648185,3.260438056125941,0.27581317155178714
pvdaq_2107,tcn,1,-1.0,24 months,6270,0.051356032490730286,0.038309331983327866,0.9514573216438293,0.14459725842747165,-0.25683821950085317,-0.9023941552094076,0.28560452950431303,2249,6.7734428473648185,3.260438056125941,0.27581317155178714
pvdaq_2107,tcn,2,-1.0,24 months,6270,0.05087493732571602,0.0374884232878685,0.9523625373840332,0.143242694250102,-0.4625676217518804,-1.1001955901320704,0.141245702398074,2249,6.7734428473648185,3.260438056125941,0.27581317155178714
pvdaq_2107,tcn,3,-1.0,24 months,6270,0.05109385773539543,0.03833591192960739,0.9519516825675964,0.14385908320225044,-0.47987932303677483,-1.1466405231931764,0.1551844416741721,2249,6.7734428473648185,3.260438056125941,0.27581317155178714
pvdaq_2107,tcn,4,-1.0,24 months,6270,0.05114354193210602,0.037863511592149734,0.9518581628799438,0.1439989732654639,-0.4457813031950788,-1.114951084118433,0.3482670322501572,2249,6.7734428473648185,3.260438056125941,0.27581317155178714
pvdaq_2107,patchtst,0,-1.0,24 months,6270,0.05446011200547218,0.04144440218806267,0.9454119205474854,0.15333705716199364,-0.345117691544938,-1.090442119601276,0.28719137902129543,2249,6.7734428473648185,3.260438056125941,0.27581317155178714
pvdaq_2107,patchtst,1,-1.0,24 months,6270,0.053908538073301315,0.041126348078250885,0.9465120434761047,0.15178405404738654,-0.4363024512723084,-1.1006583570504436,0.1806126017107279,2249,6.7734428473648185,3.260438056125941,0.27581317155178714
pvdaq_2107,patchtst,2,-1.0,24 months,6270,0.053606465458869934,0.04068395122885704,0.9471098184585571,0.15093354302123435,-0.45538224012438216,-1.3204555167694132,0.14699273333171892,2249,6.7734428473648185,3.260438056125941,0.27581317155178714
pvdaq_2107,patchtst,3,-1.0,24 months,6270,0.05453779548406601,0.041421178728342056,0.9452560544013977,0.15355578157439453,-0.43255592804787857,-0.9821248146599626,0.14311814603862702,2249,6.7734428473648185,3.260438056125941,0.27581317155178714
pvdaq_2107,patchtst,4,-1.0,24 months,6270,0.05476636439561844,0.042469367384910583,0.9447962641716003,0.1541993367006243,-0.2740041841117258,-1.0166373418555918,0.5570652142425342,2249,6.7734428473648185,3.260438056125941,0.27581317155178714
pvdaq_2107,informer,0,-1.0,24 months,6270,0.052680786699056625,0.0400809645652771,0.9489206671714783,0.14832721608432178,-0.5167190608139582,-1.1096247086377686,0.09754062494224947,2249,6.7734428473648185,3.260438056125941,0.27581317155178714
pvdaq_2107,informer,1,-1.0,24 months,6270,0.05178617313504219,0.03832043334841728,0.9506407976150513,0.14580835583685495,-0.5863604908069548,-1.2585179988635409,0.2721325411285225,2249,6.7734428473648185,3.260438056125941,0.27581317155178714
pvdaq_2107,informer,2,-1.0,24 months,6270,0.053163960576057434,0.04012872278690338,0.9479793906211853,0.14968763305131977,-0.6994553092084634,-1.3501940134770463,0.02358339718078195,2249,6.7734428473648185,3.260438056125941,0.27581317155178714
pvdaq_2107,informer,3,-1.0,24 months,6270,0.05237895995378494,0.04029106721282005,0.9495042562484741,0.1474773973236095,-0.5806524983937578,-1.1052634254295812,0.058858672454142336,2249,6.7734428473648185,3.260438056125941,0.27581317155178714
pvdaq_2107,informer,4,-1.0,24 months,6270,0.05231489613652229,0.039589930325746536,0.949627697467804,0.14729702022103155,-0.7338572432137609,-1.3281973586739326,0.023449950877124984,2249,6.7734428473648185,3.260438056125941,0.27581317155178714
pvdaq_2107,tcn,0,-2.0,24 months,6270,0.050680194050073624,0.03741682693362236,0.9516831636428833,0.14421265710006514,-1.5044583361956423,-2.019264507547767,-0.7993228140887432,2249,6.7734428473648185,3.260438056125941,0.27581317155178714
pvdaq_2107,tcn,1,-2.0,24 months,6270,0.050554756075143814,0.03767750412225723,0.9519220590591431,0.1438557179840072,-1.3922409943326275,-2.0436552318151637,-0.9213340478036526,2249,6.7734428473648185,3.260438056125941,0.27581317155178714
pvdaq_2107,tcn,2,-2.0,24 months,6270,0.05049067735671997,0.03729714825749397,0.952043890953064,0.14367337925345025,-1.5510521324641646,-2.152843197507215,-0.8213301834120689,2249,6.7734428473648185,3.260438056125941,0.27581317155178714
pvdaq_2107,tcn,3,-2.0,24 months,6270,0.0498928539454937,0.037084974348545074,0.9531728029251099,0.14197224719929152,-1.4573023239059624,-1.9812253816264613,-0.9495446163937271,2249,6.7734428473648185,3.260438056125941,0.27581317155178714
pvdaq_2107,tcn,4,-2.0,24 months,6270,0.049862805753946304,0.03693059831857681,0.9532291889190674,0.14188674378666014,-1.4266551089910262,-2.180519938500336,-0.9090280998933775,2249,6.7734428473648185,3.260438056125941,0.27581317155178714
pvdaq_2107,patchtst,0,-2.0,24 months,6270,0.0535406656563282,0.04073087498545647,0.9460751414299011,0.15235225124782403,-1.5157877375003714,-2.1913184294247916,-0.8371153524004582,2249,6.7734428473648185,3.260438056125941,0.27581317155178714
pvdaq_2107,patchtst,1,-2.0,24 months,6270,0.05305478721857071,0.04040685296058655,0.9470494389533997,0.15096966339767875,-1.574627601343359,-2.1672551085495293,-0.9213678575910822,2249,6.7734428473648185,3.260438056125941,0.27581317155178714
pvdaq_2107,patchtst,2,-2.0,24 months,6270,0.05270775407552719,0.040074024349451065,0.947739839553833,0.1499821657647643,-1.570536858096646,-2.2016705961554157,-0.9706664822242805,2249,6.7734428473648185,3.260438056125941,0.27581317155178714
pvdaq_2107,patchtst,3,-2.0,24 months,6270,0.05359458923339844,0.04066237062215805,0.9459664225578308,0.15250569308985715,-1.5246863975492981,-2.069448581686334,-0.8907905808921868,2249,6.7734428473648185,3.260438056125941,0.27581317155178714
pvdaq_2107,patchtst,4,-2.0,24 months,6270,0.05389512702822685,0.04179904982447624,0.9453587532043457,0.15336088622326105,-1.328811104051869,-2.064001990251578,-0.5823444291861931,2249,6.7734428473648185,3.260438056125941,0.27581317155178714
pvdaq_2107,informer,0,-2.0,24 months,6270,0.05199020728468895,0.03976020589470863,0.9491530656814575,0.14794035571963768,-1.4350844199747574,-1.9420262413215372,-0.8832375657342655,2249,6.7734428473648185,3.260438056125941,0.27581317155178714
pvdaq_2107,informer,1,-2.0,24 months,6270,0.05094126611948013,0.03764220327138901,0.951184093952179,0.14495554882590436,-1.5696446412378866,-2.3611707359817675,-0.9286833616919576,2249,6.7734428473648185,3.260438056125941,0.27581317155178714
pvdaq_2107,informer,2,-2.0,24 months,6270,0.05211639404296875,0.03934941068291664,0.9489059448242188,0.1482994255307042,-1.7095081500952847,-2.177301076426937,-1.1545930201171062,2249,6.7734428473648185,3.260438056125941,0.27581317155178714
pvdaq_2107,informer,3,-2.0,24 months,6270,0.05099386349320412,0.03883621469140053,0.951083242893219,0.14510521689966363,-1.6413691607213454,-2.205894578167746,-0.9164192673316363,2249,6.7734428473648185,3.260438056125941,0.27581317155178714
pvdaq_2107,informer,4,-2.0,24 months,6270,0.05153004080057144,0.03931673988699913,0.9500491619110107,0.14663093233192506,-1.7580215846721758,-2.3629086380927116,-1.0581327960577045,2249,6.7734428473648185,3.260438056125941,0.27581317155178714
pvdaq_10,tcn,0,0.0,24 months,5549,0.029788173735141754,0.015841996297240257,0.9896251559257507,0.07497010834650872,-1.3319372598401213,-1.4916884655452378,-1.1837110534500317,4144,13.125256673511293,6.422655715263518,0.295668549905838
pvdaq_10,tcn,1,0.0,24 months,5549,0.028780145570635796,0.014514895156025887,0.9903154373168945,0.07243312902776014,-1.355833425609391,-1.4551679068141348,-1.2587103324647786,4143,13.125256673511293,6.421286789869952,0.29568692297092464
pvdaq_10,tcn,2,0.0,24 months,5549,0.028946256265044212,0.015211322344839573,0.990203320980072,0.07285119214462123,-1.4170005324029789,-1.523002212840654,-1.2804736335561784,4145,13.125256673511293,6.424024640657084,0.2957696017638142
pvdaq_10,tcn,3,0.0,24 months,5549,0.028640395030379295,0.013548147864639759,0.990409255027771,0.07208140846786046,-1.3576409696922642,-1.4998126491218953,-1.243316797648188,4143,13.125256673511293,6.421286789869952,0.2954940057875155
pvdaq_10,tcn,4,0.0,24 months,5549,0.0293850377202034,0.015619122423231602,0.9899040460586548,0.0739555060084455,-1.3302847994702938,-1.5098734297957495,-1.2038363604781508,4144,13.125256673511293,6.422655715263518,0.29572366910109776
pvdaq_10,patchtst,0,0.0,24 months,5549,0.031710218638181686,0.01784016564488411,0.9882431030273438,0.07980746144874894,-1.2382446078030462,-1.412713384081976,-1.0259608998052339,4145,13.125256673511293,6.424024640657084,0.29587065362179044
pvdaq_10,patchtst,1,0.0,24 months,5549,0.031503044068813324,0.017639106139540672,0.9883962273597717,0.07928604982914823,-1.3718064342577663,-1.5265652046769662,-1.207621013622386,4145,13.125256673511293,6.424024640657084,0.29586146708924715
pvdaq_10,patchtst,2,0.0,24 months,5549,0.0314912274479866,0.017553670331835747,0.9884049296379089,0.07925631006223449,-1.2794747750002347,-1.455848603210625,-1.1509623369847457,4145,13.125256673511293,6.424024640657084,0.2959073997519636
pvdaq_10,patchtst,3,0.0,24 months,5549,0.031691454350948334,0.01749388501048088,0.9882569909095764,0.07976023597398711,-1.2557738039441135,-1.4288919144896806,-1.1147829157370501,4145,13.125256673511293,6.424024640657084,0.2958339074916173
pvdaq_10,patchtst,4,0.0,24 months,5549,0.03063899092376232,0.016192354261875153,0.9890239834785461,0.07711142313072814,-1.3363976209900708,-1.4836987937387693,-1.186405265712809,4144,13.125256673511293,6.422655715263518,0.29577878829635756
pvdaq_10,informer,0,0.0,24 months,5549,0.03215918317437172,0.017585329711437225,0.9879078269004822,0.08093740382860684,-1.297293478959033,-1.469884273261444,-1.154377872297574,4145,13.125256673511293,6.424024640657084,0.2958522805567039
pvdaq_10,informer,1,0.0,24 months,5549,0.03210223838686943,0.017730923369526863,0.9879506230354309,0.08079408665425522,-1.4099256814069476,-1.5672208158159062,-1.2655357939310905,4145,13.125256673511293,6.424024640657084,0.2959165862845069
pvdaq_10,informer,2,0.0,24 months,5549,0.030773881822824478,0.016011107712984085,0.9889271259307861,0.07745091307084882,-1.3589279630934814,-1.4853451487861213,-1.2245336083801333,4144,13.125256673511293,6.422655715263518,0.2957696017638142
pvdaq_10,informer,3,0.0,24 months,5549,0.03170246258378029,0.01805225946009159,0.9882488250732422,0.0797879412108188,-1.2772414587037004,-1.451876860360013,-1.1313583788327364,4145,13.125256673511293,6.424024640657084,0.2958155344265307
pvdaq_10,informer,4,0.0,24 months,5549,0.03146226704120636,0.01791047863662243,0.9884262084960938,0.07918342325643772,-1.3863141015124416,-1.5172194806283568,-1.2222721311979545,4145,13.125256673511293,6.424024640657084,0.2959073997519636
pvdaq_10,tcn,0,-0.25,24 months,5549,0.029797734692692757,0.01573714055120945,0.9895654916763306,0.07518230285763054,-1.5659974903191782,-1.6970718120064565,-1.4276402470833824,4144,13.125256673511293,6.422655715263518,0.2956318037756649
pvdaq_10,tcn,1,-0.25,24 months,5549,0.02878567948937416,0.014635145664215088,0.9902622699737549,0.0726287986537288,-1.5806734640655185,-1.6920768496223704,-1.4721260359602861,4143,13.125256673511293,6.421286789869952,0.29568692297092464
pvdaq_10,tcn,2,-0.25,24 months,5549,0.028934599831700325,0.015183009207248688,0.9901612401008606,0.07300453776255353,-1.6288871599247203,-1.7405741919162483,-1.4932493372601088,4145,13.125256673511293,6.424024640657084,0.29576041523127095
pvdaq_10,tcn,3,-0.25,24 months,5549,0.02858620509505272,0.013118648901581764,0.9903967380523682,0.07212550722970339,-1.5316561955241559,-1.6758240566003058,-1.439494876503944,4144,13.125256673511293,6.422655715263518,0.295668549905838
pvdaq_10,tcn,4,-0.25,24 months,5549,0.02873310074210167,0.014098883606493473,0.990297794342041,0.07249613785444044,-1.6013416484888077,-1.7431572384763783,-1.4610721711553272,4144,13.125256673511293,6.422655715263518,0.2957052960360112
pvdaq_10,patchtst,0,-0.25,24 months,5549,0.031598418951034546,0.017776917666196823,0.9882662892341614,0.07972558746157123,-1.4421132538597716,-1.6111749293232935,-1.2616259299458685,4145,13.125256673511293,6.424024640657084,0.29586146708924715
pvdaq_10,patchtst,1,-0.25,24 months,5549,0.031477220356464386,0.017675310373306274,0.9883561134338379,0.07941979275815281,-1.602358197313056,-1.7659529722877356,-1.4610121174218564,4145,13.125256673511293,6.424024640657084,0.29586146708924715
pvdaq_10,patchtst,2,-0.25,24 months,5549,0.031467560678720474,0.017561480402946472,0.9883632659912109,0.07939542054244111,-1.4898721853752295,-1.6683956004071474,-1.3475033805939063,4145,13.125256673511293,6.424024640657084,0.2959073997519636
pvdaq_10,patchtst,3,-0.25,24 months,5549,0.03170093148946762,0.01761152781546116,0.9881900548934937,0.0799842356034741,-1.4741585817190321,-1.64721078058372,-1.3466755364131389,4145,13.125256673511293,6.424024640657084,0.2958339074916173
pvdaq_10,patchtst,4,-0.25,24 months,5549,0.030912892892956734,0.017270803451538086,0.9887698888778687,0.07799594498214334,-1.5483985836823795,-1.7086559689507952,-1.409994717147245,4145,13.125256673511293,6.424024640657084,0.2958522805567039
pvdaq_10,informer,0,-0.25,24 months,5549,0.031012587249279022,0.015932252630591393,0.988697350025177,0.0782474826029564,-1.4993230303344929,-1.6687615174133972,-1.339785594978915,4145,13.125256673511293,6.424024640657084,0.295824720959074
pvdaq_10,informer,1,-0.25,24 months,5549,0.0303781870752573,0.016312675550580025,0.9891550540924072,0.07664683522126363,-1.6016427690065675,-1.7634193754703331,-1.4632209354531356,4145,13.125256673511293,6.424024640657084,0.2958155344265307
pvdaq_10,informer,2,-0.25,24 months,5549,0.030408112332224846,0.01505799125880003,0.9891336560249329,0.07672233927402566,-1.5666543616149942,-1.7214625547083588,-1.476035399479625,4144,13.125256673511293,6.422655715263518,0.2955950576454917
pvdaq_10,informer,3,-0.25,24 months,5549,0.03290475532412529,0.01890925131738186,0.987276017665863,0.08302158891431695,-1.5963421016924133,-1.7896598388617906,-1.3950856912933882,4145,13.125256673511293,6.424024640657084,0.2959165862845069
pvdaq_10,informer,4,-0.25,24 months,5549,0.03163190931081772,0.017081696540117264,0.9882413744926453,0.07981008658199085,-1.52282551856023,-1.6440796052404005,-1.3794341924695035,4145,13.125256673511293,6.424024640657084,0.2958063478939874
pvdaq_10,tcn,0,-0.5,24 months,5549,0.030150992795825005,0.014653102494776249,0.9892621636390686,0.07626492366379702,-1.7823039668277474,-1.914267143688153,-1.6803443806291618,4144,13.125256673511293,6.422655715263518,0.29553993845023196
pvdaq_10,tcn,1,-0.5,24 months,5549,0.02846912294626236,0.014219354838132858,0.9904266595840454,0.07201074614606373,-1.7984168091063468,-1.9009990054392545,-1.6686053620473873,4143,13.125256673511293,6.421286789869952,0.29568692297092464
pvdaq_10,tcn,2,-0.5,24 months,5549,0.02887118048965931,0.015174683183431625,0.9901543855667114,0.0730277238642856,-1.8128111830471028,-1.9478814647623248,-1.6875998605001634,4145,13.125256673511293,6.424024640657084,0.29577878829635756
pvdaq_10,tcn,3,-0.5,24 months,5549,0.02879401296377182,0.013636600226163864,0.9902069568634033,0.07283253375857378,-1.8061338542972478,-1.9566002925451964,-1.6672339755774312,4142,13.125256673511293,6.4199178644763855,0.29547563272242894
pvdaq_10,tcn,4,-0.5,24 months,5549,0.029479634016752243,0.014917111024260521,0.9897350072860718,0.07456676644609857,-1.770549830280621,-1.892576718723676,-1.6551995711237666,4144,13.125256673511293,6.422655715263518,0.2957144825685545
pvdaq_10,patchtst,0,-0.5,24 months,5549,0.03161894902586937,0.017621677368879318,0.9881911277770996,0.07997802095993749,-1.6915250587825559,-1.8475478486906394,-1.5226442121638928,4145,13.125256673511293,6.424024640657084,0.2958798401543338
pvdaq_10,patchtst,1,-0.5,24 months,5549,0.031273141503334045,0.017439989373087883,0.9884479641914368,0.07910332391473189,-1.8214349422632699,-1.9760728783872028,-1.6559844057981938,4145,13.125256673511293,6.424024640657084,0.29587065362179044
pvdaq_10,patchtst,2,-0.5,24 months,5549,0.03142688050866127,0.01755177602171898,0.9883341193199158,0.07949219646645272,-1.7108857048970583,-1.900384286074236,-1.576018542320738,4145,13.125256673511293,6.424024640657084,0.2959073997519636
pvdaq_10,patchtst,3,-0.5,24 months,5549,0.03159607574343681,0.01754874363541603,0.9882081747055054,0.0799201645188421,-1.6979549314665698,-1.8589086666531918,-1.5485256849960494,4145,13.125256673511293,6.424024640657084,0.2958339074916173
pvdaq_10,patchtst,4,-0.5,24 months,5549,0.029680604115128517,0.014616127125918865,0.989594578742981,0.0750751068949575,-1.727894173829771,-1.8658321302474419,-1.5925559648966914,4145,13.125256673511293,6.424024640657084,0.2958339074916173
pvdaq_10,informer,0,-0.5,24 months,5549,0.03114781342446804,0.01579887606203556,0.9885404109954834,0.07878631490503289,-1.7134044678444427,-1.8892139380826347,-1.5304725370172911,4145,13.125256673511293,6.424024640657084,0.2958339074916173
pvdaq_10,informer,1,-0.5,24 months,5549,0.030513079836964607,0.01652160845696926,0.9890027046203613,0.07718079866463565,-1.8186551558565731,-1.9559346255408228,-1.6617502308498282,4145,13.125256673511293,6.424024640657084,0.2958155344265307
pvdaq_10,informer,2,-0.5,24 months,5549,0.030366985127329826,0.015409864485263824,0.9891077280044556,0.07681126184860337,-1.784052715387292,-1.8993093352487112,-1.6435816096687854,4145,13.125256673511293,6.424024640657084,0.2957144825685545
pvdaq_10,informer,3,-0.5,24 months,5549,0.033617716282606125,0.019873129203915596,0.9866509437561035,0.08503376931585342,-1.7850382618861849,-1.958526540557537,-1.6267679630778131,4145,13.125256673511293,6.424024640657084,0.2959165862845069
pvdaq_10,informer,4,-0.5,24 months,5549,0.03174290433526039,0.0168409813195467,0.9880983233451843,0.08029155764088344,-1.7359629438364443,-1.877487133834042,-1.5664519596363236,4145,13.125256673511293,6.424024640657084,0.2959165862845069
pvdaq_10,tcn,0,-1.0,24 months,5549,0.02991117537021637,0.014554155990481377,0.9893242120742798,0.07604080137781513,-2.2539410505193036,-2.365794819537881,-2.125361631692887,4144,13.125256673511293,6.422655715263518,0.29557668458040515
pvdaq_10,tcn,1,-1.0,24 months,5549,0.029042042791843414,0.015405865386128426,0.989935576915741,0.0738312747729578,-2.193348453499694,-2.3157992602164,-2.0910873962681986,4143,13.125256673511293,6.421286789869952,0.29568692297092464
pvdaq_10,tcn,2,-1.0,24 months,5549,0.02875337190926075,0.015161643736064434,0.9901346564292908,0.0730974097551396,-2.2852698836388,-2.3867230596272826,-2.1594643994325424,4145,13.125256673511293,6.424024640657084,0.29578797482890085
pvdaq_10,tcn,3,-1.0,24 months,5549,0.02857387810945511,0.013411235064268112,0.9902574419975281,0.0726410969486171,-2.24578388942528,-2.374813364041998,-2.1156640596665888,4142,13.125256673511293,6.4199178644763855,0.29547563272242894
pvdaq_10,tcn,4,-1.0,24 months,5549,0.028846293687820435,0.014574326574802399,0.9900708198547363,0.07333363739981338,-2.3018385289515497,-2.4199865317766855,-2.183119369889708,4144,13.125256673511293,6.422655715263518,0.2957052960360112
pvdaq_10,patchtst,0,-1.0,24 months,5549,0.031568966805934906,0.017786776646971703,0.9881080389022827,0.0802552726491393,-2.0973516777657757,-2.270635094825635,-1.9295533932968012,4145,13.125256673511293,6.424024640657084,0.2958798401543338
pvdaq_10,patchtst,1,-1.0,24 months,5549,0.03125834837555885,0.017511731013655663,0.9883408546447754,0.07946561212673693,-2.264469545259337,-2.381125463118555,-2.1014116593949472,4145,13.125256673511293,6.424024640657084,0.29587065362179044
pvdaq_10,patchtst,2,-1.0,24 months,5549,0.03141612187027931,0.017627334222197533,0.9882228970527649,0.07986670712973264,-2.126584031073598,-2.3103722155941364,-2.0103764337988954,4145,13.125256673511293,6.424024640657084,0.2959073997519636
pvdaq_10,patchtst,3,-1.0,24 months,5549,0.031438931822776794,0.017414746806025505,0.9882057905197144,0.07992469505718218,-2.1513747121805036,-2.2813144195931834,-2.0185680501951655,4145,13.125256673511293,6.424024640657084,0.2958339074916173
pvdaq_10,patchtst,4,-1.0,24 months,5549,0.0304135549813509,0.016200130805373192,0.9889625906944275,0.07731796109333013,-2.1974639950655157,-2.333396219347217,-2.079225589051497,4144,13.125256673511293,6.422655715263518,0.29577878829635756
pvdaq_10,informer,0,-1.0,24 months,5549,0.031111635267734528,0.01640590839087963,0.9884500503540039,0.07909263506537076,-2.149069097591921,-2.2751698019911,-1.989268475867315,4145,13.125256673511293,6.424024640657084,0.295824720959074
pvdaq_10,informer,1,-1.0,24 months,5549,0.03240298107266426,0.01833048090338707,0.987471342086792,0.08237552076435646,-2.2849904527058187,-2.420218396735571,-2.1412294154848355,4145,13.125256673511293,6.424024640657084,0.2959165862845069
pvdaq_10,informer,2,-1.0,24 months,5549,0.0311240553855896,0.015629807487130165,0.9884408712387085,0.07912420974283552,-2.2148074665325943,-2.3749697688312543,-2.0754941741033575,4145,13.125256673511293,6.424024640657084,0.2958430940241606
pvdaq_10,informer,3,-1.0,24 months,5549,0.031048186123371124,0.015554815530776978,0.9884971380233765,0.07893133335373913,-2.177615469811578,-2.33138812993908,-1.9920536864516891,4144,13.125256673511293,6.422655715263518,0.2957052960360112
pvdaq_10,informer,4,-1.0,24 months,5549,0.031168458983302116,0.01637624017894268,0.9884078502655029,0.07923709347650117,-2.1887297637583347,-2.3169364497666884,-2.0497303498322257,4145,13.125256673511293,6.424024640657084,0.2958063478939874
pvdaq_10,tcn,0,-2.0,24 months,5549,0.029683992266654968,0.015722928568720818,0.9892696738243103,0.07623402079688216,-3.133736497161055,-3.2343645407955557,-3.0225979570930983,4144,13.125256673511293,6.422655715263518,0.2956318037756649
pvdaq_10,tcn,1,-2.0,24 months,5549,0.0289141982793808,0.015191132202744484,0.9898189902305603,0.07425704646310644,-3.134722508558813,-3.2388959024781783,-3.0311547246570147,4143,13.125256673511293,6.421286789869952,0.29568692297092464
pvdaq_10,tcn,2,-2.0,24 months,5549,0.029207687824964523,0.015772204846143723,0.9896112680435181,0.07501078227871741,-3.147266228781831,-3.282406919755447,-3.0500300200382693,4145,13.125256673511293,6.424024640657084,0.2957696017638142
pvdaq_10,tcn,3,-2.0,24 months,5549,0.028544461354613304,0.013515355996787548,0.9900777339935303,0.07330749317664491,-3.13150432992344,-3.232348594196967,-3.01335403902986,4142,13.125256673511293,6.4199178644763855,0.29544807312479904
pvdaq_10,tcn,4,-2.0,24 months,5549,0.029439661651849747,0.014928524382412434,0.9894455671310425,0.07560653427138202,-3.068042617093119,-3.1962654807629387,-2.9646202943918163,4145,13.125256673511293,6.424024640657084,0.2957696017638142
pvdaq_10,patchtst,0,-2.0,24 months,5549,0.031641170382499695,0.01803063228726387,0.9878080487251282,0.08126041872362312,-2.9728190481887014,-3.1413600298031517,-2.8096262124830185,4145,13.125256673511293,6.424024640657084,0.2958798401543338
pvdaq_10,patchtst,1,-2.0,24 months,5549,0.03127726912498474,0.017757736146450043,0.9880868792533875,0.08032585251756162,-3.1094489637838176,-3.219369623492452,-2.973418768979419,4145,13.125256673511293,6.424024640657084,0.29587065362179044
pvdaq_10,patchtst,2,-2.0,24 months,5549,0.031484588980674744,0.017839347943663597,0.9879283905029297,0.08085828852038435,-3.034869706519766,-3.165815757350522,-2.890933270794754,4145,13.125256673511293,6.424024640657084,0.2959073997519636
pvdaq_10,patchtst,3,-2.0,24 months,5549,0.03140566125512123,0.01754065789282322,0.9879888892173767,0.08065558742084067,-3.0401407241671,-3.1696468512484866,-2.881389725813177,4145,13.125256673511293,6.424024640657084,0.2958430940241606
pvdaq_10,patchtst,4,-2.0,24 months,5549,0.031048821285367012,0.017790650948882103,0.9882602691650391,0.07973915591691656,-3.074845052356755,-3.2383028669609666,-2.933011082484646,4145,13.125256673511293,6.424024640657084,0.2958430940241606
pvdaq_10,informer,0,-2.0,24 months,5549,0.03153637424111366,0.01717725582420826,0.9878886938095093,0.08099128271421814,-3.0131073208042314,-3.1671993401753906,-2.8675947530924617,4145,13.125256673511293,6.424024640657084,0.295824720959074
pvdaq_10,informer,1,-2.0,24 months,5549,0.032518453896045685,0.01835426315665245,0.9871225953102112,0.0835134461808346,-3.160905141809896,-3.2682025485249153,-3.0125354486381983,4145,13.125256673511293,6.424024640657084,0.2959165862845069
pvdaq_10,informer,2,-2.0,24 months,5549,0.030996348708868027,0.016270656138658524,0.9882999062538147,0.07960439656742761,-3.0785598954906512,-3.223453411955514,-2.9483141701059536,4144,13.125256673511293,6.422655715263518,0.29568692297092464
pvdaq_10,informer,3,-2.0,24 months,5549,0.033867835998535156,0.019987309351563454,0.986031711101532,0.08697891074301477,-3.1023483199544755,-3.2255377359286297,-2.956002378415636,4145,13.125256673511293,6.424024640657084,0.2959165862845069
pvdaq_10,informer,4,-2.0,24 months,5549,0.03163260221481323,0.01725403219461441,0.9878146648406982,0.08123841407317943,-3.085159427687815,-3.1992171326634997,-2.9521078339962203,4145,13.125256673511293,6.424024640657084,0.2958063478939874
pvdaq_33,tcn,0,0.0,24 months,6427,0.043669428676366806,0.024081984534859657,0.9756917953491211,0.11594477477259343,-0.5198747613535274,-0.6194666516590619,-0.3811711918668581,4034,12.301163586584531,5.936687200547571,0.2884892992433417
pvdaq_33,tcn,1,0.0,24 months,6427,0.04083399474620819,0.020103584975004196,0.9787459373474121,0.10841653915377651,-0.45265494579198595,-0.5520524903816382,-0.32671459403734976,4034,12.301163586584531,5.936687200547571,0.2888574556516853
pvdaq_33,tcn,2,0.0,24 months,6427,0.042940106242895126,0.021343914791941643,0.9764969944953918,0.11400838293398813,-0.44934700718629594,-0.5549927733564997,-0.3341481137032476,4034,12.301163586584531,5.936687200547571,0.28907059883546316
pvdaq_33,tcn,3,0.0,24 months,6427,0.040530137717723846,0.02028954029083252,0.9790611267089844,0.10760978175395385,-0.4613858463857867,-0.5882021216230381,-0.3468598325427008,4034,12.301163586584531,5.936687200547571,0.2889737155701096
pvdaq_33,tcn,4,0.0,24 months,6427,0.04330701380968094,0.020653652027249336,0.976093590259552,0.11498254303827096,-0.4416668374299104,-0.5775400217387872,-0.34465511899888224,4034,12.301163586584531,5.936687200547571,0.2890027805497156
pvdaq_33,patchtst,0,0.0,24 months,6427,0.052890993654727936,0.02978573366999626,0.9643416404724121,0.14042854538453978,-0.45612550794378315,-0.6642398179677933,-0.32054102192934364,4034,12.301163586584531,5.936687200547571,0.28905122218239243
pvdaq_33,patchtst,1,0.0,24 months,6427,0.05613694339990616,0.03310825303196907,0.9598305821418762,0.1490467234449164,-0.4634450383771471,-0.7156601770712312,-0.23396956278904782,4034,12.301163586584531,5.936687200547571,0.28912872879467527
pvdaq_33,patchtst,2,0.0,24 months,6427,0.05154115706682205,0.028872333467006683,0.966138482093811,0.13684465377184157,-0.5603291158476492,-0.7324573574946203,-0.3836482052509986,4034,12.301163586584531,5.936687200547571,0.2890899754885339
pvdaq_33,patchtst,3,0.0,24 months,6427,0.05320810154080391,0.030471306294202805,0.9639127850532532,0.14127048455214766,-0.48338358879358445,-0.6704231053773813,-0.3266472351678096,4034,12.301163586584531,5.936687200547571,0.289012468876251
pvdaq_33,patchtst,4,0.0,24 months,6427,0.053132738918066025,0.030195217579603195,0.9640149474143982,0.14107039257511786,-0.5413148942848516,-0.6848561188520397,-0.34157031799846393,4034,12.301163586584531,5.936687200547571,0.28904153385585707
pvdaq_33,informer,0,0.0,24 months,6427,0.04830627143383026,0.02756754867732525,0.9702556133270264,0.12825585154793448,-0.5371524726809129,-0.6999580361198854,-0.3598062381461209,4034,12.301163586584531,5.936687200547571,0.289012468876251
pvdaq_33,informer,1,0.0,24 months,6427,0.04376935958862305,0.02261614426970482,0.9755804538726807,0.11621009693195203,-0.5410252352108771,-0.6561363015692758,-0.3889685662764375,4034,12.301163586584531,5.936687200547571,0.2884602342637356
pvdaq_33,informer,2,0.0,24 months,6427,0.049918580800294876,0.027904991060495377,0.9682369232177734,0.1325366230630345,-0.44213703482614,-0.5735779105132788,-0.30003663395361535,4034,12.301163586584531,5.936687200547571,0.289148105447746
pvdaq_33,informer,3,0.0,24 months,6427,0.04756544157862663,0.026216836646199226,0.9711609482765198,0.12628890686123004,-0.39155565575058615,-0.5863017936451609,-0.22816018532652027,4034,12.301163586584531,5.936687200547571,0.28913841712121063
pvdaq_33,informer,4,0.0,24 months,6427,0.04411925747990608,0.02273983135819435,0.9751884341239929,0.11713909539673323,-0.4992904816810576,-0.6541082007728738,-0.3602867083356756,4034,12.301163586584531,5.936687200547571,0.28904153385585707
pvdaq_33,tcn,0,-0.25,24 months,6427,0.042444825172424316,0.022464601323008537,0.9769207835197449,0.11298541491326686,-0.7044475435693531,-0.7976210994369182,-0.5745662026476084,4034,12.301163586584531,5.936687200547571,0.2889446505905035
pvdaq_33,tcn,1,-0.25,24 months,6427,0.04291017726063728,0.021532215178012848,0.9764119386672974,0.11422415246381415,-0.6854813120635739,-0.7956683793569175,-0.5637266763868998,4034,12.301163586584531,5.936687200547571,0.28895433891703887
pvdaq_33,tcn,2,-0.25,24 months,6427,0.042015478014945984,0.021140260621905327,0.9773853421211243,0.11184252018976502,-0.7261978512953338,-0.8482649391910568,-0.6090538732820524,4034,12.301163586584531,5.936687200547571,0.28902215720278635
pvdaq_33,tcn,3,-0.25,24 months,6427,0.040851086378097534,0.022130904719233513,0.9786214232444763,0.10874298398773276,-0.7188503384369938,-0.8182553413665081,-0.567150366595337,4034,12.301163586584531,5.936687200547571,0.288876832304756
pvdaq_33,tcn,4,-0.25,24 months,6427,0.04297918453812599,0.021589361131191254,0.9763360023498535,0.11440784543103509,-0.6685061632489164,-0.7592330211063503,-0.5696382180936155,4034,12.301163586584531,5.936687200547571,0.288741195733261
pvdaq_33,patchtst,0,-0.25,24 months,6427,0.05278921127319336,0.029692063108086586,0.9643005132675171,0.14052151032349716,-0.6820430372576736,-0.8739859277124793,-0.5384315757018365,4034,12.301163586584531,5.936687200547571,0.28905122218239243
pvdaq_33,patchtst,1,-0.25,24 months,6427,0.056028470396995544,0.03310263156890869,0.9597848653793335,0.14914421131537572,-0.6976043187683634,-0.9682669551609013,-0.4664650272965143,4034,12.301163586584531,5.936687200547571,0.28912872879467527
pvdaq_33,patchtst,2,-0.25,24 months,6427,0.051585763692855835,0.028960855677723885,0.9659096598625183,0.13731800969324504,-0.824683323648253,-0.9807069366410548,-0.6254640096542863,4034,12.301163586584531,5.936687200547571,0.2890899754885339
pvdaq_33,patchtst,3,-0.25,24 months,6427,0.053177446126937866,0.030434509739279747,0.9637734889984131,0.14155496671908652,-0.7468492024282236,-0.9269448228445215,-0.5857624309077311,4034,12.301163586584531,5.936687200547571,0.289012468876251
pvdaq_33,patchtst,4,-0.25,24 months,6427,0.05303915962576866,0.03020562045276165,0.963961660861969,0.14118685688124327,-0.7658103424135305,-0.9136695521999694,-0.5776517894945599,4034,12.301163586584531,5.936687200547571,0.28904153385585707
pvdaq_33,informer,0,-0.25,24 months,6427,0.04624417424201965,0.025287805125117302,0.9726040959358215,0.12309903958446596,-0.6960555430751358,-0.8729978438445746,-0.5519128029378706,4034,12.301163586584531,5.936687200547571,0.2888090140190085
pvdaq_33,informer,1,-0.25,24 months,6427,0.047901976853609085,0.02709132805466652,0.970604658126831,0.12751200430169185,-0.6697434170352099,-0.8024380494725203,-0.5635139566602554,4034,12.301163586584531,5.936687200547571,0.289148105447746
pvdaq_33,informer,2,-0.25,24 months,6427,0.04501883685588837,0.023606009781360626,0.974036693572998,0.11983726968864537,-0.6516421681292411,-0.8177068184879177,-0.4810001888497598,4034,12.301163586584531,5.936687200547571,0.28884776732514994
pvdaq_33,informer,3,-0.25,24 months,6427,0.04751823469996452,0.02599882148206234,0.9710737466812134,0.12649050718695262,-0.6078658493087752,-0.7600837554849083,-0.4484859013566797,4034,12.301163586584531,5.936687200547571,0.28912872879467527
pvdaq_33,informer,4,-0.25,24 months,6427,0.04772298038005829,0.0278059970587492,0.9708239436149597,0.12703552711631078,-0.7472819521978868,-0.8902646383649016,-0.604923965113166,4034,12.301163586584531,5.936687200547571,0.2890027805497156
pvdaq_33,tcn,0,-0.5,24 months,6427,0.04339316859841347,0.02384524792432785,0.975756824016571,0.11580997010484541,-0.9142840011407749,-1.0315252377971262,-0.7852084242943497,4034,12.301163586584531,5.936687200547571,0.2884892992433417
pvdaq_33,tcn,1,-0.5,24 months,6427,0.043098606169223785,0.021232176572084427,0.97608482837677,0.11502382640480423,-0.9252008039042137,-1.0472338272199657,-0.8111544737441232,4034,12.301163586584531,5.936687200547571,0.28898340389664495
pvdaq_33,tcn,2,-0.5,24 months,6427,0.04234057664871216,0.021220292896032333,0.9769186973571777,0.11300075736088445,-0.9238563796955979,-1.0479038819178665,-0.7842700721160667,4034,12.301163586584531,5.936687200547571,0.289012468876251
pvdaq_33,tcn,3,-0.5,24 months,6427,0.039665091782808304,0.020149976015090942,0.9797435402870178,0.105860282665344,-0.9065694326633067,-1.0202626448804542,-0.7955254185488609,4034,12.301163586584531,5.936687200547571,0.2890609105089278
pvdaq_33,tcn,4,-0.5,24 months,6427,0.04305189847946167,0.021239059045910835,0.9761366248130798,0.11489917046632973,-0.8520538049142767,-0.9821637117362503,-0.7492701001978963,4034,12.301163586584531,5.936687200547571,0.288876832304756
pvdaq_33,patchtst,0,-0.5,24 months,6427,0.052853021770715714,0.029928455129265785,0.9640344381332397,0.14105692367994352,-0.9194525786472827,-1.0893197627626203,-0.791021806319008,4034,12.301163586584531,5.936687200547571,0.28905122218239243
pvdaq_33,patchtst,1,-0.5,24 months,6427,0.05300512537360191,0.029085606336593628,0.9638271331787109,0.14146286577341244,-1.008963424627718,-1.1353371655815476,-0.8544937828916411,4034,12.301163586584531,5.936687200547571,0.28909966381506924
pvdaq_33,patchtst,2,-0.5,24 months,6427,0.051573771983385086,0.02904541976749897,0.9657543897628784,0.13764279458053486,-1.0591678972280527,-1.2449961125233888,-0.849253610495404,4034,12.301163586584531,5.936687200547571,0.2890899754885339
pvdaq_33,patchtst,3,-0.5,24 months,6427,0.053085245192050934,0.030386094003915787,0.9637176990509033,0.14167669375784145,-0.9651201122488517,-1.1544909295809758,-0.8119825733341024,4034,12.301163586584531,5.936687200547571,0.289012468876251
pvdaq_33,patchtst,4,-0.5,24 months,6427,0.053011711686849594,0.03014323301613331,0.9638181328773499,0.14148044367253695,-0.9898828978944066,-1.1601455337226485,-0.8259196027292526,4034,12.301163586584531,5.936687200547571,0.28904153385585707
pvdaq_33,informer,0,-0.5,24 months,6427,0.04480647295713425,0.023293470963835716,0.9741519093513489,0.11958187109339145,-0.9530226781053863,-1.0811308065278413,-0.8287587951573163,4034,12.301163586584531,5.936687200547571,0.2886733774475135
pvdaq_33,informer,1,-0.5,24 months,6427,0.0479804165661335,0.027493447065353394,0.9703602194786072,0.12805265869303467,-0.8928221741438702,-1.0257898112660868,-0.7858295787514153,4034,12.301163586584531,5.936687200547571,0.289148105447746
pvdaq_33,informer,2,-0.5,24 months,6427,0.044591303914785385,0.02374066412448883,0.9743995666503906,0.11900761663890524,-0.9484077441860084,-1.07195883394029,-0.8081131166493449,4034,12.301163586584531,5.936687200547571,0.28881870234554385
pvdaq_33,informer,3,-0.5,24 months,6427,0.04786866903305054,0.026659389957785606,0.9704981446266174,0.12775442100070583,-0.9199418172003001,-1.0541462995358375,-0.7726590243235965,4034,12.301163586584531,5.936687200547571,0.2889737155701096
pvdaq_33,informer,4,-0.5,24 months,6427,0.04528515040874481,0.02500365488231182,0.9735966920852661,0.12085939064661694,-0.9677102666658111,-1.1342390594307987,-0.8356736956786737,4034,12.301163586584531,5.936687200547571,0.2889446505905035
pvdaq_33,tcn,0,-1.0,24 months,6427,0.04257582873106003,0.022698186337947845,0.976426362991333,0.11422216097785665,-1.4238843989415106,-1.5299142902596374,-1.308215348105768,4034,12.301163586584531,5.936687200547571,0.2890027805497156
pvdaq_33,tcn,1,-1.0,24 months,6427,0.04497768357396126,0.024772021919488907,0.9736915826797485,0.12066584178661488,-1.4032288468332452,-1.528068442415784,-1.2763582199518893,4034,12.301163586584531,5.936687200547571,0.2889252739374328
pvdaq_33,tcn,2,-1.0,24 months,6427,0.04499811679124832,0.02303663082420826,0.9736676812171936,0.12072065989124887,-1.390056635448611,-1.503855078308769,-1.2905730334136312,4034,12.301163586584531,5.936687200547571,0.28909966381506924
pvdaq_33,tcn,3,-1.0,24 months,6427,0.04600713029503822,0.02357334829866886,0.9724735021591187,0.12342763486493019,-1.3938225255324066,-1.4776355079971089,-1.2891831476657734,4034,12.301163586584531,5.936687200547571,0.28909966381506924
pvdaq_33,tcn,4,-1.0,24 months,6427,0.04302767291665077,0.02142663113772869,0.9759233593940735,0.11543436566867933,-1.4011812208433172,-1.5074394056385678,-1.2928331920229907,4034,12.301163586584531,5.936687200547571,0.2889155856108974
pvdaq_33,patchtst,0,-1.0,24 months,6427,0.052712079137563705,0.02979806624352932,0.9638655781745911,0.1414156287305794,-1.3951861685975917,-1.5435825502695433,-1.2602338320677147,4034,12.301163586584531,5.936687200547571,0.28905122218239243
pvdaq_33,patchtst,1,-1.0,24 months,6427,0.056134577840566635,0.033800795674324036,0.9590209722518921,0.15059748635853715,-1.428426737122901,-1.60764278006843,-1.24019560758164,4034,12.301163586584531,5.936687200547571,0.28912872879467527
pvdaq_33,patchtst,2,-1.0,24 months,6427,0.05151071399450302,0.029108479619026184,0.96549391746521,0.13819261400946473,-1.5204919437070696,-1.6976393077384144,-1.349253396244754,4034,12.301163586584531,5.936687200547571,0.2890899754885339
pvdaq_33,patchtst,3,-1.0,24 months,6427,0.051884185522794724,0.028831331059336662,0.9649917483329773,0.13919456103660646,-1.4535728247800694,-1.5873606806613971,-1.3264965857868738,4034,12.301163586584531,5.936687200547571,0.28902215720278635
pvdaq_33,patchtst,4,-1.0,24 months,6427,0.05281975120306015,0.030098892748355865,0.9637178182601929,0.14170449065915489,-1.4618734826026492,-1.6143274374442074,-1.3019467679325047,4034,12.301163586584531,5.936687200547571,0.28904153385585707
pvdaq_33,informer,0,-1.0,24 months,6427,0.048675742000341415,0.02737501822412014,0.9691876173019409,0.1305869692777954,-1.493696042155146,-1.6419980761998458,-1.3276829647608124,4034,12.301163586584531,5.936687200547571,0.28907059883546316
pvdaq_33,informer,1,-1.0,24 months,6427,0.04803934320807457,0.027332592755556107,0.9699880480766296,0.12887964266870963,-1.3754303533759282,-1.5098813981663017,-1.2681188866585424,4034,12.301163586584531,5.936687200547571,0.289148105447746
pvdaq_33,informer,2,-1.0,24 months,6427,0.044817205518484116,0.02365458570420742,0.9738789796829224,0.12023531228589958,-1.348752329314069,-1.4920998015404827,-1.2140160368704356,4034,12.301163586584531,5.936687200547571,0.28888652063129133
pvdaq_33,informer,3,-1.0,24 months,6427,0.04742523282766342,0.026348011568188667,0.9707504510879517,0.1272321112683796,-1.3130285837108013,-1.5289503963605844,-1.1712583615207994,4034,12.301163586584531,5.936687200547571,0.28911904046813997
pvdaq_33,informer,4,-1.0,24 months,6427,0.04523586854338646,0.02528730221092701,0.973388671875,0.12135849877107503,-1.4603236083654474,-1.6061239120461535,-1.2992642014945244,4034,12.301163586584531,5.936687200547571,0.28895433891703887
pvdaq_33,tcn,0,-2.0,24 months,6427,0.04351665452122688,0.02395373210310936,0.9748736023902893,0.11797875015341443,-2.3656368959408924,-2.486064648922637,-2.285795411323477,4034,12.301163586584531,5.936687200547571,0.2889252739374328
pvdaq_33,tcn,1,-2.0,24 months,6427,0.045293476432561874,0.024639032781124115,0.9727798700332642,0.12279592258201298,-2.397719663703307,-2.522540839259535,-2.2901159858720677,4034,12.301163586584531,5.936687200547571,0.28909966381506924
pvdaq_33,tcn,2,-2.0,24 months,6427,0.042582035064697266,0.023299841210246086,0.9759413003921509,0.11544488727807226,-2.350323708893404,-2.4615551946396628,-2.2591376934981033,4034,12.301163586584531,5.936687200547571,0.28898340389664495
pvdaq_33,tcn,3,-2.0,24 months,6427,0.04112202301621437,0.021962830796837807,0.9775628447532654,0.11148662351482923,-2.3196605521725755,-2.431250731777568,-2.2212353335207324,4034,12.301163586584531,5.936687200547571,0.2890027805497156
pvdaq_33,tcn,4,-2.0,24 months,6427,0.04278133437037468,0.02268383465707302,0.9757155776023865,0.11598521105178504,-2.3577802989380503,-2.473482771960767,-2.2558223081815876,4034,12.301163586584531,5.936687200547571,0.28895433891703887
pvdaq_33,patchtst,0,-2.0,24 months,6427,0.0526854507625103,0.03002091683447361,0.9631701111793518,0.14283643126100715,-2.3583456271614955,-2.510690383460512,-2.2319943997322844,4034,12.301163586584531,5.936687200547571,0.28905122218239243
pvdaq_33,patchtst,1,-2.0,24 months,6427,0.05304044112563133,0.029338423162698746,0.9626721143722534,0.14379885173699058,-2.4048189485905036,-2.5456012733898636,-2.2923877756600985,4034,12.301163586584531,5.936687200547571,0.2890899754885339
pvdaq_33,patchtst,2,-2.0,24 months,6427,0.05148649588227272,0.029481511563062668,0.964827299118042,0.13958592407434445,-2.484101756426582,-2.6138648588061364,-2.3081720099356495,4034,12.301163586584531,5.936687200547571,0.2890899754885339
pvdaq_33,patchtst,3,-2.0,24 months,6427,0.05191328376531601,0.02914123609662056,0.9642418026924133,0.14074299604083737,-2.456587444465123,-2.581414944649285,-2.306577313704117,4034,12.301163586584531,5.936687200547571,0.28902215720278635
pvdaq_33,patchtst,4,-2.0,24 months,6427,0.05282970517873764,0.030404245480895042,0.9629681706428528,0.14322752188867272,-2.4092076877307966,-2.576283980510641,-2.273503333602167,4034,12.301163586584531,5.936687200547571,0.28904153385585707
pvdaq_33,informer,0,-2.0,24 months,6427,0.04978411644697189,0.02841445989906788,0.9671148061752319,0.13497057392223893,-2.40799318964345,-2.5428513626496203,-2.2708897520127502,4034,12.301163586584531,5.936687200547571,0.289148105447746
pvdaq_33,informer,1,-2.0,24 months,6427,0.04377461224794388,0.02414732053875923,0.974574863910675,0.1186781037807858,-2.3989136057363303,-2.5126379250016146,-2.251412535417563,4034,12.301163586584531,5.936687200547571,0.2888380789986146
pvdaq_33,informer,2,-2.0,24 months,6427,0.04466767609119415,0.024307802319526672,0.9735268354415894,0.12109930451859706,-2.3267921390413115,-2.4772361941480026,-2.2325426471259346,4034,12.301163586584531,5.936687200547571,0.2890318455293217
pvdaq_33,informer,3,-2.0,24 months,6427,0.04777391999959946,0.027423571795225143,0.9697169065475464,0.1295206957771221,-2.2717679202179406,-2.4986186273090905,-2.120016280275616,4034,12.301163586584531,5.936687200547571,0.2891093521416046
pvdaq_33,informer,4,-2.0,24 months,6427,0.045565344393253326,0.02569860778748989,0.9724521040916443,0.12353298848383891,-2.451557191927221,-2.5993648802910996,-2.3136212717418725,4034,12.301163586584531,5.936687200547571,0.2889446505905035
pvdaq_1278,tcn,0,0.0,24 months,6830,0.06854608654975891,0.03464673459529877,0.9116628170013428,0.19898050418862384,0.05029834865112326,-0.21295498903592974,0.27664171692055184,2415,6.899383983572895,3.3767967145790556,0.3698504729935917
pvdaq_1278,tcn,1,0.0,24 months,6830,0.0691654235124588,0.034272048622369766,0.9100593328475952,0.2007783600153196,-0.059897351101056984,-0.32641836166306526,0.2834601026568573,2415,6.899383983572895,3.3767967145790556,0.3698504729935917
pvdaq_1278,tcn,2,0.0,24 months,6830,0.06952112913131714,0.03497886285185814,0.9091318249702454,0.20181092783860122,0.04297551166453917,-0.24986693385638567,0.30326676218867094,2415,6.899383983572895,3.3767967145790556,0.3698504729935917
pvdaq_1278,tcn,3,0.0,24 months,6830,0.06792106479406357,0.03439870476722717,0.9132664799690247,0.19716614613644187,-0.010800218290918373,-0.2686471653433664,0.2890561469382002,2415,6.899383983572895,3.3767967145790556,0.3698504729935917
pvdaq_1278,tcn,4,0.0,24 months,6830,0.0700957402586937,0.035054486244916916,0.9076235294342041,0.20347895029754615,-0.04100468135723734,-0.3106974199432544,0.2481501354355986,2415,6.899383983572895,3.3767967145790556,0.3698504729935917
pvdaq_1278,patchtst,0,0.0,24 months,6830,0.06906507909297943,0.03686411678791046,0.9103201031684875,0.2004870730260029,-0.12132764320599601,-0.4009091592708828,0.15434174152759716,2415,6.899383983572895,3.3767967145790556,0.3698504729935917
pvdaq_1278,patchtst,1,0.0,24 months,6830,0.07036752998828888,0.03714507818222046,0.9069057703018188,0.2042679210492007,-0.11447760708558352,-0.4338991698556949,0.16727819241444397,2415,6.899383983572895,3.3767967145790556,0.3698504729935917
pvdaq_1278,patchtst,2,0.0,24 months,6830,0.06960650533437729,0.035685278475284576,0.9089085459709167,0.20205876401402295,-0.12196692765813477,-0.3946895132864503,0.16805748936752352,2415,6.899383983572895,3.3767967145790556,0.3698504729935917
pvdaq_1278,patchtst,3,0.0,24 months,6830,0.07044561952352524,0.03672920539975166,0.9066990613937378,0.20449460496181043,-0.10029906032919339,-0.38933011356343983,0.19365470359347103,2415,6.899383983572895,3.3767967145790556,0.3698504729935917
pvdaq_1278,patchtst,4,0.0,24 months,6830,0.07063982635736465,0.039142489433288574,0.9061838984489441,0.205058362510335,-0.17988388747030015,-0.46883359227974997,0.18522659450017306,2415,6.899383983572895,3.3767967145790556,0.3698504729935917
pvdaq_1278,informer,0,0.0,24 months,6830,0.06866776198148727,0.036040496081113815,0.9113489389419556,0.19933371237265493,-0.06309008416966103,-0.35302912382360957,0.20517191702491555,2415,6.899383983572895,3.3767967145790556,0.3698504729935917
pvdaq_1278,informer,1,0.0,24 months,6830,0.06871920078992844,0.036463115364313126,0.9112160801887512,0.19948303264101272,-0.0917162617889461,-0.37563360949199154,0.16646294897213298,2415,6.899383983572895,3.3767967145790556,0.3698504729935917
pvdaq_1278,informer,2,0.0,24 months,6830,0.06907543540000916,0.03490167856216431,0.9102932214736938,0.20051713605801585,-0.1328126124673923,-0.3801403368325457,0.14388525439100275,2415,6.899383983572895,3.3767967145790556,0.3698504729935917
pvdaq_1278,informer,3,0.0,24 months,6830,0.06805514544248581,0.03683561459183693,0.9129236936569214,0.19755536507464672,-0.03077803538490964,-0.29815872695171386,0.2285387062675226,2415,6.899383983572895,3.3767967145790556,0.3698504729935917
pvdaq_1278,informer,4,0.0,24 months,6830,0.07038374990224838,0.035956673324108124,0.9068628549575806,0.20431500538063388,-0.061263943707721924,-0.34920867870675554,0.22477905150090072,2415,6.899383983572895,3.3767967145790556,0.3698504729935917
pvdaq_1278,tcn,0,-0.25,24 months,6830,0.06851237267255783,0.034228790551424026,0.9112241268157959,0.19944639571820244,-0.18549343663598744,-0.4812969379601383,0.008659010676909107,2415,6.899383983572895,3.3767967145790556,0.3698504729935917
pvdaq_1278,tcn,1,-0.25,24 months,6830,0.06887108832597733,0.0345543809235096,0.9102920889854431,0.20049065300154237,-0.2689940926001475,-0.556064593106409,0.03144761004398442,2415,6.899383983572895,3.3767967145790556,0.3698504729935917
pvdaq_1278,tcn,2,-0.25,24 months,6830,0.06949592381715775,0.03473462536931038,0.9086569547653198,0.20230961185191457,-0.23635975772620665,-0.5127172292673469,0.053707329231032705,2415,6.899383983572895,3.3767967145790556,0.3698504729935917
pvdaq_1278,tcn,3,-0.25,24 months,6830,0.06797075271606445,0.03320536017417908,0.9126222133636475,0.19786968564441862,-0.22256893554943313,-0.4498752131702602,-0.026725186935611125,2415,6.899383983572895,3.3767967145790556,0.3698504729935917
pvdaq_1278,tcn,4,-0.25,24 months,6830,0.06821999698877335,0.03576924279332161,0.9119802117347717,0.19859526074722197,-0.3242321254314451,-0.5796011675085689,-0.06061104660760597,2415,6.899383983572895,3.3767967145790556,0.3698504729935917
pvdaq_1278,patchtst,0,-0.25,24 months,6830,0.06890998035669327,0.03677188232541084,0.9101907014846802,0.20060387160784476,-0.38253300711535987,-0.6535386315411951,-0.094139039273472,2415,6.899383983572895,3.3767967145790556,0.3698504729935917
pvdaq_1278,patchtst,1,-0.25,24 months,6830,0.07027404010295868,0.03716640919446945,0.9065999984741211,0.20457478648532487,-0.36468418793915713,-0.6754951849018753,-0.06964784300815755,2415,6.899383983572895,3.3767967145790556,0.3698504729935917
pvdaq_1278,patchtst,2,-0.25,24 months,6830,0.06941689550876617,0.03580216318368912,0.9088645577430725,0.20207955251148366,-0.3628235542572883,-0.6437793998041006,-0.08762658218375297,2415,6.899383983572895,3.3767967145790556,0.3698504729935917
pvdaq_1278,patchtst,3,-0.25,24 months,6830,0.07021740078926086,0.036585260182619095,0.906750500202179,0.20440990375637647,-0.34794525702582235,-0.6589826206732691,-0.0476402244827312,2415,6.899383983572895,3.3767967145790556,0.3698504729935917
pvdaq_1278,patchtst,4,-0.25,24 months,6830,0.07045329362154007,0.0389651395380497,0.9061229228973389,0.2050966114755603,-0.433234127609039,-0.6979141530320658,-0.07093773731768882,2415,6.899383983572895,3.3767967145790556,0.3698504729935917
pvdaq_1278,informer,0,-0.25,24 months,6830,0.06871287524700165,0.03377142176032066,0.9107037782669067,0.20003007884352877,-0.295315250650513,-0.5410179700443551,-0.04845196753844286,2415,6.899383983572895,3.3767967145790556,0.3698504729935917
pvdaq_1278,informer,1,-0.25,24 months,6830,0.06866767257452011,0.03616106137633324,0.9108211994171143,0.19989848932543747,-0.3535996041216325,-0.6049586083255603,-0.1023678408338739,2415,6.899383983572895,3.3767967145790556,0.3698504729935917
pvdaq_1278,informer,2,-0.25,24 months,6830,0.06964938342571259,0.03504297509789467,0.9082530736923218,0.202756348180269,-0.29279331860720403,-0.5355701783123945,-0.08340291237023809,2415,6.899383983572895,3.3767967145790556,0.3698504729935917
pvdaq_1278,informer,3,-0.25,24 months,6830,0.06791524589061737,0.03639659658074379,0.912764847278595,0.19770809970247366,-0.28963080591327595,-0.4973536627436346,-0.030136393434315567,2415,6.899383983572895,3.3767967145790556,0.3698504729935917
pvdaq_1278,informer,4,-0.25,24 months,6830,0.07081520557403564,0.03593309223651886,0.9051560163497925,0.2061501735064297,-0.33100182011247536,-0.6197825514755007,-0.0565466056085151,2415,6.899383983572895,3.3767967145790556,0.3698504729935917
pvdaq_1278,tcn,0,-0.5,24 months,6830,0.07034173607826233,0.03646845743060112,0.9058622717857361,0.20535395865961711,-0.5225621739216535,-0.7262867741860801,-0.276360236155182,2415,6.899383983572895,3.3767967145790556,0.3698504729935917
pvdaq_1278,tcn,1,-0.5,24 months,6830,0.06874865293502808,0.034239303320646286,0.9100779891014099,0.20070315036035824,-0.5512548424813746,-0.8042360449782571,-0.20074483997118472,2415,6.899383983572895,3.3767967145790556,0.3698504729935917
pvdaq_1278,tcn,2,-0.5,24 months,6830,0.06910009682178497,0.03435372933745384,0.9091562628746033,0.20172914712154075,-0.4391338273160059,-0.7775319256413615,-0.20243001283867246,2415,6.899383983572895,3.3767967145790556,0.3698504729935917
pvdaq_1278,tcn,3,-0.5,24 months,6830,0.06784642487764359,0.03317100927233696,0.9124227166175842,0.19806920764686675,-0.48055255423843357,-0.6785610487390481,-0.20335289597316852,2415,6.899383983572895,3.3767967145790556,0.3698504729935917
pvdaq_1278,tcn,4,-0.5,24 months,6830,0.06751175969839096,0.035342004150152206,0.9132845401763916,0.19709219423752192,-0.5726535263815333,-0.8236118343202481,-0.297895442501774,2415,6.899383983572895,3.3767967145790556,0.3698504729935917
pvdaq_1278,patchtst,0,-0.5,24 months,6830,0.06875509768724442,0.03656380623579025,0.9100611209869385,0.2007219650137062,-0.6256364811682287,-0.8826483160257526,-0.3633365271833,2415,6.899383983572895,3.3767967145790556,0.3698504729935917
pvdaq_1278,patchtst,1,-0.5,24 months,6830,0.07001059502363205,0.036980871111154556,0.906746506690979,0.20438723349424176,-0.6283089264526698,-0.9342006403505965,-0.31873940184862226,2415,6.899383983572895,3.3767967145790556,0.3698504729935917
pvdaq_1278,patchtst,2,-0.5,24 months,6830,0.0692034661769867,0.03579329326748848,0.9088842868804932,0.2020309211106153,-0.5878026647281875,-0.8982404069037752,-0.26800779475611436,2415,6.899383983572895,3.3767967145790556,0.3698504729935917
pvdaq_1278,patchtst,3,-0.5,24 months,6830,0.07013850659132004,0.0366029217839241,0.9064054489135742,0.20476065542334884,-0.606526466597025,-0.8752477573493345,-0.3118933323898871,2415,6.899383983572895,3.3767967145790556,0.3698504729935917
pvdaq_1278,patchtst,4,-0.5,24 months,6830,0.07013397663831711,0.03864816948771477,0.9064174890518188,0.20474743078839444,-0.689332595812564,-0.967121523011168,-0.3455761080350895,2415,6.899383983572895,3.3767967145790556,0.3698504729935917
pvdaq_1278,informer,0,-0.5,24 months,6830,0.06832639127969742,0.037200432270765305,0.91117924451828,0.19947040992279164,-0.5052119986441228,-0.7723200039603444,-0.27709668053370606,2415,6.899383983572895,3.3767967145790556,0.3698504729935917
pvdaq_1278,informer,1,-0.5,24 months,6830,0.06832045316696167,0.03542701154947281,0.9111946821212769,0.1994530743404583,-0.5738971640399326,-0.8504193856516372,-0.3543411938386877,2415,6.899383983572895,3.3767967145790556,0.3698504729935917
pvdaq_1278,informer,2,-0.5,24 months,6830,0.06835304200649261,0.03718307986855507,0.9111099243164062,0.19954821340837037,-0.6378510734035705,-0.8830978644040921,-0.36723376980243305,2415,6.899383983572895,3.3767967145790556,0.3698504729935917
pvdaq_1278,informer,3,-0.5,24 months,6830,0.06759311258792877,0.03616633266210556,0.9130754470825195,0.19732969389059277,-0.5445556118783835,-0.7735322280895018,-0.31303984715683253,2415,6.899383983572895,3.3767967145790556,0.3698504729935917
pvdaq_1278,informer,4,-0.5,24 months,6830,0.07046883553266525,0.039705414324998856,0.9055217504501343,0.2057250097248919,-0.5106427204431108,-0.8189848502306751,-0.2934550608040821,2415,6.899383983572895,3.3767967145790556,0.3698504729935917
pvdaq_1278,tcn,0,-1.0,24 months,6830,0.06785448640584946,0.03248681500554085,0.9113534688949585,0.19922543088882266,-1.0096968532502006,-1.3119943621786478,-0.7809133543471769,2415,6.899383983572895,3.3767967145790556,0.3698504729935917
pvdaq_1278,tcn,1,-1.0,24 months,6830,0.06826689094305038,0.034437816590070724,0.9102726578712463,0.20043627892520655,-0.9975100203741816,-1.2584933992206837,-0.7400415597833432,2415,6.899383983572895,3.3767967145790556,0.3698504729935917
pvdaq_1278,tcn,2,-1.0,24 months,6830,0.06908509135246277,0.034314900636672974,0.9081089496612549,0.20283857150382287,-0.966883416006388,-1.2780881295017033,-0.6881999661770366,2415,6.899383983572895,3.3767967145790556,0.3698504729935917
pvdaq_1278,tcn,3,-1.0,24 months,6830,0.06758136302232742,0.03431347385048866,0.9120656847953796,0.1984235218825038,-1.0398976268171156,-1.2641446352484829,-0.8297586434541325,2415,6.899383983572895,3.3767967145790556,0.3698504729935917
pvdaq_1278,tcn,4,-1.0,24 months,6830,0.06700320541858673,0.036503665149211884,0.9135637879371643,0.19672601146236807,-1.0165115015505877,-1.2817267451501468,-0.8283719195837147,2415,6.899383983572895,3.3767967145790556,0.3698504729935917
pvdaq_1278,patchtst,0,-1.0,24 months,6830,0.06849031150341034,0.03646494075655937,0.9096843600273132,0.20109225703018999,-1.1373765774164497,-1.3808524511402553,-0.867731098012045,2415,6.899383983572895,3.3767967145790556,0.3698504729935917
pvdaq_1278,patchtst,1,-1.0,24 months,6830,0.06963194161653519,0.03703490272164345,0.9066484570503235,0.2044441614251711,-1.1249775443365306,-1.440085151052073,-0.8613292084626245,2415,6.899383983572895,3.3767967145790556,0.3698504729935917
pvdaq_1278,patchtst,2,-1.0,24 months,6830,0.06893428415060043,0.03568499535322189,0.9085096716880798,0.20239579120492768,-1.1067785340563463,-1.3924249519041454,-0.8368956845256043,2415,6.899383983572895,3.3767967145790556,0.3698504729935917
pvdaq_1278,patchtst,3,-1.0,24 months,6830,0.06890838593244553,0.03614038601517677,0.9085783958435059,0.20231975225828672,-1.156415727306459,-1.391996733276476,-0.9126246726419984,2415,6.899383983572895,3.3767967145790556,0.3698504729935917
pvdaq_1278,patchtst,4,-1.0,24 months,6830,0.06998111307621002,0.03839471936225891,0.9057098627090454,0.2054693528044371,-1.188434580258918,-1.4211263750022296,-0.8423393894308255,2415,6.899383983572895,3.3767967145790556,0.3698504729935917
pvdaq_1278,informer,0,-1.0,24 months,6830,0.06832019239664078,0.03545193001627922,0.9101324677467346,0.2005927756525568,-1.076451585717153,-1.356312017971721,-0.8152413377598422,2415,6.899383983572895,3.3767967145790556,0.3698504729935917
pvdaq_1278,informer,1,-1.0,24 months,6830,0.06809311360120773,0.036063987761735916,0.9107288718223572,0.19992605671822905,-1.0791895130106646,-1.3388097327872384,-0.8474637855570542,2415,6.899383983572895,3.3767967145790556,0.3698504729935917
pvdaq_1278,informer,2,-1.0,24 months,6830,0.06808474659919739,0.03453977033495903,0.9107508063316345,0.19990149062585916,-1.1427830016421407,-1.3933104521082873,-0.8729202840960454,2415,6.899383983572895,3.3767967145790556,0.3698504729935917
pvdaq_1278,informer,3,-1.0,24 months,6830,0.06727714091539383,0.0361655056476593,0.9128555655479431,0.19753030488905052,-1.0676382666373092,-1.2537832144155503,-0.7808443338270854,2415,6.899383983572895,3.3767967145790556,0.3698504729935917
pvdaq_1278,informer,4,-1.0,24 months,6830,0.0702885314822197,0.03937757760286331,0.904879629611969,0.20637195435143155,-1.0555736796947768,-1.3478777516322427,-0.7588235266941357,2415,6.899383983572895,3.3767967145790556,0.3698504729935917
pvdaq_1278,tcn,0,-2.0,24 months,6830,0.0673266053199768,0.03246226906776428,0.9106216430664062,0.19996225767773898,-2.053096291106279,-2.303858328259867,-1.8365884817722478,2415,6.899383983572895,3.3767967145790556,0.3698504729935917
pvdaq_1278,tcn,1,-2.0,24 months,6830,0.06785429269075394,0.034264497458934784,0.9092151522636414,0.20152950672448866,-2.010990129426614,-2.303703526045588,-1.7767449344948556,2415,6.899383983572895,3.3767967145790556,0.3698504729935917
pvdaq_1278,tcn,2,-2.0,24 months,6830,0.0687207505106926,0.03419490531086922,0.9068818092346191,0.20410291527574467,-1.9619861772348917,-2.3021141941354495,-1.7671290795145782,2415,6.899383983572895,3.3767967145790556,0.3698504729935917
pvdaq_1278,tcn,3,-2.0,24 months,6830,0.06681565195322037,0.033712442964315414,0.9119731187820435,0.1984447091796515,-1.9407272663701625,-2.17497193151569,-1.715408210684083,2415,6.899383983572895,3.3767967145790556,0.3698504729935917
pvdaq_1278,tcn,4,-2.0,24 months,6830,0.06742552667856216,0.034410007297992706,0.9103588461875916,0.2002560574037354,-2.047077022606997,-2.3089670922602945,-1.7973938555207458,2415,6.899383983572895,3.3767967145790556,0.3698504729935917
pvdaq_1278,patchtst,0,-2.0,24 months,6830,0.06795161217451096,0.03598608449101448,0.9089545011520386,0.2018185488289524,-2.13294223339216,-2.425100730760321,-1.895361677284696,2415,6.899383983572895,3.3767967145790556,0.3698504729935917
pvdaq_1278,patchtst,1,-2.0,24 months,6830,0.06899931281805038,0.037278857082128525,0.9061253666877747,0.20493025459603942,-2.1287763713316936,-2.4515273447184738,-1.8806130247458488,2415,6.899383983572895,3.3767967145790556,0.3698504729935917
pvdaq_1278,patchtst,2,-2.0,24 months,6830,0.06832590699195862,0.03558620810508728,0.9079487919807434,0.20293021688912272,-2.1488483668314573,-2.414506699755467,-1.8556748551901647,2415,6.899383983572895,3.3767967145790556,0.3698504729935917
pvdaq_1278,patchtst,3,-2.0,24 months,6830,0.0682404637336731,0.03635222464799881,0.9081788659095764,0.20267644756941747,-2.169540639332718,-2.430872426583619,-1.9197761880518225,2415,6.899383983572895,3.3767967145790556,0.3698504729935917
pvdaq_1278,patchtst,4,-2.0,24 months,6830,0.06945816427469254,0.03775931894779205,0.9048726558685303,0.20629305868771786,-2.2071925970073405,-2.419912825917248,-1.918965209108392,2415,6.899383983572895,3.3767967145790556,0.3698504729935917
pvdaq_1278,informer,0,-2.0,24 months,6830,0.06725677102804184,0.03645028918981552,0.9108070135116577,0.19975484750738692,-2.0517042560377448,-2.2839916160111198,-1.8223052245737101,2415,6.899383983572895,3.3767967145790556,0.3698504729935917
pvdaq_1278,informer,1,-2.0,24 months,6830,0.06656380742788315,0.03620842844247818,0.9126355051994324,0.19769672256082718,-2.0895481017538686,-2.3475705368083855,-1.8768310567922528,2415,6.899383983572895,3.3767967145790556,0.3698504729935917
pvdaq_1278,informer,2,-2.0,24 months,6830,0.06753569841384888,0.03486524522304535,0.9100656509399414,0.2005832711228217,-2.1478821675288167,-2.3884977958402267,-1.8961429955311595,2415,6.899383983572895,3.3767967145790556,0.3698504729935917
pvdaq_1278,informer,3,-2.0,24 months,6830,0.06682921946048737,0.0358274020254612,0.9119373559951782,0.19848500512760958,-2.0336919871357164,-2.2965038390883485,-1.8148537870470438,2415,6.899383983572895,3.3767967145790556,0.3698504729935917
pvdaq_1278,informer,4,-2.0,24 months,6830,0.06801299005746841,0.03475040942430496,0.9087899923324585,0.2020008431833064,-2.0891430336029693,-2.341429408920071,-1.8387595817557334,2415,6.899383983572895,3.3767967145790556,0.3698504729935917
