system_id,model,seed,injection,regime,n_train,val_rmse,val_mae,val_r2,val_nrmse_mean,plr,ci_low,ci_high,days,span_years,t_center_years,points_kept_fraction
dkasc_8,lstm,0,0.0,24 months,6884,0.01940975710749626,0.013604694046080112,0.9946480393409729,0.047505962650154915,-1.0032116250368817,-1.2868066257391786,-0.7902845182571783,3380,12.238193018480493,5.268651608487337,0.3004158636778578
dkasc_8,lstm,1,0.0,24 months,6884,0.019662540405988693,0.01378624513745308,0.9945077300071716,0.04812465735458924,-0.9799709108906707,-1.2706456661852994,-0.7264744569135203,3380,12.238193018480493,5.268651608487337,0.3004158636778578
dkasc_8,lstm,2,0.0,24 months,6884,0.0195354912430048,0.013711817562580109,0.99457848072052,0.047813700717779226,-1.0199621210810805,-1.2816843667586266,-0.7548897377219902,3380,12.238193018480493,5.268651608487337,0.3004158636778578
dkasc_8,lstm,3,0.0,24 months,6884,0.019749583676457405,0.013992352411150932,0.9944589734077454,0.048337698369627854,-1.0614354226939005,-1.2843619917715765,-0.7893080439774658,3380,12.238193018480493,5.268651608487337,0.3004158636778578
dkasc_8,lstm,4,0.0,24 months,6884,0.019863953813910484,0.014028268866240978,0.9943946003913879,0.04861762271118701,-1.0720058445644876,-1.3135537517936058,-0.8334901068868916,3380,12.238193018480493,5.268651608487337,0.3004158636778578
dkasc_8,gru,0,0.0,24 months,6884,0.018756484612822533,0.012651648372411728,0.9950022101402283,0.04590705862675743,-0.973850681266264,-1.194231625179036,-0.7408694253124443,3380,12.238193018480493,5.268651608487337,0.3004158636778578
dkasc_8,gru,1,0.0,24 months,6884,0.019116388633847237,0.013165568932890892,0.9948086142539978,0.046787934512310725,-1.0037313040114348,-1.2063000369187042,-0.7805359795470744,3380,12.238193018480493,5.268651608487337,0.3004158636778578
dkasc_8,gru,2,0.0,24 months,6884,0.01899365521967411,0.012859653681516647,0.9948750138282776,0.04648754080015125,-0.9475463598850367,-1.2375350920855162,-0.757946173129892,3380,12.238193018480493,5.268651608487337,0.3004158636778578
dkasc_8,gru,3,0.0,24 months,6884,0.019823823124170303,0.013896334916353226,0.9944172501564026,0.048519401644464555,-1.068940763516669,-1.3383690339276333,-0.7812795384259219,3380,12.238193018480493,5.268651608487337,0.3004158636778578
dkasc_8,gru,4,0.0,24 months,6884,0.018607530742883682,0.012539353221654892,0.9950813055038452,0.04554248956271808,-0.99554057720187,-1.237574550488895,-0.7805330783219766,3380,12.238193018480493,5.268651608487337,0.3004057206613247
dkasc_8,lstm,0,-0.25,24 months,6884,0.0196611937135458,0.013796113431453705,0.9944682121276855,0.048301319221901784,-1.2506300129084558,-1.5054381673273,-1.0251708425180845,3380,12.238193018480493,5.268651608487337,0.3004158636778578
dkasc_8,lstm,1,-0.25,24 months,6884,0.01985265128314495,0.01390027068555355,0.9943599700927734,0.04877166976731586,-1.1975741037929533,-1.4760785940622245,-0.9817662407738736,3380,12.238193018480493,5.268651608487337,0.3004158636778578
dkasc_8,lstm,2,-0.25,24 months,6884,0.019744940102100372,0.01385913509875536,0.9944210052490234,0.048507057546145496,-1.2358032398120233,-1.51075967352709,-0.9739463457075992,3380,12.238193018480493,5.268651608487337,0.3004158636778578
dkasc_8,lstm,3,-0.25,24 months,6884,0.01998860016465187,0.014183886349201202,0.9942824840545654,0.049105653065542675,-1.2866463867318285,-1.4934604905681712,-1.0409293322022672,3380,12.238193018480493,5.268651608487337,0.3004158636778578
dkasc_8,lstm,4,-0.25,24 months,6884,0.020102161914110184,0.014214030466973782,0.9942173361778259,0.04938463827833799,-1.2888450347308646,-1.5323452337317058,-1.063638708237602,3380,12.238193018480493,5.268651608487337,0.3004158636778578
dkasc_8,gru,0,-0.25,24 months,6884,0.018911920487880707,0.012780684046447277,0.994881808757782,0.04646059246926623,-1.2264410132902748,-1.416281781301687,-0.9921828950303357,3380,12.238193018480493,5.268651608487337,0.3004158636778578
dkasc_8,gru,1,-0.25,24 months,6884,0.019370252266526222,0.013359159231185913,0.994630753993988,0.04758656833179216,-1.2452689188539117,-1.4429548108873365,-1.0258581311501314,3380,12.238193018480493,5.268651608487337,0.3004158636778578
dkasc_8,gru,2,-0.25,24 months,6884,0.019385000690817833,0.013517494313418865,0.9946225881576538,0.0476228005341756,-1.211067306652926,-1.4822144095396284,-0.992066590889508,3380,12.238193018480493,5.268651608487337,0.3004158636778578
dkasc_8,gru,3,-0.25,24 months,6884,0.02006665989756584,0.014104104600846767,0.9942377209663391,0.04929742107987521,-1.2995691933656794,-1.5528575872981232,-1.0064753370115789,3380,12.238193018480493,5.268651608487337,0.3004158636778578
dkasc_8,gru,4,-0.25,24 months,6884,0.019730597734451294,0.013654492795467377,0.9944291114807129,0.048471822896189384,-1.179827749307957,-1.437163723417323,-0.9768881243375619,3380,12.238193018480493,5.268651608487337,0.3004158636778578
dkasc_8,lstm,0,-0.5,24 months,6884,0.01997196488082409,0.014020689763128757,0.9942501783370972,0.04924896746978655,-1.4731577014841513,-1.720298307205119,-1.2352327026744159,3380,12.238193018480493,5.268651608487337,0.3004158636778578
dkasc_8,lstm,1,-0.5,24 months,6884,0.020093383267521858,0.014052760787308216,0.9941800236701965,0.0495483736730517,-1.4442280073360536,-1.6933266649017074,-1.213430261046835,3380,12.238193018480493,5.268651608487337,0.3004158636778578
dkasc_8,lstm,2,-0.5,24 months,6884,0.01999436691403389,0.01403964962810278,0.9942372441291809,0.049304208754827356,-1.4782042754939386,-1.7418437463193992,-1.1993948185610073,3380,12.238193018480493,5.268651608487337,0.3004158636778578
dkasc_8,lstm,3,-0.5,24 months,6884,0.020255638286471367,0.014392652548849583,0.9940856695175171,0.04994847913076389,-1.5096273157881923,-1.7188411595309296,-1.274673582991885,3380,12.238193018480493,5.268651608487337,0.3004158636778578
dkasc_8,lstm,4,-0.5,24 months,6884,0.020346956327557564,0.014453225769102573,0.9940322041511536,0.05017366074217243,-1.5439752745201076,-1.7743869042958154,-1.2924362907510312,3380,12.238193018480493,5.268651608487337,0.3004158636778578
dkasc_8,gru,0,-0.5,24 months,6884,0.019037656486034393,0.012856719084084034,0.9947755336761475,0.04694505175511764,-1.421890293851935,-1.6427480765948712,-1.1997061759507284,3380,12.238193018480493,5.268651608487337,0.3004158636778578
dkasc_8,gru,1,-0.5,24 months,6884,0.019654463976621628,0.013569853268563747,0.9944314956665039,0.04846604041198323,-1.4820834522506376,-1.6492145953708772,-1.2710357626461288,3380,12.238193018480493,5.268651608487337,0.3004158636778578
dkasc_8,gru,2,-0.5,24 months,6884,0.02034580707550049,0.014277540147304535,0.9940329194068909,0.050170826795812556,-1.532264015865548,-1.751941612430874,-1.2340365920795238,3380,12.238193018480493,5.268651608487337,0.3004158636778578
dkasc_8,gru,3,-0.5,24 months,6884,0.02037370577454567,0.01436790730804205,0.9940165281295776,0.05023962233645787,-1.5164652508662768,-1.7864422768480992,-1.2526857490540984,3380,12.238193018480493,5.268651608487337,0.3004158636778578
dkasc_8,gru,4,-0.5,24 months,6884,0.019958144053816795,0.013748959638178349,0.9942581057548523,0.04921488662377318,-1.457115269707701,-1.6526069744283667,-1.1990111283600946,3380,12.238193018480493,5.268651608487337,0.3004158636778578
dkasc_8,lstm,0,-1.0,24 months,6884,0.020840320736169815,0.014693372882902622,0.9936472177505493,0.05177899200233392,-1.94125131862296,-2.1715573557830403,-1.7261907747712506,3380,12.238193018480493,5.268651608487337,0.3004158636778578
dkasc_8,lstm,1,-1.0,24 months,6884,0.020729249343276024,0.014505385421216488,0.9937147498130798,0.05150302865046697,-1.8849756698309132,-2.1833586222247403,-1.7082841142417113,3380,12.238193018480493,5.268651608487337,0.3004158636778578
dkasc_8,lstm,2,-1.0,24 months,6884,0.020613357424736023,0.01450403779745102,0.9937848448753357,0.051215088421562374,-1.9171532038994497,-2.161085373936711,-1.6890823492425926,3380,12.238193018480493,5.268651608487337,0.3004158636778578
dkasc_8,lstm,3,-1.0,24 months,6884,0.02090202085673809,0.014875940047204494,0.9936095476150513,0.051932289549425074,-1.9576758447135183,-2.191384518819885,-1.7328767993544958,3380,12.238193018480493,5.268651608487337,0.3004158636778578
dkasc_8,lstm,4,-1.0,24 months,6884,0.020979993045330048,0.014891953207552433,0.9935617446899414,0.05212601599829399,-1.9644076367687102,-2.210489721858154,-1.7327264319311761,3380,12.238193018480493,5.268651608487337,0.3004158636778578
dkasc_8,gru,0,-1.0,24 months,6884,0.019969074055552483,0.013636304996907711,0.9941672682762146,0.04961432882469628,-1.878257917827325,-2.0980686229192833,-1.6923143649545502,3380,12.238193018480493,5.268651608487337,0.3004158636778578
dkasc_8,gru,1,-1.0,24 months,6884,0.02033456228673458,0.014087220653891563,0.9939517974853516,0.05052240564553331,-1.9623903571668992,-2.114372818230026,-1.7363409285904061,3380,12.238193018480493,5.268651608487337,0.3004158636778578
dkasc_8,gru,2,-1.0,24 months,6884,0.02098916843533516,0.014786125160753727,0.9935561418533325,0.05214881278974972,-1.9509094058256127,-2.1828331593021835,-1.7022482848357945,3380,12.238193018480493,5.268651608487337,0.3004158636778578
dkasc_8,gru,3,-1.0,24 months,6884,0.020524609833955765,0.014237799681723118,0.9938381910324097,0.050994589857676936,-1.8658592878970937,-2.090719926467823,-1.6491734992018101,3380,12.238193018480493,5.268651608487337,0.3004158636778578
dkasc_8,gru,4,-1.0,24 months,6884,0.02074274607002735,0.014426475390791893,0.9937065243721008,0.051536562055032174,-1.9283857336843506,-2.1158856865148232,-1.6744283697748716,3380,12.238193018480493,5.268651608487337,0.3004158636778578
dkasc_8,lstm,0,-2.0,24 months,6884,0.02258271910250187,0.016111042350530624,0.9923194050788879,0.056969972532627935,-2.8799727869476213,-3.1546009085047624,-2.706318760477404,3380,12.238193018480493,5.268651608487337,0.3004158636778578
dkasc_8,lstm,1,-2.0,24 months,6884,0.02251471020281315,0.01595614291727543,0.9923655986785889,0.05679840483390863,-2.838067112435936,-3.1027779237502378,-2.6422633396798876,3380,12.238193018480493,5.268651608487337,0.3004158636778578
dkasc_8,lstm,2,-2.0,24 months,6884,0.022386612370610237,0.015998896211385727,0.9924522042274475,0.05647524932951764,-2.8263275851869,-3.099307675565144,-2.627828292135124,3380,12.238193018480493,5.268651608487337,0.3004158636778578
dkasc_8,lstm,3,-2.0,24 months,6884,0.02264569327235222,0.01617581397294998,0.9922765493392944,0.05712883899642068,-2.890266000445595,-3.121897788557873,-2.68070931056923,3380,12.238193018480493,5.268651608487337,0.3004158636778578
dkasc_8,lstm,4,-2.0,24 months,6884,0.02272637188434601,0.01636405661702156,0.9922214150428772,0.05733236888528812,-2.923986943210438,-3.1800108806767757,-2.710640292159283,3380,12.238193018480493,5.268651608487337,0.3004158636778578
dkasc_8,gru,0,-2.0,24 months,6884,0.022069768980145454,0.01548693235963583,0.9926643967628479,0.05567594083305215,-2.8239368428810625,-3.0441638795554473,-2.6126860920271247,3380,12.238193018480493,5.268651608487337,0.3004158636778578
dkasc_8,gru,1,-2.0,24 months,6884,0.02230004407465458,0.0158280897885561,0.9925104975700378,0.05625686139224556,-2.824286617087974,-3.0294106787507524,-2.663881203296142,3380,12.238193018480493,5.268651608487337,0.3004158636778578
dkasc_8,gru,2,-2.0,24 months,6884,0.02217206358909607,0.015398812480270863,0.9925962090492249,0.05593400192107705,-2.8344976366264483,-3.0258650443038513,-2.6102193210052027,3380,12.238193018480493,5.268651608487337,0.3004158636778578
dkasc_8,gru,3,-2.0,24 months,6884,0.023342369124293327,0.01707446202635765,0.9917939901351929,0.05888636004466474,-2.949604746347911,-3.162481829751158,-2.7194343255675104,3380,12.238193018480493,5.268651608487337,0.3004158636778578
dkasc_8,gru,4,-2.0,24 months,6884,0.022181928157806396,0.015606466680765152,0.9925895929336548,0.055958887507525826,-2.808901758756085,-3.026318094215863,-2.62328825001246,3380,12.238193018480493,5.268651608487337,0.3004057206613247
dkasc_11,lstm,0,0.0,24 months,6845,0.01843203790485859,0.012744360603392124,0.9954625964164734,0.044083723223558205,-1.3526855214959888,-1.5043443116750543,-1.1983629777864158,3385,12.216290212183436,5.275496235455167,0.3022680790011905
dkasc_11,lstm,1,0.0,24 months,6845,0.018890362232923508,0.013091746717691422,0.9952341318130493,0.04517989299758582,-1.3216949875249335,-1.4442523484000325,-1.176152255013918,3385,12.216290212183436,5.275496235455167,0.3022884296427445
dkasc_11,lstm,2,0.0,24 months,6845,0.020009910687804222,0.014099624007940292,0.9946524500846863,0.04785750599269116,-1.3439955972361028,-1.4799416936629894,-1.1856194587821833,3385,12.216290212183436,5.275496235455167,0.30229860496352146
dkasc_11,lstm,3,0.0,24 months,6845,0.019184518605470657,0.01347743347287178,0.9950845241546631,0.04588342389193127,-1.3249785138402914,-1.470807480329628,-1.1755418134512545,3385,12.216290212183436,5.275496235455167,0.3022782543219675
dkasc_11,lstm,4,0.0,24 months,6845,0.020075831562280655,0.014100689440965652,0.9946171641349792,0.04801516829786188,-1.3061926606120822,-1.4580740108839363,-1.1847791805688512,3385,12.216290212183436,5.275496235455167,0.30229860496352146
dkasc_11,gru,0,0.0,24 months,6845,0.01925264298915863,0.013598506338894367,0.9950495362281799,0.046046356308345436,-1.3125525497344137,-1.4535977103226183,-1.192560378108926,3385,12.216290212183436,5.275496235455167,0.30229860496352146
dkasc_11,gru,1,0.0,24 months,6845,0.019382275640964508,0.01372115034610033,0.9949826598167419,0.046356397442833326,-1.387159549851369,-1.4907976031303338,-1.2346894576219847,3385,12.216290212183436,5.275496235455167,0.3022884296427445
dkasc_11,gru,2,0.0,24 months,6845,0.018501581624150276,0.012880364432930946,0.9954282641410828,0.04425005025093392,-1.3646290409959128,-1.4837470716462202,-1.2542222590940957,3385,12.216290212183436,5.275496235455167,0.3020645725856508
dkasc_11,gru,3,0.0,24 months,6845,0.018468352034687996,0.012758136726915836,0.995444655418396,0.044170575369629476,-1.3205126574746706,-1.4652112100660502,-1.202759641630624,3385,12.216290212183436,5.275496235455167,0.30224772835963654
dkasc_11,gru,4,0.0,24 months,6845,0.01940418966114521,0.013600179925560951,0.9949713349342346,0.046408808988715994,-1.3893651085314485,-1.5105333874397608,-1.2353232436011274,3385,12.216290212183436,5.275496235455167,0.30222737771808256
dkasc_11,lstm,0,-0.25,24 months,6845,0.018647734075784683,0.012965583242475986,0.9953211545944214,0.044766864839816296,-1.5670357734157592,-1.702922764336274,-1.392410763542995,3385,12.216290212183436,5.275496235455167,0.3022782543219675
dkasc_11,lstm,1,-0.25,24 months,6845,0.01906176097691059,0.013514853082597256,0.9951110482215881,0.0457608025615484,-1.537495618895901,-1.6550578619896283,-1.3641665438030435,3385,12.216290212183436,5.275496235455167,0.3022375530388596
dkasc_11,lstm,2,-0.25,24 months,6845,0.02018977329134941,0.01432550698518753,0.9945152997970581,0.04846877633535427,-1.5547280070204783,-1.671479256817543,-1.415193161117323,3385,12.216290212183436,5.275496235455167,0.30229860496352146
dkasc_11,lstm,3,-0.25,24 months,6845,0.01935647428035736,0.013625134713947773,0.9949586987495422,0.04646830893032646,-1.5414746905053955,-1.7002418222987759,-1.3808738349424865,3385,12.216290212183436,5.275496235455167,0.3022782543219675
dkasc_11,lstm,4,-0.25,24 months,6845,0.019501276314258575,0.013665497303009033,0.9948830008506775,0.046815929346503665,-1.499458938235565,-1.6388695482375093,-1.363213504438765,3385,12.216290212183436,5.275496235455167,0.3022579036804135
dkasc_11,gru,0,-0.25,24 months,6845,0.019424021244049072,0.013785459101200104,0.99492347240448,0.04663046620807601,-1.5383925290068998,-1.668679024069819,-1.3867321208932193,3385,12.216290212183436,5.275496235455167,0.30229860496352146
dkasc_11,gru,1,-0.25,24 months,6845,0.019586073234677315,0.013901382684707642,0.9948384165763855,0.04701949790125627,-1.5902772469180482,-1.7169758847826122,-1.4430797765677905,3385,12.216290212183436,5.275496235455167,0.3022884296427445
dkasc_11,gru,2,-0.25,24 months,6845,0.018694352358579636,0.013006558641791344,0.9952977299690247,0.04487877947547469,-1.5564921295343592,-1.6726283048031962,-1.4505042337349505,3385,12.216290212183436,5.275496235455167,0.30217650111419764
dkasc_11,gru,3,-0.25,24 months,6845,0.018675925210118294,0.012959899380803108,0.9953069686889648,0.04483454216164344,-1.5358528387715342,-1.6687593960887703,-1.4218163941242312,3385,12.216290212183436,5.275496235455167,0.3022375530388596
dkasc_11,gru,4,-0.25,24 months,6845,0.019571688026189804,0.01378315594047308,0.994845986366272,0.0469849639100788,-1.6104130413491902,-1.7148549237311572,-1.458577331721711,3385,12.216290212183436,5.275496235455167,0.30222737771808256
dkasc_11,lstm,0,-0.5,24 months,6845,0.01958836242556572,0.013985719531774521,0.9947987198829651,0.047202016596058584,-1.754212291382462,-1.897324989300464,-1.6404458369377095,3385,12.216290212183436,5.275496235455167,0.3022375530388596
dkasc_11,lstm,1,-0.5,24 months,6845,0.019285038113594055,0.013726647943258286,0.9949585199356079,0.04647109693587362,-1.7661204585627033,-1.881627886644921,-1.6011939592353586,3385,12.216290212183436,5.275496235455167,0.30224772835963654
dkasc_11,lstm,2,-0.5,24 months,6845,0.020418476313352585,0.014590012840926647,0.9943485260009766,0.04920233947434037,-1.7755167040123032,-1.9091797703697178,-1.6324492793033607,3385,12.216290212183436,5.275496235455167,0.30229860496352146
dkasc_11,lstm,3,-0.5,24 months,6845,0.019579961895942688,0.013830834999680519,0.9948031902313232,0.04718177386570332,-1.760733728481767,-1.9010221837929997,-1.6018019979715192,3385,12.216290212183436,5.275496235455167,0.3022782543219675
dkasc_11,lstm,4,-0.5,24 months,6845,0.019747529178857803,0.013886213302612305,0.9947138428688049,0.04758556023116246,-1.7239754093010562,-1.8500116865812655,-1.5839203738226337,3385,12.216290212183436,5.275496235455167,0.3022579036804135
dkasc_11,gru,0,-0.5,24 months,6845,0.019642895087599754,0.014031223952770233,0.9947696924209595,0.047333423783777265,-1.7405181707445982,-1.8814863983866115,-1.6058229489778753,3385,12.216290212183436,5.275496235455167,0.30229860496352146
dkasc_11,gru,1,-0.5,24 months,6845,0.019975047558546066,0.014234447851777077,0.9945913553237915,0.04813381056983995,-1.8135018486593046,-1.935191755852217,-1.6635847891935507,3385,12.216290212183436,5.275496235455167,0.3022884296427445
dkasc_11,gru,2,-0.5,24 months,6845,0.01893211156129837,0.01325574517250061,0.9951413869857788,0.04562065090997671,-1.786419023480379,-1.890489938758888,-1.6697652876521474,3385,12.216290212183436,5.275496235455167,0.3021968517557516
dkasc_11,gru,3,-0.5,24 months,6845,0.0189286470413208,0.013203554786741734,0.9951431751251221,0.04561230246685902,-1.7449424989928408,-1.8747028360807994,-1.638518496255113,3385,12.216290212183436,5.275496235455167,0.3022375530388596
dkasc_11,gru,4,-0.5,24 months,6845,0.019783681258559227,0.01400708220899105,0.9946944713592529,0.04767267578625458,-1.817538330420565,-1.924633572563339,-1.6863708646932236,3385,12.216290212183436,5.275496235455167,0.30222737771808256
dkasc_11,lstm,0,-1.0,24 months,6845,0.02035481482744217,0.014775077812373638,0.994299590587616,0.04942102027552415,-2.2040485197687754,-2.335322250175342,-2.068869753635527,3385,12.216290212183436,5.275496235455167,0.3022375530388596
dkasc_11,lstm,1,-1.0,24 months,6845,0.019920578226447105,0.014356330968439579,0.9945402145385742,0.04836670383766498,-2.1938297904076074,-2.3319639376650048,-2.0606637694903798,3385,12.216290212183436,5.275496235455167,0.3022680790011905
dkasc_11,lstm,2,-1.0,24 months,6845,0.020665904507040977,0.014868470840156078,0.9941240549087524,0.050176338832499244,-2.193721542761795,-2.3507827039431994,-2.0835439232308017,3385,12.216290212183436,5.275496235455167,0.30229860496352146
dkasc_11,lstm,3,-1.0,24 months,6845,0.020180469378829002,0.014414632692933083,0.9943968057632446,0.04899771355306552,-2.2031808436647093,-2.339587261688162,-2.044502530187558,3385,12.216290212183436,5.275496235455167,0.3022782543219675
dkasc_11,lstm,4,-1.0,24 months,6845,0.020344063639640808,0.014439228922128677,0.9943056106567383,0.049394916639857525,-2.1709846100630092,-2.2996421249146137,-2.0378174892268897,3385,12.216290212183436,5.275496235455167,0.30224772835963654
dkasc_11,gru,0,-1.0,24 months,6845,0.020213760435581207,0.014618491753935814,0.9943783283233643,0.04907854346995213,-2.1999276207541274,-2.316049900674866,-2.0389674098456267,3385,12.216290212183436,5.275496235455167,0.30229860496352146
dkasc_11,gru,1,-1.0,24 months,6845,0.02017924003303051,0.01444113627076149,0.9943975210189819,0.0489947287298604,-2.2200755066362765,-2.323282228702328,-2.106082214665386,3385,12.216290212183436,5.275496235455167,0.30224772835963654
dkasc_11,gru,2,-1.0,24 months,6845,0.01954532414674759,0.01388522982597351,0.9947440028190613,0.04745559559922008,-2.20017678889044,-2.327958689030196,-2.0932281183528745,3385,12.216290212183436,5.275496235455167,0.3022070270765286
dkasc_11,gru,3,-1.0,24 months,6845,0.019422709941864014,0.013877932913601398,0.9948097467422485,0.0471578911417249,-2.2186978299940874,-2.343491242381368,-2.1370314886174357,3385,12.216290212183436,5.275496235455167,0.3021866764349746
dkasc_11,gru,4,-1.0,24 months,6845,0.0203186497092247,0.014560680836439133,0.9943198561668396,0.049333212203780716,-2.245114452934438,-2.359628718015161,-2.1141145098640624,3385,12.216290212183436,5.275496235455167,0.30222737771808256
dkasc_11,lstm,0,-2.0,24 months,6845,0.02214374765753746,0.016497902572155,0.9930498600006104,0.05459278672475921,-3.143839815105816,-3.258934989487244,-3.0306644183142883,3385,12.216290212183436,5.275496235455167,0.3022680790011905
dkasc_11,lstm,1,-2.0,24 months,6845,0.02122882567346096,0.015423722565174103,0.9936122894287109,0.05233715495370801,-3.1383384444174767,-3.2415899863389668,-3.006127937954701,3385,12.216290212183436,5.275496235455167,0.3021357998310897
dkasc_11,lstm,2,-2.0,24 months,6845,0.022211119532585144,0.01640724577009678,0.993007481098175,0.05475888410188829,-3.1099273253986315,-3.2093534778147914,-3.0032933834871822,3385,12.216290212183436,5.275496235455167,0.30229860496352146
dkasc_11,lstm,3,-2.0,24 months,6845,0.021790627390146255,0.016008488833904266,0.9932697415351868,0.053722210535759145,-3.11172052839902,-3.2361130500240143,-2.9916145126716143,3385,12.216290212183436,5.275496235455167,0.3022782543219675
dkasc_11,lstm,4,-2.0,24 months,6845,0.021885870024561882,0.015996186062693596,0.9932107925415039,0.053957019968569254,-3.0988963009270676,-3.2243958138527873,-2.9775265239997406,3385,12.216290212183436,5.275496235455167,0.3022172023973056
dkasc_11,gru,0,-2.0,24 months,6845,0.021805692464113235,0.016215182840824127,0.9932604432106018,0.05375935169103203,-3.1127804038204143,-3.2097669723271216,-2.988611918880635,3385,12.216290212183436,5.275496235455167,0.30229860496352146
dkasc_11,gru,1,-2.0,24 months,6845,0.02169831097126007,0.015865297988057137,0.9933266639709473,0.053494615340700484,-3.0627470874864144,-3.209617785027501,-2.949646615081525,3385,12.216290212183436,5.275496235455167,0.3022884296427445
dkasc_11,gru,2,-2.0,24 months,6845,0.02137843891978264,0.015562997199594975,0.9935219883918762,0.052706008689487376,-3.0994305447105353,-3.21198205377925,-2.9901306610479517,3385,12.216290212183436,5.275496235455167,0.3022070270765286
dkasc_11,gru,3,-2.0,24 months,6845,0.021169668063521385,0.015501164831221104,0.9936478734016418,0.05219130887414982,-3.1563519898632295,-3.283478053089617,-3.04246273890888,3385,12.216290212183436,5.275496235455167,0.3020950985479817
dkasc_11,gru,4,-2.0,24 months,6845,0.021144846454262733,0.015417344868183136,0.9936627745628357,0.052130114136864164,-3.103279678954085,-3.2147563425580117,-2.9803128929118183,3385,12.216290212183436,5.275496235455167,0.3020950985479817
dkasc_17,lstm,0,0.0,24 months,6841,0.019537605345249176,0.01243188139051199,0.9953792095184326,0.04234848671300773,-0.6002632828911669,-0.7160752204199206,-0.469577381025322,3365,12.216290212183436,5.248117727583846,0.3011837942647209
dkasc_17,lstm,1,0.0,24 months,6841,0.019897600635886192,0.012789280153810978,0.9952073693275452,0.04312878990333673,-0.5775486915761823,-0.7386575444630061,-0.46363471254559085,3365,12.216290212183436,5.248117727583846,0.3011837942647209
dkasc_17,lstm,2,0.0,24 months,6841,0.020290877670049667,0.013065028935670853,0.9950160384178162,0.04398123251139938,-0.6005799138824597,-0.762783776593956,-0.43575166753779815,3365,12.216290212183436,5.248117727583846,0.3011837942647209
dkasc_17,lstm,3,0.0,24 months,6841,0.01974780671298504,0.01258908212184906,0.9952792525291443,0.04280410600059779,-0.6057575681157834,-0.7412897877238311,-0.47232425428465064,3365,12.216290212183436,5.248117727583846,0.3011837942647209
dkasc_17,lstm,4,0.0,24 months,6841,0.01988283358514309,0.012738917022943497,0.9952144622802734,0.04309678177126866,-0.608559050343338,-0.7521999929023249,-0.42481297639799803,3365,12.216290212183436,5.248117727583846,0.3011837942647209
dkasc_17,gru,0,0.0,24 months,6841,0.02008395828306675,0.012602269649505615,0.9951171875,0.043532727039236156,-0.5771312360283724,-0.7285550580909558,-0.44278729992141164,3365,12.216290212183436,5.248117727583846,0.3011837942647209
dkasc_17,gru,1,0.0,24 months,6841,0.02024795487523079,0.012775643728673458,0.9950370788574219,0.04388819575618033,-0.5884856148801076,-0.7171938991503479,-0.4534842332251765,3365,12.216290212183436,5.248117727583846,0.3011837942647209
dkasc_17,gru,2,0.0,24 months,6841,0.020393645390868187,0.012535267509520054,0.9949654340744019,0.044203985370959396,-0.5744698809624915,-0.7023156297545861,-0.43902822574900524,3365,12.216290212183436,5.248117727583846,0.3011837942647209
dkasc_17,gru,3,0.0,24 months,6841,0.019989946857094765,0.01253217738121748,0.9951627850532532,0.0433289537746373,-0.5755592394624753,-0.7088951478923633,-0.4631881634495858,3365,12.216290212183436,5.248117727583846,0.3011837942647209
dkasc_17,gru,4,0.0,24 months,6841,0.020129716023802757,0.012444286607205868,0.995094895362854,0.04363190864523821,-0.6033607877863001,-0.7110850519473755,-0.46157425542323605,3365,12.216290212183436,5.248117727583846,0.3011837942647209
dkasc_17,lstm,0,-0.25,24 months,6841,0.02016167901456356,0.013046800158917904,0.995042622089386,0.04386555039907117,-0.808185631404057,-0.9471776891377459,-0.675532503380965,3365,12.216290212183436,5.248117727583846,0.3011837942647209
dkasc_17,lstm,1,-0.25,24 months,6841,0.020060064271092415,0.012939447537064552,0.9950924515724182,0.043644468283449624,-0.8287717018381602,-0.9877267988694113,-0.7170527794611359,3365,12.216290212183436,5.248117727583846,0.3011837942647209
dkasc_17,lstm,2,-0.25,24 months,6841,0.020416129380464554,0.013162201270461082,0.9949166774749756,0.04441915535138837,-0.8345571530245177,-0.985887247202132,-0.6876034221158261,3365,12.216290212183436,5.248117727583846,0.3011837942647209
dkasc_17,lstm,3,-0.25,24 months,6841,0.019916364923119545,0.012766999192535877,0.9951624870300293,0.04333182314182901,-0.8317580402411928,-0.9892991767248782,-0.701940781567641,3365,12.216290212183436,5.248117727583846,0.3011837942647209
dkasc_17,lstm,4,-0.25,24 months,6841,0.019948037341237068,0.012770956382155418,0.9951471090316772,0.043400732484755816,-0.8419295838897556,-0.9847798098365113,-0.689562166992852,3365,12.216290212183436,5.248117727583846,0.3011837942647209
dkasc_17,gru,0,-0.25,24 months,6841,0.020192265510559082,0.012746557593345642,0.9950275421142578,0.043932097112797414,-0.8266518844907589,-0.9704278697566626,-0.689097646366521,3365,12.216290212183436,5.248117727583846,0.3011837942647209
dkasc_17,gru,1,-0.25,24 months,6841,0.02073681727051735,0.012959901243448257,0.994755744934082,0.0451168725798653,-0.8263758291369272,-0.9908096886248718,-0.6534977716154455,3365,12.216290212183436,5.248117727583846,0.3011837942647209
dkasc_17,gru,2,-0.25,24 months,6841,0.020554451271891594,0.012722200714051723,0.9948475360870361,0.044720100818048406,-0.8142784283570901,-0.9455965222200213,-0.6743330885362608,3365,12.216290212183436,5.248117727583846,0.3011837942647209
dkasc_17,gru,3,-0.25,24 months,6841,0.020059892907738686,0.012549838982522488,0.995092511177063,0.04364409545002518,-0.8302482330702659,-0.9637214419490281,-0.72328414348917,3365,12.216290212183436,5.248117727583846,0.3011837942647209
dkasc_17,gru,4,-0.25,24 months,6841,0.020322367548942566,0.01264954637736082,0.9949632883071899,0.04421515873269575,-0.847098598947027,-0.9621014202586847,-0.7032887149167166,3365,12.216290212183436,5.248117727583846,0.3011837942647209
dkasc_17,lstm,0,-0.5,24 months,6841,0.02027314528822899,0.013082186691462994,0.9949502348899841,0.04427458659063999,-1.0654484481198878,-1.1743406162461723,-0.9349651639916634,3365,12.216290212183436,5.248117727583846,0.3011837942647209
dkasc_17,lstm,1,-0.5,24 months,6841,0.020274566486477852,0.013148928061127663,0.9949495196342468,0.044277690350024004,-1.0884395433279348,-1.2263372913132509,-0.9548123879098869,3365,12.216290212183436,5.248117727583846,0.3011837942647209
dkasc_17,lstm,2,-0.5,24 months,6841,0.02060399204492569,0.013343305326998234,0.9947840571403503,0.0449971238767564,-1.0840008432533355,-1.2352914781952884,-0.943446793113778,3365,12.216290212183436,5.248117727583846,0.3011837942647209
dkasc_17,lstm,3,-0.5,24 months,6841,0.020133426412940025,0.013000059872865677,0.9950196146965027,0.043969454093714624,-1.0914570885957153,-1.2244527994690013,-0.9458145484617285,3365,12.216290212183436,5.248117727583846,0.3011837942647209
dkasc_17,lstm,4,-0.5,24 months,6841,0.02010251209139824,0.012920013628900051,0.9950348734855652,0.0439019402083982,-1.0761969974503849,-1.225279870233742,-0.9519436003768034,3365,12.216290212183436,5.248117727583846,0.3011837942647209
dkasc_17,gru,0,-0.5,24 months,6841,0.020360441878437996,0.012934252619743347,0.9949066638946533,0.044465233892147786,-1.0742284207618622,-1.205496030695663,-0.9326969056631107,3365,12.216290212183436,5.248117727583846,0.3011837942647209
dkasc_17,gru,1,-0.5,24 months,6841,0.020207131281495094,0.0125434510409832,0.9949830770492554,0.04413041839099551,-1.0414847580419329,-1.2019292176020413,-0.9210002513074571,3365,12.216290212183436,5.248117727583846,0.3011837942647209
dkasc_17,gru,2,-0.5,24 months,6841,0.019747231155633926,0.012619178742170334,0.9952088594436646,0.043126041040762196,-1.0951117864898552,-1.207973484156022,-0.9675541544845401,3365,12.216290212183436,5.248117727583846,0.3011837942647209
dkasc_17,gru,3,-0.5,24 months,6841,0.020236428827047348,0.012719460763037205,0.9949685335159302,0.04419440139407692,-1.0848028179153113,-1.2101117609812009,-0.9646157102391695,3365,12.216290212183436,5.248117727583846,0.3011837942647209
dkasc_17,gru,4,-0.5,24 months,6841,0.020571092143654823,0.012907695025205612,0.9948007464408875,0.044925273677543044,-1.0934506843323089,-1.2015217648017718,-0.9636853921401123,3365,12.216290212183436,5.248117727583846,0.3011837942647209
dkasc_17,lstm,0,-1.0,24 months,6841,0.020511295646429062,0.013440767303109169,0.9947534799575806,0.04513547892788651,-1.5748505062227802,-1.7046646454847991,-1.4334425001040096,3365,12.216290212183436,5.248117727583846,0.3011837942647209
dkasc_17,lstm,1,-1.0,24 months,6841,0.021342258900403976,0.014331590384244919,0.9943197965621948,0.046964028673653666,-1.5558576685630543,-1.7080149029358949,-1.425026173418087,3365,12.216290212183436,5.248117727583846,0.3011837942647209
dkasc_17,lstm,2,-1.0,24 months,6841,0.021143123507499695,0.013922949321568012,0.9944252967834473,0.04652582762164979,-1.5552994383820073,-1.69923900826805,-1.435869636868825,3365,12.216290212183436,5.248117727583846,0.3011837942647209
dkasc_17,lstm,3,-1.0,24 months,6841,0.02071312442421913,0.013637679629027843,0.9946497678756714,0.045579606822292375,-1.577440998916202,-1.6849828284409256,-1.449617093865696,3365,12.216290212183436,5.248117727583846,0.3011837942647209
dkasc_17,lstm,4,-1.0,24 months,6841,0.02131320722401142,0.014097442850470543,0.9943352341651917,0.04690009993164539,-1.5974728513076242,-1.7264032227759074,-1.4358629719598934,3365,12.216290212183436,5.248117727583846,0.3011837942647209
dkasc_17,gru,0,-1.0,24 months,6841,0.020970312878489494,0.013369685970246792,0.9945160746574402,0.04614555469113101,-1.5566980089950642,-1.6703408514713747,-1.4345303125388509,3365,12.216290212183436,5.248117727583846,0.3011837942647209
dkasc_17,gru,1,-1.0,24 months,6841,0.0211966410279274,0.013605329208076,0.9943970441818237,0.0466435938982018,-1.5487574900201029,-1.6876984082707418,-1.441630403399548,3365,12.216290212183436,5.248117727583846,0.3011837942647209
dkasc_17,gru,2,-1.0,24 months,6841,0.020251059904694557,0.0130439642816782,0.9948858022689819,0.04456282544758891,-1.560797834089056,-1.7126451398476683,-1.4357005281691593,3365,12.216290212183436,5.248117727583846,0.3011837942647209
dkasc_17,gru,3,-1.0,24 months,6841,0.02084582857787609,0.013393128290772438,0.9945809841156006,0.04587162472473383,-1.5829040757731812,-1.679968935481048,-1.459718018755496,3365,12.216290212183436,5.248117727583846,0.3011837942647209
dkasc_17,gru,4,-1.0,24 months,6841,0.021179309114813805,0.01353610772639513,0.9944062232971191,0.04660545470833279,-1.5719774729052283,-1.6739841394808663,-1.4534173680093703,3365,12.216290212183436,5.248117727583846,0.3011837942647209
dkasc_17,lstm,0,-2.0,24 months,6841,0.022448355332016945,0.015282372012734413,0.9935261607170105,0.0501612577936425,-2.5385357260541808,-2.6565060245195338,-2.4193300843522003,3365,12.216290212183436,5.248117727583846,0.3011837942647209
dkasc_17,lstm,1,-2.0,24 months,6841,0.02254302427172661,0.015433518216013908,0.9934714436531067,0.050372797259211025,-2.5913411027368993,-2.70164953648655,-2.4489085302848435,3365,12.216290212183436,5.248117727583846,0.3011837942647209
dkasc_17,lstm,2,-2.0,24 months,6841,0.02274175174534321,0.015586497262120247,0.9933558702468872,0.05081685740915636,-2.542244164058949,-2.7097052024085633,-2.3873555189391102,3365,12.216290212183436,5.248117727583846,0.3011837942647209
dkasc_17,lstm,3,-2.0,24 months,6841,0.02247096598148346,0.015378042124211788,0.9935131072998047,0.05021178170062797,-2.5169872179202746,-2.6673807395956706,-2.410870058517839,3365,12.216290212183436,5.248117727583846,0.3011837942647209
dkasc_17,lstm,4,-2.0,24 months,6841,0.022927340120077133,0.015573020093142986,0.9932469725608826,0.051231558003959135,-2.572656211744573,-2.7056216827183426,-2.449183833061397,3365,12.216290212183436,5.248117727583846,0.3011837942647209
dkasc_17,gru,0,-2.0,24 months,6841,0.022524729371070862,0.015168835408985615,0.9934820532798767,0.050331916971344544,-2.5444885736838008,-2.6651698659681755,-2.4313947125621183,3365,12.216290212183436,5.248117727583846,0.3011837942647209
dkasc_17,gru,1,-2.0,24 months,6841,0.023540545254945755,0.015867823734879494,0.9928809404373169,0.05260177601751045,-2.5766577052030115,-2.7290668387521255,-2.4392134206087546,3365,12.216290212183436,5.248117727583846,0.3011837942647209
dkasc_17,gru,2,-2.0,24 months,6841,0.022835077717900276,0.015401951968669891,0.9933012127876282,0.051025395990225625,-2.5441926597218223,-2.660497174333798,-2.4484672849288014,3365,12.216290212183436,5.248117727583846,0.3011837942647209
dkasc_17,gru,3,-2.0,24 months,6841,0.02360568381845951,0.016093257814645767,0.9928414821624756,0.05274732932101063,-2.540267930595441,-2.699035007138717,-2.4506122795439733,3365,12.216290212183436,5.248117727583846,0.3011837942647209
dkasc_17,gru,4,-2.0,24 months,6841,0.022169290110468864,0.014914898201823235,0.9936861395835876,0.049537681486502165,-2.537990185575101,-2.658857836722839,-2.408636457363489,3365,12.216290212183436,5.248117727583846,0.3011837942647209
dkasc_14,lstm,0,0.0,24 months,6832,0.023008940741419792,0.0161906611174345,0.9935595393180847,0.05140247665372681,-1.1069943498771828,-1.3036933474990353,-0.9303090179844966,3377,12.238193018480493,5.264544832306639,0.3008720340701683
dkasc_14,lstm,1,0.0,24 months,6832,0.023434732109308243,0.01652354747056961,0.9933189749717712,0.05235370387853533,-1.1354403559766524,-1.3008928750327053,-0.9269897617537158,3377,12.238193018480493,5.264544832306639,0.3008720340701683
dkasc_14,lstm,2,0.0,24 months,6832,0.02452642284333706,0.017480183392763138,0.9926820397377014,0.05479256484565447,-1.1629426037530588,-1.4199707709331766,-0.9679847724858048,3377,12.238193018480493,5.264544832306639,0.3008720340701683
dkasc_14,lstm,3,0.0,24 months,6832,0.02426709234714508,0.01721283420920372,0.9928359389305115,0.05421321484749871,-1.1807275673307225,-1.3799831269369567,-0.9520897784678694,3377,12.238193018480493,5.264544832306639,0.3008720340701683
dkasc_14,lstm,4,0.0,24 months,6832,0.02342691458761692,0.016406724229454994,0.9933234453201294,0.052336239364164844,-1.1320572927603079,-1.3633741989909964,-0.9350029508537852,3377,12.238193018480493,5.264544832306639,0.3008720340701683
dkasc_14,gru,0,0.0,24 months,6832,0.023052964359521866,0.0157302375882864,0.9935348629951477,0.051500826379041666,-1.1173793598163235,-1.3196626974733783,-0.9390140452859809,3377,12.238193018480493,5.264544832306639,0.3008720340701683
dkasc_14,gru,1,0.0,24 months,6832,0.023804474622011185,0.016488606110215187,0.993106484413147,0.05317971673548054,-1.1367364830356985,-1.2790692947463498,-0.9232281800012565,3377,12.238193018480493,5.264544832306639,0.3008720340701683
dkasc_14,gru,2,0.0,24 months,6832,0.022907137870788574,0.01566978543996811,0.9936164021492004,0.05117504681505182,-1.093984895122846,-1.3135230722689295,-0.9325138305651931,3377,12.238193018480493,5.264544832306639,0.3008720340701683
dkasc_14,gru,3,0.0,24 months,6832,0.023048384115099907,0.015774063766002655,0.993537425994873,0.051490594012866535,-1.0951550400569028,-1.3199712452795498,-0.8847994660640044,3377,12.238193018480493,5.264544832306639,0.3008720340701683
dkasc_14,gru,4,0.0,24 months,6832,0.02331436611711979,0.015977615490555763,0.9933874011039734,0.05208480362046165,-1.0808849706999357,-1.2984544643816451,-0.9476987397307417,3377,12.238193018480493,5.264544832306639,0.3008720340701683
dkasc_14,lstm,0,-0.25,24 months,6832,0.023178068920969963,0.016376540064811707,0.9934151768684387,0.051978297356356534,-1.337950364248498,-1.5226091495444123,-1.1748443267373874,3377,12.238193018480493,5.264544832306639,0.3008720340701683
dkasc_14,lstm,1,-0.25,24 months,6832,0.02365531027317047,0.01679730974137783,0.9931411743164062,0.05304854151690369,-1.3738254926912719,-1.5509871139279292,-1.169662621988994,3377,12.238193018480493,5.264544832306639,0.3008720340701683
dkasc_14,lstm,2,-0.25,24 months,6832,0.024668648838996887,0.017661724239587784,0.9925409555435181,0.05532101785981143,-1.4001285934722107,-1.6462459661417128,-1.2206455249983428,3377,12.238193018480493,5.264544832306639,0.3008720340701683
dkasc_14,lstm,3,-0.25,24 months,6832,0.023695776239037514,0.01682872883975506,0.9931176900863647,0.053139289025413615,-1.3115479701954091,-1.5370911851959446,-1.1447952741499678,3377,12.238193018480493,5.264544832306639,0.3008720340701683
dkasc_14,lstm,4,-0.25,24 months,6832,0.023553883656859398,0.016664640977978706,0.99319988489151,0.052821085863007676,-1.3633768367422916,-1.5868662283244683,-1.1621111505115564,3377,12.238193018480493,5.264544832306639,0.3008720340701683
dkasc_14,gru,0,-0.25,24 months,6832,0.023859988898038864,0.016666153445839882,0.9930219650268555,0.05350754638319236,-1.3108757883070976,-1.4951299949082286,-1.1343100596017968,3377,12.238193018480493,5.264544832306639,0.3008720340701683
dkasc_14,gru,1,-0.25,24 months,6832,0.023988857865333557,0.016767527908086777,0.9929463863372803,0.05379654325885485,-1.3562749157799194,-1.521117398126972,-1.142859904550958,3377,12.238193018480493,5.264544832306639,0.3008720340701683
dkasc_14,gru,2,-0.25,24 months,6832,0.023148875683546066,0.01599944941699505,0.9934317469596863,0.05191282966011367,-1.3135588643858385,-1.5261420163626638,-1.1587686449792578,3377,12.238193018480493,5.264544832306639,0.3008720340701683
dkasc_14,gru,3,-0.25,24 months,6832,0.023320404812693596,0.016063474118709564,0.9933340549468994,0.05229749466868308,-1.310020114345186,-1.5337932854984304,-1.1109027888558054,3377,12.238193018480493,5.264544832306639,0.3008720340701683
dkasc_14,gru,4,-0.25,24 months,6832,0.023461127653717995,0.016177793964743614,0.9932533502578735,0.052613074611970755,-1.3057921894448266,-1.5164401515811887,-1.175980412034362,3377,12.238193018480493,5.264544832306639,0.3008720340701683
dkasc_14,lstm,0,-0.5,24 months,6832,0.023426750674843788,0.016637267544865608,0.9932222366333008,0.052737634113189116,-1.5583851897551793,-1.7584585075559982,-1.3882662730175332,3377,12.238193018480493,5.264544832306639,0.3008720340701683
dkasc_14,lstm,1,-0.5,24 months,6832,0.02386758290231228,0.017088335007429123,0.9929648041725159,0.053730023072299016,-1.5665962057764105,-1.779461257394449,-1.3226270483424951,3377,12.238193018480493,5.264544832306639,0.3008720340701683
dkasc_14,lstm,2,-0.5,24 months,6832,0.024157430976629257,0.017391135916113853,0.9927928447723389,0.0543825208046523,-1.6152267083060112,-1.8290632801643003,-1.3913399552951955,3377,12.238193018480493,5.264544832306639,0.3008720340701683
dkasc_14,lstm,3,-0.5,24 months,6832,0.023895923048257828,0.01706288941204548,0.992948055267334,0.053793821601951515,-1.5628633861897445,-1.755850894698913,-1.3852436399740764,3377,12.238193018480493,5.264544832306639,0.3008720340701683
dkasc_14,lstm,4,-0.5,24 months,6832,0.023757826536893845,0.016929611563682556,0.9930293560028076,0.05348294266745028,-1.6114823482664131,-1.8106011165375637,-1.3812698684547153,3377,12.238193018480493,5.264544832306639,0.3008720340701683
dkasc_14,gru,0,-0.5,24 months,6832,0.024021338671445847,0.016857599839568138,0.9928738474845886,0.054076153682041044,-1.5560323729198875,-1.7240590495792105,-1.3547511666174628,3377,12.238193018480493,5.264544832306639,0.3008720340701683
dkasc_14,gru,1,-0.5,24 months,6832,0.024253718554973602,0.017219776287674904,0.9927353262901306,0.05459928065952291,-1.5853996949732938,-1.7513344445178602,-1.4303927873902222,3377,12.238193018480493,5.264544832306639,0.3008720340701683
dkasc_14,gru,2,-0.5,24 months,6832,0.023544790223240852,0.016453485935926437,0.9931538105010986,0.053003361383720714,-1.5654227786755515,-1.7420979691570262,-1.3838510434243019,3377,12.238193018480493,5.264544832306639,0.3008720340701683
dkasc_14,gru,3,-0.5,24 months,6832,0.023578384891152382,0.016481168568134308,0.9931342601776123,0.05307898874361637,-1.5760188873974545,-1.767102788580166,-1.3725642554335282,3377,12.238193018480493,5.264544832306639,0.3008720340701683
dkasc_14,gru,4,-0.5,24 months,6832,0.023651711642742157,0.01642531529068947,0.9930914640426636,0.053244059839037336,-1.5483258582338066,-1.7452630087458565,-1.386592790984087,3377,12.238193018480493,5.264544832306639,0.3008720340701683
dkasc_14,lstm,0,-1.0,24 months,6832,0.023960499092936516,0.01717081107199192,0.9928022623062134,0.05435646186888302,-2.043447477024285,-2.2426051019033557,-1.8502299713113743,3377,12.238193018480493,5.264544832306639,0.3008720340701683
dkasc_14,lstm,1,-1.0,24 months,6832,0.024347972124814987,0.01765470579266548,0.9925675988197327,0.055235477911112774,-2.0105546682815723,-2.230156487329812,-1.7927614216550092,3377,12.238193018480493,5.264544832306639,0.3008720340701683
dkasc_14,lstm,2,-1.0,24 months,6832,0.025203537195920944,0.018556460738182068,0.9920361042022705,0.05717640117750787,-2.089500169151739,-2.300819352034172,-1.886151772222644,3377,12.238193018480493,5.264544832306639,0.3008720340701683
dkasc_14,lstm,3,-1.0,24 months,6832,0.024419942870736122,0.017650431022047997,0.9925236105918884,0.05539874976497372,-1.997266244054069,-2.218722431417075,-1.8600750977387115,3377,12.238193018480493,5.264544832306639,0.3008720340701683
dkasc_14,lstm,4,-1.0,24 months,6832,0.02434774488210678,0.017544690519571304,0.9925677180290222,0.05523496239140028,-2.069296713309797,-2.274279051066097,-1.8561264982766223,3377,12.238193018480493,5.264544832306639,0.3008720340701683
dkasc_14,gru,0,-1.0,24 months,6832,0.02420775592327118,0.017417367547750473,0.992652952671051,0.05491738534621864,-2.043655475833761,-2.231046831845873,-1.8883866175800623,3377,12.238193018480493,5.264544832306639,0.3008720340701683
dkasc_14,gru,1,-1.0,24 months,6832,0.025727223604917526,0.018615471199154854,0.9917016625404358,0.05836442903166332,-2.0285170367105927,-2.242331507199069,-1.8671188446464575,3377,12.238193018480493,5.264544832306639,0.3008720340701683
dkasc_14,gru,2,-1.0,24 months,6832,0.024214819073677063,0.017249004915356636,0.9926486611366272,0.054933408713020083,-2.0434671107313873,-2.2653426955938842,-1.8882732315645563,3377,12.238193018480493,5.264544832306639,0.3008720340701683
dkasc_14,gru,3,-1.0,24 months,6832,0.0249481163918972,0.017879799008369446,0.9921966791152954,0.05659695702066521,-2.0914422845775364,-2.2931514247862883,-1.8731964955763902,3377,12.238193018480493,5.264544832306639,0.3008720340701683
dkasc_14,gru,4,-1.0,24 months,6832,0.02396797016263008,0.017003972083330154,0.9927977919578552,0.0543734106358241,-1.9833109672951932,-2.1762434699852893,-1.820352724504698,3377,12.238193018480493,5.264544832306639,0.3008720340701683
dkasc_14,lstm,0,-2.0,24 months,6832,0.025426771491765976,0.018658651039004326,0.9916462302207947,0.05858931021901645,-2.936753240231863,-3.147264414398959,-2.781520507375518,3377,12.238193018480493,5.264544832306639,0.3008720340701683
dkasc_14,lstm,1,-2.0,24 months,6832,0.025999588891863823,0.019263852387666702,0.991265594959259,0.05990921732417336,-2.951958174832973,-3.1551659243505226,-2.7567893696332173,3377,12.238193018480493,5.264544832306639,0.3008720340701683
dkasc_14,lstm,2,-2.0,24 months,6832,0.026563508436083794,0.019983697682619095,0.9908825755119324,0.06120862165970096,-3.034644537812209,-3.2167664813837122,-2.8273189983370717,3377,12.238193018480493,5.264544832306639,0.3008720340701683
dkasc_14,lstm,3,-2.0,24 months,6832,0.02590814046561718,0.01917119324207306,0.9913269281387329,0.0596984984676272,-2.9682358225367578,-3.1410889829563784,-2.796072180056887,3377,12.238193018480493,5.264544832306639,0.3008720340701683
dkasc_14,lstm,4,-2.0,24 months,6832,0.025938300415873528,0.019173981621861458,0.991306722164154,0.0597679941439592,-3.0250794538167094,-3.2296842275078395,-2.8130946652972666,3377,12.238193018480493,5.264544832306639,0.3008720340701683
dkasc_14,gru,0,-2.0,24 months,6832,0.02569814771413803,0.018902253359556198,0.9914669394493103,0.05921462537881839,-2.981445415773032,-3.164540623681844,-2.8159107239213,3377,12.238193018480493,5.264544832306639,0.3008720340701683
dkasc_14,gru,1,-2.0,24 months,6832,0.025726238265633583,0.018793519586324692,0.9914482831954956,0.05927935266974989,-2.990659688228814,-3.1663515014924815,-2.826256801538496,3377,12.238193018480493,5.264544832306639,0.3008720340701683
dkasc_14,gru,2,-2.0,24 months,6832,0.02565142512321472,0.01872425153851509,0.9914979338645935,0.059106965451378196,-2.965366302665484,-3.1398947257309184,-2.802958684038896,3377,12.238193018480493,5.264544832306639,0.3008720340701683
dkasc_14,gru,3,-2.0,24 months,6832,0.026228368282318115,0.019317088648676872,0.991111159324646,0.0604363792835037,-2.952249586283784,-3.1176946993417887,-2.821608063573089,3377,12.238193018480493,5.264544832306639,0.3008720340701683
dkasc_14,gru,4,-2.0,24 months,6832,0.025689397007226944,0.01873568631708622,0.9914727210998535,0.05919446167529766,-2.9551314627769,-3.118629343046786,-2.7628934374633705,3377,12.238193018480493,5.264544832306639,0.3008720340701683
dkasc_19,lstm,0,0.0,24 months,6885,0.018796304240822792,0.012825462967157364,0.995087742805481,0.04320376750004521,-0.7100394582787265,-0.8554192855317555,-0.5619949974661809,3416,12.216290212183436,5.317932922655715,0.30285258610247506
dkasc_19,lstm,1,0.0,24 months,6885,0.018931392580270767,0.012884077616035938,0.9950169324874878,0.04351427137009866,-0.6907052416542365,-0.8469500944051356,-0.5440369904524123,3416,12.216290212183436,5.317932922655715,0.30285258610247506
dkasc_19,lstm,2,0.0,24 months,6885,0.019042104482650757,0.012959503568708897,0.9949584603309631,0.043768745400132945,-0.7044042978848319,-0.8471558476953839,-0.5674731608772077,3416,12.216290212183436,5.317932922655715,0.30285258610247506
dkasc_19,lstm,3,0.0,24 months,6885,0.019014611840248108,0.013124991208314896,0.9949730038642883,0.04370555288552434,-0.7344904899564051,-0.8743973113863857,-0.5716680299430843,3416,12.216290212183436,5.317932922655715,0.30285258610247506
dkasc_19,lstm,4,0.0,24 months,6885,0.01905149593949318,0.01309883315116167,0.994953453540802,0.04379033189462188,-0.7410657047151992,-0.8733560040830123,-0.5623133046538911,3416,12.216290212183436,5.317932922655715,0.30285258610247506
dkasc_19,gru,0,0.0,24 months,6885,0.01846560835838318,0.012553000822663307,0.9952591061592102,0.04244365488242151,-0.7415740804668575,-0.8715520183937953,-0.5852690543674005,3416,12.216290212183436,5.317932922655715,0.30285258610247506
dkasc_19,gru,1,0.0,24 months,6885,0.01919826865196228,0.013259856961667538,0.994875431060791,0.044127692583383976,-0.7516038644860205,-0.9183163810786487,-0.5784167923274408,3416,12.216290212183436,5.317932922655715,0.30285258610247506
dkasc_19,gru,2,0.0,24 months,6885,0.018673857674002647,0.012576475739479065,0.9951515793800354,0.04292232105523896,-0.7027070054505702,-0.8063031366848441,-0.5503256699910187,3416,12.216290212183436,5.317932922655715,0.30285258610247506
dkasc_19,gru,3,0.0,24 months,6885,0.01871832273900509,0.01270945556461811,0.9951284527778625,0.043024525100546315,-0.7286838940524121,-0.8275910463848068,-0.5822121390609282,3416,12.216290212183436,5.317932922655715,0.30285258610247506
dkasc_19,gru,4,0.0,24 months,6885,0.01902824640274048,0.012918798252940178,0.9949657917022705,0.04373689226268796,-0.7321339905290492,-0.8744812536849274,-0.5774551288320464,3416,12.216290212183436,5.317932922655715,0.30285258610247506
dkasc_19,lstm,0,-0.25,24 months,6885,0.018946222960948944,0.01298742089420557,0.9949721097946167,0.04371179522412025,-0.932575710517469,-1.0917766140717005,-0.7939090515423792,3416,12.216290212183436,5.317932922655715,0.30285258610247506
dkasc_19,lstm,1,-0.25,24 months,6885,0.019186783581972122,0.013126390054821968,0.994843602180481,0.04426680487574453,-0.9264994656931813,-1.0725139897428293,-0.7740909336330815,3416,12.216290212183436,5.317932922655715,0.30285258610247506
dkasc_19,lstm,2,-0.25,24 months,6885,0.019313296303153038,0.013209443539381027,0.9947754144668579,0.044558688813398216,-0.9413248869553803,-1.056882906255896,-0.8028461675403517,3416,12.216290212183436,5.317932922655715,0.30285258610247506
dkasc_19,lstm,3,-0.25,24 months,6885,0.01928938366472721,0.013372540473937988,0.9947883486747742,0.04450351874829909,-0.9515337693801307,-1.1021072254124964,-0.8056218342231136,3416,12.216290212183436,5.317932922655715,0.30285258610247506
dkasc_19,lstm,4,-0.25,24 months,6885,0.019304580986499786,0.013332105241715908,0.9947801232337952,0.04453858126279853,-0.9507594722899769,-1.099445775234849,-0.8034594501832214,3416,12.216290212183436,5.317932922655715,0.30285258610247506
dkasc_19,gru,0,-0.25,24 months,6885,0.01879029907286167,0.012887252494692802,0.9950545430183411,0.043352055286473165,-0.9722145576398111,-1.0962203875980125,-0.8145858730263241,3416,12.216290212183436,5.317932922655715,0.30285258610247506
dkasc_19,gru,1,-0.25,24 months,6885,0.019473617896437645,0.013515039347112179,0.9946883320808411,0.04492857492051867,-0.9698172764467673,-1.1496741150743062,-0.8115411583180965,3416,12.216290212183436,5.317932922655715,0.30285258610247506
dkasc_19,gru,2,-0.25,24 months,6885,0.018824143335223198,0.012717091478407383,0.9950367212295532,0.0434301391066049,-0.9414075277407371,-1.0495306223288687,-0.7734855390798157,3416,12.216290212183436,5.317932922655715,0.30285258610247506
dkasc_19,gru,3,-0.25,24 months,6885,0.02017964981496334,0.014246269129216671,0.9942961931228638,0.04655749709186116,-0.968618478868305,-1.1046720731998618,-0.84358997531776,3416,12.216290212183436,5.317932922655715,0.30285258610247506
dkasc_19,gru,4,-0.25,24 months,6885,0.01926598511636257,0.013156197033822536,0.9948009848594666,0.04444953476654373,-0.9702751152443365,-1.0988586392275845,-0.800916733929729,3416,12.216290212183436,5.317932922655715,0.30285258610247506
dkasc_19,lstm,0,-0.5,24 months,6885,0.019191104918718338,0.013220366090536118,0.9948030710220337,0.04444356734742049,-1.1721657182946654,-1.319969302953578,-1.033553989219138,3416,12.216290212183436,5.317932922655715,0.30285258610247506
dkasc_19,lstm,1,-0.5,24 months,6885,0.019474206492304802,0.013386181555688381,0.9946486353874207,0.04509918586991518,-1.189641004843911,-1.3147946396640353,-1.0005012830320181,3416,12.216290212183436,5.317932922655715,0.30285258610247506
dkasc_19,lstm,2,-0.5,24 months,6885,0.01998075656592846,0.013875125907361507,0.9943666458129883,0.046272275820039704,-1.225509511773737,-1.384739257153929,-1.0566145641318303,3416,12.216290212183436,5.317932922655715,0.30285258610247506
dkasc_19,lstm,3,-0.5,24 months,6885,0.01959918439388275,0.013642285019159317,0.9945797324180603,0.04538861494704462,-1.1826304559374496,-1.3292394826893608,-1.041041135302648,3416,12.216290212183436,5.317932922655715,0.30285258610247506
dkasc_19,lstm,4,-0.5,24 months,6885,0.019619107246398926,0.013621802441775799,0.9945687055587769,0.04543475312623261,-1.1894418570191967,-1.3331688806767628,-1.0409214906024533,3416,12.216290212183436,5.317932922655715,0.30285258610247506
dkasc_19,gru,0,-0.5,24 months,6885,0.019137950614094734,0.01324188057333231,0.9948318600654602,0.044320470374768314,-1.205808367006576,-1.3412423020897735,-1.0446450581936273,3416,12.216290212183436,5.317932922655715,0.30285258610247506
dkasc_19,gru,1,-0.5,24 months,6885,0.019633805379271507,0.013638379983603954,0.9945605397224426,0.04546879168008194,-1.2189062742290369,-1.35308544317011,-1.033734975882017,3416,12.216290212183436,5.317932922655715,0.30285258610247506
dkasc_19,gru,2,-0.5,24 months,6885,0.019213154911994934,0.01308050099760294,0.9947911500930786,0.04449463164858236,-1.200176560804006,-1.3390399232820371,-1.0562194186670728,3416,12.216290212183436,5.317932922655715,0.30285258610247506
dkasc_19,gru,3,-0.5,24 months,6885,0.020567670464515686,0.014518358744680882,0.9940308332443237,0.0476314756935997,-1.1766224540764314,-1.3565609725725067,-1.057544365720194,3416,12.216290212183436,5.317932922655715,0.30285258610247506
dkasc_19,gru,4,-0.5,24 months,6885,0.019548330456018448,0.013434587977826595,0.9946078062057495,0.04527084526041499,-1.1954678277275659,-1.3376753332333917,-1.023596842762389,3416,12.216290212183436,5.317932922655715,0.30285258610247506
dkasc_19,lstm,0,-1.0,24 months,6885,0.02018045447766781,0.014112952165305614,0.9941679835319519,0.04708951782359907,-1.6521904646195167,-1.7576097727556639,-1.5121673420084123,3416,12.216290212183436,5.317932922655715,0.30285258610247506
dkasc_19,lstm,1,-1.0,24 months,6885,0.020191820338368416,0.014056621119379997,0.9941614270210266,0.047116039173781446,-1.6556080458480498,-1.7967305507729794,-1.4792826425455696,3416,12.216290212183436,5.317932922655715,0.30285258610247506
dkasc_19,lstm,2,-1.0,24 months,6885,0.020657213404774666,0.014500263147056103,0.9938891530036926,0.048201997625300384,-1.6724624350384742,-1.8296717031697338,-1.535184680029944,3416,12.216290212183436,5.317932922655715,0.30285258610247506
dkasc_19,lstm,3,-1.0,24 months,6885,0.020351387560367584,0.014307452365756035,0.9940687417984009,0.04748837685094859,-1.6455662931178006,-1.781939903674373,-1.499449604243852,3416,12.216290212183436,5.317932922655715,0.30285258610247506
dkasc_19,lstm,4,-1.0,24 months,6885,0.020312177017331123,0.01407764945179224,0.9940915703773499,0.04739688210452295,-1.6584475537785026,-1.8397799511150899,-1.5347402486311001,3416,12.216290212183436,5.317932922655715,0.30285258610247506
dkasc_19,gru,0,-1.0,24 months,6885,0.019774911925196648,0.013727733865380287,0.9944000244140625,0.04614321588208672,-1.663211640611656,-1.822576418281674,-1.506276988370986,3416,12.216290212183436,5.317932922655715,0.30285258610247506
dkasc_19,gru,1,-1.0,24 months,6885,0.020276937633752823,0.014154684729874134,0.9941120743751526,0.04731465374921314,-1.6772447685731218,-1.8016398708848635,-1.5591676425127456,3416,12.216290212183436,5.317932922655715,0.30285258610247506
dkasc_19,gru,2,-1.0,24 months,6885,0.02030586451292038,0.014219125732779503,0.9940952658653259,0.04738215236742559,-1.663587004241729,-1.781777221995584,-1.5364383331531006,3416,12.216290212183436,5.317932922655715,0.30285258610247506
dkasc_19,gru,3,-1.0,24 months,6885,0.021259596571326256,0.015204939991235733,0.9935275912284851,0.0496076117996173,-1.6600785749745328,-1.8104985728014888,-1.5324320785460366,3416,12.216290212183436,5.317932922655715,0.30285258610247506
dkasc_19,gru,4,-1.0,24 months,6885,0.02024565264582634,0.014112238772213459,0.9941302537918091,0.047241652667983504,-1.6232393238684362,-1.7927109750769261,-1.4997074842649227,3416,12.216290212183436,5.317932922655715,0.30285258610247506
dkasc_19,lstm,0,-2.0,24 months,6885,0.022153185680508614,0.015920232981443405,0.992761492729187,0.052489670656494465,-2.5903791109504413,-2.7325988453968173,-2.474852795758111,3416,12.216290212183436,5.317932922655715,0.30285258610247506
dkasc_19,lstm,1,-2.0,24 months,6885,0.0221086498349905,0.0158724095672369,0.9927905797958374,0.05238414760001997,-2.5936635272232222,-2.7495685501759626,-2.4312871753070064,3416,12.216290212183436,5.317932922655715,0.30285258610247506
dkasc_19,lstm,2,-2.0,24 months,6885,0.022528009489178658,0.016119185835123062,0.9925144910812378,0.05337777670837548,-2.6179147272751724,-2.748569715363347,-2.4660164118734897,3416,12.216290212183436,5.317932922655715,0.30285258610247506
dkasc_19,lstm,3,-2.0,24 months,6885,0.023562759160995483,0.01701267994940281,0.9918110966682434,0.05582950849399259,-2.636073457753966,-2.8056724606516203,-2.5075237223615154,3416,12.216290212183436,5.317932922655715,0.30285258610247506
dkasc_19,lstm,4,-2.0,24 months,6885,0.02200150117278099,0.01572297140955925,0.9928603172302246,0.05213026998296873,-2.6010561648935115,-2.755684574356798,-2.465890760971636,3416,12.216290212183436,5.317932922655715,0.30285258610247506
dkasc_19,gru,0,-2.0,24 months,6885,0.022244887426495552,0.016030171886086464,0.9927014708518982,0.05270694841125616,-2.635690042138661,-2.7789330022405787,-2.488248025858409,3416,12.216290212183436,5.317932922655715,0.30285258610247506
dkasc_19,gru,1,-2.0,24 months,6885,0.022109506651759148,0.015782538801431656,0.9927900433540344,0.05238617773828757,-2.643613398262972,-2.733868996014394,-2.5232088961260724,3416,12.216290212183436,5.317932922655715,0.30285258610247506
dkasc_19,gru,2,-2.0,24 months,6885,0.022346368059515953,0.016147367656230927,0.9926347136497498,0.05294739622233283,-2.6048939257729518,-2.742287346792538,-2.4804271458248097,3416,12.216290212183436,5.317932922655715,0.30285258610247506
dkasc_19,gru,3,-2.0,24 months,6885,0.02198721282184124,0.015798699110746384,0.9928695559501648,0.052096415220684505,-2.596196211146257,-2.7172790681233967,-2.4641422924726193,3416,12.216290212183436,5.317932922655715,0.30285258610247506
dkasc_19,gru,4,-2.0,24 months,6885,0.022072702646255493,0.015795160084962845,0.9928140044212341,0.05229897447300612,-2.606407111947812,-2.7318403294443128,-2.4697002416443383,3416,12.216290212183436,5.317932922655715,0.30285258610247506
dkasc_21,lstm,0,0.0,24 months,6880,0.021437136456370354,0.01481689978390932,0.9938119053840637,0.05046866012621113,-1.1405435081679036,-1.2823124528501317,-0.9810556885302413,3177,12.216290212183436,4.988021902806297,0.2795787362086259
dkasc_21,lstm,1,0.0,24 months,6880,0.021042736247181892,0.014365235343575478,0.9940375089645386,0.04954013825241749,-1.1158507346120166,-1.2728089228075665,-0.9486243441443887,3177,12.216290212183436,4.988021902806297,0.279518555667001
dkasc_21,lstm,2,0.0,24 months,6880,0.021385474130511284,0.014644034206867218,0.9938417077064514,0.05034703341685946,-1.1109125057568614,-1.277802225895014,-0.983887795793964,3177,12.216290212183436,4.988021902806297,0.279518555667001
dkasc_21,lstm,3,0.0,24 months,6880,0.020977076143026352,0.014306263998150826,0.9940746426582336,0.049385557089619836,-1.1322744809537433,-1.2740195081154204,-1.0141663795670763,3177,12.216290212183436,4.988021902806297,0.2795787362086259
dkasc_21,lstm,4,0.0,24 months,6880,0.021671315655112267,0.014861304312944412,0.993675947189331,0.05101997958130663,-1.0955072133530086,-1.2376709101461159,-0.9619001985157638,3177,12.216290212183436,4.988021902806297,0.2795787362086259
dkasc_21,gru,0,0.0,24 months,6880,0.021032337099313736,0.014278838410973549,0.9940434098243713,0.049515655921933265,-1.1585103572505973,-1.3355398453646805,-1.009160463612847,3177,12.216290212183436,4.988021902806297,0.2795787362086259
dkasc_21,gru,1,0.0,24 months,6880,0.020291302353143692,0.013714359141886234,0.9944557547569275,0.04777106513564588,-1.1122257354319194,-1.2490936723054347,-0.9693315754048311,3177,12.216290212183436,4.988021902806297,0.2795787362086259
dkasc_21,gru,2,0.0,24 months,6880,0.021007580682635307,0.01425447128713131,0.9940574169158936,0.04945737280273824,-1.114046377718858,-1.2619247264806264,-0.9665058318887769,3177,12.216290212183436,4.988021902806297,0.2795787362086259
dkasc_21,gru,3,0.0,24 months,6880,0.020699502900242805,0.01422162912786007,0.9942304491996765,0.04873207663626338,-1.1331443500108507,-1.2561437257611496,-0.9963897206363814,3177,12.216290212183436,4.988021902806297,0.2795787362086259
dkasc_21,gru,4,0.0,24 months,6880,0.021002452820539474,0.014098736457526684,0.9940603375434875,0.04944530046603342,-1.1555539589250818,-1.3060983555332584,-1.0015661792463577,3177,12.216290212183436,4.988021902806297,0.2795787362086259
dkasc_21,lstm,0,-0.25,24 months,6880,0.021690262481570244,0.01523513812571764,0.993617832660675,0.05125646864240204,-1.3838428789231805,-1.5308012615129152,-1.208712136933865,3177,12.216290212183436,4.988021902806297,0.2795787362086259
dkasc_21,lstm,1,-0.25,24 months,6880,0.02120528742671013,0.014540193602442741,0.9939000606536865,0.0501104194088851,-1.3263460526818591,-1.4971123238007034,-1.1632103539209515,3177,12.216290212183436,4.988021902806297,0.2795285857572718
dkasc_21,lstm,2,-0.25,24 months,6880,0.021505290642380714,0.01479230634868145,0.9937262535095215,0.05081935990371336,-1.3343961116737382,-1.505591482272578,-1.2149216231815674,3177,12.216290212183436,4.988021902806297,0.279518555667001
dkasc_21,lstm,3,-0.25,24 months,6880,0.0211753211915493,0.014534670859575272,0.9939172863960266,0.05003960590931787,-1.3548382469580789,-1.4975041666103541,-1.229950369106382,3177,12.216290212183436,4.988021902806297,0.2795787362086259
dkasc_21,lstm,4,-0.25,24 months,6880,0.021830596029758453,0.015048231929540634,0.9935349822044373,0.0515880922047401,-1.3205580787691518,-1.472633948003716,-1.1748223337577135,3177,12.216290212183436,4.988021902806297,0.2795787362086259
dkasc_21,gru,0,-0.25,24 months,6880,0.021198537200689316,0.014464976266026497,0.9939039349555969,0.050094467884616606,-1.3643263221160606,-1.5320450354646464,-1.240418518508544,3177,12.216290212183436,4.988021902806297,0.2795787362086259
dkasc_21,gru,1,-0.25,24 months,6880,0.02147776260972023,0.014792589470744133,0.9937422871589661,0.05075430814401022,-1.3782819350040276,-1.5291400556636865,-1.2170297343596774,3177,12.216290212183436,4.988021902806297,0.2795787362086259
dkasc_21,gru,2,-0.25,24 months,6880,0.021179720759391785,0.014453095383942127,0.993914783000946,0.05005000257055468,-1.3321824370631423,-1.4925566870852336,-1.1949480059234907,3177,12.216290212183436,4.988021902806297,0.2795787362086259
dkasc_21,gru,3,-0.25,24 months,6880,0.020903198048472404,0.01434941217303276,0.9940726161003113,0.04939654908315709,-1.3499057316289864,-1.4833398025707156,-1.1793610472206246,3177,12.216290212183436,4.988021902806297,0.2795787362086259
dkasc_21,gru,4,-0.25,24 months,6880,0.02121337316930294,0.014353476464748383,0.993895411491394,0.0501295269052564,-1.3702807874540424,-1.5547223914482486,-1.2253389015708227,3177,12.216290212183436,4.988021902806297,0.2795787362086259
dkasc_21,lstm,0,-0.5,24 months,6880,0.021543364971876144,0.01489641610532999,0.9936572313308716,0.05110134790847055,-1.6265031819299003,-1.7675913821714209,-1.4609421396058697,3177,12.216290212183436,4.988021902806297,0.2795787362086259
dkasc_21,lstm,1,-0.5,24 months,6880,0.02143079787492752,0.014790378510951996,0.9937233328819275,0.05083433621407055,-1.5513904539293466,-1.706159290722764,-1.3887371717066388,3177,12.216290212183436,4.988021902806297,0.2795285857572718
dkasc_21,lstm,2,-0.5,24 months,6880,0.02168961986899376,0.014994786120951176,0.9935708045959473,0.05144826782514473,-1.5562643928841047,-1.7248061715424146,-1.4323851028084311,3177,12.216290212183436,4.988021902806297,0.279518555667001
dkasc_21,lstm,3,-0.5,24 months,6880,0.02138681337237358,0.014781619422137737,0.9937490820884705,0.05073000398136112,-1.5716943527668836,-1.7132783604913069,-1.4451786945055898,3177,12.216290212183436,4.988021902806297,0.2795787362086259
dkasc_21,lstm,4,-0.5,24 months,6880,0.02148108184337616,0.014790784567594528,0.9936938285827637,0.05095361092204987,-1.5639892862376459,-1.7514386987559663,-1.4462357872278453,3177,12.216290212183436,4.988021902806297,0.2795787362086259
dkasc_21,gru,0,-0.5,24 months,6880,0.0214111115783453,0.014709517359733582,0.9937348365783691,0.05078763987429305,-1.5987608187680469,-1.7434465323585362,-1.4426669714599105,3177,12.216290212183436,4.988021902806297,0.2795787362086259
dkasc_21,gru,1,-0.5,24 months,6880,0.021787475794553757,0.0149555504322052,0.9935126304626465,0.0516803842890061,-1.5853643887372386,-1.707842464221168,-1.4104306994321343,3177,12.216290212183436,4.988021902806297,0.2795787362086259
dkasc_21,gru,2,-0.5,24 months,6880,0.021388454362750053,0.014688191935420036,0.993748128414154,0.05073389644756833,-1.5465897879702872,-1.7183380073863808,-1.3995583527168898,3177,12.216290212183436,4.988021902806297,0.2795787362086259
dkasc_21,gru,3,-0.5,24 months,6880,0.021148210391402245,0.014641588553786278,0.9938877820968628,0.05016403232565498,-1.5728029357901987,-1.7062619569071236,-1.423200334798893,3177,12.216290212183436,4.988021902806297,0.2795787362086259
dkasc_21,gru,4,-0.5,24 months,6880,0.020817581564188004,0.014184121042490005,0.9940773844718933,0.049379773285802064,-1.5810103794738082,-1.7540020346356069,-1.4484915913472673,3177,12.216290212183436,4.988021902806297,0.2795787362086259
dkasc_21,lstm,0,-1.0,24 months,6880,0.022023022174835205,0.015408833511173725,0.9932727217674255,0.05263616385170473,-2.049311010211996,-2.2258109056568474,-1.8867566783729885,3177,12.216290212183436,4.988021902806297,0.2795787362086259
dkasc_21,lstm,1,-1.0,24 months,6880,0.02206607535481453,0.015460061840713024,0.9932463765144348,0.052739063182129876,-2.011555594894565,-2.149205036377761,-1.8554388331540737,3177,12.216290212183436,4.988021902806297,0.2795285857572718
dkasc_21,lstm,2,-1.0,24 months,6880,0.022234370931982994,0.015572821721434593,0.9931429624557495,0.05314129832974184,-2.0188788194881124,-2.1672331914186826,-1.8690137731691954,3177,12.216290212183436,4.988021902806297,0.279518555667001
dkasc_21,lstm,3,-1.0,24 months,6880,0.021979087963700294,0.015367853455245495,0.9932995438575745,0.05253115881117787,-2.0223025148465923,-2.134907506187969,-1.8914690504891252,3177,12.216290212183436,4.988021902806297,0.2795787362086259
dkasc_21,lstm,4,-1.0,24 months,6880,0.022450631484389305,0.015708468854427338,0.9930089116096497,0.05365817225289149,-2.036338758256587,-2.169938135581661,-1.859233533436111,3177,12.216290212183436,4.988021902806297,0.2795787362086259
dkasc_21,gru,0,-1.0,24 months,6880,0.02196948416531086,0.015301632694900036,0.9933053851127625,0.05250820523552363,-2.026750197481266,-2.170129244365948,-1.8651830753910748,3177,12.216290212183436,4.988021902806297,0.2795787362086259
dkasc_21,gru,1,-1.0,24 months,6880,0.02264098823070526,0.015972577035427094,0.9928898811340332,0.054113134737595936,-2.0456237075210337,-2.1442971571931424,-1.893271540235462,3177,12.216290212183436,4.988021902806297,0.2795787362086259
dkasc_21,gru,2,-1.0,24 months,6880,0.02189597859978676,0.015269367024302483,0.993350088596344,0.052332523126128135,-1.9970146535658484,-2.148352851107166,-1.8618848733282733,3177,12.216290212183436,4.988021902806297,0.2795787362086259
dkasc_21,gru,3,-1.0,24 months,6880,0.0213428046554327,0.014973290264606476,0.9936818480491638,0.05101040874317189,-2.056946765035134,-2.1681361655545075,-1.908924912778459,3177,12.216290212183436,4.988021902806297,0.2795787362086259
dkasc_21,gru,4,-1.0,24 months,6880,0.02206503041088581,0.015540420077741146,0.9932470321655273,0.052736565712009235,-2.0196027713094313,-2.1650299732492106,-1.8825239562415523,3177,12.216290212183436,4.988021902806297,0.2795787362086259
dkasc_21,lstm,0,-2.0,24 months,6880,0.02416839450597763,0.01749832183122635,0.9916544556617737,0.05865537284384803,-2.9599539927255836,-3.113392592853137,-2.8184978111515284,3177,12.216290212183436,4.988021902806297,0.2795787362086259
dkasc_21,lstm,1,-2.0,24 months,6880,0.024439135566353798,0.017711574211716652,0.9914664626121521,0.05931244660340517,-2.9076083763763085,-3.0621652555343437,-2.762172257589252,3177,12.216290212183436,4.988021902806297,0.27956870611835505
dkasc_21,lstm,2,-2.0,24 months,6880,0.023692842572927475,0.017075279727578163,0.9919796586036682,0.05750123428769485,-2.9703099230792507,-3.0786032351724724,-2.819941179508081,3177,12.216290212183436,4.988021902806297,0.27953861584754264
dkasc_21,lstm,3,-2.0,24 months,6880,0.023531896993517876,0.016956618055701256,0.992088258266449,0.057110628160940986,-2.919175464607409,-3.047705403168904,-2.8126349197251543,3177,12.216290212183436,4.988021902806297,0.2795787362086259
dkasc_21,lstm,4,-2.0,24 months,6880,0.02347671613097191,0.01695091836154461,0.9921253323554993,0.056976707222763726,-2.9434561619652806,-3.0849222247715247,-2.802821984502602,3177,12.216290212183436,4.988021902806297,0.2795787362086259
dkasc_21,gru,0,-2.0,24 months,6880,0.02352294512093067,0.01697518117725849,0.9920942783355713,0.05708890245532479,-2.888969718852369,-3.0679680775068117,-2.7613399496354027,3177,12.216290212183436,4.988021902806297,0.2795787362086259
dkasc_21,gru,1,-2.0,24 months,6880,0.02300623431801796,0.01672302931547165,0.9924377799034119,0.055834873571039854,-2.9115667318084784,-3.058305909780601,-2.78736695036636,3177,12.216290212183436,4.988021902806297,0.2795787362086259
dkasc_21,gru,2,-2.0,24 months,6880,0.023373199626803398,0.016856689006090164,0.9921945929527283,0.05672547832355017,-2.914772602808066,-3.0449179498492684,-2.765539874567653,3177,12.216290212183436,4.988021902806297,0.2795787362086259
dkasc_21,gru,3,-2.0,24 months,6880,0.02340961992740631,0.016851961612701416,0.9921702742576599,0.05681386840301616,-2.9211091381146748,-3.0940956111567495,-2.7981691165782316,3177,12.216290212183436,4.988021902806297,0.2795787362086259
dkasc_21,gru,4,-2.0,24 months,6880,0.02282603457570076,0.016380485147237778,0.9925557971000671,0.055397538643005374,-2.945972232027122,-3.1072175989394712,-2.809383162919884,3177,12.216290212183436,4.988021902806297,0.2795787362086259
pvdaq_1423,lstm,0,0.0,24 months,6467,0.04845710098743439,0.025133749470114708,0.9713861346244812,0.10377463980774684,-0.4776668659180583,-0.6139731393224241,-0.3514815432462126,2121,7.260780287474333,4.298083504449007,0.3501355847452738
pvdaq_1423,lstm,1,0.0,24 months,6467,0.049644019454717636,0.02587864361703396,0.969967246055603,0.1063165177557368,-0.38994751086106616,-0.5424912625410838,-0.21370306264765748,2121,7.260780287474333,4.298083504449007,0.3501355847452738
pvdaq_1423,lstm,2,0.0,24 months,6467,0.047218795865774155,0.0237505491822958,0.9728298783302307,0.10112271335416675,-0.5037651433679124,-0.6435625152661939,-0.3284890470548252,2121,7.260780287474333,4.298083504449007,0.3501355847452738
pvdaq_1423,lstm,3,0.0,24 months,6467,0.04870877042412758,0.025559628382325172,0.971088171005249,0.10431360942440275,-0.45195439659512054,-0.6235512138894783,-0.31963023115585965,2121,7.260780287474333,4.298083504449007,0.3501355847452738
pvdaq_1423,lstm,4,0.0,24 months,6467,0.048222411423921585,0.022988419979810715,0.9716626405715942,0.10327203390636422,-0.4194177668232768,-0.5873814515316396,-0.2713377862268517,2121,7.260780287474333,4.298083504449007,0.3501355847452738
pvdaq_1423,gru,0,0.0,24 months,6467,0.049493491649627686,0.02510918118059635,0.9701490998268127,0.10599415078709971,-0.48352105524597344,-0.6490974022468399,-0.35094304901858164,2121,7.260780287474333,4.298083504449007,0.3501355847452738
pvdaq_1423,gru,1,0.0,24 months,6467,0.04902758449316025,0.024983113631606102,0.970708429813385,0.10499637447855006,-0.5095505656429776,-0.6328091616280229,-0.34821862552971705,2121,7.260780287474333,4.298083504449007,0.3501355847452738
pvdaq_1423,gru,2,0.0,24 months,6467,0.05041947215795517,0.027420971542596817,0.9690216779708862,0.10797720985919727,-0.4433313383659043,-0.5935353594277548,-0.302081070773208,2121,7.260780287474333,4.298083504449007,0.3501355847452738
pvdaq_1423,gru,3,0.0,24 months,6467,0.04911104589700699,0.025371043011546135,0.9706085920333862,0.10517511354765555,-0.543217696406284,-0.6812164691370803,-0.355612190420317,2121,7.260780287474333,4.298083504449007,0.3501355847452738
pvdaq_1423,gru,4,0.0,24 months,6467,0.04833444580435753,0.024627629667520523,0.9715307950973511,0.10351196422078478,-0.47960614117188993,-0.6053778462069781,-0.3315619963706697,2121,7.260780287474333,4.298083504449007,0.3501355847452738
pvdaq_1423,lstm,0,-0.25,24 months,6467,0.048216599971055984,0.025075849145650864,0.971514880657196,0.10353241318777744,-0.7288405113435148,-0.8731630061292961,-0.5991806371566266,2121,7.260780287474333,4.298083504449007,0.3501355847452738
pvdaq_1423,lstm,1,-0.25,24 months,6467,0.04946592450141907,0.02591283805668354,0.9700196385383606,0.10621500763783866,-0.633617020591476,-0.790986078024148,-0.45684154877657646,2121,7.260780287474333,4.298083504449007,0.3501355847452738
pvdaq_1423,lstm,2,-0.25,24 months,6467,0.04699205607175827,0.023759691044688225,0.9729433655738831,0.10090302859772406,-0.7345823360091763,-0.8796297670325178,-0.5727712617587533,2121,7.260780287474333,4.298083504449007,0.3501355847452738
pvdaq_1423,lstm,3,-0.25,24 months,6467,0.04856393486261368,0.02556191384792328,0.9711030125617981,0.1042782231272769,-0.6850366972952493,-0.8836867853126984,-0.5707574550740502,2121,7.260780287474333,4.298083504449007,0.3501355847452738
pvdaq_1423,lstm,4,-0.25,24 months,6467,0.04795874282717705,0.02293919213116169,0.971818745136261,0.10297873307803267,-0.6581122488400835,-0.8059026745464886,-0.5087197957784451,2121,7.260780287474333,4.298083504449007,0.3501355847452738
pvdaq_1423,gru,0,-0.25,24 months,6467,0.049588643014431,0.025163577869534492,0.9698706865310669,0.1064785132314012,-0.7344377014839587,-0.8521217562951267,-0.5714716144530008,2121,7.260780287474333,4.298083504449007,0.3501355847452738
pvdaq_1423,gru,1,-0.25,24 months,6467,0.04890473559498787,0.025133822113275528,0.9706960320472717,0.10501000268577008,-0.760393168592699,-0.8719068668152474,-0.5918728671765572,2121,7.260780287474333,4.298083504449007,0.3501355847452738
pvdaq_1423,gru,2,-0.25,24 months,6467,0.05024440586566925,0.027606312185525894,0.9690685868263245,0.10788659075052012,-0.688622981164444,-0.8278567986457652,-0.5440059680626996,2121,7.260780287474333,4.298083504449007,0.3501355847452738
pvdaq_1423,gru,3,-0.25,24 months,6467,0.048904404044151306,0.025467516854405403,0.9706964492797852,0.1050092907679197,-0.7840523630136954,-0.9230322728535971,-0.60548643622933,2121,7.260780287474333,4.298083504449007,0.3501355847452738
pvdaq_1423,gru,4,-0.25,24 months,6467,0.04810056462883949,0.024586012586951256,0.9716518521308899,0.10328325793829998,-0.6482265433268186,-0.7826074532123029,-0.49755541521665503,2121,7.260780287474333,4.298083504449007,0.3501355847452738
pvdaq_1423,lstm,0,-0.5,24 months,6467,0.04798564687371254,0.02503582090139389,0.9716331958770752,0.10330945913561407,-0.9671791142151833,-1.1007183170594237,-0.8408348183849123,2121,7.260780287474333,4.298083504449007,0.3501355847452738
pvdaq_1423,lstm,1,-0.5,24 months,6467,0.049280572682619095,0.025962144136428833,0.9700815677642822,0.10609733621250245,-0.8742268144634413,-1.0400228031955017,-0.7065798875969476,2121,7.260780287474333,4.298083504449007,0.3501355847452738
pvdaq_1423,lstm,2,-0.5,24 months,6467,0.046778637915849686,0.023799169808626175,0.9730423092842102,0.10071086037259597,-0.9854702440920016,-1.1166377935373062,-0.8173811322239377,2121,7.260780287474333,4.298083504449007,0.3501355847452738
pvdaq_1423,lstm,3,-0.5,24 months,6467,0.04843338578939438,0.025602787733078003,0.9711013436317444,0.1042734070706037,-0.9239909956451551,-1.1162322499282173,-0.8178699321026828,2121,7.260780287474333,4.298083504449007,0.3501355847452738
pvdaq_1423,lstm,4,-0.5,24 months,6467,0.047704774886369705,0.02291131392121315,0.9719642996788025,0.10270476304440374,-0.8971764051882991,-1.0510549889021226,-0.7511811629585252,2121,7.260780287474333,4.298083504449007,0.3501355847452738
pvdaq_1423,gru,0,-0.5,24 months,6467,0.04927739500999451,0.025818772614002228,0.9700853824615479,0.10609049492429348,-0.9052801313980785,-1.0575626651747494,-0.7615691849984811,2121,7.260780287474333,4.298083504449007,0.3501355847452738
pvdaq_1423,gru,1,-0.5,24 months,6467,0.04880254715681076,0.02526763640344143,0.9706591367721558,0.105068183502438,-1.0017452168409047,-1.117944572159401,-0.8162509260106643,2121,7.260780287474333,4.298083504449007,0.3501355847452738
pvdaq_1423,gru,2,-0.5,24 months,6467,0.04860011860728264,0.023535946384072304,0.9709020256996155,0.10463237018475167,-1.0162203117754676,-1.1416367518231996,-0.8641815878952519,2121,7.260780287474333,4.298083504449007,0.3501355847452738
pvdaq_1423,gru,3,-0.5,24 months,6467,0.04868820682168007,0.025461800396442413,0.9707964658737183,0.10482201743092866,-1.0233468176588434,-1.1569424251980212,-0.8386513792234377,2121,7.260780287474333,4.298083504449007,0.3501355847452738
pvdaq_1423,gru,4,-0.5,24 months,6467,0.04786546528339386,0.024833260104060173,0.9717751145362854,0.1030507172846069,-0.8993976572644613,-1.023598317547314,-0.7419416821520364,2121,7.260780287474333,4.298083504449007,0.3501355847452738
pvdaq_1423,lstm,0,-1.0,24 months,6467,0.04756081849336624,0.025006717070937157,0.9718283414840698,0.10294023926688997,-1.4551573845246395,-1.6187522483540384,-1.3137995494055865,2121,7.260780287474333,4.298083504449007,0.3501355847452738
pvdaq_1423,lstm,1,-1.0,24 months,6467,0.04894411191344261,0.02607659064233303,0.9701657891273499,0.10593422801960325,-1.3492489968246257,-1.5298910481485795,-1.205120968738039,2121,7.260780287474333,4.298083504449007,0.3501355847452738
pvdaq_1423,lstm,2,-1.0,24 months,6467,0.04635165259242058,0.022655529901385307,0.9732425808906555,0.10032313066574022,-1.4350324682297244,-1.561799292162408,-1.267236478070649,2121,7.260780287474333,4.298083504449007,0.3501355847452738
pvdaq_1423,lstm,3,-1.0,24 months,6467,0.04821490868926048,0.02577999234199524,0.97104811668396,0.10435594663695703,-1.4366944804760917,-1.6051848477699637,-1.324217968291519,2121,7.260780287474333,4.298083504449007,0.3501355847452738
pvdaq_1423,lstm,4,-1.0,24 months,6467,0.04721769317984581,0.022926226258277893,0.9722333550453186,0.10219758169725109,-1.4170708781514885,-1.5507253878954224,-1.2345738575268994,2121,7.260780287474333,4.298083504449007,0.3501355847452738
pvdaq_1423,gru,0,-1.0,24 months,6467,0.04925445094704628,0.026678279042243958,0.9697862267494202,0.10660592323816794,-1.4229594921834232,-1.5825915398229196,-1.3015730613805787,2121,7.260780287474333,4.298083504449007,0.3501355847452738
pvdaq_1423,gru,1,-1.0,24 months,6467,0.04843452200293541,0.025055496022105217,0.9707837700843811,0.10483127586324116,-1.3674542761089925,-1.5363611817072131,-1.2263329205643436,2121,7.260780287474333,4.298083504449007,0.3501355847452738
pvdaq_1423,gru,2,-1.0,24 months,6467,0.049582771956920624,0.02729915641248226,0.969382107257843,0.10731653849634576,-1.4630007063861028,-1.5869937888549288,-1.2978885221058742,2121,7.260780287474333,4.298083504449007,0.3501355847452738
pvdaq_1423,gru,3,-1.0,24 months,6467,0.0482814647257328,0.02540147304534912,0.9709681272506714,0.10449999996774804,-1.5025227642351813,-1.6560658758864921,-1.3261290528390035,2121,7.260780287474333,4.298083504449007,0.3501355847452738
pvdaq_1423,gru,4,-1.0,24 months,6467,0.04745092988014221,0.024296119809150696,0.971958339214325,0.1027023972680277,-1.4238446295927902,-1.5247543584061996,-1.2523266638434838,2121,7.260780287474333,4.298083504449007,0.3501355847452738
pvdaq_1423,lstm,0,-2.0,24 months,6467,0.04680897295475006,0.025104772299528122,0.972111701965332,0.10240385395885339,-2.4468911075951043,-2.5822362997311332,-2.2960867672414307,2121,7.260780287474333,4.298083504449007,0.3501355847452738
pvdaq_1423,lstm,1,-2.0,24 months,6467,0.04838455840945244,0.02648143284022808,0.9702026844024658,0.10585075767449371,-2.3401107387602718,-2.507389810963486,-2.141300837007511,2121,7.260780287474333,4.298083504449007,0.3501355847452738
pvdaq_1423,lstm,2,-2.0,24 months,6467,0.04555796459317207,0.022996561601758003,0.9735824465751648,0.09966702660559831,-2.4142172868270917,-2.5425318383778848,-2.269835290938661,2121,7.260780287474333,4.298083504449007,0.3501355847452738
pvdaq_1423,lstm,3,-2.0,24 months,6467,0.04788924753665924,0.02637123316526413,0.9708096385002136,0.10476716751901692,-2.4471688488871433,-2.5657103510809796,-2.2980084580490834,2121,7.260780287474333,4.298083504449007,0.3501355847452738
pvdaq_1423,lstm,4,-2.0,24 months,6467,0.04860253259539604,0.026889409869909286,0.9699336290359497,0.10632761916696326,-2.4324965929564017,-2.576890077749644,-2.274317464266795,2121,7.260780287474333,4.298083504449007,0.3501355847452738
pvdaq_1423,gru,0,-2.0,24 months,6467,0.047794148325920105,0.025796175003051758,0.9709254503250122,0.10455911925234064,-2.4690294926359972,-2.636277832974924,-2.258503481999546,2121,7.260780287474333,4.298083504449007,0.3501355847452738
pvdaq_1423,gru,1,-2.0,24 months,6467,0.04781368747353554,0.02558542601764202,0.9709016680717468,0.10460186498873664,-2.3602706190259615,-2.5289579701614384,-2.204696341533378,2121,7.260780287474333,4.298083504449007,0.3501355847452738
pvdaq_1423,gru,2,-2.0,24 months,6467,0.04939558357000351,0.028992393985390663,0.9689444303512573,0.10806257447700897,-2.4051075798990307,-2.538061957672899,-2.2505091405218725,2121,7.260780287474333,4.298083504449007,0.3501355847452738
pvdaq_1423,gru,3,-2.0,24 months,6467,0.04736635461449623,0.025004776194691658,0.9714435935020447,0.10362323619437407,-2.429155864171345,-2.5734071496325774,-2.3069961729171418,2121,7.260780287474333,4.298083504449007,0.3501355847452738
pvdaq_1423,gru,4,-2.0,24 months,6467,0.04669083654880524,0.025230661034584045,0.9722523093223572,0.10214540728724424,-2.403725941272039,-2.5438229124114695,-2.2656926391573906,2121,7.260780287474333,4.298083504449007,0.3501355847452738
pvdaq_10,lstm,0,0.0,24 months,5549,0.03081994317471981,0.017560206353664398,0.988893985748291,0.07756683909481,-1.4449736832003985,-1.5733938564462369,-1.2860765123986393,4145,13.125256673511293,6.424024640657084,0.2959165862845069
pvdaq_10,lstm,1,0.0,24 months,5549,0.029344098642468452,0.015392506495118141,0.9899321794509888,0.07385247159214711,-1.3516631143279647,-1.4589008120154734,-1.1756260034583308,4144,13.125256673511293,6.422655715263518,0.2958339074916173
pvdaq_10,lstm,2,0.0,24 months,5549,0.03072134219110012,0.017193038016557693,0.9889649152755737,0.07731868267908722,-1.363042757978622,-1.4820214443704782,-1.2511846486678868,4145,13.125256673511293,6.424024640657084,0.2959165862845069
pvdaq_10,lstm,3,0.0,24 months,5549,0.030552806332707405,0.015412291511893272,0.9890856742858887,0.07689451597197997,-1.3909179169801777,-1.491525769073196,-1.2588303137398296,4145,13.125256673511293,6.424024640657084,0.2958430940241606
pvdaq_10,lstm,4,0.0,24 months,5549,0.02968239225447178,0.01538378931581974,0.9896987080574036,0.07470388024077135,-1.3828015967349394,-1.5186923448832212,-1.2524487865598677,4145,13.125256673511293,6.424024640657084,0.29587065362179044
pvdaq_10,gru,0,0.0,24 months,5549,0.030261825770139694,0.016770964488387108,0.989292562007904,0.07616218358744395,-1.3983829850344156,-1.570107457904397,-1.2873779810977481,4145,13.125256673511293,6.424024640657084,0.2959165862845069
pvdaq_10,gru,1,0.0,24 months,5549,0.029722046107053757,0.016066353768110275,0.9896711111068726,0.0748036800355107,-1.3741315068125708,-1.530012260141035,-1.2415261480652897,4145,13.125256673511293,6.424024640657084,0.29587065362179044
pvdaq_10,gru,2,0.0,24 months,5549,0.031602803617715836,0.019288482144474983,0.9883226156234741,0.07953712209213147,-1.4689814818531652,-1.6931157702415767,-1.305158232412501,4145,13.125256673511293,6.424024640657084,0.2959165862845069
pvdaq_10,gru,3,0.0,24 months,5549,0.030590934678912163,0.017043329775333405,0.9890584349632263,0.07699047641156447,-1.386072400974775,-1.5129831125884285,-1.2546340821719695,4145,13.125256673511293,6.424024640657084,0.2959073997519636
pvdaq_10,gru,4,0.0,24 months,5549,0.031240465119481087,0.01840650662779808,0.988588809967041,0.0786251978932094,-1.405741088280743,-1.5844321035451636,-1.2144050465101919,4145,13.125256673511293,6.424024640657084,0.2959165862845069
pvdaq_10,lstm,0,-0.25,24 months,5549,0.030719589442014694,0.01743488386273384,0.988909900188446,0.07750822339048444,-1.6666792600166902,-1.7911605940172866,-1.5069267040609624,4145,13.125256673511293,6.424024640657084,0.2959165862845069
pvdaq_10,lstm,1,-0.25,24 months,5549,0.029295766726136208,0.015384500846266747,0.9899141192436218,0.07391579357175056,-1.5506996645486377,-1.6745777691271058,-1.3956209181213213,4144,13.125256673511293,6.422655715263518,0.2958339074916173
pvdaq_10,lstm,2,-0.25,24 months,5549,0.030653618276119232,0.017140517011284828,0.9889574646949768,0.07734177234226298,-1.5842631470424378,-1.6987794100032871,-1.480563221914243,4145,13.125256673511293,6.424024640657084,0.2959165862845069
pvdaq_10,lstm,3,-0.25,24 months,5549,0.03176901116967201,0.01918744668364525,0.988139271736145,0.08015600661856515,-1.6183411094696065,-1.7860376598562335,-1.4540136355323472,4145,13.125256673511293,6.424024640657084,0.2959165862845069
pvdaq_10,lstm,4,-0.25,24 months,5549,0.029638834297657013,0.015361536294221878,0.9896764755249023,0.07478138319890548,-1.5923325135651565,-1.7262978100078339,-1.4672673974901456,4145,13.125256673511293,6.424024640657084,0.29587065362179044
pvdaq_10,gru,0,-0.25,24 months,5549,0.028965726494789124,0.013471010141074657,0.9901400804519653,0.07308307306852305,-1.556826154023483,-1.697502740462034,-1.445150989197699,4145,13.125256673511293,6.424024640657084,0.29577878829635756
pvdaq_10,gru,1,-0.25,24 months,5549,0.028653336688876152,0.014758354984223843,0.9903516173362732,0.07229488613955007,-1.6104245030179987,-1.697659324399542,-1.5073055640976265,4145,13.125256673511293,6.424024640657084,0.2958522805567039
pvdaq_10,gru,2,-0.25,24 months,5549,0.03153223171830177,0.01924036256968975,0.9883154034614563,0.07955859125773417,-1.6862564840258147,-1.9220034995343196,-1.4963474431394457,4145,13.125256673511293,6.424024640657084,0.2959165862845069
pvdaq_10,gru,3,-0.25,24 months,5549,0.030403386801481247,0.016880635172128677,0.9891370534896851,0.07671041634474288,-1.6052512700040116,-1.7215762421413539,-1.4585752086797332,4145,13.125256673511293,6.424024640657084,0.2959073997519636
pvdaq_10,gru,4,-0.25,24 months,5549,0.03116113319993019,0.018318450078368187,0.988588809967041,0.07862227708868855,-1.6150955620794654,-1.8112877324876369,-1.4482300967137143,4145,13.125256673511293,6.424024640657084,0.2959165862845069
pvdaq_10,lstm,0,-0.5,24 months,5549,0.030645795166492462,0.01734086684882641,0.9889068007469177,0.07751649323177637,-1.8704750663834813,-2.006141046699983,-1.7278004431635305,4145,13.125256673511293,6.424024640657084,0.2959165862845069
pvdaq_10,lstm,1,-0.5,24 months,5549,0.0292674470692873,0.015394999645650387,0.989882230758667,0.07403005372620734,-1.7509886739753733,-1.9011125348074365,-1.6234575520541081,4144,13.125256673511293,6.422655715263518,0.2958430940241606
pvdaq_10,lstm,2,-0.5,24 months,5549,0.03060237690806389,0.01710318587720394,0.9889382123947144,0.07740666964529969,-1.7988928528460528,-1.9095627980688739,-1.7001893025004433,4145,13.125256673511293,6.424024640657084,0.2959165862845069
pvdaq_10,lstm,3,-0.5,24 months,5549,0.03171803429722786,0.019138824194669724,0.988116979598999,0.08022865053978363,-1.824902235560517,-2.00993772323905,-1.6754526782224053,4145,13.125256673511293,6.424024640657084,0.2959165862845069
pvdaq_10,lstm,4,-0.5,24 months,5549,0.02960958145558834,0.015353651717305183,0.9896442890167236,0.07489545981849435,-1.797898927722602,-1.9421911459194001,-1.689475196443028,4145,13.125256673511293,6.424024640657084,0.29587065362179044
pvdaq_10,gru,0,-0.5,24 months,5549,0.028935063630342484,0.013285966590046883,0.9901107549667358,0.07318931200437101,-1.788053915859994,-1.9068478125189636,-1.678747494116554,4145,13.125256673511293,6.424024640657084,0.29577878829635756
pvdaq_10,gru,1,-0.5,24 months,5549,0.02872009389102459,0.014559137634932995,0.9902571439743042,0.07264556039824228,-1.8117383316451714,-1.9093539815745024,-1.7127896020451079,4145,13.125256673511293,6.424024640657084,0.2958155344265307
pvdaq_10,gru,2,-0.5,24 months,5549,0.031475730240345,0.019203251227736473,0.9882978200912476,0.07961575860197129,-1.8993246533322594,-2.140474502359452,-1.7120403243968325,4145,13.125256673511293,6.424024640657084,0.2959165862845069
pvdaq_10,gru,3,-0.5,24 months,5549,0.030262229964137077,0.016758136451244354,0.9891827702522278,0.07654629065583424,-1.8182333977579734,-1.9475680954078256,-1.6836020849113438,4145,13.125256673511293,6.424024640657084,0.2959073997519636
pvdaq_10,gru,4,-0.5,24 months,5549,0.031097160652279854,0.018240829929709435,0.9885776042938232,0.07865819209891334,-1.82741625547445,-2.02401175688477,-1.6622966827120302,4145,13.125256673511293,6.424024640657084,0.2959165862845069
pvdaq_10,lstm,0,-1.0,24 months,5549,0.03057936578989029,0.017208464443683624,0.9888418912887573,0.07773948871979021,-2.309734325055341,-2.4388764538518144,-2.15997097945575,4145,13.125256673511293,6.424024640657084,0.2959165862845069
pvdaq_10,lstm,1,-1.0,24 months,5549,0.029203398153185844,0.015312561765313148,0.9898234605789185,0.07424147567048932,-2.1882558332035105,-2.3023687253604708,-2.0591689426319615,4144,13.125256673511293,6.422655715263518,0.295824720959074
pvdaq_10,lstm,2,-1.0,24 months,5549,0.03054800070822239,0.0170820951461792,0.9888647794723511,0.07765975176810617,-2.242862892156439,-2.3307879227621506,-2.1375687814079707,4145,13.125256673511293,6.424024640657084,0.2959165862845069
pvdaq_10,lstm,3,-1.0,24 months,5549,0.0316585935652256,0.01907334290444851,0.9880403876304626,0.08048312362848087,-2.264993349907074,-2.439847525155045,-2.120217221873702,4145,13.125256673511293,6.424024640657084,0.2959165862845069
pvdaq_10,lstm,4,-1.0,24 months,5549,0.02959408611059189,0.01538676954805851,0.9895493388175964,0.07523469058104074,-2.2317753134664886,-2.3679624886275352,-2.1226502825960947,4145,13.125256673511293,6.424024640657084,0.29587065362179044
pvdaq_10,gru,0,-1.0,24 months,5549,0.02879125252366066,0.013442814350128174,0.9901086688041687,0.07319371062730531,-2.2525770027975707,-2.3480168244348842,-2.110866656208905,4145,13.125256673511293,6.424024640657084,0.29578797482890085
pvdaq_10,gru,1,-1.0,24 months,5549,0.028733760118484497,0.01419342216104269,0.99014812707901,0.07304755225978471,-2.249445500956257,-2.338015837346197,-2.133100837172607,4145,13.125256673511293,6.424024640657084,0.2958063478939874
pvdaq_10,gru,2,-1.0,24 months,5549,0.031404197216033936,0.01915922947227955,0.9882318377494812,0.07983639202998317,-2.335889089625021,-2.548768155438003,-2.1426421522884413,4145,13.125256673511293,6.424024640657084,0.2959165862845069
pvdaq_10,gru,3,-1.0,24 months,5549,0.030217520892620087,0.016780899837613106,0.9891043901443481,0.07681959922623667,-2.248788668244177,-2.372866212933104,-2.1145412765616465,4145,13.125256673511293,6.424024640657084,0.2959073997519636
pvdaq_10,gru,4,-1.0,24 months,5549,0.028562389314174652,0.01476124208420515,0.9902653098106384,0.07261188989843674,-2.2568320913710247,-2.3698973193592043,-2.1568331366131566,4145,13.125256673511293,6.424024640657084,0.2959073997519636
pvdaq_10,lstm,0,-2.0,24 months,5549,0.030796824023127556,0.017354460433125496,0.9884500503540039,0.07909198001288899,-3.183535487247118,-3.31146119169693,-3.0458772318618728,4145,13.125256673511293,6.424024640657084,0.2959165862845069
pvdaq_10,lstm,1,-2.0,24 months,5549,0.02929236739873886,0.015653332695364952,0.9895509481430054,0.07522825519577633,-3.06214395415515,-3.1589362242097963,-2.95503049855962,4144,13.125256673511293,6.422655715263518,0.2958339074916173
pvdaq_10,lstm,2,-2.0,24 months,5549,0.030606556683778763,0.017240678891539574,0.9885923266410828,0.07860333804806888,-3.101889262240962,-3.2088644417438923,-2.994630080158356,4145,13.125256673511293,6.424024640657084,0.2959165862845069
pvdaq_10,lstm,3,-2.0,24 months,5549,0.03171061351895332,0.019152101129293442,0.9877544641494751,0.08143876163184957,-3.1497209296160955,-3.294205297093297,-3.0099645751191515,4145,13.125256673511293,6.424024640657084,0.2959165862845069
pvdaq_10,lstm,4,-2.0,24 months,5549,0.02973182499408722,0.015652792528271675,0.9892350435256958,0.07635686414979388,-3.1002497101453197,-3.223371358992233,-3.0130231868342627,4145,13.125256673511293,6.424024640657084,0.29587065362179044
pvdaq_10,gru,0,-2.0,24 months,5549,0.02973496913909912,0.016660640016198158,0.9892327785491943,0.07636493889978278,-3.1103858947033505,-3.220938181390931,-3.015283850492834,4145,13.125256673511293,6.424024640657084,0.295824720959074
pvdaq_10,gru,1,-2.0,24 months,5549,0.02915043756365776,0.015588385984301567,0.9896519780158997,0.07486375294479626,-3.131551820744538,-3.2336474632900654,-3.030164220846898,4145,13.125256673511293,6.424024640657084,0.2958339074916173
pvdaq_10,gru,2,-2.0,24 months,5549,0.03143119439482689,0.019202977418899536,0.9879693388938904,0.08072116127916286,-3.1961067188699177,-3.3897069567029017,-3.0057146028034887,4145,13.125256673511293,6.424024640657084,0.2959165862845069
pvdaq_10,gru,3,-2.0,24 months,5549,0.030685726553201675,0.017419734969735146,0.9885332584381104,0.07880666101816856,-3.124480703630744,-3.210644365169851,-3.0283431808862886,4145,13.125256673511293,6.424024640657084,0.2959073997519636
pvdaq_10,gru,4,-2.0,24 months,5549,0.028816983103752136,0.01517721451818943,0.9898873567581177,0.07400737978572446,-3.119577638413494,-3.24804027933656,-3.025823950037688,4145,13.125256673511293,6.424024640657084,0.2959165862845069
pvdaq_1278,lstm,0,0.0,24 months,6830,0.0696399137377739,0.03487203270196915,0.9088210463523865,0.20215574432736538,-0.048635388260664936,-0.3770918842912141,0.24971155244783774,2415,6.899383983572895,3.3767967145790556,0.3698504729935917
pvdaq_1278,lstm,1,0.0,24 months,6830,0.06948591768741608,0.03751740977168083,0.9092238545417786,0.20170871352975725,-0.04737871546922683,-0.2932847402689731,0.2673559176717428,2415,6.899383983572895,3.3767967145790556,0.3698504729935917
pvdaq_1278,lstm,2,0.0,24 months,6830,0.06919747591018677,0.03430694714188576,0.9099759459495544,0.2008714040179956,0.0064739309654060495,-0.24945902881806647,0.2393031706130866,2415,6.899383983572895,3.3767967145790556,0.3698504729935917
pvdaq_1278,lstm,3,0.0,24 months,6830,0.0689879059791565,0.0343383327126503,0.9105204343795776,0.2002630493673051,0.018599588453455107,-0.2615584295592683,0.21958163283846183,2415,6.899383983572895,3.3767967145790556,0.3698504729935917
pvdaq_1278,lstm,4,0.0,24 months,6830,0.06974044442176819,0.033989980816841125,0.908557653427124,0.2024475720186967,0.0652421487923549,-0.22033799203184934,0.2967122957010623,2415,6.899383983572895,3.3767967145790556,0.3698504729935917
pvdaq_1278,gru,0,0.0,24 months,6830,0.0695129856467247,0.03630845993757248,0.9091531038284302,0.201787288346522,0.029922270889398694,-0.2642592079564299,0.29650965309411764,2415,6.899383983572895,3.3767967145790556,0.3698504729935917
pvdaq_1278,gru,1,0.0,24 months,6830,0.07035083323717117,0.037197601050138474,0.9069499373435974,0.20421945252061005,-0.04521137052421534,-0.3936277765463582,0.25763184568202147,2415,6.899383983572895,3.3767967145790556,0.3698504729935917
pvdaq_1278,gru,2,0.0,24 months,6830,0.0691501721739769,0.032799262553453445,0.9100989699363708,0.20073408733436243,0.024353867839773204,-0.22892885762376405,0.2943393220343955,2415,6.899383983572895,3.3767967145790556,0.3698504729935917
pvdaq_1278,gru,3,0.0,24 months,6830,0.06996933370828629,0.03747525066137314,0.9079564213752747,0.2031120082823437,-0.0805683969602844,-0.3570860253539698,0.2075231729280813,2415,6.899383983572895,3.3767967145790556,0.3698504729935917
pvdaq_1278,gru,4,0.0,24 months,6830,0.06908157467842102,0.03543756157159805,0.910277247428894,0.20053495759641776,0.016972842000184674,-0.3262489921064598,0.28149458699779906,2415,6.899383983572895,3.3767967145790556,0.3698504729935917
pvdaq_1278,lstm,0,-0.25,24 months,6830,0.06945537775754929,0.034819524735212326,0.9087634682655334,0.20219157820143613,-0.2929773604987418,-0.6399978137317186,-0.007559971379050996,2415,6.899383983572895,3.3767967145790556,0.3698504729935917
pvdaq_1278,lstm,1,-0.25,24 months,6830,0.06931430846452713,0.037523433566093445,0.9091337323188782,0.2017809113256259,-0.27831557393153683,-0.5307862519007889,0.012010879961166534,2415,6.899383983572895,3.3767967145790556,0.3698504729935917
pvdaq_1278,lstm,2,-0.25,24 months,6830,0.06900417059659958,0.03424106165766716,0.9099450707435608,0.20087806885322304,-0.24348418659826954,-0.4962648969716461,-0.007459768117984433,2415,6.899383983572895,3.3767967145790556,0.3698504729935917
pvdaq_1278,lstm,3,-0.25,24 months,6830,0.06879914551973343,0.03429108485579491,0.9104794263839722,0.20028122026927114,-0.24499778148700213,-0.5248589568513388,-0.03475198588677175,2415,6.899383983572895,3.3767967145790556,0.3698504729935917
pvdaq_1278,lstm,4,-0.25,24 months,6830,0.0695560947060585,0.03397123143076897,0.9084987044334412,0.20248477535086057,-0.19377155239176935,-0.4731637445383823,0.046820594995744536,2415,6.899383983572895,3.3767967145790556,0.3698504729935917
pvdaq_1278,gru,0,-0.25,24 months,6830,0.06932730972766876,0.03622535243630409,0.9090996384620667,0.20181875930800094,-0.21438373758043844,-0.5226210867425505,0.030548273050640118,2415,6.899383983572895,3.3767967145790556,0.3698504729935917
pvdaq_1278,gru,1,-0.25,24 months,6830,0.07017349451780319,0.03714274242520332,0.9068670868873596,0.20428208819182858,-0.2988133304833829,-0.6303401588483922,0.006836680853078425,2415,6.899383983572895,3.3767967145790556,0.3698504729935917
pvdaq_1278,gru,2,-0.25,24 months,6830,0.06897880882024765,0.032780300825834274,0.9100112318992615,0.20080423817585652,-0.2195841012743228,-0.48518241032515785,0.054692291757846984,2415,6.899383983572895,3.3767967145790556,0.3698504729935917
pvdaq_1278,gru,3,-0.25,24 months,6830,0.06977302581071854,0.037461381405591965,0.9079270362854004,0.20311628357712494,-0.32205206296526123,-0.5901029388072286,-0.040489073486785675,2415,6.899383983572895,3.3767967145790556,0.3698504729935917
pvdaq_1278,gru,4,-0.25,24 months,6830,0.06888673454523087,0.03545425087213516,0.9102513194084167,0.20053620071672149,-0.2466955639834125,-0.5839665319010229,0.03677409786274621,2415,6.899383983572895,3.3767967145790556,0.3698504729935917
pvdaq_1278,lstm,0,-0.5,24 months,6830,0.06927355378866196,0.03478098660707474,0.908699631690979,0.2022355331846548,-0.5437944930880512,-0.8763259936458258,-0.2674789832474822,2415,6.899383983572895,3.3767967145790556,0.3698504729935917
pvdaq_1278,lstm,1,-0.5,24 months,6830,0.06914687156677246,0.03753294423222542,0.9090332388877869,0.20186570017786265,-0.5263171123612211,-0.7684583463554028,-0.2396132219377789,2415,6.899383983572895,3.3767967145790556,0.3698504729935917
pvdaq_1278,lstm,2,-0.5,24 months,6830,0.06881503015756607,0.0341862291097641,0.9099042415618896,0.20089693041432,-0.48765570416611875,-0.7403820628818225,-0.25991885561695316,2415,6.899383983572895,3.3767967145790556,0.3698504729935917
pvdaq_1278,lstm,3,-0.5,24 months,6830,0.06861533969640732,0.034253403544425964,0.9104263782501221,0.20031395892410983,-0.4942745605425244,-0.7690858679511424,-0.2771466140977674,2415,6.899383983572895,3.3767967145790556,0.3698504729935917
pvdaq_1278,lstm,4,-0.5,24 months,6830,0.0693746879696846,0.03396417573094368,0.9084328413009644,0.20253078186042947,-0.44245039712556,-0.7161087494572838,-0.21917392695906668,2415,6.899383983572895,3.3767967145790556,0.3698504729935917
pvdaq_1278,gru,0,-0.5,24 months,6830,0.06914716213941574,0.03614562377333641,0.9090324640274048,0.20186654846859162,-0.4664041830426402,-0.772882024292043,-0.22970504908612632,2415,6.899383983572895,3.3767967145790556,0.3698504729935917
pvdaq_1278,gru,1,-0.5,24 months,6830,0.07000289112329483,0.03709707781672478,0.9067670106887817,0.20436474291440154,-0.5693333985842264,-0.8910458522928083,-0.24368893243410517,2415,6.899383983572895,3.3767967145790556,0.3698504729935917
pvdaq_1278,gru,2,-0.5,24 months,6830,0.0687982439994812,0.03276606649160385,0.9099482297897339,0.20084792531143797,-0.47520113756245874,-0.7399221204633211,-0.20326509281784477,2415,6.899383983572895,3.3767967145790556,0.3698504729935917
pvdaq_1278,gru,3,-0.5,24 months,6830,0.06958243995904922,0.037454210221767426,0.9078836441040039,0.20313728798060782,-0.5693957626852153,-0.8315256948350196,-0.29735181673680167,2415,6.899383983572895,3.3767967145790556,0.3698504729935917
pvdaq_1278,gru,4,-0.5,24 months,6830,0.06869534403085709,0.03548187389969826,0.9102174043655396,0.20054752163815642,-0.5042368914067935,-0.8369457329406638,-0.2124775452844578,2415,6.899383983572895,3.3767967145790556,0.3698504729935917
pvdaq_1278,lstm,0,-1.0,24 months,6830,0.0689210444688797,0.034733954817056656,0.9085448384284973,0.2023569185903762,-1.0497519516827456,-1.375456710608658,-0.7859103311702309,2415,6.899383983572895,3.3767967145790556,0.3698504729935917
pvdaq_1278,lstm,1,-1.0,24 months,6830,0.06882055848836899,0.03351791948080063,0.9088113307952881,0.20206188485235932,-1.0485226531004663,-1.270160031939116,-0.7628138965734443,2415,6.899383983572895,3.3767967145790556,0.3698504729935917
pvdaq_1278,lstm,2,-1.0,24 months,6830,0.06844905763864517,0.034106504172086716,0.9097931385040283,0.20097113285080248,-0.9777361963350328,-1.241514257833349,-0.7572973186011738,2415,6.899383983572895,3.3767967145790556,0.3698504729935917
pvdaq_1278,lstm,3,-1.0,24 months,6830,0.06826052069664001,0.03420044109225273,0.9102894067764282,0.20041757544437283,-1.0156466372335702,-1.2658958259887387,-0.7921816203634968,2415,6.899383983572895,3.3767967145790556,0.3698504729935917
pvdaq_1278,lstm,4,-1.0,24 months,6830,0.06902041286230087,0.03399139270186424,0.9082809090614319,0.2026486710159661,-0.9393524370174322,-1.2188066299388904,-0.7182696892642337,2415,6.899383983572895,3.3767967145790556,0.3698504729935917
pvdaq_1278,gru,0,-1.0,24 months,6830,0.06879772245883942,0.03600994870066643,0.9088718295097351,0.20199483670176824,-0.9775333391343479,-1.278027682145472,-0.7405220777222943,2415,6.899383983572895,3.3767967145790556,0.3698504729935917
pvdaq_1278,gru,1,-1.0,24 months,6830,0.06967412680387497,0.03701723366975784,0.906535267829895,0.2045680200315811,-1.0683836266916709,-1.3835758737372916,-0.7551653947561637,2415,6.899383983572895,3.3767967145790556,0.3698504729935917
pvdaq_1278,gru,2,-1.0,24 months,6830,0.06844636797904968,0.03277077153325081,0.9098002314567566,0.20096323582556158,-0.9817611313197427,-1.2596195338758942,-0.7414194572160758,2415,6.899383983572895,3.3767967145790556,0.3698504729935917
pvdaq_1278,gru,3,-1.0,24 months,6830,0.06921394914388657,0.037451229989528656,0.907765805721283,0.2032169068266524,-1.056065899977715,-1.3535248043000632,-0.8107649758267887,2415,6.899383983572895,3.3767967145790556,0.3698504729935917
pvdaq_1278,gru,4,-1.0,24 months,6830,0.06832734495401382,0.03557634726166725,0.9101136922836304,0.20061377605208938,-1.042322139426921,-1.3304955415551767,-0.7381805155927679,2415,6.899383983572895,3.3767967145790556,0.3698504729935917
pvdaq_1278,lstm,0,-2.0,24 months,6830,0.06826456636190414,0.0347561351954937,0.908113956451416,0.20274803317712992,-2.0705251166648075,-2.393088487355816,-1.8083715097728992,2415,6.899383983572895,3.3767967145790556,0.3698504729935917
pvdaq_1278,lstm,1,-2.0,24 months,6830,0.06813637167215347,0.03374047949910164,0.9084587693214417,0.20236729068368306,-2.0643477249338282,-2.28677956200517,-1.7946511159863312,2415,6.899383983572895,3.3767967145790556,0.3698504729935917
pvdaq_1278,lstm,2,-2.0,24 months,6830,0.0677679032087326,0.03404873237013817,0.9094461798667908,0.20127292708880828,-1.9961518195294126,-2.250280848347856,-1.7712650587181966,2415,6.899383983572895,3.3767967145790556,0.3698504729935917
pvdaq_1278,lstm,3,-2.0,24 months,6830,0.0676061362028122,0.03420978784561157,0.9098779559135437,0.2007924736994256,-2.0404175415111254,-2.2866584535768855,-1.8194256675236178,2415,6.899383983572895,3.3767967145790556,0.3698504729935917
pvdaq_1278,lstm,4,-2.0,24 months,6830,0.0683446153998375,0.03419262915849686,0.9078983664512634,0.20298578148292984,-1.9615309798950513,-2.2496735362468323,-1.74084812807525,2415,6.899383983572895,3.3767967145790556,0.3698504729935917
pvdaq_1278,gru,0,-2.0,24 months,6830,0.06816277652978897,0.03582272678613663,0.9083877801895142,0.2024457139893192,-2.0046833867089227,-2.246915305074293,-1.7894326706500385,2415,6.899383983572895,3.3767967145790556,0.3698504729935917
pvdaq_1278,gru,1,-2.0,24 months,6830,0.06906402856111526,0.036928705871105194,0.9059491753578186,0.2051224625059592,-2.0962844938487715,-2.3614400260908637,-1.7708299747172962,2415,6.899383983572895,3.3767967145790556,0.3698504729935917
pvdaq_1278,gru,2,-2.0,24 months,6830,0.06777454912662506,0.0329601876437664,0.9094284176826477,0.2012926656860508,-2.02765341431029,-2.285641014686013,-1.7843073151194155,2415,6.899383983572895,3.3767967145790556,0.3698504729935917
pvdaq_1278,gru,3,-2.0,24 months,6830,0.06854226440191269,0.03750649094581604,0.9073648452758789,0.20357280559464427,-2.074453255962539,-2.3753239962575967,-1.8320133781887515,2415,6.899383983572895,3.3767967145790556,0.3698504729935917
pvdaq_1278,gru,4,-2.0,24 months,6830,0.0676550641655922,0.03584841638803482,0.9097474813461304,0.2009377913766583,-2.0637108348504487,-2.345840694781609,-1.7678219671423483,2415,6.899383983572895,3.3767967145790556,0.3698504729935917
