system_id,model,seed,injection,regime,n_train,val_rmse,val_mae,val_r2,val_nrmse_mean,plr,ci_low,ci_high,days,span_years,t_center_years,points_kept_fraction
dkasc_7,xgboost,0,0.0,24 months,6772,0.01803082786500454,0.011786430142819881,0.9952309131622314,0.04662857041234566,-1.072775582618024,-1.2210420922222354,-0.8836269580849709,2839,12.216290212183436,6.4486652977412735,0.2518376059770022
dkasc_7,xgboost,1,0.0,24 months,6772,0.01800605095922947,0.011709370650351048,0.9952439665794373,0.04656449616660483,-1.0816981161155925,-1.251229263168041,-0.9478421867386122,2839,12.216290212183436,6.4486652977412735,0.2518376059770022
dkasc_7,xgboost,2,0.0,24 months,6772,0.017997760325670242,0.011682744137942791,0.9952483773231506,0.04654305619759322,-1.0703797714252006,-1.209390541738442,-0.8623000679047973,2839,12.216290212183436,6.4486652977412735,0.2518376059770022
dkasc_7,xgboost,3,0.0,24 months,6772,0.017947465181350708,0.011652125976979733,0.9952749013900757,0.04641299058464074,-1.05056624516483,-1.2234346099678608,-0.8981965850943685,2839,12.216290212183436,6.4486652977412735,0.2518376059770022
dkasc_7,xgboost,4,0.0,24 months,6772,0.017944002524018288,0.011664451099932194,0.995276689529419,0.04640403598963005,-1.0811519362578625,-1.2516194008372006,-0.8747779900645636,2839,12.216290212183436,6.4486652977412735,0.2518376059770022
dkasc_7,random_forest,0,0.0,24 months,6772,0.01834438554942608,0.01185634732246399,0.9950636029243469,0.04743944535806897,-0.9970972994482352,-1.170878307994505,-0.8078404435328146,2839,12.216290212183436,6.4486652977412735,0.2518376059770022
dkasc_7,random_forest,1,0.0,24 months,6772,0.018323203548789024,0.011829627677798271,0.995074987411499,0.04738466770639518,-0.990765322211129,-1.177777700597249,-0.8092062420036572,2839,12.216290212183436,6.4486652977412735,0.2518376059770022
dkasc_7,random_forest,2,0.0,24 months,6772,0.018347347155213356,0.011833634227514267,0.995061993598938,0.04744710421017601,-0.9984093165145369,-1.1491785855090493,-0.8151347967409016,2839,12.216290212183436,6.4486652977412735,0.2518376059770022
dkasc_7,random_forest,3,0.0,24 months,6772,0.018408773466944695,0.011859600432217121,0.9950288534164429,0.0476059555465195,-0.9960028968392098,-1.1739328133528737,-0.7962032218431052,2839,12.216290212183436,6.4486652977412735,0.2518376059770022
dkasc_7,random_forest,4,0.0,24 months,6772,0.018402496352791786,0.011894362047314644,0.9950322508811951,0.04758972263356306,-0.962876463788287,-1.1578936367586001,-0.8010387266826458,2839,12.216290212183436,6.4486652977412735,0.2518376059770022
dkasc_7,xgboost,0,-0.25,24 months,6772,0.018728280439972878,0.012370964512228966,0.9948008060455322,0.04869941119771308,-1.2470192655895107,-1.4431592627677015,-1.0967383232484473,2839,12.216290212183436,6.4486652977412735,0.2518376059770022
dkasc_7,xgboost,1,-0.25,24 months,6772,0.018690505996346474,0.01230586227029562,0.9948217868804932,0.04860118578033836,-1.2614845178889778,-1.4938189628842857,-1.1301348338684014,2839,12.216290212183436,6.4486652977412735,0.2518376059770022
dkasc_7,xgboost,2,-0.25,24 months,6772,0.018620217218995094,0.012272701598703861,0.9948606491088867,0.048418412883392985,-1.2808866339447667,-1.4244880967703542,-1.0823349317750197,2839,12.216290212183436,6.4486652977412735,0.2518376059770022
dkasc_7,xgboost,3,-0.25,24 months,6772,0.01872548833489418,0.012336021289229393,0.9948023557662964,0.04869215084758267,-1.3079569420393387,-1.4467530622063356,-1.1053701277251249,2839,12.216290212183436,6.4486652977412735,0.2518376059770022
dkasc_7,xgboost,4,-0.25,24 months,6772,0.018626520410180092,0.012257717549800873,0.9948571920394897,0.04843480316013835,-1.2656622822337484,-1.431227088206033,-1.0831592989794414,2839,12.216290212183436,6.4486652977412735,0.2518376059770022
dkasc_7,random_forest,0,-0.25,24 months,6772,0.01897204853594303,0.012403582222759724,0.9946646094322205,0.049333284808298086,-1.1908761538775265,-1.35308024041646,-0.994290954644883,2839,12.216290212183436,6.4486652977412735,0.2518376059770022
dkasc_7,random_forest,1,-0.25,24 months,6772,0.018949732184410095,0.012392586097121239,0.9946771264076233,0.04927525528534116,-1.2256729556417434,-1.3902691156904234,-1.0058432085125801,2839,12.216290212183436,6.4486652977412735,0.2518376059770022
dkasc_7,random_forest,2,-0.25,24 months,6772,0.019037527963519096,0.012418289668858051,0.9946277141571045,0.04950355188533905,-1.2040785800396625,-1.3750069185002656,-1.004777049609673,2839,12.216290212183436,6.4486652977412735,0.2518376059770022
dkasc_7,random_forest,3,-0.25,24 months,6772,0.018976805731654167,0.012409758754074574,0.9946619272232056,0.04934565501125543,-1.218697536889135,-1.3937675439450237,-1.0133478759693504,2839,12.216290212183436,6.4486652977412735,0.2518376059770022
dkasc_7,random_forest,4,-0.25,24 months,6772,0.018976975232362747,0.012413807213306427,0.994661808013916,0.04934609576633339,-1.1957455673021438,-1.3839219746324738,-0.9788863208582965,2839,12.216290212183436,6.4486652977412735,0.2518376059770022
dkasc_7,xgboost,0,-0.5,24 months,6772,0.01939847320318222,0.012953811325132847,0.99436354637146,0.05072194671733058,-1.4818531685398373,-1.6888325381170464,-1.3078984614742994,2839,12.216290212183436,6.4486652977412735,0.2518376059770022
dkasc_7,xgboost,1,-0.5,24 months,6772,0.019355816766619682,0.012887698598206043,0.9943882822990417,0.05061041126400834,-1.4954470257416252,-1.659634857709058,-1.338483058607598,2839,12.216290212183436,6.4486652977412735,0.2518376059770022
dkasc_7,xgboost,2,-0.5,24 months,6772,0.019309725612401962,0.012893789447844028,0.9944149851799011,0.05048989492007319,-1.4607616281985036,-1.6429075622628964,-1.296855681287823,2839,12.216290212183436,6.4486652977412735,0.2518376059770022
dkasc_7,xgboost,3,-0.5,24 months,6772,0.019361531361937523,0.012887423858046532,0.9943850040435791,0.050625353439930465,-1.5016375190911342,-1.6379263497902419,-1.3483541946436142,2839,12.216290212183436,6.4486652977412735,0.2518376059770022
dkasc_7,xgboost,4,-0.5,24 months,6772,0.019373083487153053,0.01290107797831297,0.9943782687187195,0.050655559233629625,-1.509013010944086,-1.6596185294338484,-1.277876426632285,2839,12.216290212183436,6.4486652977412735,0.2518376059770022
dkasc_7,random_forest,0,-0.5,24 months,6772,0.019620349630713463,0.013027306646108627,0.9942338466644287,0.05130209569179859,-1.4023878521404602,-1.599048748684495,-1.2297274370951183,2839,12.216290212183436,6.4486652977412735,0.2518376059770022
dkasc_7,random_forest,1,-0.5,24 months,6772,0.019602755084633827,0.012956030666828156,0.9942442178726196,0.05125609054389754,-1.4135288847051952,-1.5964856310039632,-1.2401522268193577,2839,12.216290212183436,6.4486652977412735,0.2518376059770022
dkasc_7,random_forest,2,-0.5,24 months,6772,0.019655471667647362,0.012984706088900566,0.9942132234573364,0.05139393065567982,-1.4237005482811371,-1.5779194962285081,-1.2031153574234315,2839,12.216290212183436,6.4486652977412735,0.2518376059770022
dkasc_7,random_forest,3,-0.5,24 months,6772,0.019680125638842583,0.013054730370640755,0.9941986799240112,0.05145839435858245,-1.3849276094383833,-1.5908727489048147,-1.2096744905368384,2839,12.216290212183436,6.4486652977412735,0.2518376059770022
dkasc_7,random_forest,4,-0.5,24 months,6772,0.019646652042865753,0.013016089797019958,0.9942184090614319,0.05137086963775568,-1.4058005128611661,-1.5838600079511322,-1.2432997092755915,2839,12.216290212183436,6.4486652977412735,0.2518376059770022
dkasc_7,xgboost,0,-1.0,24 months,6772,0.02103157341480255,0.014276841655373573,0.9932348132133484,0.05560904732433726,-1.8971041348513462,-2.09271494167802,-1.7156693569098547,2839,12.216290212183436,6.4486652977412735,0.2518376059770022
dkasc_7,xgboost,1,-1.0,24 months,6772,0.021049054339528084,0.014268425293266773,0.9932236075401306,0.05565526819194249,-1.885231563220613,-2.121171721854235,-1.7243754193612575,2839,12.216290212183436,6.4486652977412735,0.2518376059770022
dkasc_7,xgboost,2,-1.0,24 months,6772,0.020995425060391426,0.014245586469769478,0.9932580590248108,0.05551346838159728,-1.9090957734930272,-2.0842821599311723,-1.744259948304283,2839,12.216290212183436,6.4486652977412735,0.2518376059770022
dkasc_7,xgboost,3,-1.0,24 months,6772,0.02104279398918152,0.014264892786741257,0.9932276010513306,0.05563871535912191,-1.8984992384823096,-2.1187573358447787,-1.7453819329325506,2839,12.216290212183436,6.4486652977412735,0.2518376059770022
dkasc_7,xgboost,4,-1.0,24 months,6772,0.021039070561528206,0.014271212741732597,0.9932300448417664,0.055628870338946854,-1.910769093513888,-2.085663892665368,-1.7431118239205623,2839,12.216290212183436,6.4486652977412735,0.2518376059770022
dkasc_7,random_forest,0,-1.0,24 months,6772,0.02116677165031433,0.01428446639329195,0.993147611618042,0.055966521533634885,-1.8177094356564338,-2.03602653395222,-1.6856437689562354,2839,12.216290212183436,6.4486652977412735,0.2518376059770022
dkasc_7,random_forest,1,-1.0,24 months,6772,0.02124497853219509,0.01433253288269043,0.9930968284606934,0.05617330635709156,-1.8619584996386647,-2.049423172216086,-1.6767142451504014,2839,12.216290212183436,6.4486652977412735,0.2518376059770022
dkasc_7,random_forest,2,-1.0,24 months,6772,0.021178700029850006,0.014294243417680264,0.9931398630142212,0.05599806105799758,-1.8875113662199183,-2.057425167799698,-1.6837008628708086,2839,12.216290212183436,6.4486652977412735,0.2518376059770022
dkasc_7,random_forest,3,-1.0,24 months,6772,0.021126091480255127,0.01425258070230484,0.9931738972663879,0.055858960132622815,-1.8711778006980317,-2.0348455911195495,-1.700033796742979,2839,12.216290212183436,6.4486652977412735,0.2518376059770022
dkasc_7,random_forest,4,-1.0,24 months,6772,0.021131515502929688,0.014244084246456623,0.9931703805923462,0.05587330165275776,-1.9060534165662668,-2.0742068604518327,-1.6458865599312194,2839,12.216290212183436,6.4486652977412735,0.2518376059770022
dkasc_7,xgboost,0,-2.0,24 months,6772,0.02485024183988571,0.01717386394739151,0.9901531934738159,0.06721407894824875,-2.7785561506544676,-3.003221070238171,-2.580333887444297,2839,12.216290212183436,6.4486652977412735,0.2518376059770022
dkasc_7,xgboost,1,-2.0,24 months,6772,0.02486248128116131,0.017221344634890556,0.9901434779167175,0.0672471837678107,-2.7944666627401333,-2.9994320631939853,-2.635330811872172,2839,12.216290212183436,6.4486652977412735,0.2518376059770022
dkasc_7,xgboost,2,-2.0,24 months,6772,0.024776285514235497,0.017223386093974113,0.9902116656303406,0.06701404442371557,-2.824604870381553,-2.991546743036166,-2.611521954655238,2839,12.216290212183436,6.4486652977412735,0.2518376059770022
dkasc_7,xgboost,3,-2.0,24 months,6772,0.02483975887298584,0.017161209136247635,0.9901614785194397,0.06718572498013207,-2.7865030613480224,-3.0070688999891404,-2.621920993352367,2839,12.216290212183436,6.4486652977412735,0.2518376059770022
dkasc_7,xgboost,4,-2.0,24 months,6772,0.024773020297288895,0.01714659109711647,0.9902142882347107,0.06700521277728548,-2.7989634619657533,-3.007811844074637,-2.613130664175045,2839,12.216290212183436,6.4486652977412735,0.2518376059770022
dkasc_7,random_forest,0,-2.0,24 months,6772,0.02474566549062729,0.016970230266451836,0.9902358651161194,0.06693122443759793,-2.8222033960206505,-2.9857570800188693,-2.6049493053093133,2839,12.216290212183436,6.4486652977412735,0.2518376059770022
dkasc_7,random_forest,1,-2.0,24 months,6772,0.024812649935483932,0.01701187528669834,0.9901829361915588,0.06711240165888649,-2.776208383644894,-2.9700509084419235,-2.6070694691532896,2839,12.216290212183436,6.4486652977412735,0.2518376059770022
dkasc_7,random_forest,2,-2.0,24 months,6772,0.02474377118051052,0.01701899990439415,0.9902373552322388,0.06692610077278367,-2.7927054799079642,-2.9954766468830996,-2.634720724166717,2839,12.216290212183436,6.4486652977412735,0.2518376059770022
dkasc_7,random_forest,3,-2.0,24 months,6772,0.024723218753933907,0.016980672255158424,0.9902535676956177,0.06687051127665726,-2.7554720176994896,-2.9848294347367132,-2.5607448050730595,2839,12.216290212183436,6.4486652977412735,0.2518376059770022
dkasc_7,random_forest,4,-2.0,24 months,6772,0.024684377014636993,0.016934219747781754,0.9902841448783875,0.06676545347688166,-2.805694098992717,-2.9966007334713525,-2.5812630001026355,2839,12.216290212183436,6.4486652977412735,0.2518376059770022
dkasc_8,xgboost,0,0.0,24 months,6884,0.018716514110565186,0.012362468987703323,0.9950234889984131,0.04580922962370349,-0.9571626184577686,-1.1660792598908851,-0.7474997275983198,3380,12.238193018480493,5.268651608487337,0.3004158636778578
dkasc_8,xgboost,1,0.0,24 months,6884,0.018727626651525497,0.012374776415526867,0.9950175881385803,0.04583642790098667,-0.9713942510667706,-1.1912691531927033,-0.791238949761905,3380,12.238193018480493,5.268651608487337,0.3004158636778578
dkasc_8,xgboost,2,0.0,24 months,6884,0.018721139058470726,0.012340945191681385,0.9950210452079773,0.04582054932241186,-0.9728508696248581,-1.1525107111653055,-0.7873808637472118,3380,12.238193018480493,5.268651608487337,0.3004158636778578
dkasc_8,xgboost,3,0.0,24 months,6884,0.018636351451277733,0.012306619435548782,0.9950660467147827,0.045613029110891504,-0.9287512182694392,-1.130658977658625,-0.7785095033352452,3380,12.238193018480493,5.268651608487337,0.3004158636778578
dkasc_8,xgboost,4,0.0,24 months,6884,0.018696758896112442,0.012364992871880531,0.9950339794158936,0.04576087814384003,-0.9318240810018419,-1.1474768764247467,-0.7668370070623189,3380,12.238193018480493,5.268651608487337,0.3004158636778578
dkasc_8,random_forest,0,0.0,24 months,6884,0.0184822715818882,0.011845028959214687,0.9951472878456116,0.04523591400945971,-0.8211943202181352,-0.9941022972078439,-0.6686666326216242,3380,12.238193018480493,5.268651608487337,0.3004158636778578
dkasc_8,random_forest,1,0.0,24 months,6884,0.018365545198321342,0.011781606823205948,0.9952083826065063,0.044950222684869506,-0.8311393356198016,-1.0065226176058872,-0.67149832376846,3380,12.238193018480493,5.268651608487337,0.3004158636778578
dkasc_8,random_forest,2,0.0,24 months,6884,0.018402589485049248,0.01179539691656828,0.9951890707015991,0.04504088968765327,-0.8332072363724963,-0.9987284670439983,-0.6673442110597174,3380,12.238193018480493,5.268651608487337,0.3004158636778578
dkasc_8,random_forest,3,0.0,24 months,6884,0.018416130915284157,0.01181334350258112,0.9951819777488708,0.04507403274428229,-0.839504195042512,-1.0107938319835184,-0.6253092289121187,3380,12.238193018480493,5.268651608487337,0.3004158636778578
dkasc_8,random_forest,4,0.0,24 months,6884,0.018492354080080986,0.011877568438649178,0.9951419830322266,0.045260591226176754,-0.8642664810257439,-1.0206327204122552,-0.6667019287053932,3380,12.238193018480493,5.268651608487337,0.3004158636778578
dkasc_8,xgboost,0,-0.25,24 months,6884,0.018971869722008705,0.012582557275891304,0.9948493242263794,0.0466078687301542,-1.187492999058776,-1.389150230151678,-1.0166464652271447,3380,12.238193018480493,5.268651608487337,0.3004158636778578
dkasc_8,xgboost,1,-0.25,24 months,6884,0.018931690603494644,0.01258391235023737,0.9948711395263672,0.04650916137506287,-1.1864399814283146,-1.4079803918237543,-1.014690876714086,3380,12.238193018480493,5.268651608487337,0.3004158636778578
dkasc_8,xgboost,2,-0.25,24 months,6884,0.018914030864834785,0.012543046846985817,0.9948806762695312,0.046465776996331205,-1.1852155069541181,-1.3987648116826679,-1.0256122715928178,3380,12.238193018480493,5.268651608487337,0.3004158636778578
dkasc_8,xgboost,3,-0.25,24 months,6884,0.01890784688293934,0.012557907961308956,0.9948840141296387,0.046450584913492986,-1.1982366103588882,-1.3698580273978849,-1.0279186837637593,3380,12.238193018480493,5.268651608487337,0.3004158636778578
dkasc_8,xgboost,4,-0.25,24 months,6884,0.018900038674473763,0.012533077038824558,0.9948882460594177,0.04643140262094545,-1.1760387850064558,-1.3479927639695188,-0.9812162882132004,3380,12.238193018480493,5.268651608487337,0.3004158636778578
dkasc_8,random_forest,0,-0.25,24 months,6884,0.01864347979426384,0.01200132817029953,0.9950261116027832,0.045801118796230604,-1.0612994233853588,-1.2503387130133317,-0.8880855188818316,3380,12.238193018480493,5.268651608487337,0.3004158636778578
dkasc_8,random_forest,1,-0.25,24 months,6884,0.018703598529100418,0.012037476524710655,0.9949939846992493,0.04594881146661805,-1.0302915620118258,-1.1978699328583753,-0.8721894750512765,3380,12.238193018480493,5.268651608487337,0.3004158636778578
dkasc_8,random_forest,2,-0.25,24 months,6884,0.018629007041454315,0.011989581398665905,0.9950338006019592,0.0457655638312749,-1.041751180042106,-1.2249270305831284,-0.8588458549899963,3380,12.238193018480493,5.268651608487337,0.3004158636778578
dkasc_8,random_forest,3,-0.25,24 months,6884,0.018746865913271904,0.012039215303957462,0.9949707984924316,0.04605510571127135,-1.0319676966047242,-1.2117132757873739,-0.8624466269242657,3380,12.238193018480493,5.268651608487337,0.3004158636778578
dkasc_8,random_forest,4,-0.25,24 months,6884,0.018605681136250496,0.011981801129877567,0.9950462579727173,0.045708259477846284,-1.0387883762685117,-1.226193078657613,-0.8851342410525487,3380,12.238193018480493,5.268651608487337,0.3004158636778578
dkasc_8,xgboost,0,-0.5,24 months,6884,0.019202249124646187,0.012809444218873978,0.9946848154067993,0.04735092156077414,-1.4130528786640006,-1.6055760123030005,-1.2251847612902729,3380,12.238193018480493,5.268651608487337,0.3004158636778578
dkasc_8,xgboost,1,-0.5,24 months,6884,0.019224856048822403,0.012825370766222477,0.9946722984313965,0.047406668087467435,-1.4197153469845847,-1.6424712082002184,-1.2298518601592257,3380,12.238193018480493,5.268651608487337,0.3004158636778578
dkasc_8,xgboost,2,-0.5,24 months,6884,0.0192397590726614,0.012818634510040283,0.9946640133857727,0.04744341752802713,-1.4328364420689188,-1.601527936499414,-1.2415270787582255,3380,12.238193018480493,5.268651608487337,0.3004158636778578
dkasc_8,xgboost,3,-0.5,24 months,6884,0.019215399399399757,0.01282404363155365,0.9946775436401367,0.04738334888865209,-1.4187166482973246,-1.6310171413711927,-1.2591261292561429,3380,12.238193018480493,5.268651608487337,0.3004158636778578
dkasc_8,xgboost,4,-0.5,24 months,6884,0.019167320802807808,0.012818737886846066,0.9947041273117065,0.04726479163834251,-1.4095858085968471,-1.5971667648077676,-1.2481524174480563,3380,12.238193018480493,5.268651608487337,0.3004158636778578
dkasc_8,random_forest,0,-0.5,24 months,6884,0.018817665055394173,0.01215397659689188,0.9948955774307251,0.0464025737928399,-1.2606678036987335,-1.441108802958746,-1.0830884164877819,3380,12.238193018480493,5.268651608487337,0.3004158636778578
dkasc_8,random_forest,1,-0.5,24 months,6884,0.018861008808016777,0.01219639740884304,0.9948720335960388,0.04650945536787104,-1.241213216674364,-1.4185330220294556,-1.0638213179175862,3380,12.238193018480493,5.268651608487337,0.3004158636778578
dkasc_8,random_forest,2,-0.5,24 months,6884,0.0189614649862051,0.012230264954268932,0.9948172569274902,0.046757170756980604,-1.2557375188364395,-1.424410968009357,-1.0678883292429497,3380,12.238193018480493,5.268651608487337,0.3004158636778578
dkasc_8,random_forest,3,-0.5,24 months,6884,0.01893112249672413,0.012255145236849785,0.9948338270187378,0.04668234906135287,-1.2466174988153333,-1.4159035087329435,-1.0732406670658778,3380,12.238193018480493,5.268651608487337,0.3004158636778578
dkasc_8,random_forest,4,-0.5,24 months,6884,0.018900234252214432,0.012237551622092724,0.9948506951332092,0.04660618158568715,-1.2569105288437021,-1.4279998513282632,-1.0727839473540135,3380,12.238193018480493,5.268651608487337,0.3004158636778578
dkasc_8,xgboost,0,-1.0,24 months,6884,0.01992565207183361,0.013370122760534286,0.9941926002502441,0.04950644437434794,-1.883545810927456,-2.061697642104541,-1.6859694454283332,3380,12.238193018480493,5.268651608487337,0.3004158636778578
dkasc_8,xgboost,1,-1.0,24 months,6884,0.019873131066560745,0.013371103443205357,0.9942231774330139,0.049375952874413466,-1.9128586874514495,-2.103217688488679,-1.723750704883098,3380,12.238193018480493,5.268651608487337,0.3004158636778578
dkasc_8,xgboost,2,-1.0,24 months,6884,0.01993398554623127,0.013418348506093025,0.9941877722740173,0.04952714937738751,-1.9234374787089448,-2.1116611859929635,-1.729999636227847,3380,12.238193018480493,5.268651608487337,0.3004158636778578
dkasc_8,xgboost,3,-1.0,24 months,6884,0.019884148612618446,0.013400591909885406,0.9942167401313782,0.04940332660999216,-1.9021224815787663,-2.0784250846551218,-1.7299045568707012,3380,12.238193018480493,5.268651608487337,0.3004158636778578
dkasc_8,xgboost,4,-1.0,24 months,6884,0.019967095926404,0.01344321295619011,0.9941684007644653,0.04960941404748841,-1.894829078468188,-2.0850225770279374,-1.7595274143230673,3380,12.238193018480493,5.268651608487337,0.3004158636778578
dkasc_8,random_forest,0,-1.0,24 months,6884,0.019574513658881187,0.012789152562618256,0.9943954944610596,0.048634020513595146,-1.6401901321617895,-1.846520693675383,-1.474801950683544,3380,12.238193018480493,5.268651608487337,0.3004158636778578
dkasc_8,random_forest,1,-1.0,24 months,6884,0.019518526270985603,0.012745995074510574,0.994427502155304,0.0484949165839207,-1.6871692932274116,-1.8692955531753062,-1.496081800967175,3380,12.238193018480493,5.268651608487337,0.3004158636778578
dkasc_8,random_forest,2,-1.0,24 months,6884,0.019531400874257088,0.012769539840519428,0.9944201111793518,0.048526904286426184,-1.7023536337129936,-1.875905286378854,-1.473774196196657,3380,12.238193018480493,5.268651608487337,0.3004158636778578
dkasc_8,random_forest,3,-1.0,24 months,6884,0.0196321289986372,0.012841860763728619,0.9943624138832092,0.048777169184587556,-1.6682272706313006,-1.8395852517990476,-1.4720707089348153,3380,12.238193018480493,5.268651608487337,0.3004158636778578
dkasc_8,random_forest,4,-1.0,24 months,6884,0.01956598274409771,0.012786392122507095,0.9944003820419312,0.04861282495840488,-1.6677833849619237,-1.8471303197857298,-1.4811091189078085,3380,12.238193018480493,5.268651608487337,0.3004158636778578
dkasc_8,xgboost,0,-2.0,24 months,6884,0.021699368953704834,0.014768554829061031,0.9929085373878479,0.05474152371363321,-2.7918442333193068,-2.9959552002287317,-2.6446267610916885,3380,12.238193018480493,5.268651608487337,0.3004158636778578
dkasc_8,xgboost,1,-2.0,24 months,6884,0.02169567532837391,0.01475292257964611,0.9929109215736389,0.05473220571553504,-2.816754978546604,-3.020603640937644,-2.627457935560024,3380,12.238193018480493,5.268651608487337,0.3004158636778578
dkasc_8,xgboost,2,-2.0,24 months,6884,0.021736091002821922,0.014839385636150837,0.9928845167160034,0.05483416331651038,-2.8135720791034307,-3.027113242371751,-2.653912528447433,3380,12.238193018480493,5.268651608487337,0.3004158636778578
dkasc_8,xgboost,3,-2.0,24 months,6884,0.021703924983739853,0.014795894734561443,0.9929055571556091,0.054753017320969634,-2.865280037075337,-3.0348931429599935,-2.69952509306286,3380,12.238193018480493,5.268651608487337,0.3004158636778578
dkasc_8,xgboost,4,-2.0,24 months,6884,0.021710079163312912,0.014789684675633907,0.9929015040397644,0.054768542618859876,-2.8649528827175303,-3.0220410265755273,-2.645947559526667,3380,12.238193018480493,5.268651608487337,0.3004158636778578
dkasc_8,random_forest,0,-2.0,24 months,6884,0.02121693268418312,0.014098376035690308,0.993220329284668,0.0535244700497832,-2.583911497109246,-2.774816025690412,-2.3976761856535855,3380,12.238193018480493,5.268651608487337,0.3004158636778578
dkasc_8,random_forest,1,-2.0,24 months,6884,0.021286295726895332,0.014144506305456161,0.9931759834289551,0.05369945387791116,-2.567084438792497,-2.7540247623589256,-2.3713244982961235,3380,12.238193018480493,5.268651608487337,0.3004158636778578
dkasc_8,random_forest,2,-2.0,24 months,6884,0.021260473877191544,0.014174047857522964,0.9931924939155579,0.05363431247214468,-2.590190021018861,-2.7917165016113334,-2.4148568933909265,3380,12.238193018480493,5.268651608487337,0.3004158636778578
dkasc_8,random_forest,3,-2.0,24 months,6884,0.021370207890868187,0.014237510971724987,0.9931220412254333,0.05391114112668703,-2.575311801404304,-2.7313144853454405,-2.3262985927982234,3380,12.238193018480493,5.268651608487337,0.3004158636778578
dkasc_8,random_forest,4,-2.0,24 months,6884,0.021205704659223557,0.014137369580566883,0.9932275414466858,0.05349614483922558,-2.5306227285473826,-2.7318590754876304,-2.3877164297093634,3380,12.238193018480493,5.268651608487337,0.3004158636778578
dkasc_10,xgboost,0,0.0,24 months,6885,0.01912664994597435,0.012361233122646809,0.9953631162643433,0.045123522594635396,-1.1972902589814371,-1.3192305970858964,-1.0532192036896315,3341,12.216290212183436,5.22621492128679,0.29040726621671914
dkasc_10,xgboost,1,0.0,24 months,6885,0.019123369827866554,0.012340361252427101,0.9953646659851074,0.04511578415199289,-1.2089439776496458,-1.345140096786812,-1.0734838114988643,3341,12.216290212183436,5.22621492128679,0.2904474999748539
dkasc_10,xgboost,2,0.0,24 months,6885,0.01910441368818283,0.012415740638971329,0.9953738451004028,0.0450710628965853,-1.1814810445667068,-1.3238860457342823,-1.073585793720322,3341,12.216290212183436,5.22621492128679,0.290346915579517
dkasc_10,xgboost,3,0.0,24 months,6885,0.01911967620253563,0.012379415333271027,0.9953664541244507,0.04510707016462203,-1.1924572474410589,-1.3267555915561002,-1.0737413176095334,3341,12.216290212183436,5.22621492128679,0.2903167402609159
dkasc_10,xgboost,4,0.0,24 months,6885,0.01913958415389061,0.012399064376950264,0.9953567981719971,0.04515403693064309,-1.2011671118847633,-1.316741694221594,-1.072823247642407,3341,12.216290212183436,5.22621492128679,0.29036703245858436
dkasc_10,random_forest,0,0.0,24 months,6885,0.019259728491306305,0.012261309660971165,0.9952983260154724,0.045437481012032564,-1.056505138375724,-1.1956112568019739,-0.9473595878042695,3341,12.216290212183436,5.22621492128679,0.29038714933765175
dkasc_10,random_forest,1,0.0,24 months,6885,0.019220922142267227,0.012258528731763363,0.995317280292511,0.04534592921531822,-1.0882954714418809,-1.1990056172072772,-0.9566146591647562,3341,12.216290212183436,5.22621492128679,0.2903972077771855
dkasc_10,random_forest,2,0.0,24 months,6885,0.019284529611468315,0.012281044386327267,0.995286226272583,0.04549599172400585,-1.0739953090282084,-1.1994063330893978,-0.9426050447635448,3341,12.216290212183436,5.22621492128679,0.2904173246562528
dkasc_10,random_forest,3,0.0,24 months,6885,0.01923265866935253,0.012249885126948357,0.9953115582466125,0.045373617987090185,-1.0652219210792624,-1.1968658182995084,-0.9432212539051354,3341,12.216290212183436,5.22621492128679,0.2903972077771855
dkasc_10,random_forest,4,0.0,24 months,6885,0.019312748685479164,0.012292196974158287,0.9952723979949951,0.045562566060197755,-1.0854908866332451,-1.1950193814226875,-0.9583289018713748,3341,12.216290212183436,5.22621492128679,0.29038714933765175
dkasc_10,xgboost,0,-0.25,24 months,6885,0.01935753971338272,0.0126121761277318,0.9952152967453003,0.04583924909959673,-1.4019432712752804,-1.511158754167071,-1.2947701321267986,3341,12.216290212183436,5.22621492128679,0.2903972077771855
dkasc_10,xgboost,1,-0.25,24 months,6885,0.01939111016690731,0.012548928149044514,0.995198667049408,0.04591874496551177,-1.4276896179076872,-1.5571496697129539,-1.3128562107387332,3341,12.216290212183436,5.22621492128679,0.29036703245858436
dkasc_10,xgboost,2,-0.25,24 months,6885,0.01942289061844349,0.012685613706707954,0.9951829314231873,0.04599400205169289,-1.414134927883226,-1.5078641655580816,-1.29034164321008,3341,12.216290212183436,5.22621492128679,0.29028656494231486
dkasc_10,xgboost,3,-0.25,24 months,6885,0.0193684920668602,0.0125942537561059,0.9952098727226257,0.04586518460931101,-1.4375929994860648,-1.5391472510718485,-1.3193051443908699,3341,12.216290212183436,5.22621492128679,0.2904374415353202
dkasc_10,xgboost,4,-0.25,24 months,6885,0.019358787685632706,0.01257529016584158,0.9952146410942078,0.045842204336247847,-1.4398346849477217,-1.5246328643728269,-1.3101041307894135,3341,12.216290212183436,5.22621492128679,0.2903770908981181
dkasc_10,random_forest,0,-0.25,24 months,6885,0.019436584785580635,0.012424287386238575,0.9951761364936829,0.046026430260437685,-1.266828042685031,-1.3984496342203714,-1.1639537557291246,3341,12.216290212183436,5.22621492128679,0.2903972077771855
dkasc_10,random_forest,1,-0.25,24 months,6885,0.01935083232820034,0.012424062006175518,0.9952185750007629,0.04582336580529722,-1.2806205667104624,-1.405973898992024,-1.1533508998404045,3341,12.216290212183436,5.22621492128679,0.2903972077771855
dkasc_10,random_forest,2,-0.25,24 months,6885,0.0195181742310524,0.012408846989274025,0.9951355457305908,0.046219636575406134,-1.2702402139109337,-1.4210661780004408,-1.160392781403282,3341,12.216290212183436,5.22621492128679,0.2903770908981181
dkasc_10,random_forest,3,-0.25,24 months,6885,0.019436627626419067,0.012452002614736557,0.9951760768890381,0.046026531708860036,-1.2960392302042196,-1.4171802648264564,-1.1908266905297549,3341,12.216290212183436,5.22621492128679,0.2903770908981181
dkasc_10,random_forest,4,-0.25,24 months,6885,0.01945730485022068,0.01245961245149374,0.9951658248901367,0.046075496010448164,-1.2764866871779712,-1.4200023324606459,-1.1483051384274856,3341,12.216290212183436,5.22621492128679,0.2903972077771855
dkasc_10,xgboost,0,-0.5,24 months,6885,0.019662346690893173,0.012889782898128033,0.9950268268585205,0.04673605221219887,-1.619651062111288,-1.7311989466511912,-1.5083348510777013,3341,12.216290212183436,5.22621492128679,0.29040726621671914
dkasc_10,xgboost,1,-0.5,24 months,6885,0.019602743908762932,0.012812918983399868,0.9950569272041321,0.04659438047883851,-1.6587693881294496,-1.7877066215590853,-1.5402607160571125,3341,12.216290212183436,5.22621492128679,0.29030668182138225
dkasc_10,xgboost,2,-0.5,24 months,6885,0.01968700997531414,0.012926357798278332,0.9950143098831177,0.04679467515108523,-1.6315186834981836,-1.7523862555956948,-1.5389914312698947,3341,12.216290212183436,5.22621492128679,0.290346915579517
dkasc_10,xgboost,3,-0.5,24 months,6885,0.019581614062190056,0.01281028613448143,0.9950675964355469,0.04654415627985604,-1.618962776114602,-1.7414055433427111,-1.5379510544708874,3341,12.216290212183436,5.22621492128679,0.29036703245858436
dkasc_10,xgboost,4,-0.5,24 months,6885,0.01962669938802719,0.012860295362770557,0.9950448274612427,0.04665132101331607,-1.6457141621008309,-1.7689687494847617,-1.5215701303284646,3341,12.216290212183436,5.22621492128679,0.29030668182138225
dkasc_10,random_forest,0,-0.5,24 months,6885,0.019732395187020302,0.012740242294967175,0.9949913024902344,0.046902552692728985,-1.5131753560123238,-1.6334747648646912,-1.4010110705022338,3341,12.216290212183436,5.22621492128679,0.2903368571399833
dkasc_10,random_forest,1,-0.5,24 months,6885,0.019793536514043808,0.012759088538587093,0.9949602484703064,0.047047881441988466,-1.5111511107377296,-1.6633529001442993,-1.391429631162322,3341,12.216290212183436,5.22621492128679,0.29040726621671914
dkasc_10,random_forest,2,-0.5,24 months,6885,0.0197600107640028,0.012738465331494808,0.9949772953987122,0.04696819302895202,-1.496831625463702,-1.6310791622319354,-1.3466194214573155,3341,12.216290212183436,5.22621492128679,0.29036703245858436
dkasc_10,random_forest,3,-0.5,24 months,6885,0.019765406847000122,0.01273776963353157,0.9949745535850525,0.04698101914887905,-1.4962544107108955,-1.6043092353072355,-1.36527447585435,3341,12.216290212183436,5.22621492128679,0.29038714933765175
dkasc_10,random_forest,4,-0.5,24 months,6885,0.01973823644220829,0.01273308414965868,0.9949883222579956,0.046916436956481546,-1.5231260109861773,-1.6325119441443765,-1.378273422510301,3341,12.216290212183436,5.22621492128679,0.29036703245858436
dkasc_10,xgboost,0,-1.0,24 months,6885,0.02034880220890045,0.013569260016083717,0.9945942163467407,0.04873406382890644,-2.0685860100105535,-2.1781644088871954,-1.9585862909647256,3341,12.216290212183436,5.22621492128679,0.29029662338184853
dkasc_10,xgboost,1,-1.0,24 months,6885,0.020255016162991524,0.013468040153384209,0.9946439266204834,0.048509452321031675,-2.0866225807929295,-2.2094465417440867,-2.001331851967059,3341,12.216290212183436,5.22621492128679,0.29027650650278114
dkasc_10,xgboost,2,-1.0,24 months,6885,0.02036331407725811,0.013585942797362804,0.9945864677429199,0.04876881881406765,-2.09763935318642,-2.206407684203082,-1.9689999336762687,3341,12.216290212183436,5.22621492128679,0.29025638962371375
dkasc_10,xgboost,3,-1.0,24 months,6885,0.020311135798692703,0.013530070893466473,0.9946141839027405,0.04864385521513028,-2.088166115409662,-2.201816043971202,-1.9965940497629884,3341,12.216290212183436,5.22621492128679,0.2903770908981181
dkasc_10,xgboost,4,-1.0,24 months,6885,0.020359404385089874,0.013562620617449284,0.9945885539054871,0.048759455354453564,-2.087603215082978,-2.209727332367412,-1.9754709266223858,3341,12.216290212183436,5.22621492128679,0.2902262143051127
dkasc_10,random_forest,0,-1.0,24 months,6885,0.020443502813577652,0.013422681018710136,0.9945437908172607,0.048960865645819085,-1.9458505761571512,-2.0633630984983773,-1.841295559971512,3341,12.216290212183436,5.22621492128679,0.290346915579517
dkasc_10,random_forest,1,-1.0,24 months,6885,0.020425505936145782,0.013373815454542637,0.9945533871650696,0.04891776428955832,-1.9333734263387858,-2.1033013466914667,-1.8238818800283518,3341,12.216290212183436,5.22621492128679,0.2903569740190507
dkasc_10,random_forest,2,-1.0,24 months,6885,0.020373456180095673,0.013330359011888504,0.9945811033248901,0.04879310849372403,-1.936384871226672,-2.0889785425090124,-1.8280998384210088,3341,12.216290212183436,5.22621492128679,0.290346915579517
dkasc_10,random_forest,3,-1.0,24 months,6885,0.020442668348550797,0.013407991267740726,0.9945442080497742,0.04895886715610631,-1.9423961648895192,-2.0475922789118584,-1.810641690970366,3341,12.216290212183436,5.22621492128679,0.290346915579517
dkasc_10,random_forest,4,-1.0,24 months,6885,0.020420202985405922,0.013426335528492928,0.994556188583374,0.048905064065870224,-1.9596475090646077,-2.089213340671876,-1.8346770489460262,3341,12.216290212183436,5.22621492128679,0.29036703245858436
dkasc_10,xgboost,0,-2.0,24 months,6885,0.022135639563202858,0.015238302759826183,0.993411123752594,0.05382886838673881,-2.9647042029810877,-3.0912064594146154,-2.869440542952284,3341,12.216290212183436,5.22621492128679,0.29028656494231486
dkasc_10,xgboost,1,-2.0,24 months,6885,0.022028237581253052,0.015145046636462212,0.9934749007225037,0.05356769106071921,-2.997332335775782,-3.0972284771696112,-2.89936224516939,3341,12.216290212183436,5.22621492128679,0.29021615586557903
dkasc_10,xgboost,2,-2.0,24 months,6885,0.022212384268641472,0.01533608790487051,0.9933653473854065,0.05401549415088892,-2.986645650458236,-3.1168795447446906,-2.883179206172665,3341,12.216290212183436,5.22621492128679,0.29019603898651164
dkasc_10,xgboost,3,-2.0,24 months,6885,0.022149870172142982,0.015224847942590714,0.9934026598930359,0.053863474008750044,-3.030484027511143,-3.1110813686818046,-2.922213041614974,3341,12.216290212183436,5.22621492128679,0.29061849344692664
dkasc_10,xgboost,4,-2.0,24 months,6885,0.022197702899575233,0.015261774882674217,0.9933741092681885,0.053979792382211886,-3.012586253256022,-3.1173518264781963,-2.91030967527906,3341,12.216290212183436,5.22621492128679,0.2903972077771855
dkasc_10,random_forest,0,-2.0,24 months,6885,0.022202927619218826,0.015061644837260246,0.9933710098266602,0.053992497718565485,-2.9140620842997347,-3.0413866359073394,-2.7547822250934546,3341,12.216290212183436,5.22621492128679,0.29030668182138225
dkasc_10,random_forest,1,-2.0,24 months,6885,0.022178176790475845,0.015017123892903328,0.9933857917785645,0.053932309301643326,-2.923922407102272,-3.0452176645843023,-2.747962016204819,3341,12.216290212183436,5.22621492128679,0.2903368571399833
dkasc_10,random_forest,2,-2.0,24 months,6885,0.0221963319927454,0.01499237958341837,0.9933749437332153,0.053976458646897714,-2.924375709420579,-3.0568458101542904,-2.7697462389581453,3341,12.216290212183436,5.22621492128679,0.2903368571399833
dkasc_10,random_forest,3,-2.0,24 months,6885,0.0222302433103323,0.015058748424053192,0.9933546781539917,0.05405892330060668,-2.9288796610976275,-3.049334916159946,-2.789973742203311,3341,12.216290212183436,5.22621492128679,0.29030668182138225
dkasc_10,random_forest,4,-2.0,24 months,6885,0.022251302376389503,0.015030335634946823,0.9933421015739441,0.0541101341857453,-2.925534140139403,-3.047022582165654,-2.787965835942774,3341,12.216290212183436,5.22621492128679,0.29030668182138225
dkasc_11,xgboost,0,0.0,24 months,6845,0.017313746735453606,0.011147226206958294,0.9959964752197266,0.04140911726572195,-1.2020896520783693,-1.3211871275188525,-1.0947763801789079,3385,12.216290212183436,5.275496235455167,0.3021663257934206
dkasc_11,xgboost,1,0.0,24 months,6845,0.017212428152561188,0.011034647934138775,0.9960431456565857,0.04116679461053388,-1.2148153192114264,-1.3506016303811539,-1.0911152628812815,3385,12.216290212183436,5.275496235455167,0.3021968517557516
dkasc_11,xgboost,2,0.0,24 months,6845,0.01725044660270214,0.011050119064748287,0.9960256814956665,0.04125772296268102,-1.2065964151200759,-1.3263273684601007,-1.1012661340110772,3385,12.216290212183436,5.275496235455167,0.30217650111419764
dkasc_11,xgboost,3,0.0,24 months,6845,0.017222490161657333,0.01104686502367258,0.996038556098938,0.04119085981842663,-1.1940774088078698,-1.3195635850666485,-1.1060126330694204,3385,12.216290212183436,5.275496235455167,0.3022172023973056
dkasc_11,xgboost,4,0.0,24 months,6845,0.017096316441893578,0.010999701917171478,0.9960963726043701,0.04088909137758124,-1.191320185961997,-1.30654703077649,-1.066238888711657,3385,12.216290212183436,5.275496235455167,0.3021663257934206
dkasc_11,random_forest,0,0.0,24 months,6845,0.017442427575588226,0.011255794204771519,0.9959366917610168,0.041716881961625395,-1.0886467053893512,-1.2075536372705953,-0.9433812766510119,3385,12.216290212183436,5.275496235455167,0.30212562451031266
dkasc_11,random_forest,1,0.0,24 months,6845,0.017448022961616516,0.011302475817501545,0.9959341287612915,0.04173026439119033,-1.075194398829693,-1.1878247260064811,-0.9706122574942189,3385,12.216290212183436,5.275496235455167,0.3021154491895357
dkasc_11,random_forest,2,0.0,24 months,6845,0.017372271046042442,0.011266575194895267,0.9959693551063538,0.04154908928201038,-1.070252759452616,-1.203143237251636,-0.9663795654115237,3385,12.216290212183436,5.275496235455167,0.30212562451031266
dkasc_11,random_forest,3,0.0,24 months,6845,0.017428062856197357,0.011259486898779869,0.9959434270858765,0.04168252600396733,-1.0674860721743729,-1.1991603922525185,-0.9465185339504578,3385,12.216290212183436,5.275496235455167,0.3021154491895357
dkasc_11,random_forest,4,0.0,24 months,6845,0.0173510629683733,0.011209465563297272,0.9959791898727417,0.04149836613186843,-1.08954655067175,-1.2087214787391882,-0.9760260632172391,3385,12.216290212183436,5.275496235455167,0.3021154491895357
dkasc_11,xgboost,0,-0.25,24 months,6845,0.01750895194709301,0.011337161995470524,0.9958751201629639,0.04203303640629424,-1.4015574307136847,-1.5338970527968399,-1.278070161753786,3385,12.216290212183436,5.275496235455167,0.30215615047264366
dkasc_11,xgboost,1,-0.25,24 months,6845,0.017380379140377045,0.01121931616216898,0.9959354996681213,0.041724376842781706,-1.4132081174180633,-1.526632033785058,-1.2983269906719823,3385,12.216290212183436,5.275496235455167,0.30217650111419764
dkasc_11,xgboost,2,-0.25,24 months,6845,0.01746116764843464,0.011257553473114967,0.995897650718689,0.04191832256327121,-1.4166366914336703,-1.5422083161202642,-1.304353790526147,3385,12.216290212183436,5.275496235455167,0.30214597515186664
dkasc_11,xgboost,3,-0.25,24 months,6845,0.017444061115384102,0.0112492386251688,0.9959056377410889,0.04187725559771716,-1.418165659531767,-1.5636572303940888,-1.3244768122471329,3385,12.216290212183436,5.275496235455167,0.30217650111419764
dkasc_11,xgboost,4,-0.25,24 months,6845,0.017362874001264572,0.01121552474796772,0.9959436655044556,0.04168235295969406,-1.4022075746080054,-1.5151413139362302,-1.2777745461564072,3385,12.216290212183436,5.275496235455167,0.3021968517557516
dkasc_11,random_forest,0,-0.25,24 months,6845,0.01761636696755886,0.01147975493222475,0.99582439661026,0.042290903323712645,-1.2990991150913411,-1.434338889228326,-1.16072563608286,3385,12.216290212183436,5.275496235455167,0.3021154491895357
dkasc_11,random_forest,1,-0.25,24 months,6845,0.01760951802134514,0.011493374593555927,0.9958276152610779,0.04227446133412834,-1.3251764431536417,-1.4376811039111037,-1.1800435261715148,3385,12.216290212183436,5.275496235455167,0.3021154491895357
dkasc_11,random_forest,2,-0.25,24 months,6845,0.017633287236094475,0.011462835595011711,0.9958163499832153,0.04233152313154071,-1.3057472278875104,-1.4376417056606465,-1.2015612618085258,3385,12.216290212183436,5.275496235455167,0.3021154491895357
dkasc_11,random_forest,3,-0.25,24 months,6845,0.01758471317589283,0.011466234922409058,0.9958393573760986,0.042214913339759526,-1.3075287492510301,-1.4418096743692776,-1.1926976437349746,3385,12.216290212183436,5.275496235455167,0.3021154491895357
dkasc_11,random_forest,4,-0.25,24 months,6845,0.017542539164423943,0.011417752131819725,0.9958593249320984,0.04211366788744303,-1.321962730593943,-1.4502431664012883,-1.187086058301845,3385,12.216290212183436,5.275496235455167,0.3021154491895357
dkasc_11,xgboost,0,-0.5,24 months,6845,0.01782797835767269,0.011645641177892685,0.9956915974617004,0.042960024530418923,-1.6266451185181108,-1.7392581533519413,-1.5194098179175164,3385,12.216290212183436,5.275496235455167,0.30215615047264366
dkasc_11,xgboost,1,-0.5,24 months,6845,0.017687682062387466,0.011480618268251419,0.995759129524231,0.042621952979844814,-1.6607944555491194,-1.7843652371040797,-1.5463132431962328,3385,12.216290212183436,5.275496235455167,0.3022070270765286
dkasc_11,xgboost,2,-0.5,24 months,6845,0.017840730026364326,0.011584511026740074,0.9956853985786438,0.04299075218718437,-1.6742113769915967,-1.7809246194782968,-1.5677026553209017,3385,12.216290212183436,5.275496235455167,0.30217650111419764
dkasc_11,xgboost,3,-0.5,24 months,6845,0.01770745776593685,0.011524456553161144,0.9957496523857117,0.04266960643176984,-1.6455159218970896,-1.7719685974186938,-1.5229792477365445,3385,12.216290212183436,5.275496235455167,0.3021663257934206
dkasc_11,xgboost,4,-0.5,24 months,6845,0.01766783930361271,0.01147292461246252,0.9957686066627502,0.04257413794514976,-1.6285934602476848,-1.758911182114291,-1.5186810858785778,3385,12.216290212183436,5.275496235455167,0.3022172023973056
dkasc_11,random_forest,0,-0.5,24 months,6845,0.01782476156949997,0.011673534289002419,0.9956931471824646,0.04295227304586825,-1.5084781710159478,-1.654353113724807,-1.3921745853616052,3385,12.216290212183436,5.275496235455167,0.30210527386875874
dkasc_11,random_forest,1,-0.5,24 months,6845,0.017835136502981186,0.011644477024674416,0.9956881403923035,0.04297727349111855,-1.5361848344943807,-1.649210742144036,-1.4057981118044358,3385,12.216290212183436,5.275496235455167,0.3021154491895357
dkasc_11,random_forest,2,-0.5,24 months,6845,0.017858972772955894,0.011654780246317387,0.995676577091217,0.04303471167745034,-1.5171657625966395,-1.6353780350448304,-1.3930755410291331,3385,12.216290212183436,5.275496235455167,0.3021154491895357
dkasc_11,random_forest,3,-0.5,24 months,6845,0.017870036885142326,0.011673547327518463,0.9956712126731873,0.043061372834503626,-1.5375152849676832,-1.6686184017494186,-1.4168024775966237,3385,12.216290212183436,5.275496235455167,0.3021154491895357
dkasc_11,random_forest,4,-0.5,24 months,6845,0.017927300184965134,0.011653128080070019,0.9956434369087219,0.04319936003169033,-1.538111962976807,-1.6623871601215257,-1.4250508801750652,3385,12.216290212183436,5.275496235455167,0.3021154491895357
dkasc_11,xgboost,0,-1.0,24 months,6845,0.01846427470445633,0.012271689251065254,0.9953093528747559,0.04483083252182322,-2.071937238334369,-2.239986366248037,-1.9698174250133427,3385,12.216290212183436,5.275496235455167,0.3021663257934206
dkasc_11,xgboost,1,-1.0,24 months,6845,0.01834733970463276,0.012146638706326485,0.9953685402870178,0.04454691704304383,-2.1131729031558466,-2.211339387152178,-1.9842042215278854,3385,12.216290212183436,5.275496235455167,0.30222737771808256
dkasc_11,xgboost,2,-1.0,24 months,6845,0.01847294345498085,0.012224873527884483,0.9953049421310425,0.04485188004787873,-2.107038617927115,-2.2492132039421464,-2.0052200058778613,3385,12.216290212183436,5.275496235455167,0.30217650111419764
dkasc_11,xgboost,3,-1.0,24 months,6845,0.018380144611001015,0.01217757910490036,0.9953519701957703,0.044626566598026586,-2.085260372421349,-2.204865710134929,-1.9866699221962936,3385,12.216290212183436,5.275496235455167,0.3021663257934206
dkasc_11,xgboost,4,-1.0,24 months,6845,0.01839352212846279,0.012137572281062603,0.9953451752662659,0.0446590469014496,-2.095532149527113,-2.258326551682144,-1.993542062378284,3385,12.216290212183436,5.275496235455167,0.30222737771808256
dkasc_11,random_forest,0,-1.0,24 months,6845,0.018488209694623947,0.0122291911393404,0.9952971339225769,0.044888946125135075,-1.9851737277513841,-2.1045106713781347,-1.8599997463630058,3385,12.216290212183436,5.275496235455167,0.30210527386875874
dkasc_11,random_forest,1,-1.0,24 months,6845,0.01843724399805069,0.012234033085405827,0.9953230619430542,0.04476520259098573,-1.9975733838107246,-2.129088109938093,-1.89320184505255,3385,12.216290212183436,5.275496235455167,0.3021154491895357
dkasc_11,random_forest,2,-1.0,24 months,6845,0.018407193943858147,0.012206017971038818,0.9953382611274719,0.04469224175345809,-1.9864966344988577,-2.105029537071368,-1.8801588109888856,3385,12.216290212183436,5.275496235455167,0.3021154491895357
dkasc_11,random_forest,3,-1.0,24 months,6845,0.018435828387737274,0.012187274172902107,0.9953237771987915,0.04476176552184044,-1.9930893615982326,-2.1138085377664373,-1.880017916711094,3385,12.216290212183436,5.275496235455167,0.30210527386875874
dkasc_11,random_forest,4,-1.0,24 months,6845,0.018483774736523628,0.01225379016250372,0.9952993988990784,0.044878178149299626,-1.9871552766266731,-2.1192758477889373,-1.8644825231202256,3385,12.216290212183436,5.275496235455167,0.30210527386875874
dkasc_11,xgboost,0,-2.0,24 months,6845,0.020152471959590912,0.013827940449118614,0.9942436218261719,0.0496835323758826,-3.0387601160511424,-3.156994566347935,-2.90776616466981,3385,12.216290212183436,5.275496235455167,0.3022070270765286
dkasc_11,xgboost,1,-2.0,24 months,6845,0.020115600898861885,0.013808416202664375,0.9942646622657776,0.049592631143361994,-3.00907914616505,-3.158514042144611,-2.9210646894177814,3385,12.216290212183436,5.275496235455167,0.3022172023973056
dkasc_11,xgboost,2,-2.0,24 months,6845,0.020177766680717468,0.013778867200016975,0.9942291975021362,0.049745893514434245,-3.0205533080680524,-3.17526358695074,-2.8971212771715993,3385,12.216290212183436,5.275496235455167,0.3021968517557516
dkasc_11,xgboost,3,-2.0,24 months,6845,0.020178744569420815,0.01380041241645813,0.9942286014556885,0.049748304383192686,-3.0108399740546465,-3.1326008281920004,-2.903100315916285,3385,12.216290212183436,5.275496235455167,0.3022070270765286
dkasc_11,xgboost,4,-2.0,24 months,6845,0.020177140831947327,0.013855488039553165,0.9942295551300049,0.049744350558428845,-3.0205338086907063,-3.1657910279987322,-2.9037603333535147,3385,12.216290212183436,5.275496235455167,0.30222737771808256
dkasc_11,random_forest,0,-2.0,24 months,6845,0.02017109841108322,0.013743436895310879,0.9942330121994019,0.049729453685567165,-2.9223576969300327,-3.0551611585884486,-2.8181957545956315,3385,12.216290212183436,5.275496235455167,0.30210527386875874
dkasc_11,random_forest,1,-2.0,24 months,6845,0.020145317539572716,0.013696669600903988,0.9942477345466614,0.04966589400083275,-2.930300998042812,-3.0546091251283487,-2.8085430317679294,3385,12.216290212183436,5.275496235455167,0.30210527386875874
dkasc_11,random_forest,2,-2.0,24 months,6845,0.02020091749727726,0.013744683004915714,0.9942159056663513,0.049802969110241194,-2.9134751430596424,-3.0387167358272738,-2.7914244554301915,3385,12.216290212183436,5.275496235455167,0.3021154491895357
dkasc_11,random_forest,3,-2.0,24 months,6845,0.020186863839626312,0.013778682798147202,0.994223952293396,0.04976832148208419,-2.9652328790357307,-3.0814936385540137,-2.834379505113427,3385,12.216290212183436,5.275496235455167,0.3021154491895357
dkasc_11,random_forest,4,-2.0,24 months,6845,0.020256824791431427,0.01379112433642149,0.9941838383674622,0.04994080192125943,-2.9427165280482614,-3.0763980519946927,-2.8141734239289784,3385,12.216290212183436,5.275496235455167,0.3021154491895357
dkasc_13,xgboost,0,0.0,24 months,6884,0.027079585939645767,0.017058726400136948,0.9900954365730286,0.06578414811045805,-0.6894561257898002,-0.8346342958181818,-0.5313444794469104,3404,12.216290212183436,5.301505817932923,0.3012190564684732
dkasc_13,xgboost,1,0.0,24 months,6884,0.027054306119680405,0.016859021037817,0.9901139140129089,0.06572273611455406,-0.6592479428082831,-0.8316251217084902,-0.5032184403839957,3404,12.216290212183436,5.301505817932923,0.30120895658058194
dkasc_13,xgboost,2,0.0,24 months,6884,0.027082614600658417,0.016963034868240356,0.9900932312011719,0.06579150560422019,-0.6762816903885582,-0.8540033476033223,-0.4953584144241162,3404,12.216290212183436,5.301505817932923,0.3012190564684732
dkasc_13,xgboost,3,0.0,24 months,6884,0.027121996507048607,0.016969528049230576,0.9900643825531006,0.06588717564764769,-0.681838526931532,-0.8248714309442406,-0.518347717311396,3404,12.216290212183436,5.301505817932923,0.3012190564684732
dkasc_13,xgboost,4,0.0,24 months,6884,0.027303121984004974,0.01699531078338623,0.9899312853813171,0.06632718182902843,-0.7030941054920969,-0.8346874498685986,-0.539153945141142,3404,12.216290212183436,5.301505817932923,0.30120895658058194
dkasc_13,random_forest,0,0.0,24 months,6884,0.026583349332213402,0.016616003587841988,0.990455150604248,0.06457864583453997,-0.6398349202437092,-0.7795653528223867,-0.4885404891476819,3404,12.216290212183436,5.301505817932923,0.30104735837432206
dkasc_13,random_forest,1,0.0,24 months,6884,0.026574745774269104,0.0166473425924778,0.9904612898826599,0.06455774530336693,-0.6360692144329999,-0.7940148584489992,-0.5014722061273337,3404,12.216290212183436,5.301505817932923,0.30106755815010455
dkasc_13,random_forest,2,0.0,24 months,6884,0.026731617748737335,0.016726162284612656,0.9903483390808105,0.06493883271089962,-0.6379449219926046,-0.7968629786043846,-0.468502361055223,3404,12.216290212183436,5.301505817932923,0.30102715859853957
dkasc_13,random_forest,3,0.0,24 months,6884,0.02654137834906578,0.01672106795012951,0.9904852509498596,0.06447668617467374,-0.6117267217957499,-0.7759290973522015,-0.4818628760463361,3404,12.216290212183436,5.301505817932923,0.30106755815010455
dkasc_13,random_forest,4,0.0,24 months,6884,0.026817604899406433,0.01682707481086254,0.9902861714363098,0.0651477203751283,-0.6062871548577653,-0.7621926276288993,-0.4755463720864994,3404,12.216290212183436,5.301505817932923,0.30104735837432206
dkasc_13,xgboost,0,-0.25,24 months,6884,0.027390746399760246,0.017271295189857483,0.9897924661636353,0.06678813461034953,-0.9185307077162475,-1.0593270543686528,-0.775437031797388,3404,12.216290212183436,5.301505817932923,0.3012190564684732
dkasc_13,xgboost,1,-0.25,24 months,6884,0.02736942283809185,0.01713595725595951,0.9898083209991455,0.06673614037527847,-0.9118827865615131,-1.057802529483679,-0.7470470115640726,3404,12.216290212183436,5.301505817932923,0.3012190564684732
dkasc_13,xgboost,2,-0.25,24 months,6884,0.02733123116195202,0.01716236211359501,0.9898367524147034,0.06664301582986469,-0.9294808370428176,-1.1009084131319624,-0.789784149612327,3404,12.216290212183436,5.301505817932923,0.30120895658058194
dkasc_13,xgboost,3,-0.25,24 months,6884,0.027463415637612343,0.017247995361685753,0.9897382259368896,0.06696532740272046,-0.9050804357902842,-1.0463169207352685,-0.7586755109893595,3404,12.216290212183436,5.301505817932923,0.3012190564684732
dkasc_13,xgboost,4,-0.25,24 months,6884,0.02754751592874527,0.017220642417669296,0.9896752834320068,0.06717039306551688,-0.9248591665215411,-1.0701659607117664,-0.7731131179575451,3404,12.216290212183436,5.301505817932923,0.3012190564684732
dkasc_13,random_forest,0,-0.25,24 months,6884,0.02696366421878338,0.016833672299981117,0.9901083111763,0.06574676020687528,-0.8667304798439689,-1.0093778084437566,-0.7299266494239398,3404,12.216290212183436,5.301505817932923,0.30104735837432206
dkasc_13,random_forest,1,-0.25,24 months,6884,0.026923544704914093,0.016932351514697075,0.9901376962661743,0.0656489349248002,-0.8581719266974264,-1.001733181724402,-0.7042081736719386,3404,12.216290212183436,5.301505817932923,0.30108775792588705
dkasc_13,random_forest,2,-0.25,24 months,6884,0.027010707184672356,0.016903972253203392,0.9900737404823303,0.06586146726496007,-0.8466555300023826,-0.987955175790578,-0.697223201614372,3404,12.216290212183436,5.301505817932923,0.3010372584864308
dkasc_13,random_forest,3,-0.25,24 months,6884,0.026948360726237297,0.01691834256052971,0.9901195168495178,0.06570944498715622,-0.8825447389474106,-0.9972474190145131,-0.7506730699356035,3404,12.216290212183436,5.301505817932923,0.3010574582622133
dkasc_13,random_forest,4,-0.25,24 months,6884,0.02690694108605385,0.016934752464294434,0.9901498556137085,0.06560844954644386,-0.847309230947392,-1.0017610165659496,-0.7215145837026297,3404,12.216290212183436,5.301505817932923,0.3010574582622133
dkasc_13,xgboost,0,-0.5,24 months,6884,0.02777104638516903,0.0174917820841074,0.98943030834198,0.06796885764399901,-1.1427591398259773,-1.3198483629266233,-1.0273919179126678,3404,12.216290212183436,5.301505817932923,0.3012190564684732
dkasc_13,xgboost,1,-0.5,24 months,6884,0.027667339891195297,0.017431598156690598,0.989509105682373,0.06771503890674671,-1.14995494754383,-1.2951310116646186,-0.9948373298509172,3404,12.216290212183436,5.301505817932923,0.3012190564684732
dkasc_13,xgboost,2,-0.5,24 months,6884,0.0276503749191761,0.017370248213410378,0.9895219802856445,0.06767351761323424,-1.1679127996644862,-1.3423503692988392,-0.9895498387748503,3404,12.216290212183436,5.301505817932923,0.30120895658058194
dkasc_13,xgboost,3,-0.5,24 months,6884,0.02771957777440548,0.01744655705988407,0.9894694685935974,0.06784288966174862,-1.1475814991600553,-1.293760595773663,-0.9989047420253527,3404,12.216290212183436,5.301505817932923,0.3012190564684732
dkasc_13,xgboost,4,-0.5,24 months,6884,0.027903461828827858,0.017459550872445107,0.9893292784690857,0.06829294073093378,-1.1348401779193495,-1.306149562631222,-0.9953410427243847,3404,12.216290212183436,5.301505817932923,0.30120895658058194
dkasc_13,random_forest,0,-0.5,24 months,6884,0.027276305481791496,0.017061246559023857,0.9898035526275635,0.0667579931498801,-1.0587217099577884,-1.2344803368690704,-0.9339408148244632,3404,12.216290212183436,5.301505817932923,0.3010372584864308
dkasc_13,random_forest,1,-0.5,24 months,6884,0.027305910363793373,0.01709931530058384,0.9897814393043518,0.06683045026879612,-1.08849189153023,-1.2228682782383093,-0.9461571906965616,3404,12.216290212183436,5.301505817932923,0.30104735837432206
dkasc_13,random_forest,2,-0.5,24 months,6884,0.02732846513390541,0.01713176630437374,0.9897645115852356,0.06688565243646659,-1.0946653731060518,-1.2361831247915174,-0.9530573178809454,3404,12.216290212183436,5.301505817932923,0.30104735837432206
dkasc_13,random_forest,3,-0.5,24 months,6884,0.02726065367460251,0.017125114798545837,0.9898152947425842,0.06671968579048337,-1.0491704656939833,-1.2114547920530694,-0.9332246376912042,3404,12.216290212183436,5.301505817932923,0.3010372584864308
dkasc_13,random_forest,4,-0.5,24 months,6884,0.02730942890048027,0.01708921603858471,0.9897788166999817,0.06683906178871762,-1.0741075617421214,-1.2355654202088617,-0.9327792795030695,3404,12.216290212183436,5.301505817932923,0.3010372584864308
dkasc_13,xgboost,0,-1.0,24 months,6884,0.028537025675177574,0.0181156937032938,0.9886754155158997,0.07037026574862462,-1.627533903082113,-1.7794096697923312,-1.4999909944454881,3404,12.216290212183436,5.301505817932923,0.3012190564684732
dkasc_13,xgboost,1,-1.0,24 months,6884,0.02848649024963379,0.01794184185564518,0.9887154698371887,0.07024564900104503,-1.6436898307336967,-1.7664100357904666,-1.4679267295895884,3404,12.216290212183436,5.301505817932923,0.3012190564684732
dkasc_13,xgboost,2,-1.0,24 months,6884,0.028387635946273804,0.017941603437066078,0.988793671131134,0.07000188135416345,-1.6504060710577384,-1.8289958712234822,-1.4810394907718072,3404,12.216290212183436,5.301505817932923,0.3012190564684732
dkasc_13,xgboost,3,-1.0,24 months,6884,0.02839360386133194,0.018009861931204796,0.9887889623641968,0.07001659780616466,-1.6253935019717565,-1.746225532652479,-1.466733818473387,3404,12.216290212183436,5.301505817932923,0.3012190564684732
dkasc_13,xgboost,4,-1.0,24 months,6884,0.0285628791898489,0.01804361492395401,0.9886548519134521,0.07043401866803065,-1.6349075384424911,-1.7878750653420925,-1.4760285641967519,3404,12.216290212183436,5.301505817932923,0.3012190564684732
dkasc_13,random_forest,0,-1.0,24 months,6884,0.027923298999667168,0.017547979950904846,0.9891572594642639,0.0688568596304021,-1.5406069632607933,-1.6534484968544816,-1.410528647431608,3404,12.216290212183436,5.301505817932923,0.3010069588227571
dkasc_13,random_forest,1,-1.0,24 months,6884,0.027908818796277046,0.01755411922931671,0.9891685247421265,0.06882115248375495,-1.538327076295899,-1.6797345541093134,-1.4055087289018275,3404,12.216290212183436,5.301505817932923,0.30104735837432206
dkasc_13,random_forest,2,-1.0,24 months,6884,0.02778829075396061,0.017479846253991127,0.9892618656158447,0.06852393894564797,-1.557989026694384,-1.7018646623055855,-1.4182584333297443,3404,12.216290212183436,5.301505817932923,0.3010170587106483
dkasc_13,random_forest,3,-1.0,24 months,6884,0.027980700135231018,0.017661890015006065,0.9891126155853271,0.06899840672819282,-1.5419280376726574,-1.6946706762086003,-1.4051129564262688,3404,12.216290212183436,5.301505817932923,0.30104735837432206
dkasc_13,random_forest,4,-1.0,24 months,6884,0.027953477576375008,0.01763020269572735,0.9891338348388672,0.06893127784367417,-1.558975278828667,-1.7137213455824025,-1.419648511590077,3404,12.216290212183436,5.301505817932923,0.30104735837432206
dkasc_13,xgboost,0,-2.0,24 months,6884,0.030227268114686012,0.01954255998134613,0.9869183301925659,0.07567971715394504,-2.5780422204960005,-2.7482964538267707,-2.4371188599144227,3404,12.216290212183436,5.301505817932923,0.30120895658058194
dkasc_13,xgboost,1,-2.0,24 months,6884,0.030148562043905258,0.01950344257056713,0.9869863390922546,0.07548266153011605,-2.5770899733671304,-2.7093843138009555,-2.4420241986561675,3404,12.216290212183436,5.301505817932923,0.3012190564684732
dkasc_13,xgboost,2,-2.0,24 months,6884,0.030116386711597443,0.019408224150538445,0.98701411485672,0.07540210446359086,-2.5898598060429934,-2.7414146553215835,-2.463048301409554,3404,12.216290212183436,5.301505817932923,0.30120895658058194
dkasc_13,xgboost,3,-2.0,24 months,6884,0.030131496489048004,0.019460635259747505,0.9870010614395142,0.07543993466641895,-2.590790225127443,-2.7399785412137057,-2.4153378477110636,3404,12.216290212183436,5.301505817932923,0.3012190564684732
dkasc_13,xgboost,4,-2.0,24 months,6884,0.030246088281273842,0.01950339414179325,0.9869019985198975,0.07572683702196464,-2.6029748612665937,-2.7281627394303953,-2.475601290119267,3404,12.216290212183436,5.301505817932923,0.3012190564684732
dkasc_13,random_forest,0,-2.0,24 months,6884,0.02959631197154522,0.018922772258520126,0.9874587655067444,0.07409999839576063,-2.494609023898686,-2.6245178831600953,-2.3411907230953766,3404,12.216290212183436,5.301505817932923,0.3010069588227571
dkasc_13,random_forest,1,-2.0,24 months,6884,0.029452189803123474,0.018883567303419113,0.9875805974006653,0.07373916112457926,-2.4974186476442894,-2.653126634297942,-2.3228234842664244,3404,12.216290212183436,5.301505817932923,0.3010372584864308
dkasc_13,random_forest,2,-2.0,24 months,6884,0.02952803671360016,0.018882043659687042,0.9875165224075317,0.0739290582965664,-2.50030140952201,-2.638846914110704,-2.36547851743113,3404,12.216290212183436,5.301505817932923,0.3010170587106483
dkasc_13,random_forest,3,-2.0,24 months,6884,0.02958136610686779,0.01894504390656948,0.9874714016914368,0.07406257857974823,-2.4943637660699514,-2.654988598729346,-2.3537729734919015,3404,12.216290212183436,5.301505817932923,0.3010069588227571
dkasc_13,random_forest,4,-2.0,24 months,6884,0.029612788930535316,0.01898077316582203,0.9874447584152222,0.07414125159771048,-2.4818251571416816,-2.628930459099643,-2.3595410934934224,3404,12.216290212183436,5.301505817932923,0.3010069588227571
dkasc_17,xgboost,0,0.0,24 months,6841,0.018193848431110382,0.011242903769016266,0.9959929585456848,0.03943584359127753,-0.5584727120434213,-0.6463048353888778,-0.42542467911753645,3365,12.216290212183436,5.248117727583846,0.3011837942647209
dkasc_17,xgboost,1,0.0,24 months,6841,0.01814005710184574,0.01119451504200697,0.9960166215896606,0.0393192488831552,-0.5585529926709909,-0.6944559555440266,-0.45097826325028767,3365,12.216290212183436,5.248117727583846,0.3011837942647209
dkasc_17,xgboost,2,0.0,24 months,6841,0.018210863694548607,0.011202088557183743,0.9959854483604431,0.03947272480803357,-0.5339124971234566,-0.6475396676912021,-0.42000433887535715,3365,12.216290212183436,5.248117727583846,0.3011837942647209
dkasc_17,xgboost,3,0.0,24 months,6841,0.01821782812476158,0.011179865337908268,0.9959824085235596,0.03948782046971401,-0.5560766135709289,-0.6631930987034851,-0.42896118811253103,3365,12.216290212183436,5.248117727583846,0.3011837942647209
dkasc_17,xgboost,4,0.0,24 months,6841,0.0181339830160141,0.011201957240700722,0.9960193037986755,0.03930608307605707,-0.5572666047723662,-0.6736551836310611,-0.4441158379229442,3365,12.216290212183436,5.248117727583846,0.3011837942647209
dkasc_17,random_forest,0,0.0,24 months,6841,0.018076937645673752,0.011099596507847309,0.9960442781448364,0.03918243511279814,-0.4282767782678887,-0.5596971448662336,-0.3390365257182282,3365,12.216290212183436,5.248117727583846,0.3011837942647209
dkasc_17,random_forest,1,0.0,24 months,6841,0.01803453080356121,0.011129073798656464,0.9960628151893616,0.03909051670427219,-0.4650533853583605,-0.5733489226588007,-0.361674587769445,3365,12.216290212183436,5.248117727583846,0.3011837942647209
dkasc_17,random_forest,2,0.0,24 months,6841,0.018096696585416794,0.011165579780936241,0.996035635471344,0.039225263350055724,-0.446242856324397,-0.5526477789867268,-0.359805553556547,3365,12.216290212183436,5.248117727583846,0.3011837942647209
dkasc_17,random_forest,3,0.0,24 months,6841,0.01812409982085228,0.011184443719685078,0.9960236549377441,0.039284660882722915,-0.44383928945103124,-0.5523146990864116,-0.34613392161538625,3365,12.216290212183436,5.248117727583846,0.3011837942647209
dkasc_17,random_forest,4,0.0,24 months,6841,0.018039284273982048,0.011099659837782383,0.9960607886314392,0.039100820028318314,-0.4337673865259739,-0.5623987011581493,-0.3384844030814292,3365,12.216290212183436,5.248117727583846,0.3011837942647209
dkasc_17,xgboost,0,-0.25,24 months,6841,0.018362753093242645,0.011386455968022346,0.9958877563476562,0.03995164642267626,-0.7996221277099255,-0.8982560996871003,-0.6504304898896862,3365,12.216290212183436,5.248117727583846,0.3011837942647209
dkasc_17,xgboost,1,-0.25,24 months,6841,0.018304642289876938,0.01133881974965334,0.9959137439727783,0.03982521536641712,-0.816883229016041,-0.9389541695083325,-0.6719532226280744,3365,12.216290212183436,5.248117727583846,0.3011837942647209
dkasc_17,xgboost,2,-0.25,24 months,6841,0.018410304561257362,0.011356634087860584,0.9958664774894714,0.04005510364542258,-0.7879683278643079,-0.9031215085773644,-0.6740139804791379,3365,12.216290212183436,5.248117727583846,0.3011837942647209
dkasc_17,xgboost,3,-0.25,24 months,6841,0.018353790044784546,0.011285665445029736,0.995891809463501,0.03993214561356289,-0.8105102393802796,-0.9175499457732994,-0.6700697371541205,3365,12.216290212183436,5.248117727583846,0.3011837942647209
dkasc_17,xgboost,4,-0.25,24 months,6841,0.018356241285800934,0.01136659923940897,0.9958906769752502,0.03993747875254734,-0.7985504493453366,-0.9061993327891038,-0.6857073225334192,3365,12.216290212183436,5.248117727583846,0.3011837942647209
dkasc_17,random_forest,0,-0.25,24 months,6841,0.01817251928150654,0.011249320581555367,0.9959725141525269,0.03953775674363267,-0.6618902170756558,-0.7499307885030138,-0.5619689088544764,3365,12.216290212183436,5.248117727583846,0.3011837942647209
dkasc_17,random_forest,1,-0.25,24 months,6841,0.018237585201859474,0.011277072131633759,0.9959436655044556,0.03967931997387961,-0.651567911863915,-0.7687133367786593,-0.5358567225831501,3365,12.216290212183436,5.248117727583846,0.3011837942647209
dkasc_17,random_forest,2,-0.25,24 months,6841,0.018193675205111504,0.011312738060951233,0.9959631562232971,0.03958378546140276,-0.6640789017181459,-0.7541804013688846,-0.5417507132536747,3365,12.216290212183436,5.248117727583846,0.3011837942647209
dkasc_17,random_forest,3,-0.25,24 months,6841,0.018188785761594772,0.011316010728478432,0.995965301990509,0.039573147551194406,-0.6679857053885296,-0.7672649089456307,-0.545696893158587,3365,12.216290212183436,5.248117727583846,0.3011837942647209
dkasc_17,random_forest,4,-0.25,24 months,6841,0.0182022824883461,0.011255552992224693,0.9959593415260315,0.03960251223590668,-0.6572966689881096,-0.7678357194633278,-0.5519767322777075,3365,12.216290212183436,5.248117727583846,0.3011837942647209
dkasc_17,xgboost,0,-0.5,24 months,6841,0.018593870103359222,0.01158196572214365,0.9957521557807922,0.04060721216378191,-1.0471469792135326,-1.1631750660942353,-0.9170649341005199,3365,12.216290212183436,5.248117727583846,0.3011837942647209
dkasc_17,xgboost,1,-0.5,24 months,6841,0.01851821318268776,0.011531072668731213,0.9957866668701172,0.040441984773664265,-1.0673843867183472,-1.1955928492287216,-0.9540878400730146,3365,12.216290212183436,5.248117727583846,0.3011837942647209
dkasc_17,xgboost,2,-0.5,24 months,6841,0.01864231750369072,0.011531435884535313,0.9957299828529358,0.040713016595732274,-1.0423643101741598,-1.151781679946493,-0.9295977775857001,3365,12.216290212183436,5.248117727583846,0.3011837942647209
dkasc_17,xgboost,3,-0.5,24 months,6841,0.018640251830220222,0.01154784020036459,0.9957309365272522,0.04070850536485827,-1.0662884251665283,-1.1828387127912343,-0.9403886381217474,3365,12.216290212183436,5.248117727583846,0.3011837942647209
dkasc_17,xgboost,4,-0.5,24 months,6841,0.018617989495396614,0.011558149009943008,0.9957411289215088,0.04065988658090322,-1.049829702938198,-1.1545530896899463,-0.9419593994136446,3365,12.216290212183436,5.248117727583846,0.3011837942647209
dkasc_17,random_forest,0,-0.5,24 months,6841,0.018494755029678345,0.011509807780385017,0.995797336101532,0.04039075443856304,-0.8798064013081475,-1.0194502051915078,-0.7753167163941725,3365,12.216290212183436,5.248117727583846,0.3011837942647209
dkasc_17,random_forest,1,-0.5,24 months,6841,0.018391050398349762,0.011431305669248104,0.995844304561615,0.040164273563773785,-0.8841675074008792,-1.0151620772554715,-0.7884809543322044,3365,12.216290212183436,5.248117727583846,0.3011837942647209
dkasc_17,random_forest,2,-0.5,24 months,6841,0.0183563195168972,0.011462337337434292,0.9958599805831909,0.04008842468110764,-0.8757741195568985,-1.0165883720707813,-0.7820206067092217,3365,12.216290212183436,5.248117727583846,0.3011837942647209
dkasc_17,random_forest,3,-0.5,24 months,6841,0.01848062127828598,0.011552955023944378,0.9958037734031677,0.04035988769386333,-0.8954414821203405,-1.0093316016162035,-0.7569985925976297,3365,12.216290212183436,5.248117727583846,0.3011837942647209
dkasc_17,random_forest,4,-0.5,24 months,6841,0.01838517189025879,0.011488663032650948,0.9958469867706299,0.04015143547122341,-0.891375081274508,-1.019133008063744,-0.7964774198467084,3365,12.216290212183436,5.248117727583846,0.3011837942647209
dkasc_17,xgboost,0,-1.0,24 months,6841,0.019182352349162102,0.012147956527769566,0.9954113364219666,0.042211115044486894,-1.5311437428812247,-1.6564866343307227,-1.4117893725908377,3365,12.216290212183436,5.248117727583846,0.3011837942647209
dkasc_17,xgboost,1,-1.0,24 months,6841,0.019148757681250572,0.012106379494071007,0.9954273700714111,0.04213718936705783,-1.5612163996199893,-1.681652892424823,-1.443861164116067,3365,12.216290212183436,5.248117727583846,0.3011837942647209
dkasc_17,xgboost,2,-1.0,24 months,6841,0.019247878342866898,0.012123825959861279,0.9953799247741699,0.04235530618477727,-1.5343036680094402,-1.6420930168180294,-1.4211840682806232,3365,12.216290212183436,5.248117727583846,0.3011837942647209
dkasc_17,xgboost,3,-1.0,24 months,6841,0.019268644973635674,0.012145442888140678,0.9953699707984924,0.04240100353328341,-1.5528124841578617,-1.6649926859329756,-1.418361457305961,3365,12.216290212183436,5.248117727583846,0.3011837942647209
dkasc_17,xgboost,4,-1.0,24 months,6841,0.01916789822280407,0.01212193164974451,0.9954182505607605,0.04217930847668641,-1.543717285674906,-1.6502645797761355,-1.4218902764767671,3365,12.216290212183436,5.248117727583846,0.3011837942647209
dkasc_17,random_forest,0,-1.0,24 months,6841,0.01894950121641159,0.012059584259986877,0.9955220818519592,0.041698721894060785,-1.3809021285912437,-1.4951394229765735,-1.2656875638035525,3365,12.216290212183436,5.248117727583846,0.3011837942647209
dkasc_17,random_forest,1,-1.0,24 months,6841,0.019041916355490685,0.012089102528989315,0.9954782724380493,0.04190208308754289,-1.3426731254119861,-1.4992580973405056,-1.2451031107302841,3365,12.216290212183436,5.248117727583846,0.3011837942647209
dkasc_17,random_forest,2,-1.0,24 months,6841,0.019033625721931458,0.012069622054696083,0.9954822063446045,0.04188383939768722,-1.3613377806900644,-1.4791724486216302,-1.256672509217723,3365,12.216290212183436,5.248117727583846,0.3011837942647209
dkasc_17,random_forest,3,-1.0,24 months,6841,0.019057072699069977,0.01212126761674881,0.9954710602760315,0.04193543489710379,-1.3402270998518324,-1.474424803160912,-1.2540300720550228,3365,12.216290212183436,5.248117727583846,0.3011837942647209
dkasc_17,random_forest,4,-1.0,24 months,6841,0.019055258482694626,0.012064742855727673,0.9954719543457031,0.04193144268099069,-1.3676168696529434,-1.500437474718852,-1.2623578923486862,3365,12.216290212183436,5.248117727583846,0.3011837942647209
dkasc_17,xgboost,0,-2.0,24 months,6841,0.020947277545928955,0.013878319412469864,0.994363009929657,0.04680707221155315,-2.5167351116742784,-2.610643128691814,-2.4060779993367976,3365,12.216290212183436,5.248117727583846,0.3011837942647209
dkasc_17,xgboost,1,-2.0,24 months,6841,0.02097795531153679,0.013879659585654736,0.9943464994430542,0.04687562223610629,-2.5220443457105612,-2.620489620749235,-2.4061713109882255,3365,12.216290212183436,5.248117727583846,0.3011837942647209
dkasc_17,xgboost,2,-2.0,24 months,6841,0.02097317762672901,0.01381508819758892,0.9943490624427795,0.04686494641261031,-2.5142336320071457,-2.6278118926904477,-2.399202984447391,3365,12.216290212183436,5.248117727583846,0.3011837942647209
dkasc_17,xgboost,3,-2.0,24 months,6841,0.021025437861680984,0.013844759203493595,0.9943208694458008,0.04698172285698722,-2.5003454864588126,-2.601197466833769,-2.3830229100270994,3365,12.216290212183436,5.248117727583846,0.3011837942647209
dkasc_17,xgboost,4,-2.0,24 months,6841,0.020927071571350098,0.01378734689205885,0.9943739175796509,0.046761921594288276,-2.494660622871246,-2.6163937402622928,-2.3918000868800693,3365,12.216290212183436,5.248117727583846,0.3011837942647209
dkasc_17,random_forest,0,-2.0,24 months,6841,0.020792914554476738,0.013717373833060265,0.99444580078125,0.04646214530294399,-2.3701871626005344,-2.5050896154408253,-2.2261533665632105,3365,12.216290212183436,5.248117727583846,0.3011837942647209
dkasc_17,random_forest,1,-2.0,24 months,6841,0.020743491128087044,0.013651504181325436,0.9944721460342407,0.046351707758833904,-2.3812610079065872,-2.4876119855129497,-2.2480156389261263,3365,12.216290212183436,5.248117727583846,0.3011837942647209
dkasc_17,random_forest,2,-2.0,24 months,6841,0.020775407552719116,0.0137107465416193,0.9944551587104797,0.0464230255894786,-2.35967095226568,-2.5082184431871157,-2.2245606004760665,3365,12.216290212183436,5.248117727583846,0.3011837942647209
dkasc_17,random_forest,3,-2.0,24 months,6841,0.020873477682471275,0.013756408356130123,0.9944026470184326,0.046642165075984225,-2.409398898136683,-2.499822252579209,-2.2441054076821647,3365,12.216290212183436,5.248117727583846,0.3011837942647209
dkasc_17,random_forest,4,-2.0,24 months,6841,0.020840544253587723,0.01371834333986044,0.9944202899932861,0.046568574730864364,-2.358307744042702,-2.505217394698245,-2.229740306398789,3365,12.216290212183436,5.248117727583846,0.3011837942647209
dkasc_12,xgboost,0,0.0,24 months,6885,0.017737284302711487,0.011268028058111668,0.995640218257904,0.04307508909193642,-1.1367151220391114,-1.2730197127161058,-1.0005971751482212,3401,12.216290212183436,5.297399041752225,0.3009089990910009
dkasc_12,xgboost,1,0.0,24 months,6885,0.017659295350313187,0.011212125420570374,0.9956784844398499,0.04288569250701333,-1.150038308566581,-1.2703292091618188,-0.9864772636689834,3401,12.216290212183436,5.297399041752225,0.30093929906070094
dkasc_12,xgboost,2,0.0,24 months,6885,0.017724251374602318,0.011240935884416103,0.995646595954895,0.043043438556834755,-1.1491704006514114,-1.2635779698814686,-1.0186594392567416,3401,12.216290212183436,5.297399041752225,0.30088879911120087
dkasc_12,xgboost,3,0.0,24 months,6885,0.01767841912806034,0.011239559389650822,0.9956691265106201,0.04293213470279564,-1.1136097118728205,-1.248280439809979,-1.003387584156168,3401,12.216290212183436,5.297399041752225,0.3008988991011009
dkasc_12,xgboost,4,0.0,24 months,6885,0.01775735430419445,0.011272718198597431,0.9956303238868713,0.043123829197084414,-1.1491048686283034,-1.3133247719241874,-1.008105336995085,3401,12.216290212183436,5.297399041752225,0.3009089990910009
dkasc_12,random_forest,0,0.0,24 months,6885,0.017676757648587227,0.01129610650241375,0.9956699013710022,0.04292809979107481,-0.9963816286388749,-1.1608589067251076,-0.8498833394844363,3401,12.216290212183436,5.297399041752225,0.3006867993132007
dkasc_12,random_forest,1,0.0,24 months,6885,0.017780091613531113,0.011314312927424908,0.9956191778182983,0.04317904687351518,-1.0229240964611974,-1.175276461817898,-0.8413818998985523,3401,12.216290212183436,5.297399041752225,0.30067669932330066
dkasc_12,random_forest,2,0.0,24 months,6885,0.017694756388664246,0.01119672879576683,0.9956610798835754,0.04297180982690265,-0.9993119831407865,-1.1545507211709882,-0.8441021968560003,3401,12.216290212183436,5.297399041752225,0.30065649934350064
dkasc_12,random_forest,3,0.0,24 months,6885,0.017741724848747253,0.011288517154753208,0.9956380128860474,0.04308587298155803,-0.9896405239514516,-1.1769858886184537,-0.8513448825580872,3401,12.216290212183436,5.297399041752225,0.3006665993334007
dkasc_12,random_forest,4,0.0,24 months,6885,0.01777561567723751,0.011328456923365593,0.995621383190155,0.04316817703846454,-1.013697410732049,-1.172889021816259,-0.8598169749973517,3401,12.216290212183436,5.297399041752225,0.3006665993334007
dkasc_12,xgboost,0,-0.25,24 months,6885,0.017941098660230637,0.011454598046839237,0.9955061674118042,0.04373351148706545,-1.3511319254674525,-1.4822793930294842,-1.2309563846849336,3401,12.216290212183436,5.297399041752225,0.3009089990910009
dkasc_12,xgboost,1,-0.25,24 months,6885,0.017855210229754448,0.011409778147935867,0.9955490827560425,0.04352414846354211,-1.3521253049612294,-1.4667101092893304,-1.1924513708618911,3401,12.216290212183436,5.297399041752225,0.3009089990910009
dkasc_12,xgboost,2,-0.25,24 months,6885,0.017915988340973854,0.011464524082839489,0.9955187439918518,0.04367230216781152,-1.361952634837331,-1.4941302899574422,-1.2182218745200646,3401,12.216290212183436,5.297399041752225,0.3009089990910009
dkasc_12,xgboost,3,-0.25,24 months,6885,0.017889823764562607,0.011437647044658661,0.9955317974090576,0.043608522974312516,-1.3543397371125532,-1.491634040020879,-1.2080733443368685,3401,12.216290212183436,5.297399041752225,0.3009190990809009
dkasc_12,xgboost,4,-0.25,24 months,6885,0.017878424376249313,0.011432811617851257,0.995537519454956,0.04358073564148601,-1.3431710946475994,-1.5172177431884037,-1.2218249548313076,3401,12.216290212183436,5.297399041752225,0.30088879911120087
dkasc_12,random_forest,0,-0.25,24 months,6885,0.01790386438369751,0.011465448886156082,0.9955247640609741,0.04364274861399327,-1.2575137628900501,-1.4036541450916484,-1.0775074729241552,3401,12.216290212183436,5.297399041752225,0.3006665993334007
dkasc_12,random_forest,1,-0.25,24 months,6885,0.017891062423586845,0.01142815314233303,0.9955312013626099,0.043611542349529776,-1.2342389991486291,-1.3812809554569982,-1.0939471437013126,3401,12.216290212183436,5.297399041752225,0.30065649934350064
dkasc_12,random_forest,2,-0.25,24 months,6885,0.017936386168003082,0.011453773826360703,0.9955084919929504,0.04372202423999828,-1.234589322205415,-1.3752096031594108,-1.0734034515408581,3401,12.216290212183436,5.297399041752225,0.30067669932330066
dkasc_12,random_forest,3,-0.25,24 months,6885,0.017947062849998474,0.01147539634257555,0.9955031871795654,0.0437480498922469,-1.2456428880722403,-1.3682299432891438,-1.0862739639402392,3401,12.216290212183436,5.297399041752225,0.3006665993334007
dkasc_12,random_forest,4,-0.25,24 months,6885,0.01799760013818741,0.011472045443952084,0.9954777956008911,0.04387124040111106,-1.255208588739857,-1.3876808732166457,-1.1055315728801387,3401,12.216290212183436,5.297399041752225,0.30067669932330066
dkasc_12,xgboost,0,-0.5,24 months,6885,0.018177764490246773,0.011707531288266182,0.9953523278236389,0.04447727362054506,-1.5818317181079178,-1.7263983173432251,-1.4377134023296392,3401,12.216290212183436,5.297399041752225,0.3009190990809009
dkasc_12,xgboost,1,-0.5,24 months,6885,0.018069254234433174,0.011646504513919353,0.9954077005386353,0.04421177120736074,-1.5878484235370567,-1.707594914330457,-1.4515706263962218,3401,12.216290212183436,5.297399041752225,0.3009089990910009
dkasc_12,xgboost,2,-0.5,24 months,6885,0.01813112199306488,0.011659393087029457,0.9953761696815491,0.044363148965083844,-1.5612312091393519,-1.6979654193066327,-1.4190038797714888,3401,12.216290212183436,5.297399041752225,0.30088879911120087
dkasc_12,xgboost,3,-0.5,24 months,6885,0.01812046952545643,0.011669454164803028,0.9953815937042236,0.04433708455453384,-1.5593290622627043,-1.715572940568122,-1.440838950245238,3401,12.216290212183436,5.297399041752225,0.3009089990910009
dkasc_12,xgboost,4,-0.5,24 months,6885,0.018143894150853157,0.011670026928186417,0.9953696727752686,0.044394399824174834,-1.5901316216684558,-1.7574631355728898,-1.4480332910614568,3401,12.216290212183436,5.297399041752225,0.30088879911120087
dkasc_12,random_forest,0,-0.5,24 months,6885,0.018043277785182,0.011604568921029568,0.9954208731651306,0.0441482121464182,-1.4826085545700196,-1.625218814201368,-1.3324171830384701,3401,12.216290212183436,5.297399041752225,0.30067669932330066
dkasc_12,random_forest,1,-0.5,24 months,6885,0.018207091838121414,0.01177873183041811,0.9953373670578003,0.04454903164539378,-1.4620147676140998,-1.611358952580999,-1.3150190141420826,3401,12.216290212183436,5.297399041752225,0.3006665993334007
dkasc_12,random_forest,2,-0.5,24 months,6885,0.01815117709338665,0.01166356448084116,0.9953659176826477,0.04441221969569967,-1.4614628607159785,-1.59702310558395,-1.3179049655760273,3401,12.216290212183436,5.297399041752225,0.30067669932330066
dkasc_12,random_forest,3,-0.5,24 months,6885,0.01812448538839817,0.01163929607719183,0.9953795671463013,0.04434691055018794,-1.4718018082480189,-1.591658386017769,-1.3338328276349731,3401,12.216290212183436,5.297399041752225,0.3006867993132007
dkasc_12,random_forest,4,-0.5,24 months,6885,0.018229970708489418,0.011723726987838745,0.9953256249427795,0.04460501156404839,-1.5102737954681595,-1.607924164667851,-1.3523611843964112,3401,12.216290212183436,5.297399041752225,0.30067669932330066
dkasc_12,xgboost,0,-1.0,24 months,6885,0.018720099702477455,0.012274026870727539,0.994996964931488,0.046151852547673684,-2.0077019206276914,-2.1840043947281123,-1.8916477509083096,3401,12.216290212183436,5.297399041752225,0.3009089990910009
dkasc_12,xgboost,1,-1.0,24 months,6885,0.018690764904022217,0.012219516560435295,0.995012640953064,0.04607953160310934,-2.036771754874811,-2.2112435834383013,-1.8749837579253836,3401,12.216290212183436,5.297399041752225,0.3009089990910009
dkasc_12,xgboost,2,-1.0,24 months,6885,0.01866486296057701,0.012258539907634258,0.9950264096260071,0.04601567389435883,-2.017541607843376,-2.185794070754194,-1.8825982590595711,3401,12.216290212183436,5.297399041752225,0.30086859913140085
dkasc_12,xgboost,3,-1.0,24 months,6885,0.018685853108763695,0.012253944762051105,0.9950152635574341,0.046067422241828235,-2.019406962354181,-2.1612952670242214,-1.8684170958057527,3401,12.216290212183436,5.297399041752225,0.3009089990910009
dkasc_12,xgboost,4,-1.0,24 months,6885,0.01869514212012291,0.012276479974389076,0.995010256767273,0.04609032303238906,-2.053166278112073,-2.203796062241925,-1.8897221249907559,3401,12.216290212183436,5.297399041752225,0.300949399050601
dkasc_12,random_forest,0,-1.0,24 months,6885,0.018685409799218178,0.01221422664821148,0.9950155019760132,0.04606632932260756,-1.9315708985812363,-2.083365151888439,-1.7816218246095077,3401,12.216290212183436,5.297399041752225,0.30064639935360066
dkasc_12,random_forest,1,-1.0,24 months,6885,0.018716009333729744,0.012244789861142635,0.9949991106987,0.04614176830141911,-1.933162562067725,-2.092918199400029,-1.7715255361396953,3401,12.216290212183436,5.297399041752225,0.3006362993637006
dkasc_12,random_forest,2,-1.0,24 months,6885,0.018625697121024132,0.012163985520601273,0.9950472712516785,0.04591911585884201,-1.9617849215925007,-2.1006819355942286,-1.7753282815282656,3401,12.216290212183436,5.297399041752225,0.30065649934350064
dkasc_12,random_forest,3,-1.0,24 months,6885,0.018718646839261055,0.012243576347827911,0.9949977397918701,0.046148270711572334,-1.9218651059994318,-2.0732737699727384,-1.7661131418189489,3401,12.216290212183436,5.297399041752225,0.3006362993637006
dkasc_12,random_forest,4,-1.0,24 months,6885,0.018680738285183907,0.012200971134006977,0.995017945766449,0.04605481234191245,-1.9125170719110907,-2.070399639184767,-1.7404330831116255,3401,12.216290212183436,5.297399041752225,0.3006665993334007
dkasc_12,xgboost,0,-2.0,24 months,6885,0.020233532413840294,0.013819994404911995,0.9939785003662109,0.0506517746985941,-3.0007801359400563,-3.159142563478857,-2.861543579255066,3401,12.216290212183436,5.297399041752225,0.3009089990910009
dkasc_12,xgboost,1,-2.0,24 months,6885,0.020283786579966545,0.01377270370721817,0.9939485788345337,0.05077757886606372,-2.9934722646030365,-3.139330306125912,-2.8603530203147876,3401,12.216290212183436,5.297399041752225,0.3009089990910009
dkasc_12,xgboost,2,-2.0,24 months,6885,0.0202805083245039,0.013800682500004768,0.9939505457878113,0.0507693722191124,-2.983738597532448,-3.1288148317960487,-2.848524307445377,3401,12.216290212183436,5.297399041752225,0.30086859913140085
dkasc_12,xgboost,3,-2.0,24 months,6885,0.02025342360138893,0.013829662464559078,0.9939666986465454,0.050701569461544735,-2.9806885948654993,-3.136935983500866,-2.845232846080683,3401,12.216290212183436,5.297399041752225,0.3008988991011009
dkasc_12,xgboost,4,-2.0,24 months,6885,0.020301425829529762,0.01382641401141882,0.9939380288124084,0.050821736222102905,-3.0077303525479104,-3.164411673952083,-2.856796084547129,3401,12.216290212183436,5.297399041752225,0.30093929906070094
dkasc_12,random_forest,0,-2.0,24 months,6885,0.02018628641963005,0.013616763986647129,0.9940066337585449,0.05053350106227584,-2.8538718401290852,-3.0054567954561078,-2.710781264518347,3401,12.216290212183436,5.297399041752225,0.3006160993839006
dkasc_12,random_forest,1,-2.0,24 months,6885,0.020218748599290848,0.01366004254668951,0.9939873218536377,0.05061476551856422,-2.855704187285135,-3.0105747302168195,-2.7359085120159166,3401,12.216290212183436,5.297399041752225,0.30062619937380064
dkasc_12,random_forest,2,-2.0,24 months,6885,0.0202791690826416,0.013677380047738552,0.9939513206481934,0.05076601961731808,-2.8766372179459743,-3.0263878031912106,-2.733017326393837,3401,12.216290212183436,5.297399041752225,0.30064639935360066
dkasc_12,random_forest,3,-2.0,24 months,6885,0.020243296399712563,0.013646988198161125,0.9939727187156677,0.05067621745047979,-2.872223110894584,-3.0038408820535545,-2.7505642342467884,3401,12.216290212183436,5.297399041752225,0.30065649934350064
dkasc_12,random_forest,4,-2.0,24 months,6885,0.02029445953667164,0.013686902821063995,0.9939422011375427,0.050804297097331357,-2.864776132764094,-3.0356584117884666,-2.7367763010126,3401,12.216290212183436,5.297399041752225,0.3006362993637006
dkasc_14,xgboost,0,0.0,24 months,6832,0.02034784108400345,0.0136693911626935,0.9949631690979004,0.04545752184025531,-1.0734250956075502,-1.2681184932980982,-0.9020999567413757,3377,12.238193018480493,5.264544832306639,0.3008720340701683
dkasc_14,xgboost,1,0.0,24 months,6832,0.020331673324108124,0.013596638105809689,0.9949711561203003,0.045421402711178394,-1.0515018316260893,-1.27144387419965,-0.8960847642781489,3377,12.238193018480493,5.264544832306639,0.3008720340701683
dkasc_14,xgboost,2,0.0,24 months,6832,0.02041444554924965,0.01369996927678585,0.99493008852005,0.045606317671768266,-1.0813134268970404,-1.259140306838219,-0.858825022754578,3377,12.238193018480493,5.264544832306639,0.3008720340701683
dkasc_14,xgboost,3,0.0,24 months,6832,0.020376110449433327,0.013703332282602787,0.9949491620063782,0.0455206762206701,-1.0946987241522377,-1.2914195399877704,-0.8910573251781129,3377,12.238193018480493,5.264544832306639,0.3008720340701683
dkasc_14,xgboost,4,0.0,24 months,6832,0.020449168980121613,0.013732517138123512,0.99491286277771,0.04568389057548392,-1.076821299667414,-1.2717258494979178,-0.8823987334786929,3377,12.238193018480493,5.264544832306639,0.3008720340701683
dkasc_14,random_forest,0,0.0,24 months,6832,0.020786747336387634,0.013998032547533512,0.9947435259819031,0.04643804800375399,-0.9949092739861096,-1.1769280099590358,-0.868975952013254,3377,12.238193018480493,5.264544832306639,0.3008720340701683
dkasc_14,random_forest,1,0.0,24 months,6832,0.020688576623797417,0.013973277993500233,0.9947930574417114,0.04621873248555135,-0.9869290760404292,-1.1235941344343914,-0.8502352124952682,3377,12.238193018480493,5.264544832306639,0.3008720340701683
dkasc_14,random_forest,2,0.0,24 months,6832,0.02086428552865982,0.014012071304023266,0.9947041869163513,0.04661127002048371,-0.9718185181977411,-1.121787813223185,-0.8519667349874638,3377,12.238193018480493,5.264544832306639,0.3008720340701683
dkasc_14,random_forest,3,0.0,24 months,6832,0.020720090717077255,0.013988307677209377,0.9947771430015564,0.04628913565892144,-0.9841874044065613,-1.1561360671696619,-0.8511385878196442,3377,12.238193018480493,5.264544832306639,0.3008720340701683
dkasc_14,random_forest,4,0.0,24 months,6832,0.02075967751443386,0.013941635377705097,0.9947571754455566,0.046377573429690074,-0.9741467544823412,-1.1248890673986212,-0.8573470498461959,3377,12.238193018480493,5.264544832306639,0.3008720340701683
dkasc_14,xgboost,0,-0.25,24 months,6832,0.020617296919226646,0.013984832912683487,0.9947897791862488,0.04623560287122527,-1.2879636883447954,-1.5243761128699194,-1.1140868887689315,3377,12.238193018480493,5.264544832306639,0.3008720340701683
dkasc_14,xgboost,1,-0.25,24 months,6832,0.020601538941264153,0.013949868269264698,0.9947977662086487,0.04620026460093786,-1.2863605483543816,-1.487926082752633,-1.1237106661877938,3377,12.238193018480493,5.264544832306639,0.3008720340701683
dkasc_14,xgboost,2,-0.25,24 months,6832,0.02054913528263569,0.013945029117166996,0.9948241710662842,0.04608274605527995,-1.2881612814291066,-1.493093867704276,-1.1088139687742005,3377,12.238193018480493,5.264544832306639,0.3008720340701683
dkasc_14,xgboost,3,-0.25,24 months,6832,0.020621122792363167,0.014020757749676704,0.994787871837616,0.04624418263566621,-1.3111848038981078,-1.5155803702647288,-1.1212567628299661,3377,12.238193018480493,5.264544832306639,0.3008720340701683
dkasc_14,xgboost,4,-0.25,24 months,6832,0.02057630382478237,0.013941806741058826,0.9948105216026306,0.04614367324327193,-1.2885329166737514,-1.5110464212829133,-1.12576600633254,3377,12.238193018480493,5.264544832306639,0.3008720340701683
dkasc_14,random_forest,0,-0.25,24 months,6832,0.0210293997079134,0.014300372451543808,0.9945794343948364,0.04715976964994962,-1.2253222944984432,-1.353631601161173,-1.0838221663254655,3377,12.238193018480493,5.264544832306639,0.3008720340701683
dkasc_14,random_forest,1,-0.25,24 months,6832,0.020987020805478096,0.014227925799787045,0.9946012496948242,0.04706473225921923,-1.200480912605112,-1.3390835716680245,-1.0696616869061426,3377,12.238193018480493,5.264544832306639,0.3008720340701683
dkasc_14,random_forest,2,-0.25,24 months,6832,0.020975202322006226,0.014224501326680183,0.9946073293685913,0.04703822855650367,-1.227247140242499,-1.375761433922555,-1.0880584002940008,3377,12.238193018480493,5.264544832306639,0.3008720340701683
dkasc_14,random_forest,3,-0.25,24 months,6832,0.02088221162557602,0.014161082915961742,0.9946550130844116,0.04682969099080289,-1.1977472006234837,-1.3512404772075022,-1.0541532476767703,3377,12.238193018480493,5.264544832306639,0.3008720340701683
dkasc_14,random_forest,4,-0.25,24 months,6832,0.02087029069662094,0.014160129241645336,0.9946611523628235,0.04680295754755946,-1.2235969788978618,-1.329948150753796,-1.0769972316117302,3377,12.238193018480493,5.264544832306639,0.3008720340701683
dkasc_14,xgboost,0,-0.5,24 months,6832,0.020868252962827682,0.014280302450060844,0.9946218729019165,0.04697801690939879,-1.5202445065968895,-1.7224057710968768,-1.327575312092466,3377,12.238193018480493,5.264544832306639,0.3008720340701683
dkasc_14,xgboost,1,-0.5,24 months,6832,0.020830485969781876,0.014204040169715881,0.9946413040161133,0.04689299692995521,-1.5307276504989402,-1.7063353960828254,-1.3250261036014954,3377,12.238193018480493,5.264544832306639,0.3008720340701683
dkasc_14,xgboost,2,-0.5,24 months,6832,0.020836634561419487,0.014262980781495571,0.9946381449699402,0.046906838464387215,-1.5027379104264287,-1.7140891688153215,-1.3212031570430882,3377,12.238193018480493,5.264544832306639,0.3008720340701683
dkasc_14,xgboost,3,-0.5,24 months,6832,0.02087492123246193,0.014336633495986462,0.9946184158325195,0.046993028328140556,-1.5480597506201126,-1.7273030658678301,-1.353641153764853,3377,12.238193018480493,5.264544832306639,0.3008720340701683
dkasc_14,xgboost,4,-0.5,24 months,6832,0.020909324288368225,0.014305094256997108,0.9946006536483765,0.047070475508073625,-1.5511068936606889,-1.7176783117703542,-1.3576947634769263,3377,12.238193018480493,5.264544832306639,0.3008720340701683
dkasc_14,random_forest,0,-0.5,24 months,6832,0.021068217232823372,0.014447181485593319,0.9945182800292969,0.04742817078063403,-1.4688687951994683,-1.6027613846356648,-1.2984046859124445,3377,12.238193018480493,5.264544832306639,0.3008720340701683
dkasc_14,random_forest,1,-0.5,24 months,6832,0.02115614339709282,0.014473074115812778,0.9944724440574646,0.047626107658205255,-1.4352193451677646,-1.6031721010702826,-1.294444532862503,3377,12.238193018480493,5.264544832306639,0.3008720340701683
dkasc_14,random_forest,2,-0.5,24 months,6832,0.021251700818538666,0.0144920963793993,0.9944223761558533,0.047841223804654984,-1.4455090199190836,-1.6237030525211242,-1.2850159458149863,3377,12.238193018480493,5.264544832306639,0.3008720340701683
dkasc_14,random_forest,3,-0.5,24 months,6832,0.021166743710637093,0.0144980913028121,0.9944669008255005,0.04764997078224419,-1.417187091333516,-1.5821578340248776,-1.2555353363656876,3377,12.238193018480493,5.264544832306639,0.3008720340701683
dkasc_14,random_forest,4,-0.5,24 months,6832,0.021042050793766975,0.014375978149473667,0.9945318698883057,0.04736926563804065,-1.4633604213131146,-1.6166390101666983,-1.3184705301133137,3377,12.238193018480493,5.264544832306639,0.3008720340701683
dkasc_14,xgboost,0,-1.0,24 months,6832,0.021514736115932465,0.014988096430897713,0.9941967129707336,0.048808037293743944,-1.9997279894634437,-2.1830710800162505,-1.832772106036662,3377,12.238193018480493,5.264544832306639,0.3008720340701683
dkasc_14,xgboost,1,-1.0,24 months,6832,0.02148403972387314,0.014946669340133667,0.9942132234573364,0.04873839987684318,-2.0203686303680133,-2.1724785533129958,-1.8554316546857241,3377,12.238193018480493,5.264544832306639,0.3008720340701683
dkasc_14,xgboost,2,-1.0,24 months,6832,0.021542351692914963,0.015048754401504993,0.994181752204895,0.04887068561552614,-2.0055917567858836,-2.1697638414453624,-1.8175683818754784,3377,12.238193018480493,5.264544832306639,0.3008720340701683
dkasc_14,xgboost,3,-1.0,24 months,6832,0.021561598405241966,0.015073014423251152,0.9941713809967041,0.04891434844494577,-1.9894491260322105,-2.1707750303106232,-1.8353304041047547,3377,12.238193018480493,5.264544832306639,0.3008720340701683
dkasc_14,xgboost,4,-1.0,24 months,6832,0.02164900302886963,0.015090246684849262,0.9941240549087524,0.04911263338354214,-1.994300120432936,-2.194310598581476,-1.781970091252677,3377,12.238193018480493,5.264544832306639,0.3008720340701683
dkasc_14,random_forest,0,-1.0,24 months,6832,0.02178817428648472,0.01518439780920744,0.9940482378005981,0.049428355402873075,-1.919953616152259,-2.096879854892612,-1.7097313898621866,3377,12.238193018480493,5.264544832306639,0.3008720340701683
dkasc_14,random_forest,1,-1.0,24 months,6832,0.021757720038294792,0.015162015333771706,0.9940648674964905,0.049359267310256125,-1.9020554940830123,-2.116807616035482,-1.756039606635262,3377,12.238193018480493,5.264544832306639,0.3008720340701683
dkasc_14,random_forest,2,-1.0,24 months,6832,0.021808907389640808,0.015191727317869663,0.9940369129180908,0.049475390238280986,-1.9298381077375475,-2.0887954093475383,-1.7382935261641363,3377,12.238193018480493,5.264544832306639,0.3008720340701683
dkasc_14,random_forest,3,-1.0,24 months,6832,0.021804150193929672,0.015220400877296925,0.9940395355224609,0.04946459812888993,-1.9109961526847266,-2.081548371567242,-1.7248094166543781,3377,12.238193018480493,5.264544832306639,0.3008720340701683
dkasc_14,random_forest,4,-1.0,24 months,6832,0.02178199216723442,0.015153840184211731,0.9940516352653503,0.04941433073135041,-1.889495360255572,-2.111325020088234,-1.7158853276792618,3377,12.238193018480493,5.264544832306639,0.3008720340701683
dkasc_14,xgboost,0,-2.0,24 months,6832,0.02330131269991398,0.016740767285227776,0.9929844737052917,0.05369174921510059,-2.98804009260754,-3.141063800440236,-2.8363363982398915,3377,12.238193018480493,5.264544832306639,0.3008720340701683
dkasc_14,xgboost,1,-2.0,24 months,6832,0.02315971627831459,0.016622798517346382,0.9930694699287415,0.05336547748714347,-3.0002940261754594,-3.1585139472077315,-2.8188947729658684,3377,12.238193018480493,5.264544832306639,0.3008720340701683
dkasc_14,xgboost,2,-2.0,24 months,6832,0.023210925981402397,0.016622422263026237,0.9930387735366821,0.053483476784907516,-2.9589848712894162,-3.134789728420469,-2.7850782486697954,3377,12.238193018480493,5.264544832306639,0.3008720340701683
dkasc_14,xgboost,3,-2.0,24 months,6832,0.023304853588342667,0.016736101359128952,0.9929823279380798,0.053699908261586944,-2.9691262540477616,-3.1311150222948503,-2.7928216720088153,3377,12.238193018480493,5.264544832306639,0.3008720340701683
dkasc_14,xgboost,4,-2.0,24 months,6832,0.02323487028479576,0.016709553077816963,0.9930244088172913,0.053538650137133784,-2.9459056210659584,-3.127256646327614,-2.7761143800926273,3377,12.238193018480493,5.264544832306639,0.3008720340701683
dkasc_14,random_forest,0,-2.0,24 months,6832,0.023369865491986275,0.016672886908054352,0.9929431080818176,0.05384971110194116,-2.877793070473838,-3.0500224319596203,-2.724211228816392,3377,12.238193018480493,5.264544832306639,0.3008720340701683
dkasc_14,random_forest,1,-2.0,24 months,6832,0.023471439257264137,0.016777485609054565,0.9928816556930542,0.054083761140338894,-2.8793628150278936,-3.0445510790605854,-2.7249339706341305,3377,12.238193018480493,5.264544832306639,0.3008720340701683
dkasc_14,random_forest,2,-2.0,24 months,6832,0.023361166939139366,0.016680268570780754,0.9929483532905579,0.05382966757375005,-2.914832346892476,-3.0480229020465446,-2.691698653610164,3377,12.238193018480493,5.264544832306639,0.3008720340701683
dkasc_14,random_forest,3,-2.0,24 months,6832,0.023338481783866882,0.016685018315911293,0.9929620623588562,0.05377739559733903,-2.9152976788058744,-3.0585365862932727,-2.7465670391990162,3377,12.238193018480493,5.264544832306639,0.3008720340701683
dkasc_14,random_forest,4,-2.0,24 months,6832,0.02327018417418003,0.016624052077531815,0.9930031895637512,0.05362002171121841,-2.919089587262919,-3.0339803520849804,-2.691285087497114,3377,12.238193018480493,5.264544832306639,0.3008720340701683
dkasc_18,xgboost,0,0.0,24 months,6885,0.02410670928657055,0.014338929206132889,0.993547260761261,0.05100732662809579,-0.2837881274828682,-0.38310892544720787,-0.13766897334723804,3374,12.238193018480493,5.260438056125941,0.2996728153077866
dkasc_18,xgboost,1,0.0,24 months,6885,0.024222351610660553,0.014416217803955078,0.9934852123260498,0.05125201393596393,-0.27033253520818556,-0.3671537210755712,-0.15478833199270453,3374,12.238193018480493,5.260438056125941,0.29968294486482105
dkasc_18,xgboost,2,0.0,24 months,6885,0.024073870852589607,0.014394056051969528,0.9935648441314697,0.05093784386675705,-0.24492953272664764,-0.36982767407381933,-0.1285463124801739,3374,12.238193018480493,5.260438056125941,0.2996728153077866
dkasc_18,xgboost,3,0.0,24 months,6885,0.02413908764719963,0.014340454712510109,0.9935299158096313,0.05107583592136585,-0.277921564209499,-0.38249443213247414,-0.15356662588739134,3374,12.238193018480493,5.260438056125941,0.29968294486482105
dkasc_18,xgboost,4,0.0,24 months,6885,0.024020906537771225,0.014263099059462547,0.9935930967330933,0.0508257768038718,-0.27053059925880774,-0.3503114330131009,-0.16285246551647753,3374,12.238193018480493,5.260438056125941,0.2996626857507521
dkasc_18,random_forest,0,0.0,24 months,6885,0.02478623576462269,0.01479371078312397,0.9931783080101013,0.05244513502435641,-0.14110867778789893,-0.2537335293698573,-0.03543004598465705,3374,12.238193018480493,5.260438056125941,0.29969307442185555
dkasc_18,random_forest,1,0.0,24 months,6885,0.024676760658621788,0.014708583243191242,0.9932384490966797,0.05221349691800798,-0.12414469294708248,-0.2282231159812298,-0.017522727243807212,3374,12.238193018480493,5.260438056125941,0.29969307442185555
dkasc_18,random_forest,2,0.0,24 months,6885,0.02473350800573826,0.014795414172112942,0.9932073354721069,0.05233356848958744,-0.1272112281631511,-0.23676559445448597,-0.01705338061825934,3374,12.238193018480493,5.260438056125941,0.29969307442185555
dkasc_18,random_forest,3,0.0,24 months,6885,0.02485067769885063,0.014859997667372227,0.99314284324646,0.05258148755379692,-0.12393524115481955,-0.24994442481913678,-0.002531154154072901,3374,12.238193018480493,5.260438056125941,0.29969307442185555
dkasc_18,random_forest,4,0.0,24 months,6885,0.024829424917697906,0.01481982134282589,0.9931545257568359,0.0525365188466571,-0.12913000972788202,-0.22781048702453394,-0.025543163576852157,3374,12.238193018480493,5.260438056125941,0.29969307442185555
dkasc_18,xgboost,0,-0.25,24 months,6885,0.024231277406215668,0.014507588930428028,0.9934316873550415,0.051464585271272685,-0.5053557086498922,-0.6054385147153563,-0.3862843783248193,3374,12.238193018480493,5.260438056125941,0.2996728153077866
dkasc_18,xgboost,1,-0.25,24 months,6885,0.024250665679574013,0.014477073214948177,0.993421196937561,0.05150576384517888,-0.4917445329893799,-0.6028930337512335,-0.3892930784830114,3374,12.238193018480493,5.260438056125941,0.29968294486482105
dkasc_18,xgboost,2,-0.25,24 months,6885,0.024080369621515274,0.01447861734777689,0.993513286113739,0.05114407362743256,-0.495174630442341,-0.5961257040609687,-0.38250086550678,3374,12.238193018480493,5.260438056125941,0.2996626857507521
dkasc_18,xgboost,3,-0.25,24 months,6885,0.024121202528476715,0.0143757788464427,0.9934912323951721,0.051230798259690374,-0.5200369568823042,-0.6211102031662005,-0.4173214882276667,3374,12.238193018480493,5.260438056125941,0.29968294486482105
dkasc_18,xgboost,4,-0.25,24 months,6885,0.024229714646935463,0.014451573602855206,0.9934325814247131,0.05146126614133635,-0.4849246569056421,-0.5846591161216774,-0.39732250702996796,3374,12.238193018480493,5.260438056125941,0.29968294486482105
dkasc_18,random_forest,0,-0.25,24 months,6885,0.02499493584036827,0.014978358522057533,0.9930111765861511,0.05308651233453564,-0.35119570699768676,-0.4626907540064301,-0.24463620635692407,3374,12.238193018480493,5.260438056125941,0.29969307442185555
dkasc_18,random_forest,1,-0.25,24 months,6885,0.024872569367289543,0.014908252283930779,0.993079423904419,0.05282661931764955,-0.3269956305441089,-0.4890101133255074,-0.243674583234732,3374,12.238193018480493,5.260438056125941,0.29969307442185555
dkasc_18,random_forest,2,-0.25,24 months,6885,0.024716094136238098,0.014855174347758293,0.9931662678718567,0.052494283026157815,-0.37957899917534255,-0.4528794754913453,-0.2573762074175756,3374,12.238193018480493,5.260438056125941,0.29969307442185555
dkasc_18,random_forest,3,-0.25,24 months,6885,0.024832438677549362,0.014988119713962078,0.9931017756462097,0.052741386118032973,-0.3691954241653075,-0.46944433810601877,-0.2368226716231186,3374,12.238193018480493,5.260438056125941,0.29969307442185555
dkasc_18,random_forest,4,-0.25,24 months,6885,0.024777518585324287,0.014935554005205631,0.9931322336196899,0.05262474184369115,-0.3570729077092494,-0.47831802688608194,-0.2396219007674394,3374,12.238193018480493,5.260438056125941,0.29969307442185555
dkasc_18,xgboost,0,-0.5,24 months,6885,0.024313941597938538,0.014652011916041374,0.9933374524116516,0.05183596504175104,-0.7412008874401188,-0.840574860287228,-0.6451508023792818,3374,12.238193018480493,5.260438056125941,0.2996728153077866
dkasc_18,xgboost,1,-0.5,24 months,6885,0.024330584332346916,0.01466996781527996,0.993328332901001,0.05187144642166293,-0.7364408268920208,-0.8523315181414243,-0.6244556887242569,3374,12.238193018480493,5.260438056125941,0.29968294486482105
dkasc_18,xgboost,2,-0.5,24 months,6885,0.024273300543427467,0.014680574648082256,0.9933596849441528,0.05174932058419117,-0.7278921555482121,-0.834450398776118,-0.635649750323759,3374,12.238193018480493,5.260438056125941,0.2996626857507521
dkasc_18,xgboost,3,-0.5,24 months,6885,0.02415947988629341,0.01454606931656599,0.9934217929840088,0.05150666130245915,-0.7446902397855314,-0.8345622199069813,-0.6459082153305817,3374,12.238193018480493,5.260438056125941,0.2996728153077866
dkasc_18,xgboost,4,-0.5,24 months,6885,0.024392858147621155,0.014639374800026417,0.9932941198348999,0.05200421071652516,-0.7214145552045526,-0.853500689513409,-0.6235354589719745,3374,12.238193018480493,5.260438056125941,0.29968294486482105
dkasc_18,random_forest,0,-0.5,24 months,6885,0.024871056899428368,0.015086778439581394,0.9930286407470703,0.053023703737919495,-0.5894367773689462,-0.6863319207670249,-0.47397798311303607,3374,12.238193018480493,5.260438056125941,0.29969307442185555
dkasc_18,random_forest,1,-0.5,24 months,6885,0.02482231706380844,0.01504515577107668,0.9930559396743774,0.05291979313152281,-0.5776817419636204,-0.7002408334628614,-0.4545382455409752,3374,12.238193018480493,5.260438056125941,0.29969307442185555
dkasc_18,random_forest,2,-0.5,24 months,6885,0.024769451469182968,0.015037071891129017,0.9930854439735413,0.05280708663743673,-0.5583870005864411,-0.6919369425189561,-0.4438187944799665,3374,12.238193018480493,5.260438056125941,0.29969307442185555
dkasc_18,random_forest,3,-0.5,24 months,6885,0.02498406358063221,0.015115083195269108,0.9929651021957397,0.053264627668445974,-0.5634095316162824,-0.6759192878434177,-0.44110485937973176,3374,12.238193018480493,5.260438056125941,0.29969307442185555
dkasc_18,random_forest,4,-0.5,24 months,6885,0.024883076548576355,0.015060200355947018,0.9930219054222107,0.05304932895835278,-0.5751365739279868,-0.690499931312627,-0.4616167910148461,3374,12.238193018480493,5.260438056125941,0.29969307442185555
dkasc_18,xgboost,0,-1.0,24 months,6885,0.024716496467590332,0.015214848332107067,0.9930117726325989,0.05309687714575187,-1.2231639645889718,-1.3226238438141944,-1.1307218666553154,3374,12.238193018480493,5.260438056125941,0.29968294486482105
dkasc_18,xgboost,1,-1.0,24 months,6885,0.024659283459186554,0.01520672906190157,0.9930440783500671,0.05297397007911572,-1.2248355897467478,-1.331805892927307,-1.108831666823279,3374,12.238193018480493,5.260438056125941,0.29968294486482105
dkasc_18,xgboost,2,-1.0,24 months,6885,0.024644743651151657,0.015206112526357174,0.9930522441864014,0.05294273513439109,-1.2347587348155165,-1.3289981847500139,-1.1351428107265429,3374,12.238193018480493,5.260438056125941,0.2996728153077866
dkasc_18,xgboost,3,-1.0,24 months,6885,0.02462044730782509,0.015103451907634735,0.9930659532546997,0.052890540845512264,-1.2200830069035564,-1.3188400524676769,-1.1345475527226478,3374,12.238193018480493,5.260438056125941,0.29968294486482105
dkasc_18,xgboost,4,-1.0,24 months,6885,0.02475377358496189,0.015243805944919586,0.9929906725883484,0.05317695720580491,-1.218486907864865,-1.3244262131235418,-1.110862507358501,3374,12.238193018480493,5.260438056125941,0.29968294486482105
dkasc_18,random_forest,0,-1.0,24 months,6885,0.025168526917696,0.015589836053550243,0.992753803730011,0.054067945408070986,-1.0741353805301432,-1.1996630357393248,-0.9768231136797229,3374,12.238193018480493,5.260438056125941,0.29969307442185555
dkasc_18,random_forest,1,-1.0,24 months,6885,0.025102490559220314,0.015533043071627617,0.9927917718887329,0.053926083699728386,-1.059224164019651,-1.194999819589171,-0.9670052392747474,3374,12.238193018480493,5.260438056125941,0.29969307442185555
dkasc_18,random_forest,2,-1.0,24 months,6885,0.025013653561472893,0.015500029549002647,0.9928427338600159,0.053735240828386266,-1.0348958809522755,-1.1680493244092656,-0.9239119177162691,3374,12.238193018480493,5.260438056125941,0.29969307442185555
dkasc_18,random_forest,3,-1.0,24 months,6885,0.025277243927121162,0.015674084424972534,0.9926910400390625,0.054301495243933476,-1.0618167614201401,-1.1731888986273864,-0.9417608455176141,3374,12.238193018480493,5.260438056125941,0.29969307442185555
dkasc_18,random_forest,4,-1.0,24 months,6885,0.025128712877631187,0.015571460127830505,0.9927766919136047,0.0539824154383696,-1.0680703064091135,-1.1944861705555263,-0.9518682563564473,3374,12.238193018480493,5.260438056125941,0.29969307442185555
dkasc_18,xgboost,0,-2.0,24 months,6885,0.025891635566949844,0.016783950850367546,0.9920997023582458,0.05648464397370176,-2.223220650497665,-2.3274489414439934,-2.0999456209369436,3374,12.238193018480493,5.260438056125941,0.29968294486482105
dkasc_18,xgboost,1,-2.0,24 months,6885,0.02575989067554474,0.016633551567792892,0.9921798706054688,0.056197232107922594,-2.213985591513824,-2.320211340881848,-2.1145689997537453,3374,12.238193018480493,5.260438056125941,0.29968294486482105
dkasc_18,xgboost,2,-2.0,24 months,6885,0.025905679911375046,0.01677284575998783,0.9920911192893982,0.056515282818152136,-2.228073944211081,-2.327200536054208,-2.1065310826257986,3374,12.238193018480493,5.260438056125941,0.29969307442185555
dkasc_18,xgboost,3,-2.0,24 months,6885,0.025844817981123924,0.016643384471535683,0.9921282529830933,0.05638250771968848,-2.1984527339867443,-2.319682304275239,-2.1085021516735005,3374,12.238193018480493,5.260438056125941,0.29968294486482105
dkasc_18,xgboost,4,-2.0,24 months,6885,0.0259548369795084,0.016745390370488167,0.9920610785484314,0.056622522837235664,-2.2165039653751384,-2.3306714257952925,-2.1088221072397384,3374,12.238193018480493,5.260438056125941,0.29968294486482105
dkasc_18,random_forest,0,-2.0,24 months,6885,0.026262447237968445,0.01695803925395012,0.9918717741966248,0.05729359886435051,-2.0794524211214083,-2.2191665351245224,-1.9650086079937648,3374,12.238193018480493,5.260438056125941,0.29969307442185555
dkasc_18,random_forest,1,-2.0,24 months,6885,0.026070907711982727,0.01686699129641056,0.9919899106025696,0.05687574028974562,-2.100811198068686,-2.2132370344744223,-1.9711317577637337,3374,12.238193018480493,5.260438056125941,0.29969307442185555
dkasc_18,random_forest,2,-2.0,24 months,6885,0.026090849190950394,0.01682334393262863,0.9919776916503906,0.056919244198059375,-2.0795864997118327,-2.1940690547755604,-1.9422233850639683,3374,12.238193018480493,5.260438056125941,0.29969307442185555
dkasc_18,random_forest,3,-2.0,24 months,6885,0.02613948844373226,0.01689162291586399,0.9919477105140686,0.05702535456213532,-2.0909065833304097,-2.203267563934494,-1.9733221142034139,3374,12.238193018480493,5.260438056125941,0.29969307442185555
dkasc_18,random_forest,4,-2.0,24 months,6885,0.026130156591534615,0.016914216801524162,0.9919534921646118,0.05700499639095542,-2.1142401848157966,-2.226015169360315,-1.9823061711265515,3374,12.238193018480493,5.260438056125941,0.29969307442185555
dkasc_19,xgboost,0,0.0,24 months,6885,0.017912328243255615,0.011388813145458698,0.9955389499664307,0.04117192693260178,-0.6732372881930127,-0.8045713067881988,-0.540957624393984,3416,12.216290212183436,5.317932922655715,0.30285258610247506
dkasc_19,xgboost,1,0.0,24 months,6885,0.017808668315410614,0.01128278486430645,0.9955904483795166,0.040933662039444735,-0.6862464496839249,-0.8138783552481987,-0.567934439767237,3416,12.216290212183436,5.317932922655715,0.30285258610247506
dkasc_19,xgboost,2,0.0,24 months,6885,0.01789017766714096,0.011346094310283661,0.9955499768257141,0.041121013288717936,-0.6954849882444214,-0.8053288826217975,-0.5748836423209444,3416,12.216290212183436,5.317932922655715,0.30285258610247506
dkasc_19,xgboost,3,0.0,24 months,6885,0.017862241715192795,0.011311480775475502,0.9955638647079468,0.041056801816217944,-0.6894014979244745,-0.7821779247379701,-0.5576827000923767,3416,12.216290212183436,5.317932922655715,0.30285258610247506
dkasc_19,xgboost,4,0.0,24 months,6885,0.01779097132384777,0.011224915273487568,0.9955992102622986,0.040892985069167206,-0.68895325597302,-0.8039120147212115,-0.5464067034437692,3416,12.216290212183436,5.317932922655715,0.30285258610247506
dkasc_19,random_forest,0,0.0,24 months,6885,0.018431512638926506,0.01178059447556734,0.9952765703201294,0.04236528503283408,-0.5316669905131978,-0.6628885889823244,-0.4218122021607345,3416,12.216290212183436,5.317932922655715,0.30285258610247506
dkasc_19,random_forest,1,0.0,24 months,6885,0.018285691738128662,0.011661763302981853,0.9953510165214539,0.04203011210660348,-0.5212818282105125,-0.6524824654088395,-0.4203501450376008,3416,12.216290212183436,5.317932922655715,0.30285258610247506
dkasc_19,random_forest,2,0.0,24 months,6885,0.0182983186095953,0.011661632917821407,0.9953445792198181,0.04205913528116525,-0.5352352354862644,-0.6618543258292975,-0.4312071153008634,3416,12.216290212183436,5.317932922655715,0.30285258610247506
dkasc_19,random_forest,3,0.0,24 months,6885,0.018371572718024254,0.011710571125149727,0.9953072667121887,0.04222751165071315,-0.515714774523538,-0.6380305543000286,-0.41568495619066503,3416,12.216290212183436,5.317932922655715,0.30285258610247506
dkasc_19,random_forest,4,0.0,24 months,6885,0.01830185204744339,0.011683900840580463,0.9953427910804749,0.042067256974946586,-0.5442230882128196,-0.6672927998219447,-0.4091768554728925,3416,12.216290212183436,5.317932922655715,0.30285258610247506
dkasc_19,xgboost,0,-0.25,24 months,6885,0.018143093213438988,0.011600653640925884,0.9953893423080444,0.04185885370992431,-0.9178284609959213,-1.0455195143847622,-0.782557140674589,3416,12.216290212183436,5.317932922655715,0.30285258610247506
dkasc_19,xgboost,1,-0.25,24 months,6885,0.018084056675434113,0.011532185599207878,0.9954193234443665,0.04172264750854427,-0.9475927359899827,-1.0525881048241787,-0.7831977140841717,3416,12.216290212183436,5.317932922655715,0.30285258610247506
dkasc_19,xgboost,2,-0.25,24 months,6885,0.018162356689572334,0.01158932875841856,0.9953795671463013,0.041903297456088444,-0.9249865527086454,-1.038678252704195,-0.7912484034159672,3416,12.216290212183436,5.317932922655715,0.30285258610247506
dkasc_19,xgboost,3,-0.25,24 months,6885,0.01811089925467968,0.011544295586645603,0.9954056739807129,0.04178457738922222,-0.9209513669286487,-1.0308422255087875,-0.7653545438358389,3416,12.216290212183436,5.317932922655715,0.30285258610247506
dkasc_19,xgboost,4,-0.25,24 months,6885,0.018057318404316902,0.011484899558126926,0.9954328536987305,0.041660958282457805,-0.9119209758518969,-1.0489628302510212,-0.7784720531571685,3416,12.216290212183436,5.317932922655715,0.30285258610247506
dkasc_19,random_forest,0,-0.25,24 months,6885,0.018539462238550186,0.011910692788660526,0.9951856732368469,0.04277333686018367,-0.7389355226913974,-0.8765351273045741,-0.6153959513674367,3416,12.216290212183436,5.317932922655715,0.30285258610247506
dkasc_19,random_forest,1,-0.25,24 months,6885,0.018529580906033516,0.011877410113811493,0.9951907992362976,0.04275053913504339,-0.7542808191337125,-0.8698289805446017,-0.6416215370806178,3416,12.216290212183436,5.317932922655715,0.30285258610247506
dkasc_19,random_forest,2,-0.25,24 months,6885,0.0186738520860672,0.011957378126680851,0.9951156377792358,0.043083394516898285,-0.7601647070927642,-0.8782110553777265,-0.636394544810635,3416,12.216290212183436,5.317932922655715,0.30285258610247506
dkasc_19,random_forest,3,-0.25,24 months,6885,0.018586598336696625,0.011917605996131897,0.9951611757278442,0.04288208695111673,-0.7492468070911367,-0.8788557561586308,-0.6205071318873101,3416,12.216290212183436,5.317932922655715,0.30285258610247506
dkasc_19,random_forest,4,-0.25,24 months,6885,0.018585266545414925,0.011949192732572556,0.9951618909835815,0.042879014307671805,-0.7269815272113456,-0.8527468994257603,-0.6299256030253386,3416,12.216290212183436,5.317932922655715,0.30285258610247506
dkasc_19,xgboost,0,-0.5,24 months,6885,0.018490800634026527,0.011901010759174824,0.9951754212379456,0.04282177325207216,-1.1346103552390019,-1.2628020679010588,-1.00536475996163,3416,12.216290212183436,5.317932922655715,0.30285258610247506
dkasc_19,xgboost,1,-0.5,24 months,6885,0.018351759761571884,0.011769509874284267,0.9952477216720581,0.042499776555938486,-1.1607465905121148,-1.2825348619240498,-1.010860803556024,3416,12.216290212183436,5.317932922655715,0.30285258610247506
dkasc_19,xgboost,2,-0.5,24 months,6885,0.0184699147939682,0.011847253888845444,0.9951863288879395,0.042773404945860974,-1.1481770054254312,-1.2731192620263154,-1.0190022401851528,3416,12.216290212183436,5.317932922655715,0.30285258610247506
dkasc_19,xgboost,3,-0.5,24 months,6885,0.01842670328915119,0.011829779483377934,0.9952088594436646,0.042673333926883585,-1.1339111913584374,-1.2680117308598693,-0.9946154071765967,3416,12.216290212183436,5.317932922655715,0.30285258610247506
dkasc_19,xgboost,4,-0.5,24 months,6885,0.01839238777756691,0.011776228435337543,0.9952266812324524,0.04259386462292132,-1.1439430578637677,-1.2775212155056552,-1.0155557126758752,3416,12.216290212183436,5.317932922655715,0.30285258610247506
dkasc_19,random_forest,0,-0.5,24 months,6885,0.018879210576415062,0.012184378691017628,0.9949706196784973,0.04372126932100957,-0.9812541940752428,-1.1156548498582084,-0.8736946650042599,3416,12.216290212183436,5.317932922655715,0.30285258610247506
dkasc_19,random_forest,1,-0.5,24 months,6885,0.018863679841160774,0.01219018455594778,0.9949789047241211,0.043685302591571516,-0.988797824534414,-1.102644811306408,-0.8666007020960154,3416,12.216290212183436,5.317932922655715,0.30285258610247506
dkasc_19,random_forest,2,-0.5,24 months,6885,0.018826516345143318,0.012173565104603767,0.9949986934661865,0.04359923780556191,-0.968945859030873,-1.1080822335750935,-0.8628106770900336,3416,12.216290212183436,5.317932922655715,0.30285258610247506
dkasc_19,random_forest,3,-0.5,24 months,6885,0.018917789682745934,0.012242385186254978,0.9949500560760498,0.04381061243687921,-0.9635443308446527,-1.0689438272925187,-0.8394729181306766,3416,12.216290212183436,5.317932922655715,0.30285258610247506
dkasc_19,random_forest,4,-0.5,24 months,6885,0.018944481387734413,0.012250922620296478,0.9949358105659485,0.043872426209108445,-0.9446473497637664,-1.100994792883107,-0.8448870666521835,3416,12.216290212183436,5.317932922655715,0.30285258610247506
dkasc_19,xgboost,0,-1.0,24 months,6885,0.01918352209031582,0.012500043027102947,0.9947299361228943,0.04476325379049291,-1.6082451416543497,-1.7147306751855385,-1.4767965542094252,3416,12.216290212183436,5.317932922655715,0.30285258610247506
dkasc_19,xgboost,1,-1.0,24 months,6885,0.019129721447825432,0.012462002225220203,0.9947595000267029,0.044637714184024894,-1.5967081729128472,-1.7182421686549876,-1.4724035252198453,3416,12.216290212183436,5.317932922655715,0.30285258610247506
dkasc_19,xgboost,2,-1.0,24 months,6885,0.019201848655939102,0.012496448121964931,0.9947198629379272,0.044806017403151786,-1.5788450476164733,-1.7130405991917674,-1.467014323173594,3416,12.216290212183436,5.317932922655715,0.30285258610247506
dkasc_19,xgboost,3,-1.0,24 months,6885,0.01914341188967228,0.012452269904315472,0.9947519898414612,0.04466965976315313,-1.6086726854195876,-1.734669186443277,-1.4870215743879676,3416,12.216290212183436,5.317932922655715,0.30285258610247506
dkasc_19,xgboost,4,-1.0,24 months,6885,0.019097117707133293,0.012435998767614365,0.9947773218154907,0.04456163589598944,-1.597955838127929,-1.7360826647117598,-1.486976479142077,3416,12.216290212183436,5.317932922655715,0.30285258610247506
dkasc_19,random_forest,0,-1.0,24 months,6885,0.019548194482922554,0.012778254225850105,0.9945276975631714,0.045614188399048565,-1.4514813932911874,-1.566154168345891,-1.3093427346395832,3416,12.216290212183436,5.317932922655715,0.30285258610247506
dkasc_19,random_forest,1,-1.0,24 months,6885,0.019560853019356728,0.01275918073952198,0.9945206046104431,0.04564372610731461,-1.4201527316479667,-1.5498369060806247,-1.325309027258259,3416,12.216290212183436,5.317932922655715,0.30285258610247506
dkasc_19,random_forest,2,-1.0,24 months,6885,0.01961328275501728,0.012779157608747482,0.9944912195205688,0.04576606680953251,-1.4298347412175754,-1.5705797036406954,-1.3019352234457675,3416,12.216290212183436,5.317932922655715,0.30285258610247506
dkasc_19,random_forest,3,-1.0,24 months,6885,0.019625885412096977,0.012839499861001968,0.9944841265678406,0.045795474127679675,-1.4283948029536253,-1.5551082597680035,-1.318056346220292,3416,12.216290212183436,5.317932922655715,0.30285258610247506
dkasc_19,random_forest,4,-1.0,24 months,6885,0.01956097036600113,0.01279369741678238,0.9945205450057983,0.04564399992656429,-1.438131073868143,-1.5421763761628033,-1.31523653122384,3416,12.216290212183436,5.317932922655715,0.30285258610247506
dkasc_19,xgboost,0,-2.0,24 months,6885,0.02106766402721405,0.014111901633441448,0.9934535026550293,0.04991763993848999,-2.552863186010285,-2.674827378211254,-2.4243348929555486,3416,12.216290212183436,5.317932922655715,0.30285258610247506
dkasc_19,xgboost,1,-2.0,24 months,6885,0.021036844700574875,0.014107981696724892,0.9934726357460022,0.0498446167476733,-2.5239189147592045,-2.6490651484528005,-2.4191047840746425,3416,12.216290212183436,5.317932922655715,0.30285258610247506
dkasc_19,xgboost,2,-2.0,24 months,6885,0.021043311804533005,0.014094364829361439,0.9934686422348022,0.049859939878249604,-2.555684338354074,-2.678955909436087,-2.4142151403642953,3416,12.216290212183436,5.317932922655715,0.30285258610247506
dkasc_19,xgboost,3,-2.0,24 months,6885,0.021037632599473,0.01411791518330574,0.993472158908844,0.04984648359221068,-2.5612465419962542,-2.6650383373621356,-2.440107757269178,3416,12.216290212183436,5.317932922655715,0.30285258610247506
dkasc_19,xgboost,4,-2.0,24 months,6885,0.021078059449791908,0.014127004891633987,0.9934470653533936,0.049942270811688824,-2.5462149716182374,-2.6765298094116763,-2.4496077515999137,3416,12.216290212183436,5.317932922655715,0.30285258610247506
dkasc_19,random_forest,0,-2.0,24 months,6885,0.021420832723379135,0.014356642961502075,0.9932321906089783,0.05075443645232949,-2.370697795815696,-2.489226526858046,-2.250440472103282,3416,12.216290212183436,5.317932922655715,0.30285258610247506
dkasc_19,random_forest,1,-2.0,24 months,6885,0.021371083334088326,0.014312759041786194,0.9932636022567749,0.05063656044583107,-2.3693008793381987,-2.504155404577235,-2.2588139745930524,3416,12.216290212183436,5.317932922655715,0.30285258610247506
dkasc_19,random_forest,2,-2.0,24 months,6885,0.021376613527536392,0.014248755760490894,0.9932600855827332,0.0506496636643452,-2.385366742683636,-2.515603152360746,-2.2698831954211336,3416,12.216290212183436,5.317932922655715,0.30285258610247506
dkasc_19,random_forest,3,-2.0,24 months,6885,0.021391872316598892,0.014305783435702324,0.9932504892349243,0.05068581777888469,-2.369549569867093,-2.5055802576735973,-2.236199249727311,3416,12.216290212183436,5.317932922655715,0.30285258610247506
dkasc_19,random_forest,4,-2.0,24 months,6885,0.02147926203906536,0.014394321478903294,0.9931952357292175,0.05089287864214749,-2.345153315058562,-2.471941520449039,-2.2310358485803983,3416,12.216290212183436,5.317932922655715,0.30285258610247506
dkasc_20,xgboost,0,0.0,24 months,6852,0.018219901248812675,0.011940955184400082,0.9951360821723938,0.04240956520026008,-2.1602845387886815,-2.386840896721787,-1.9642873988781495,3444,12.216290212183436,5.356262833675565,0.3017055538287227
dkasc_20,xgboost,1,0.0,24 months,6852,0.01813413016498089,0.011869966983795166,0.9951817393302917,0.042209920080213216,-2.15370778555134,-2.3332207679532213,-2.002484642547253,3444,12.216290212183436,5.356262833675565,0.3017055538287227
dkasc_20,xgboost,2,0.0,24 months,6852,0.018135670572519302,0.01182718575000763,0.9951809644699097,0.042213505610839495,-2.176463686926422,-2.3650310564528505,-1.9627832852434302,3444,12.216290212183436,5.356262833675565,0.3017055538287227
dkasc_20,xgboost,3,0.0,24 months,6852,0.018146634101867676,0.011837250553071499,0.9951751232147217,0.04223902487718322,-2.173138104971706,-2.3646734245996948,-2.013454705213344,3444,12.216290212183436,5.356262833675565,0.3017055538287227
dkasc_20,xgboost,4,0.0,24 months,6852,0.018046872690320015,0.011763104237616062,0.9952279925346375,0.0420068151615693,-2.1375055539657897,-2.3647878394872146,-1.967075920007677,3444,12.216290212183436,5.356262833675565,0.3017055538287227
dkasc_20,random_forest,0,0.0,24 months,6852,0.018605420365929604,0.01218212116509676,0.9949280619621277,0.04330691902836507,-2.005612765618492,-2.1929194087615245,-1.8112480098208428,3444,12.216290212183436,5.356262833675565,0.3017055538287227
dkasc_20,random_forest,1,0.0,24 months,6852,0.01857496239244938,0.012171120382845402,0.9949446320533752,0.04323602350623586,-2.028916783879231,-2.203929527278778,-1.8333226628613568,3444,12.216290212183436,5.356262833675565,0.3017055538287227
dkasc_20,random_forest,2,0.0,24 months,6852,0.01850658841431141,0.012139388360083103,0.9949818253517151,0.04307687277077112,-2.0173195434110336,-2.183817074472061,-1.8399461544941098,3444,12.216290212183436,5.356262833675565,0.3017055538287227
dkasc_20,random_forest,3,0.0,24 months,6852,0.01843508891761303,0.012103458866477013,0.9950205087661743,0.04291044691996069,-2.0087491693818196,-2.1957951801949793,-1.8250199028535792,3444,12.216290212183436,5.356262833675565,0.3017055538287227
dkasc_20,random_forest,4,0.0,24 months,6852,0.018460718914866447,0.01220694649964571,0.9950066208839417,0.042970104600030284,-1.9803242754228623,-2.2010808036297735,-1.8329620930798256,3444,12.216290212183436,5.356262833675565,0.3017055538287227
dkasc_20,xgboost,0,-0.25,24 months,6852,0.018372032791376114,0.012024355120956898,0.9950177073478699,0.04292429970543048,-2.362783369926508,-2.5377904752201808,-2.191026924376638,3444,12.216290212183436,5.356262833675565,0.3017055538287227
dkasc_20,xgboost,1,-0.25,24 months,6852,0.01836456172168255,0.01202103029936552,0.9950217604637146,0.04290684434606505,-2.360663078575198,-2.546953404154839,-2.1984534346445654,3444,12.216290212183436,5.356262833675565,0.3017055538287227
dkasc_20,xgboost,2,-0.25,24 months,6852,0.01833728514611721,0.012002936564385891,0.9950365424156189,0.04284311552967333,-2.3883054937705595,-2.5657104053618096,-2.18453311619491,3444,12.216290212183436,5.356262833675565,0.3017055538287227
dkasc_20,xgboost,3,-0.25,24 months,6852,0.01838165707886219,0.012055929750204086,0.9950124621391296,0.0429467858290508,-2.380612670325865,-2.553826636327361,-2.2008052239972264,3444,12.216290212183436,5.356262833675565,0.3017055538287227
dkasc_20,xgboost,4,-0.25,24 months,6852,0.018231166526675224,0.011947601102292538,0.995093822479248,0.04259518066710371,-2.3543161768978083,-2.5556933015461247,-2.206438624094942,3444,12.216290212183436,5.356262833675565,0.3017055538287227
dkasc_20,random_forest,0,-0.25,24 months,6852,0.018692325800657272,0.012300578877329826,0.9948424696922302,0.04367263024021986,-2.2288533513393216,-2.425560086195133,-2.0450908796486367,3444,12.216290212183436,5.356262833675565,0.3017055538287227
dkasc_20,random_forest,1,-0.25,24 months,6852,0.018685901537537575,0.012300867587327957,0.9948460459709167,0.04365762063302681,-2.2460476058437595,-2.4261878747486865,-2.0516143255396857,3444,12.216290212183436,5.356262833675565,0.3017055538287227
dkasc_20,random_forest,2,-0.25,24 months,6852,0.018774626776576042,0.01232996303588152,0.9947969317436218,0.04386491771305983,-2.216734198588366,-2.412209580794744,-2.0502321593792616,3444,12.216290212183436,5.356262833675565,0.3017055538287227
dkasc_20,random_forest,3,-0.25,24 months,6852,0.018746107816696167,0.012347339652478695,0.9948127269744873,0.04379828619791549,-2.2281664347303165,-2.4173662245343692,-2.0299991170824705,3444,12.216290212183436,5.356262833675565,0.3017055538287227
dkasc_20,random_forest,4,-0.25,24 months,6852,0.018780196085572243,0.012350333854556084,0.9947938919067383,0.04387792981091638,-2.2670473680671543,-2.405320399061772,-2.0493659596456557,3444,12.216290212183436,5.356262833675565,0.3017055538287227
dkasc_20,xgboost,0,-0.5,24 months,6852,0.018653864040970802,0.012240602634847164,0.9948254823684692,0.04374708766774457,-2.5825469602908218,-2.734247134737622,-2.428963322613731,3444,12.216290212183436,5.356262833675565,0.3017055538287227
dkasc_20,xgboost,1,-0.5,24 months,6852,0.018659407272934914,0.012241242453455925,0.9948223829269409,0.043760087668932746,-2.5967635336573758,-2.734266850578838,-2.4510014975895,3444,12.216290212183436,5.356262833675565,0.3017055538287227
dkasc_20,xgboost,2,-0.5,24 months,6852,0.0185664352029562,0.012166990898549557,0.9948738813400269,0.043542049342552895,-2.6135006908064717,-2.769938429213447,-2.413453751903283,3444,12.216290212183436,5.356262833675565,0.3017055538287227
dkasc_20,xgboost,3,-0.5,24 months,6852,0.01863722875714302,0.012230568565428257,0.9948346614837646,0.04370807455934015,-2.58732684340511,-2.779734768421216,-2.4364460854411463,3444,12.216290212183436,5.356262833675565,0.3017055538287227
dkasc_20,xgboost,4,-0.5,24 months,6852,0.018491869792342186,0.012158771045506,0.9949149489402771,0.043367178358828126,-2.594821629000854,-2.7670951528100063,-2.4469168872991744,3444,12.216290212183436,5.356262833675565,0.3017055538287227
dkasc_20,random_forest,0,-0.5,24 months,6852,0.018931012600660324,0.012474512681365013,0.994670569896698,0.0443970571491934,-2.460628327941494,-2.6908519772100625,-2.2833946592275765,3444,12.216290212183436,5.356262833675565,0.3017055538287227
dkasc_20,random_forest,1,-0.5,24 months,6852,0.018929269164800644,0.012506659142673016,0.9946715235710144,0.044392968439142276,-2.473965779628551,-2.6603943104370975,-2.3168564025127063,3444,12.216290212183436,5.356262833675565,0.3017055538287227
dkasc_20,random_forest,2,-0.5,24 months,6852,0.018908832222223282,0.012475800700485706,0.994683027267456,0.04434503967132083,-2.4328843501082886,-2.645641330442015,-2.2854052366967026,3444,12.216290212183436,5.356262833675565,0.3017055538287227
dkasc_20,random_forest,3,-0.5,24 months,6852,0.01896219328045845,0.012527670711278915,0.9946529865264893,0.044470182155876864,-2.473680003846168,-2.663873901367819,-2.2999255941743777,3444,12.216290212183436,5.356262833675565,0.3017055538287227
dkasc_20,random_forest,4,-0.5,24 months,6852,0.019014228135347366,0.012571951374411583,0.994623601436615,0.04459221442509487,-2.4106964218545968,-2.638470537792459,-2.2817446494404856,3444,12.216290212183436,5.356262833675565,0.3017055538287227
dkasc_20,xgboost,0,-1.0,24 months,6852,0.019203994423151016,0.012721830047667027,0.9944338202476501,0.04537944757113146,-3.009848340297518,-3.178583903343879,-2.8708802191262928,3444,12.216290212183436,5.356262833675565,0.3017055538287227
dkasc_20,xgboost,1,-1.0,24 months,6852,0.01930018700659275,0.012767505832016468,0.9943779706954956,0.04560675269322436,-3.0548063763988664,-3.193172335921557,-2.8868523924520577,3444,12.216290212183436,5.356262833675565,0.3017055538287227
dkasc_20,xgboost,2,-1.0,24 months,6852,0.019233638420701027,0.012702199630439281,0.9944166541099548,0.04544949696830258,-3.0327181780111987,-3.178507709607048,-2.8528295780996213,3444,12.216290212183436,5.356262833675565,0.3017055538287227
dkasc_20,xgboost,3,-1.0,24 months,6852,0.019304947927594185,0.012754290364682674,0.9943751692771912,0.04561800285088502,-3.0496076250279947,-3.2003976527169886,-2.8808480300730688,3444,12.216290212183436,5.356262833675565,0.3017055538287227
dkasc_20,xgboost,4,-1.0,24 months,6852,0.019199756905436516,0.012683041393756866,0.9944363236427307,0.04536943422657824,-3.0477402608861226,-3.1745032544444163,-2.89945388577717,3444,12.216290212183436,5.356262833675565,0.3017055538287227
dkasc_20,random_forest,0,-1.0,24 months,6852,0.019492916762828827,0.012988473288714886,0.994265079498291,0.04606217720938484,-2.9159653110372163,-3.111126167827638,-2.737092073281988,3444,12.216290212183436,5.356262833675565,0.3017055538287227
dkasc_20,random_forest,1,-1.0,24 months,6852,0.019624371081590652,0.013090776279568672,0.9941874742507935,0.04637280656257084,-2.9632399530378772,-3.108192475649829,-2.7330820870438486,3444,12.216290212183436,5.356262833675565,0.3017055538287227
dkasc_20,random_forest,2,-1.0,24 months,6852,0.019510550424456596,0.012950172647833824,0.9942547082901001,0.04610384592713659,-2.910107713581689,-3.110176627251182,-2.7165686665553963,3444,12.216290212183436,5.356262833675565,0.3017055538287227
dkasc_20,random_forest,3,-1.0,24 months,6852,0.019594011828303337,0.013034870848059654,0.9942054748535156,0.046301067000868536,-2.9150524526988186,-3.0899362372474495,-2.7465098400219268,3444,12.216290212183436,5.356262833675565,0.3017055538287227
dkasc_20,random_forest,4,-1.0,24 months,6852,0.019573360681533813,0.013065864332020283,0.9942176938056946,0.046252267901500874,-2.903450502321425,-3.101772655846668,-2.7214298303107065,3444,12.216290212183436,5.356262833675565,0.3017055538287227
dkasc_20,xgboost,0,-2.0,24 months,6852,0.02091054990887642,0.014103448018431664,0.9932021498680115,0.05017451880621192,-3.912163843696941,-4.057709594356641,-3.726478561240454,3444,12.216290212183436,5.356262833675565,0.3017055538287227
dkasc_20,xgboost,1,-2.0,24 months,6852,0.021027233451604843,0.014202577993273735,0.9931260347366333,0.0504544990379378,-3.9234232700191884,-4.075397046739527,-3.7812275626744043,3444,12.216290212183436,5.356262833675565,0.3017055538287227
dkasc_20,xgboost,2,-2.0,24 months,6852,0.021024465560913086,0.0141639094799757,0.9931278824806213,0.05044785752998261,-3.9480699508703485,-4.104709953772546,-3.7613172170728233,3444,12.216290212183436,5.356262833675565,0.3017055538287227
dkasc_20,xgboost,3,-2.0,24 months,6852,0.021012648940086365,0.01418539322912693,0.9931355714797974,0.05041950374366518,-3.9076761913905633,-4.080430408023394,-3.759363155082865,3444,12.216290212183436,5.356262833675565,0.3017055538287227
dkasc_20,xgboost,4,-2.0,24 months,6852,0.0209149569272995,0.014068299904465675,0.9931992888450623,0.05018509337405981,-3.9369769251621833,-4.091017806320596,-3.774379383977114,3444,12.216290212183436,5.356262833675565,0.3017055538287227
dkasc_20,random_forest,0,-2.0,24 months,6852,0.021196719259023666,0.014329706318676472,0.9930148124694824,0.05086117743084376,-3.847599815674585,-4.020177300009681,-3.7049975806202395,3444,12.216290212183436,5.356262833675565,0.3017055538287227
dkasc_20,random_forest,1,-2.0,24 months,6852,0.021319493651390076,0.014404910616576672,0.9929336309432983,0.051155772555580035,-3.892991786044786,-4.075381350916796,-3.676002817179246,3444,12.216290212183436,5.356262833675565,0.3017055538287227
dkasc_20,random_forest,2,-2.0,24 months,6852,0.021205998957157135,0.01430278830230236,0.9930086731910706,0.05088344391309997,-3.9185777762680285,-4.027075983845485,-3.6922299899398436,3444,12.216290212183436,5.356262833675565,0.3017055538287227
dkasc_20,random_forest,3,-2.0,24 months,6852,0.02114076353609562,0.014283903874456882,0.9930516481399536,0.05072691259875645,-3.870128961407049,-4.0561007097823065,-3.705814263315489,3444,12.216290212183436,5.356262833675565,0.3017055538287227
dkasc_20,random_forest,4,-2.0,24 months,6852,0.0212053582072258,0.014325360767543316,0.993009090423584,0.05088190644423282,-3.892077998303667,-4.039464267568094,-3.6774721636794183,3444,12.216290212183436,5.356262833675565,0.3017055538287227
dkasc_21,xgboost,0,0.0,24 months,6880,0.018543150275945663,0.012045962736010551,0.9953699111938477,0.04365545514209101,-1.0536096467584632,-1.1994550284552374,-0.9071781464790318,3177,12.216290212183436,4.988021902806297,0.2795486459378134
dkasc_21,xgboost,1,0.0,24 months,6880,0.018500616773962975,0.0120143573731184,0.9953911304473877,0.04355532008627743,-1.031986588771061,-1.1731631834075607,-0.9096263467136703,3177,12.216290212183436,4.988021902806297,0.27955867602808426
dkasc_21,xgboost,2,0.0,24 months,6880,0.01840563304722309,0.011937934905290604,0.9954383373260498,0.043331703399780507,-1.0061178889617532,-1.1246699107677505,-0.8976206375705849,3177,12.216290212183436,4.988021902806297,0.27947843530591776
dkasc_21,xgboost,3,0.0,24 months,6880,0.018548231571912766,0.012060042470693588,0.9953673481941223,0.043667417849875524,-1.0271465656747802,-1.1716072541481002,-0.9047286221177009,3177,12.216290212183436,4.988021902806297,0.27956870611835505
dkasc_21,xgboost,4,0.0,24 months,6880,0.018503338098526,0.012028600089251995,0.9953897595405579,0.04356172680038051,-1.048657450785499,-1.1663415612703933,-0.9325595406759831,3177,12.216290212183436,4.988021902806297,0.2795486459378134
dkasc_21,random_forest,0,0.0,24 months,6880,0.018620353192090988,0.012302825227379799,0.9953312873840332,0.043837211121655756,-0.8782252655372007,-1.0444233317056018,-0.7224554429814734,3177,12.216290212183436,4.988021902806297,0.2795787362086259
dkasc_21,random_forest,1,0.0,24 months,6880,0.018673701211810112,0.012299228459596634,0.9953044652938843,0.043962806397922743,-0.8442895412096156,-1.016313142778702,-0.7326038848994465,3177,12.216290212183436,4.988021902806297,0.2795787362086259
dkasc_21,random_forest,2,0.0,24 months,6880,0.01860373467206955,0.012242448516190052,0.995339572429657,0.04379808675257458,-0.8957151738695684,-1.0246035780107465,-0.7554802923908974,3177,12.216290212183436,4.988021902806297,0.2795787362086259
dkasc_21,random_forest,3,0.0,24 months,6880,0.018682319670915604,0.012325379066169262,0.9953001737594604,0.043983096518494205,-0.8582174376860041,-1.033454807998213,-0.7318408063930516,3177,12.216290212183436,4.988021902806297,0.2795787362086259
dkasc_21,random_forest,4,0.0,24 months,6880,0.018631763756275177,0.012255196459591389,0.9953255653381348,0.043864074592289165,-0.8607027366475463,-1.0420887206650817,-0.7403434764528816,3177,12.216290212183436,4.988021902806297,0.2795787362086259
dkasc_21,xgboost,0,-0.25,24 months,6880,0.018709281459450722,0.012238040566444397,0.9952515363693237,0.04421208361415763,-1.2441543021119217,-1.4006553008073575,-1.118811292683819,3177,12.216290212183436,4.988021902806297,0.2795486459378134
dkasc_21,xgboost,1,-0.25,24 months,6880,0.018667787313461304,0.012173636816442013,0.9952725768089294,0.04411402839723451,-1.2545509376455373,-1.379555086235019,-1.1242116614824964,3177,12.216290212183436,4.988021902806297,0.27955867602808426
dkasc_21,xgboost,2,-0.25,24 months,6880,0.018682412803173065,0.012174383737146854,0.9952651858329773,0.04414859003314959,-1.2732083181724474,-1.383520025997842,-1.1285303805454818,3177,12.216290212183436,4.988021902806297,0.27953861584754264
dkasc_21,xgboost,3,-0.25,24 months,6880,0.018742235377430916,0.012274499982595444,0.9952347874641418,0.04428995733583487,-1.2413097089209513,-1.3761870291507716,-1.0992442084193532,3177,12.216290212183436,4.988021902806297,0.27955867602808426
dkasc_21,xgboost,4,-0.25,24 months,6880,0.018678374588489532,0.012244059704244137,0.9952672123908997,0.04413904728905078,-1.2671799439656701,-1.3672407045315138,-1.1226994113753235,3177,12.216290212183436,4.988021902806297,0.2795486459378134
dkasc_21,random_forest,0,-0.25,24 months,6880,0.01879104971885681,0.012437939643859863,0.9952099323272705,0.04440531097725446,-1.0965741077778708,-1.2362188824544207,-0.9435086374108226,3177,12.216290212183436,4.988021902806297,0.2795787362086259
dkasc_21,random_forest,1,-0.25,24 months,6880,0.018778853118419647,0.012436820194125175,0.9952161908149719,0.04437648907302981,-1.1002149830021235,-1.2470859424663252,-0.9270958081339208,3177,12.216290212183436,4.988021902806297,0.2795787362086259
dkasc_21,random_forest,2,-0.25,24 months,6880,0.01883566565811634,0.012456944212317467,0.9951871633529663,0.044510743333988294,-1.0759772853475562,-1.2487529027714925,-0.9617190133982989,3177,12.216290212183436,4.988021902806297,0.2795787362086259
dkasc_21,random_forest,3,-0.25,24 months,6880,0.0188904982060194,0.01251552626490593,0.9951591491699219,0.044640318657226744,-1.128401081985092,-1.250447785760611,-0.9745158098631301,3177,12.216290212183436,4.988021902806297,0.2795787362086259
dkasc_21,random_forest,4,-0.25,24 months,6880,0.01885201409459114,0.012447609566152096,0.9951788187026978,0.04454937648203042,-1.0893608536866708,-1.262730891795183,-0.9454336771591909,3177,12.216290212183436,4.988021902806297,0.2795787362086259
dkasc_21,xgboost,0,-0.5,24 months,6880,0.01899283565580845,0.012513924390077591,0.9950701594352722,0.045051434809877285,-1.4424803510466837,-1.5992354281009924,-1.3625363250448497,3177,12.216290212183436,4.988021902806297,0.27953861584754264
dkasc_21,xgboost,1,-0.5,24 months,6880,0.018918443471193314,0.0124188968911767,0.9951087236404419,0.04487497486907175,-1.456496138440816,-1.6114236409631277,-1.3418370960285475,3177,12.216290212183436,4.988021902806297,0.2795486459378134
dkasc_21,xgboost,2,-0.5,24 months,6880,0.01894151046872139,0.012411745265126228,0.995096743106842,0.04492969030778919,-1.4703707969494428,-1.6038476919947395,-1.3431197946619455,3177,12.216290212183436,4.988021902806297,0.279518555667001
dkasc_21,xgboost,3,-0.5,24 months,6880,0.01901477947831154,0.012548898346722126,0.9950587749481201,0.0451034860520874,-1.4620691599789843,-1.5748919115218418,-1.3450949363430433,3177,12.216290212183436,4.988021902806297,0.27956870611835505
dkasc_21,xgboost,4,-0.5,24 months,6880,0.01896936446428299,0.012495223432779312,0.9950823187828064,0.04499576061387612,-1.4857456985630402,-1.6120954595218229,-1.3727087479507571,3177,12.216290212183436,4.988021902806297,0.27955867602808426
dkasc_21,random_forest,0,-0.5,24 months,6880,0.019024036824703217,0.012704722583293915,0.9950539469718933,0.045125444686650196,-1.270013970217293,-1.4438313438241472,-1.1280960947434526,3177,12.216290212183436,4.988021902806297,0.2795787362086259
dkasc_21,random_forest,1,-0.5,24 months,6880,0.01913551241159439,0.012719699181616306,0.9949958324432373,0.045389867294560494,-1.3078898731374466,-1.4718034817863908,-1.137971873100263,3177,12.216290212183436,4.988021902806297,0.2795787362086259
dkasc_21,random_forest,2,-0.5,24 months,6880,0.019130779430270195,0.012742004357278347,0.9949982762336731,0.04537864055604458,-1.2974603990447124,-1.4355467171261405,-1.154456875754939,3177,12.216290212183436,4.988021902806297,0.2795787362086259
dkasc_21,random_forest,3,-0.5,24 months,6880,0.019146302714943886,0.012790897861123085,0.9949901700019836,0.045415462137623326,-1.2949409485323726,-1.4727082895649946,-1.14014972131204,3177,12.216290212183436,4.988021902806297,0.2795787362086259
dkasc_21,random_forest,4,-0.5,24 months,6880,0.019096966832876205,0.012745962478220463,0.9950159788131714,0.04529843631193625,-1.3145482899304375,-1.460943292401901,-1.1564622432409724,3177,12.216290212183436,4.988021902806297,0.2795787362086259
dkasc_21,xgboost,0,-1.0,24 months,6880,0.019679022952914238,0.013158353976905346,0.9946285486221313,0.047033884285629525,-1.8966250393005646,-2.0107162418326476,-1.7839757535201062,3177,12.216290212183436,4.988021902806297,0.27955867602808426
dkasc_21,xgboost,1,-1.0,24 months,6880,0.01959925703704357,0.013070295564830303,0.9946720004081726,0.04684323961460216,-1.9095234147083973,-2.0619365591153898,-1.8185666270429532,3177,12.216290212183436,4.988021902806297,0.27955867602808426
dkasc_21,xgboost,2,-1.0,24 months,6880,0.019586756825447083,0.013047692365944386,0.994678795337677,0.0468133634613408,-1.9005156144241253,-2.0195382087453373,-1.7822487922883468,3177,12.216290212183436,4.988021902806297,0.27953861584754264
dkasc_21,xgboost,3,-1.0,24 months,6880,0.01963553950190544,0.013108745217323303,0.9946522116661072,0.046929956585154704,-1.9250091688455178,-2.0366588739594347,-1.8271689037085093,3177,12.216290212183436,4.988021902806297,0.27956870611835505
dkasc_21,xgboost,4,-1.0,24 months,6880,0.01960901916027069,0.013122002594172955,0.9946666955947876,0.04686657159482013,-1.9257962139839786,-2.0489358473446497,-1.8003590548151482,3177,12.216290212183436,4.988021902806297,0.2795486459378134
dkasc_21,random_forest,0,-1.0,24 months,6880,0.01963387429714203,0.013273111544549465,0.9946531653404236,0.04692597665950791,-1.7077496927427922,-1.8429248476626747,-1.5622077092593187,3177,12.216290212183436,4.988021902806297,0.2795787362086259
dkasc_21,random_forest,1,-1.0,24 months,6880,0.019675685092806816,0.013263369910418987,0.9946303367614746,0.04702590662706234,-1.758031661110443,-1.8811805081913093,-1.5927108729705335,3177,12.216290212183436,4.988021902806297,0.2795787362086259
dkasc_21,random_forest,2,-1.0,24 months,6880,0.01962157152593136,0.013211607933044434,0.9946598410606384,0.04689657239899661,-1.7361479998049878,-1.8777895823066473,-1.6075313551349566,3177,12.216290212183436,4.988021902806297,0.2795787362086259
dkasc_21,random_forest,3,-1.0,24 months,6880,0.01974702998995781,0.013344199396669865,0.9945913553237915,0.04719642462711747,-1.7048009394401542,-1.875482040008818,-1.5840967622416713,3177,12.216290212183436,4.988021902806297,0.2795787362086259
dkasc_21,random_forest,4,-1.0,24 months,6880,0.01964857243001461,0.013226762413978577,0.9946451187133789,0.04696110595847757,-1.738681083269894,-1.8852947957795796,-1.578810426268167,3177,12.216290212183436,4.988021902806297,0.2795787362086259
dkasc_21,xgboost,0,-2.0,24 months,6880,0.02130388654768467,0.014675052836537361,0.9935154914855957,0.051703368553025694,-2.8049730966426987,-2.9518734619310294,-2.7147496057697786,3177,12.216290212183436,4.988021902806297,0.27955867602808426
dkasc_21,xgboost,1,-2.0,24 months,6880,0.02134002558887005,0.014640850946307182,0.9934934973716736,0.05179107603125406,-2.838493799566442,-2.9730278234643914,-2.7126551264088805,3177,12.216290212183436,4.988021902806297,0.2795486459378134
dkasc_21,xgboost,2,-2.0,24 months,6880,0.02131892368197441,0.01462177000939846,0.9935063719749451,0.05173986285627987,-2.8650167983007515,-2.967394507451114,-2.724435759924066,3177,12.216290212183436,4.988021902806297,0.27956870611835505
dkasc_21,xgboost,3,-2.0,24 months,6880,0.021345600485801697,0.014651093631982803,0.9934900999069214,0.051804606001480714,-2.8343752139147416,-2.969399808499346,-2.714293796004969,3177,12.216290212183436,4.988021902806297,0.27956870611835505
dkasc_21,xgboost,4,-2.0,24 months,6880,0.02127932943403721,0.014628053642809391,0.9935304522514343,0.05164376978006606,-2.85878048443296,-2.969683091404296,-2.7126730649615105,3177,12.216290212183436,4.988021902806297,0.27956870611835505
dkasc_21,random_forest,0,-2.0,24 months,6880,0.02128155156970024,0.014651370234787464,0.9935290813446045,0.051649162781897136,-2.6815058426824354,-2.866216276086342,-2.5245419779079783,3177,12.216290212183436,4.988021902806297,0.2795787362086259
dkasc_21,random_forest,1,-2.0,24 months,6880,0.02133646234869957,0.014700816012918949,0.9934956431388855,0.051782428242064756,-2.662850146311829,-2.8360743306561917,-2.503240870453227,3177,12.216290212183436,4.988021902806297,0.2795787362086259
dkasc_21,random_forest,2,-2.0,24 months,6880,0.02132163569331169,0.014675048179924488,0.9935047030448914,0.0517464447596043,-2.670524497624349,-2.833657318405253,-2.506071371758413,3177,12.216290212183436,4.988021902806297,0.2795787362086259
dkasc_21,random_forest,3,-2.0,24 months,6880,0.021370314061641693,0.014767020009458065,0.9934750199317932,0.05186458449963214,-2.6743628594394018,-2.8247965517033338,-2.521862812936644,3177,12.216290212183436,4.988021902806297,0.2795787362086259
dkasc_21,random_forest,4,-2.0,24 months,6880,0.02130666933953762,0.01469478476792574,0.993513822555542,0.051710122236794026,-2.6698720811390384,-2.8220010433058778,-2.5017597434390804,3177,12.216290212183436,4.988021902806297,0.2795787362086259
pvdaq_1430,xgboost,0,0.0,24 months,6334,0.04431823641061783,0.02340618334710598,0.976582944393158,0.10086925411030442,-0.24735487973234216,-0.5737388265742484,0.0918871352706676,2985,8.736481861738536,4.291238877481177,0.33199723013822674
pvdaq_1430,xgboost,1,0.0,24 months,6334,0.04445135220885277,0.023292094469070435,0.9764420390129089,0.10117222851465232,-0.23702055314300807,-0.5743470741493868,0.051748215200164704,2985,8.736481861738536,4.291238877481177,0.33199723013822674
pvdaq_1430,xgboost,2,0.0,24 months,6334,0.04428692162036896,0.023338263854384422,0.9766160249710083,0.10079798097782329,-0.21558267225904704,-0.5339968415412149,0.10662881400485721,2985,8.736481861738536,4.291238877481177,0.33199723013822674
pvdaq_1430,xgboost,3,0.0,24 months,6334,0.04439811781048775,0.023519476875662804,0.9764984250068665,0.10105106588520248,-0.22910944295072444,-0.5908517253454759,0.13888447676286275,2985,8.736481861738536,4.291238877481177,0.33199723013822674
pvdaq_1430,xgboost,4,0.0,24 months,6334,0.04454633221030235,0.02352932281792164,0.9763412475585938,0.10138840502972953,-0.24433477567619155,-0.6076447920037567,0.1105463431145981,2985,8.736481861738536,4.291238877481177,0.33199723013822674
pvdaq_1430,random_forest,0,0.0,24 months,6334,0.0444612130522728,0.023153623566031456,0.9764316082000732,0.10119467200521591,-0.2617680167260692,-0.5369097490385277,0.00411287637666069,2985,8.736481861738536,4.291238877481177,0.33199723013822674
pvdaq_1430,random_forest,1,0.0,24 months,6334,0.04441564902663231,0.023224517703056335,0.9764798879623413,0.10109096730816895,-0.2904989680148018,-0.6185993111309462,0.056863468212764445,2985,8.736481861738536,4.291238877481177,0.33199723013822674
pvdaq_1430,random_forest,2,0.0,24 months,6334,0.04477447271347046,0.02328064665198326,0.9760982990264893,0.10190765769523955,-0.25541652588427,-0.5443700334162971,0.022358659805954417,2985,8.736481861738536,4.291238877481177,0.33199723013822674
pvdaq_1430,random_forest,3,0.0,24 months,6334,0.044658347964286804,0.023320868611335754,0.9762221574783325,0.10164335528199878,-0.27216077240395514,-0.5563760963608884,0.025364181361686722,2985,8.736481861738536,4.291238877481177,0.33199723013822674
pvdaq_1430,random_forest,4,0.0,24 months,6334,0.04453499987721443,0.0232156403362751,0.9763532876968384,0.10136261239720423,-0.30140350211093625,-0.6035256524945687,0.0836243452846018,2985,8.736481861738536,4.291238877481177,0.33199723013822674
pvdaq_1430,xgboost,0,-0.25,24 months,6334,0.0444401390850544,0.02362067997455597,0.9763664603233337,0.1013646649466701,-0.4969299881373689,-0.7568376735584065,-0.1156962845856953,2985,8.736481861738536,4.291238877481177,0.33199723013822674
pvdaq_1430,xgboost,1,-0.25,24 months,6334,0.04444879665970802,0.023455465212464333,0.9763572216033936,0.10138441223306666,-0.4901028581081999,-0.823144752769378,-0.13506374770345636,2985,8.736481861738536,4.291238877481177,0.33199723013822674
pvdaq_1430,xgboost,2,-0.25,24 months,6334,0.04430188611149788,0.023406710475683212,0.9765132665634155,0.10104932015633053,-0.47686713096132205,-0.7837620025992464,-0.124552962365998,2985,8.736481861738536,4.291238877481177,0.33199723013822674
pvdaq_1430,xgboost,3,-0.25,24 months,6334,0.04440658539533615,0.023600101470947266,0.9764021039009094,0.10128813146621664,-0.46583631519987456,-0.8060125084216045,-0.06897674341433402,2985,8.736481861738536,4.291238877481177,0.33199723013822674
pvdaq_1430,xgboost,4,-0.25,24 months,6334,0.04448804631829262,0.0234726220369339,0.976315438747406,0.1014739377965237,-0.468748639230121,-0.820807840435225,-0.13994024662856416,2985,8.736481861738536,4.291238877481177,0.33199723013822674
pvdaq_1430,random_forest,0,-0.25,24 months,6334,0.04444633796811104,0.023273054510354996,0.9763598442077637,0.10137880413968381,-0.5204446558401354,-0.7768832005359827,-0.24810137908040567,2985,8.736481861738536,4.291238877481177,0.33199723013822674
pvdaq_1430,random_forest,1,-0.25,24 months,6334,0.04449476674199104,0.02341044507920742,0.976308286190033,0.10148926658510346,-0.5239455572513652,-0.7603072867000904,-0.19513762943116353,2985,8.736481861738536,4.291238877481177,0.33199723013822674
pvdaq_1430,random_forest,2,-0.25,24 months,6334,0.044685669243335724,0.02347896620631218,0.9761045575141907,0.10192470104783656,-0.48629888886635997,-0.7603695332168001,-0.16392449844754853,2985,8.736481861738536,4.291238877481177,0.33199723013822674
pvdaq_1430,random_forest,3,-0.25,24 months,6334,0.04473904147744179,0.02346751093864441,0.9760474562644958,0.1020464391598002,-0.4741091901046538,-0.7573755093028045,-0.18254638977119217,2985,8.736481861738536,4.291238877481177,0.33199723013822674
pvdaq_1430,random_forest,4,-0.25,24 months,6334,0.04458486661314964,0.023402420803904533,0.9762122631072998,0.10169477771625114,-0.43198414428600174,-0.7697132277813191,-0.14233929900745207,2985,8.736481861738536,4.291238877481177,0.33199723013822674
pvdaq_1430,xgboost,0,-0.5,24 months,6334,0.044496096670627594,0.02373751625418663,0.9762189984321594,0.10171150251056292,-0.6781245015084945,-0.9791628337482705,-0.3824261382525007,2985,8.736481861738536,4.291238877481177,0.33198391349508616
pvdaq_1430,xgboost,1,-0.5,24 months,6334,0.044606491923332214,0.023662105202674866,0.9761008620262146,0.1019638497469,-0.6863604939647482,-1.0305848117040908,-0.3824802774299537,2985,8.736481861738536,4.291238877481177,0.33199723013822674
pvdaq_1430,xgboost,2,-0.5,24 months,6334,0.04445476084947586,0.023664254695177078,0.976263165473938,0.10161701493094505,-0.6843924090242426,-1.0510968432406436,-0.3648322670413595,2985,8.736481861738536,4.291238877481177,0.33199723013822674
pvdaq_1430,xgboost,3,-0.5,24 months,6334,0.044582173228263855,0.023771319538354874,0.9761269092559814,0.10190826080315941,-0.6608695185195579,-1.0467446564654814,-0.3563760795419912,2985,8.736481861738536,4.291238877481177,0.33199723013822674
pvdaq_1430,xgboost,4,-0.5,24 months,6334,0.04465918242931366,0.023750901222229004,0.9760443568229675,0.10208429245833793,-0.7591086685778059,-1.000718320545374,-0.3766332280863538,2985,8.736481861738536,4.291238877481177,0.33199723013822674
pvdaq_1430,random_forest,0,-0.5,24 months,6334,0.04465748369693756,0.023643994703888893,0.9760462045669556,0.10208040940712075,-0.6564638000029877,-0.9760450876209845,-0.39845578104962087,2985,8.736481861738536,4.291238877481177,0.33199723013822674
pvdaq_1430,random_forest,1,-0.5,24 months,6334,0.04479129984974861,0.02355988509953022,0.9759023785591125,0.10238629336056829,-0.6994867885401327,-0.9975301937918735,-0.45272425069558203,2985,8.736481861738536,4.291238877481177,0.33199723013822674
pvdaq_1430,random_forest,2,-0.5,24 months,6334,0.044758789241313934,0.023677976801991463,0.9759373664855957,0.10231197891326067,-0.7295083726796769,-0.9844546496771023,-0.42533831575616654,2985,8.736481861738536,4.291238877481177,0.33199723013822674
pvdaq_1430,random_forest,3,-0.5,24 months,6334,0.04465732350945473,0.02366185002028942,0.9760463237762451,0.10208004324220335,-0.6735633858963919,-1.0052027147832654,-0.38937523978057376,2985,8.736481861738536,4.291238877481177,0.33199723013822674
pvdaq_1430,random_forest,4,-0.5,24 months,6334,0.044594332575798035,0.023451289162039757,0.9761138558387756,0.1019360552750297,-0.6244801939072113,-0.9744122130447508,-0.41336211811351387,2985,8.736481861738536,4.291238877481177,0.33199723013822674
pvdaq_1430,xgboost,0,-1.0,24 months,6334,0.04473632201552391,0.024219170212745667,0.9757832288742065,0.1027042200838327,-1.1123257671332798,-1.5037862721820838,-0.806276242311571,2985,8.736481861738536,4.291238877481177,0.33199723013822674
pvdaq_1430,xgboost,1,-1.0,24 months,6334,0.04476884379982948,0.023991256952285767,0.9757480025291443,0.10277888255813444,-1.1923133525650498,-1.5495778679537668,-0.8471141867491316,2985,8.736481861738536,4.291238877481177,0.33199723013822674
pvdaq_1430,xgboost,2,-1.0,24 months,6334,0.04466838017106056,0.02403615042567253,0.9758567214012146,0.10254824136604174,-1.170248525103118,-1.5053366069964371,-0.801662444163332,2985,8.736481861738536,4.291238877481177,0.33199723013822674
pvdaq_1430,xgboost,3,-1.0,24 months,6334,0.04478584975004196,0.024066410958766937,0.9757295846939087,0.10281792427579624,-1.17773904728517,-1.519497823097776,-0.848910315669278,2985,8.736481861738536,4.291238877481177,0.33199723013822674
pvdaq_1430,xgboost,4,-1.0,24 months,6334,0.044760074466466904,0.024067718535661697,0.9757575392723083,0.1027587502025209,-1.1926918983211743,-1.5017050017411437,-0.8760891114199865,2985,8.736481861738536,4.291238877481177,0.33199723013822674
pvdaq_1430,random_forest,0,-1.0,24 months,6334,0.04476865381002426,0.023998867720365524,0.9757482409477234,0.10277844638560416,-1.1188809653306264,-1.352465287557874,-0.9221303058416771,2985,8.736481861738536,4.291238877481177,0.33199723013822674
pvdaq_1430,random_forest,1,-1.0,24 months,6334,0.04489431157708168,0.023897435516119003,0.9756118655204773,0.10306692747617369,-1.1498385475674309,-1.3821316402907402,-0.8842831117856664,2985,8.736481861738536,4.291238877481177,0.33199723013822674
pvdaq_1430,random_forest,2,-1.0,24 months,6334,0.045023638755083084,0.02404020167887211,0.9754711985588074,0.10336383268325951,-1.1418429566487864,-1.3588812966981574,-0.8609337060661075,2985,8.736481861738536,4.291238877481177,0.33199723013822674
pvdaq_1430,random_forest,3,-1.0,24 months,6334,0.0449288971722126,0.024117782711982727,0.9755743145942688,0.10314632798149069,-1.1187737013109147,-1.3853966698414486,-0.8621353539032865,2985,8.736481861738536,4.291238877481177,0.33199723013822674
pvdaq_1430,random_forest,4,-1.0,24 months,6334,0.044943809509277344,0.02387259341776371,0.9755581021308899,0.10318056324891679,-1.160650942278238,-1.3766739125385965,-0.8709408277113195,2985,8.736481861738536,4.291238877481177,0.33199723013822674
pvdaq_1430,xgboost,0,-2.0,24 months,6334,0.04523102566599846,0.025016024708747864,0.9748778343200684,0.10474876331763334,-2.1294792712173995,-2.4523340581342676,-1.8275689544000884,2985,8.736481861738536,4.291238877481177,0.33199723013822674
pvdaq_1430,xgboost,1,-2.0,24 months,6334,0.0451175831258297,0.024765359237790108,0.975003719329834,0.10448604617568664,-2.1022383386539722,-2.4804362907300472,-1.7936247330801423,2985,8.736481861738536,4.291238877481177,0.33199723013822674
pvdaq_1430,xgboost,2,-2.0,24 months,6334,0.04514625295996666,0.025035692378878593,0.9749719500541687,0.10455244152326387,-2.1405948457271116,-2.4658279415289277,-1.7891223239183995,2985,8.736481861738536,4.291238877481177,0.33199723013822674
pvdaq_1430,xgboost,3,-2.0,24 months,6334,0.04529115930199623,0.024953873828053474,0.9748110175132751,0.1048880244533651,-2.1016818438591915,-2.5008438932899075,-1.824194982629923,2985,8.736481861738536,4.291238877481177,0.33199723013822674
pvdaq_1430,xgboost,4,-2.0,24 months,6334,0.04522077739238739,0.024931341409683228,0.9748892188072205,0.1047250297415958,-2.089196525342097,-2.430701910884543,-1.8114859222530866,2985,8.736481861738536,4.291238877481177,0.33199723013822674
pvdaq_1430,random_forest,0,-2.0,24 months,6334,0.045303359627723694,0.025055404752492905,0.9747974276542664,0.10491627871055266,-1.9828591980676435,-2.2564253895956563,-1.7633584113891967,2985,8.736481861738536,4.291238877481177,0.33199723013822674
pvdaq_1430,random_forest,1,-2.0,24 months,6334,0.04520478844642639,0.02500804513692856,0.9749069809913635,0.10468800156698542,-1.9675391633570818,-2.2503881170785833,-1.7609662557625305,2985,8.736481861738536,4.291238877481177,0.33199723013822674
pvdaq_1430,random_forest,2,-2.0,24 months,6334,0.04534976929426193,0.024989712983369827,0.9747457504272461,0.10502375704216871,-2.002925646180531,-2.2327124004050125,-1.7784958947893559,2985,8.736481861738536,4.291238877481177,0.33199723013822674
pvdaq_1430,random_forest,3,-2.0,24 months,6334,0.04534265398979187,0.025052513927221298,0.9747536778450012,0.10500727898683185,-1.977544306314477,-2.253348824171819,-1.7492525224952482,2985,8.736481861738536,4.291238877481177,0.33199723013822674
pvdaq_1430,random_forest,4,-2.0,24 months,6334,0.04531024023890495,0.025027316063642502,0.9747897982597351,0.10493221324888102,-2.015127683708773,-2.226856981920422,-1.7352096082780877,2985,8.736481861738536,4.291238877481177,0.33199723013822674
pvdaq_1423,xgboost,0,0.0,24 months,6467,0.05561962351202965,0.025881865993142128,0.9623020887374878,0.11911373727660887,-0.3313193249237136,-0.48000271217330526,-0.12136331564119307,2121,7.260780287474333,4.298083504449007,0.3501355847452738
pvdaq_1423,xgboost,1,0.0,24 months,6467,0.05528629571199417,0.02499738708138466,0.9627525806427002,0.11839988994192081,-0.3147849825373263,-0.47949711783872434,-0.15000551235079818,2121,7.260780287474333,4.298083504449007,0.3501355847452738
pvdaq_1423,xgboost,2,0.0,24 months,6467,0.05566911771893501,0.024716131389141083,0.9622349143028259,0.11921973295917161,-0.3362961110057072,-0.4762259167316486,-0.15359816104399462,2121,7.260780287474333,4.298083504449007,0.3501355847452738
pvdaq_1423,xgboost,3,0.0,24 months,6467,0.055150751024484634,0.02453610487282276,0.9629349708557129,0.11810961048158324,-0.30541503530749115,-0.4740235545221938,-0.15848288967339155,2121,7.260780287474333,4.298083504449007,0.3501355847452738
pvdaq_1423,xgboost,4,0.0,24 months,6467,0.05552099645137787,0.024414626881480217,0.9624356627464294,0.1189025197772977,-0.32076068690319315,-0.47615849959814255,-0.1639414361299143,2121,7.260780287474333,4.298083504449007,0.3501355847452738
pvdaq_1423,random_forest,0,0.0,24 months,6467,0.05232677608728409,0.02055143192410469,0.9666335582733154,0.1120618491429492,-0.22874130012792115,-0.35113239570160715,-0.0920190249006414,2121,7.260780287474333,4.298083504449007,0.3501355847452738
pvdaq_1423,random_forest,1,0.0,24 months,6467,0.051716044545173645,0.0203871913254261,0.9674079418182373,0.11075392018083122,-0.2318721055156625,-0.3397661607386304,-0.13850205847164565,2121,7.260780287474333,4.298083504449007,0.3501355847452738
pvdaq_1423,random_forest,2,0.0,24 months,6467,0.05161067843437195,0.020327329635620117,0.9675405621528625,0.11052827048298354,-0.24746933327988718,-0.3597864519500386,-0.11972619466891223,2121,7.260780287474333,4.298083504449007,0.3501355847452738
pvdaq_1423,random_forest,3,0.0,24 months,6467,0.0514274425804615,0.020443344488739967,0.9677706360816956,0.11013585669115657,-0.227996742369806,-0.34428744055787774,-0.08830332996265247,2121,7.260780287474333,4.298083504449007,0.3501355847452738
pvdaq_1423,random_forest,4,0.0,24 months,6467,0.052495092153549194,0.02057918719947338,0.9664185643196106,0.1124223110524441,-0.24095709898569292,-0.3454510072467396,-0.11872588662248094,2121,7.260780287474333,4.298083504449007,0.3501355847452738
pvdaq_1423,xgboost,0,-0.25,24 months,6467,0.05524715781211853,0.025835305452346802,0.9626023173332214,0.11862867919944982,-0.521216102597293,-0.7301365185680087,-0.3717146872814444,2121,7.260780287474333,4.298083504449007,0.3501355847452738
pvdaq_1423,xgboost,1,-0.25,24 months,6467,0.05520748719573021,0.02507610432803631,0.9626560211181641,0.11854349702879086,-0.5659864328600439,-0.7236618220013702,-0.37647776241926945,2121,7.260780287474333,4.298083504449007,0.3501355847452738
pvdaq_1423,xgboost,2,-0.25,24 months,6467,0.05521181598305702,0.02462724596261978,0.9626501798629761,0.11855279195623059,-0.5790129995498473,-0.7003589300492608,-0.3735732303077408,2121,7.260780287474333,4.298083504449007,0.3501355847452738
pvdaq_1423,xgboost,3,-0.25,24 months,6467,0.054987113922834396,0.024481208994984627,0.9629535675048828,0.11807030363152335,-0.5387113043159197,-0.6907101399642568,-0.3860496913143039,2121,7.260780287474333,4.298083504449007,0.3501355847452738
pvdaq_1423,xgboost,4,-0.25,24 months,6467,0.055335961282253265,0.02330925315618515,0.9624820351600647,0.11881936119627284,-0.5927083462356875,-0.7225950132201342,-0.3840843284209361,2121,7.260780287474333,4.298083504449007,0.3501355847452738
pvdaq_1423,random_forest,0,-0.25,24 months,6467,0.05147656053304672,0.020447252318263054,0.9675328731536865,0.11053231745482425,-0.4002104855471611,-0.5114797559266678,-0.27508902678458846,2121,7.260780287474333,4.298083504449007,0.3501355847452738
pvdaq_1423,random_forest,1,-0.25,24 months,6467,0.051502078771591187,0.02048819325864315,0.9675006866455078,0.11058711113207224,-0.39562093808802046,-0.5128360641078624,-0.27815264245390553,2121,7.260780287474333,4.298083504449007,0.3501355847452738
pvdaq_1423,random_forest,2,-0.25,24 months,6467,0.05136802792549133,0.02040085941553116,0.967669665813446,0.11029927234636541,-0.3884096360908428,-0.5335768912396843,-0.27351090777977,2121,7.260780287474333,4.298083504449007,0.3501355847452738
pvdaq_1423,random_forest,3,-0.25,24 months,6467,0.05177006497979164,0.02046012692153454,0.9671615958213806,0.11116254073209984,-0.3807215860888502,-0.5059943249585419,-0.2891360744210344,2121,7.260780287474333,4.298083504449007,0.3501355847452738
pvdaq_1423,random_forest,4,-0.25,24 months,6467,0.05158001556992531,0.020473424345254898,0.9674022793769836,0.11075445982137229,-0.40237351305413477,-0.5130399572998545,-0.28399046413314366,2121,7.260780287474333,4.298083504449007,0.3501355847452738
pvdaq_1423,xgboost,0,-0.5,24 months,6467,0.05476837232708931,0.02453945204615593,0.963047206401825,0.11791215272642579,-0.7706134003461818,-0.9662846900742261,-0.5975243041714651,2121,7.260780287474333,4.298083504449007,0.3501355847452738
pvdaq_1423,xgboost,1,-0.5,24 months,6467,0.05510067194700241,0.02516843006014824,0.9625974297523499,0.1186275686109827,-0.7847926430599561,-0.9587988061148469,-0.6120568875703003,2121,7.260780287474333,4.298083504449007,0.3501355847452738
pvdaq_1423,xgboost,2,-0.5,24 months,6467,0.054779764264822006,0.02441132441163063,0.9630318284034729,0.11793667870455356,-0.8069332890498292,-0.9441527790445714,-0.5933714659478728,2121,7.260780287474333,4.298083504449007,0.3501355847452738
pvdaq_1423,xgboost,3,-0.5,24 months,6467,0.054772261530160904,0.02491030842065811,0.9630419611930847,0.11792052588573429,-0.8086620408100653,-0.9118194377994326,-0.6346129121434174,2121,7.260780287474333,4.298083504449007,0.3501355847452738
pvdaq_1423,xgboost,4,-0.5,24 months,6467,0.05487488955259323,0.024429278448224068,0.9629033207893372,0.1181414762361077,-0.791733838771271,-0.9412985418667974,-0.6267520137492922,2121,7.260780287474333,4.298083504449007,0.3501355847452738
pvdaq_1423,random_forest,0,-0.5,24 months,6467,0.05100857466459274,0.02061084471642971,0.9679465889930725,0.10981759345135532,-0.5713097122383048,-0.7331251783752534,-0.45951792182176154,2121,7.260780287474333,4.298083504449007,0.3501355847452738
pvdaq_1423,random_forest,1,-0.5,24 months,6467,0.05102785304188728,0.02061442844569683,0.9679223895072937,0.10985909833585865,-0.5960654433633639,-0.7178978011727962,-0.45983222376050237,2121,7.260780287474333,4.298083504449007,0.3501355847452738
pvdaq_1423,random_forest,2,-0.5,24 months,6467,0.050939809530973434,0.020517412573099136,0.968032956123352,0.10966954733289211,-0.5789132106049375,-0.7165570731584303,-0.45638853195200835,2121,7.260780287474333,4.298083504449007,0.3501355847452738
pvdaq_1423,random_forest,3,-0.5,24 months,6467,0.05097595974802971,0.020613597705960274,0.967987596988678,0.10974737600906996,-0.5809108514648109,-0.7156433999696343,-0.4668026935938707,2121,7.260780287474333,4.298083504449007,0.3501355847452738
pvdaq_1423,random_forest,4,-0.5,24 months,6467,0.05160638689994812,0.02071516402065754,0.9671908617019653,0.11110463786406802,-0.5786036285104823,-0.6955491632993693,-0.439596947693878,2121,7.260780287474333,4.298083504449007,0.3501355847452738
pvdaq_1423,xgboost,0,-1.0,24 months,6467,0.0541224367916584,0.02601693943142891,0.9635188579559326,0.1171421512398391,-1.2461630539194468,-1.416559145051871,-1.1035484393740302,2121,7.260780287474333,4.298083504449007,0.3501355847452738
pvdaq_1423,xgboost,1,-1.0,24 months,6467,0.054351381957530975,0.0252228956669569,0.9632095694541931,0.11763767824926616,-1.2540399632228805,-1.4205279832926188,-1.1034899056713288,2121,7.260780287474333,4.298083504449007,0.3501355847452738
pvdaq_1423,xgboost,2,-1.0,24 months,6467,0.0543600469827652,0.025107279419898987,0.9631978273391724,0.11765643275768549,-1.2677062640238546,-1.4276132545990916,-1.0909001072980762,2121,7.260780287474333,4.298083504449007,0.3501355847452738
pvdaq_1423,xgboost,3,-1.0,24 months,6467,0.05403205752372742,0.02496381662786007,0.963640570640564,0.11694653510537582,-1.2760054206832516,-1.4394012024079583,-1.1156119163677836,2121,7.260780287474333,4.298083504449007,0.3501355847452738
pvdaq_1423,xgboost,4,-1.0,24 months,6467,0.054204605519771576,0.02465762570500374,0.9634079933166504,0.11731999655033153,-1.2562200333412432,-1.4079547287461414,-1.0954439077269618,2121,7.260780287474333,4.298083504449007,0.3501355847452738
pvdaq_1423,random_forest,0,-1.0,24 months,6467,0.05039800703525543,0.020942505449056625,0.9683669805526733,0.10908102650729645,-0.9160902678758298,-1.0817199013135048,-0.7919402982246364,2121,7.260780287474333,4.298083504449007,0.3501355847452738
pvdaq_1423,random_forest,1,-1.0,24 months,6467,0.05061805993318558,0.02091623842716217,0.9680901169776917,0.10955730716607993,-0.9345985507113241,-1.0893379376359613,-0.7805539493975555,2121,7.260780287474333,4.298083504449007,0.3501355847452738
pvdaq_1423,random_forest,2,-1.0,24 months,6467,0.050554268062114716,0.020938383415341377,0.9681705236434937,0.1094192365718526,-0.9217016586222926,-1.0630368394632883,-0.789375928864966,2121,7.260780287474333,4.298083504449007,0.3501355847452738
pvdaq_1423,random_forest,3,-1.0,24 months,6467,0.050569117069244385,0.020877664908766747,0.9681518077850342,0.10945137563916106,-0.9298333366821017,-1.0625244483300267,-0.791787601651539,2121,7.260780287474333,4.298083504449007,0.3501355847452738
pvdaq_1423,random_forest,4,-1.0,24 months,6467,0.05025631934404373,0.020883217453956604,0.968544602394104,0.10877435884898987,-0.9168117819786326,-1.0594201993189392,-0.7674246762838122,2121,7.260780287474333,4.298083504449007,0.3501355847452738
pvdaq_1423,xgboost,0,-2.0,24 months,6467,0.05278937146067619,0.026388734579086304,0.9645304083824158,0.11548715437240066,-2.225990091229563,-2.379868130122934,-2.101475058409419,2121,7.260780287474333,4.298083504449007,0.3501355847452738
pvdaq_1423,xgboost,1,-2.0,24 months,6467,0.05316353589296341,0.025708923116326332,0.9640257954597473,0.1163057128124155,-2.256353164090266,-2.3777775801332113,-2.0564010829116084,2121,7.260780287474333,4.298083504449007,0.3501355847452738
pvdaq_1423,xgboost,2,-2.0,24 months,6467,0.053001128137111664,0.02459580823779106,0.9642452597618103,0.11595041383740692,-2.255006467916443,-2.403596086241533,-2.023371890504877,2121,7.260780287474333,4.298083504449007,0.3501355847452738
pvdaq_1423,xgboost,3,-2.0,24 months,6467,0.05325249955058098,0.026241950690746307,0.9639052748680115,0.11650033834737697,-2.2477314552251935,-2.3765866732224525,-2.0799912262903675,2121,7.260780287474333,4.298083504449007,0.3501355847452738
pvdaq_1423,xgboost,4,-2.0,24 months,6467,0.05282290652394295,0.025081753730773926,0.9644852876663208,0.11556051893275086,-2.221623340767842,-2.35397678089162,-2.0341672435514213,2121,7.260780287474333,4.298083504449007,0.3501355847452738
pvdaq_1423,random_forest,0,-2.0,24 months,6467,0.04960918799042702,0.021779708564281464,0.9686752557754517,0.1085298762461625,-1.7194101131706645,-1.8877933037945882,-1.5534956321495486,2121,7.260780287474333,4.298083504449007,0.3501355847452738
pvdaq_1423,random_forest,1,-2.0,24 months,6467,0.04978254809975624,0.02180015668272972,0.9684559106826782,0.10890913565301175,-1.7068560435655245,-1.9049862369798776,-1.542892509774961,2121,7.260780287474333,4.298083504449007,0.3501355847452738
pvdaq_1423,random_forest,2,-2.0,24 months,6467,0.04900513216853142,0.021671965718269348,0.9694334268569946,0.10720838508188958,-1.711350552543106,-1.9179751551094228,-1.5439782917059666,2121,7.260780287474333,4.298083504449007,0.3501355847452738
pvdaq_1423,random_forest,3,-2.0,24 months,6467,0.049065813422203064,0.021721450611948967,0.9693576693534851,0.10734113728401627,-1.7132375316799564,-1.877098449627096,-1.5107442505170599,2121,7.260780287474333,4.298083504449007,0.3501355847452738
pvdaq_1423,random_forest,4,-2.0,24 months,6467,0.04955216124653816,0.02174263261258602,0.9687471985816956,0.10840511900445612,-1.707893436983765,-1.876559969451419,-1.5441513884232094,2121,7.260780287474333,4.298083504449007,0.3501355847452738
pvdaq_2107,xgboost,0,0.0,24 months,6270,0.0523701012134552,0.03847181424498558,0.9506117701530457,0.14591624033524925,0.8049401116314198,0.2601156643171974,1.3880147094755184,2249,6.7734428473648185,3.260438056125941,0.27581317155178714
pvdaq_2107,xgboost,1,0.0,24 months,6270,0.05262388661503792,0.03877546265721321,0.9501319527626038,0.14662335013249758,0.8485187112737713,0.21196560746997717,1.5060935043146455,2249,6.7734428473648185,3.260438056125941,0.27581317155178714
pvdaq_2107,xgboost,2,0.0,24 months,6270,0.052413634955883026,0.03859572112560272,0.9505296349525452,0.1460375362631853,0.7223242275665165,0.19070265021460836,1.5145420880731786,2249,6.7734428473648185,3.260438056125941,0.27581317155178714
pvdaq_2107,xgboost,3,0.0,24 months,6270,0.052690036594867706,0.03890302777290344,0.9500065445899963,0.1468076605716864,0.7328527919454001,0.2114225526854252,1.4776278855638874,2249,6.7734428473648185,3.260438056125941,0.27581317155178714
pvdaq_2107,xgboost,4,0.0,24 months,6270,0.0525469034910202,0.03871056064963341,0.9502777457237244,0.14640885583583502,0.9056497325490076,0.20311579161537985,1.5437504383980283,2249,6.7734428473648185,3.260438056125941,0.27581317155178714
pvdaq_2107,random_forest,0,0.0,24 months,6270,0.052704621106386185,0.03863103687763214,0.9499788284301758,0.14684829667966773,0.563204272985901,-0.0002560672113016693,1.0967097279369842,2249,6.7734428473648185,3.260438056125941,0.27581317155178714
pvdaq_2107,random_forest,1,0.0,24 months,6270,0.05272889509797096,0.038623906672000885,0.9499327540397644,0.14691593010996307,0.627874173687426,0.012451011317460292,1.074222168803631,2249,6.7734428473648185,3.260438056125941,0.27581317155178714
pvdaq_2107,random_forest,2,0.0,24 months,6270,0.05257967859506607,0.038613494485616684,0.9502156972885132,0.14650017549816444,0.5264576880542771,0.04490591690923427,1.164858423875108,2249,6.7734428473648185,3.260438056125941,0.27581317155178714
pvdaq_2107,random_forest,3,0.0,24 months,6270,0.05245842784643173,0.038448724895715714,0.9504450559616089,0.14616234049367505,0.570760708957152,0.07468003485254907,1.170237786108319,2249,6.7734428473648185,3.260438056125941,0.27581317155178714
pvdaq_2107,random_forest,4,0.0,24 months,6270,0.05269429832696915,0.038665030151605606,0.9499984383583069,0.1468195348264835,0.5864503591614812,0.023627821878124955,1.230817921677252,2249,6.7734428473648185,3.260438056125941,0.27581317155178714
pvdaq_2107,xgboost,0,-0.25,24 months,6270,0.052115846425294876,0.03830915689468384,0.9508224129676819,0.14558702064872198,0.5821753188447576,0.07574155053532251,1.1764377194886917,2249,6.7734428473648185,3.260438056125941,0.27581317155178714
pvdaq_2107,xgboost,1,-0.25,24 months,6270,0.05195818096399307,0.03809643164277077,0.9511195421218872,0.1451465779361002,0.5667020687215524,-0.05064891051073449,1.1758000553128534,2249,6.7734428473648185,3.260438056125941,0.27581317155178714
pvdaq_2107,xgboost,2,-0.25,24 months,6270,0.05229394882917404,0.03852520510554314,0.9504857063293457,0.14608455451087102,0.5225965415263331,-0.0546849726632216,1.26997123680355,2249,6.7734428473648185,3.260438056125941,0.27581317155178714
pvdaq_2107,xgboost,3,-0.25,24 months,6270,0.05254768207669258,0.03880388289690018,0.9500040411949158,0.14679336517172634,0.4556806019628383,-0.09155856021967335,1.1620219356679895,2249,6.7734428473648185,3.260438056125941,0.27581317155178714
pvdaq_2107,xgboost,4,-0.25,24 months,6270,0.052577268332242966,0.03878891468048096,0.9499477744102478,0.14687601517346635,0.5758663586089341,-0.0873670559638282,1.2537644666488656,2249,6.7734428473648185,3.260438056125941,0.27581317155178714
pvdaq_2107,random_forest,0,-0.25,24 months,6270,0.05239364877343178,0.03846157342195511,0.9502967596054077,0.14636306899041868,0.35695513917269395,-0.2280406852260417,0.9370469131324815,2249,6.7734428473648185,3.260438056125941,0.27581317155178714
pvdaq_2107,random_forest,1,-0.25,24 months,6270,0.052265457808971405,0.038366127759218216,0.9505396485328674,0.1460049640785734,0.2532073871075402,-0.24999340529156122,1.0470043511034046,2249,6.7734428473648185,3.260438056125941,0.27581317155178714
pvdaq_2107,random_forest,2,-0.25,24 months,6270,0.05210060253739357,0.038220856338739395,0.9508512020111084,0.14554443643729914,0.4247064727001083,-0.18949122058744935,0.879397398297177,2249,6.7734428473648185,3.260438056125941,0.27581317155178714
pvdaq_2107,random_forest,3,-0.25,24 months,6270,0.05213625356554985,0.0382196269929409,0.950783908367157,0.14564402854465897,0.30992826587400435,-0.19416550091397095,0.9023433982303177,2249,6.7734428473648185,3.260438056125941,0.27581317155178714
pvdaq_2107,random_forest,4,-0.25,24 months,6270,0.052423857152462006,0.03842328488826752,0.9502394199371338,0.14644745691085556,0.3305611512698705,-0.24929775479504146,0.9692795860061156,2249,6.7734428473648185,3.260438056125941,0.27581317155178714
pvdaq_2107,xgboost,0,-0.5,24 months,6270,0.051879364997148514,0.038099255412817,0.9510009288787842,0.1453058573586073,0.3224119898842748,-0.2237787978145496,0.9058551269934711,2249,6.7734428473648185,3.260438056125941,0.27581317155178714
pvdaq_2107,xgboost,1,-0.5,24 months,6270,0.05222483351826668,0.03847925737500191,0.9503461718559265,0.14627345978886536,0.2535239478199891,-0.2797149940875099,0.971895628928015,2249,6.7734428473648185,3.260438056125941,0.27581317155178714
pvdaq_2107,xgboost,2,-0.5,24 months,6270,0.05209217220544815,0.03834403678774834,0.9505981206893921,0.1459018965324825,0.27679180396073755,-0.34619552736350523,0.9403342615746522,2249,6.7734428473648185,3.260438056125941,0.27581317155178714
pvdaq_2107,xgboost,3,-0.5,24 months,6270,0.05218929797410965,0.03840789571404457,0.950413703918457,0.14617393037653106,0.2592508803803073,-0.289674164137808,0.928769392389879,2249,6.7734428473648185,3.260438056125941,0.27581317155178714
pvdaq_2107,xgboost,4,-0.5,24 months,6270,0.052118655294179916,0.03842690587043762,0.9505478739738464,0.14597607145566988,0.3479192187425643,-0.27595379036915346,0.9086600209445338,2249,6.7734428473648185,3.260438056125941,0.27581317155178714
pvdaq_2107,random_forest,0,-0.5,24 months,6270,0.05216250568628311,0.03824310377240181,0.9504646062850952,0.14609888943581317,-0.057454380824328855,-0.5033467454529372,0.6221806622507486,2249,6.7734428473648185,3.260438056125941,0.27581317155178714
pvdaq_2107,random_forest,1,-0.5,24 months,6270,0.05211193114519119,0.03823800012469292,0.9505606293678284,0.14595723818286735,0.08645801802448227,-0.5040360948076836,0.6656891124993453,2249,6.7734428473648185,3.260438056125941,0.27581317155178714
pvdaq_2107,random_forest,2,-0.5,24 months,6270,0.051980964839458466,0.03816455602645874,0.9508088231086731,0.1455904223719832,0.09482709461291952,-0.4253555493860195,0.7164841046797044,2249,6.7734428473648185,3.260438056125941,0.27581317155178714
pvdaq_2107,random_forest,3,-0.5,24 months,6270,0.05215008184313774,0.03830118477344513,0.9504882097244263,0.14606409222539962,0.07939573414839804,-0.44926818733400653,0.6580955211911488,2249,6.7734428473648185,3.260438056125941,0.27581317155178714
pvdaq_2107,random_forest,4,-0.5,24 months,6270,0.05231331288814545,0.038417600095272064,0.950177788734436,0.14652127644389745,0.03313560537094504,-0.42532919530549934,0.7327050823760528,2249,6.7734428473648185,3.260438056125941,0.27581317155178714
pvdaq_2107,xgboost,0,-1.0,24 months,6270,0.052063923329114914,0.03854643180966377,0.9501098990440369,0.14659038502880747,-0.38477419688763964,-0.9854450858860666,0.21270546427074927,2249,6.7734428473648185,3.260438056125941,0.27581317155178714
pvdaq_2107,xgboost,1,-1.0,24 months,6270,0.05170034244656563,0.03805427625775337,0.9508042335510254,0.14556669226510427,-0.2646558890297357,-0.8137285592559884,0.38616373553646,2249,6.7734428473648185,3.260438056125941,0.27581317155178714
pvdaq_2107,xgboost,2,-1.0,24 months,6270,0.05162562057375908,0.038019027560949326,0.9509463310241699,0.1453563065045932,-0.2891131038093908,-0.9180453957672476,0.4307453801283174,2249,6.7734428473648185,3.260438056125941,0.27581317155178714
pvdaq_2107,xgboost,3,-1.0,24 months,6270,0.05176816135644913,0.03810761123895645,0.9506750702857971,0.14575764214894632,-0.18083894711404686,-0.7677042579036342,0.4206822314620551,2249,6.7734428473648185,3.260438056125941,0.27581317155178714
pvdaq_2107,xgboost,4,-1.0,24 months,6270,0.05184728652238846,0.03826969489455223,0.9505242109298706,0.14598042575415396,-0.1900009464583241,-0.822691085940952,0.4032660253912998,2249,6.7734428473648185,3.260438056125941,0.27581317155178714
pvdaq_2107,random_forest,0,-1.0,24 months,6270,0.051703598350286484,0.03788841515779495,0.9507980346679688,0.14557585953774793,-0.4085639837896784,-0.9396884418649165,0.22802088906217488,2249,6.7734428473648185,3.260438056125941,0.27581317155178714
pvdaq_2107,random_forest,1,-1.0,24 months,6270,0.05173996463418007,0.03792419657111168,0.9507287740707397,0.14567825188963293,-0.33419324090014857,-0.9160793268578604,0.26763724610783096,2249,6.7734428473648185,3.260438056125941,0.27581317155178714
pvdaq_2107,random_forest,2,-1.0,24 months,6270,0.0516345389187336,0.03786027804017067,0.9509294033050537,0.14538141686009542,-0.4156024500413482,-0.8820539579401987,0.2737250657351864,2249,6.7734428473648185,3.260438056125941,0.27581317155178714
pvdaq_2107,random_forest,3,-1.0,24 months,6270,0.051751282066106796,0.03801696002483368,0.9507072567939758,0.14571011707760942,-0.4232285010389081,-0.9220211095305741,0.21666163821521842,2249,6.7734428473648185,3.260438056125941,0.27581317155178714
pvdaq_2107,random_forest,4,-1.0,24 months,6270,0.051718126982450485,0.03792304918169975,0.950770378112793,0.14561676613192448,-0.46399236573197844,-0.9382149197389333,0.19674369682624038,2249,6.7734428473648185,3.260438056125941,0.27581317155178714
pvdaq_2107,xgboost,0,-2.0,24 months,6270,0.05087250471115112,0.03726834058761597,0.9513158202171326,0.14475988530118952,-1.2316714300253664,-1.9224310805910516,-0.7277918115174697,2249,6.7734428473648185,3.260438056125941,0.27581317155178714
pvdaq_2107,xgboost,1,-2.0,24 months,6270,0.0512530542910099,0.03778424859046936,0.9505847096443176,0.1458427553867998,-1.4113009410187949,-1.9239010055348982,-0.7688850345880984,2249,6.7734428473648185,3.260438056125941,0.27581317155178714
pvdaq_2107,xgboost,2,-2.0,24 months,6270,0.051127586513757706,0.03762030601501465,0.9508264064788818,0.1454857314669604,-1.3493831420661517,-1.8816971220721546,-0.7072426161934167,2249,6.7734428473648185,3.260438056125941,0.27581317155178714
pvdaq_2107,xgboost,3,-2.0,24 months,6270,0.051394060254096985,0.03781562298536301,0.9503124356269836,0.14624399387818462,-1.4036692099416825,-1.8596289363201735,-0.7249289968687659,2249,6.7734428473648185,3.260438056125941,0.27581317155178714
pvdaq_2107,xgboost,4,-2.0,24 months,6270,0.0511004813015461,0.03765426576137543,0.9508785009384155,0.1454086024277457,-1.3024581159960358,-1.8847264786535032,-0.6882481565971987,2249,6.7734428473648185,3.260438056125941,0.27581317155178714
pvdaq_2107,random_forest,0,-2.0,24 months,6270,0.05083273723721504,0.03721019625663757,0.951391875743866,0.14464672525533784,-1.266819496899546,-1.8394926566781646,-0.8003513381256322,2249,6.7734428473648185,3.260438056125941,0.27581317155178714
pvdaq_2107,random_forest,1,-2.0,24 months,6270,0.05086356773972511,0.037224479019641876,0.9513329267501831,0.14473445476723185,-1.2541498170706322,-1.8250574499856231,-0.8769301870435009,2249,6.7734428473648185,3.260438056125941,0.27581317155178714
pvdaq_2107,random_forest,2,-2.0,24 months,6270,0.0507451593875885,0.037141043692827225,0.9515592455863953,0.14439751874311976,-1.2897335295036283,-1.853066923424028,-0.7934166215089278,2249,6.7734428473648185,3.260438056125941,0.27581317155178714
pvdaq_2107,random_forest,3,-2.0,24 months,6270,0.050826944410800934,0.037221167236566544,0.9514029622077942,0.1446302415203215,-1.2994475272559702,-1.86067702046007,-0.7723840306963825,2249,6.7734428473648185,3.260438056125941,0.27581317155178714
pvdaq_2107,random_forest,4,-2.0,24 months,6270,0.05108948051929474,0.03741836920380592,0.9508996605873108,0.14537729923192366,-1.2646391833931458,-1.7582682967272723,-0.8182505723279231,2249,6.7734428473648185,3.260438056125941,0.27581317155178714
pvdaq_10,xgboost,0,0.0,24 months,5549,0.027171222493052483,0.012287937104701996,0.9913679361343384,0.06838383287016053,-1.3785400948096433,-1.493053724757476,-1.2393216697302287,4145,13.125256673511293,6.424024640657084,0.2959165862845069
pvdaq_10,xgboost,1,0.0,24 months,5549,0.026981864124536514,0.012008928693830967,0.9914878606796265,0.06790726060593968,-1.3677623466618216,-1.4991401242879399,-1.2544207562321497,4145,13.125256673511293,6.424024640657084,0.2959165862845069
pvdaq_10,xgboost,2,0.0,24 months,5549,0.0270366370677948,0.012076491490006447,0.9914532899856567,0.06804511173864228,-1.377590240947557,-1.4919534328355244,-1.2526210239346771,4145,13.125256673511293,6.424024640657084,0.2959165862845069
pvdaq_10,xgboost,3,0.0,24 months,5549,0.027028610929846764,0.012108891271054745,0.9914583563804626,0.068024911761399,-1.4025155283305502,-1.5033349498699944,-1.2622624185114293,4145,13.125256673511293,6.424024640657084,0.2959165862845069
pvdaq_10,xgboost,4,0.0,24 months,5549,0.027060305699706078,0.012171030044555664,0.9914382696151733,0.06810468034175905,-1.3841096244424813,-1.50460748497315,-1.2640699756292895,4145,13.125256673511293,6.424024640657084,0.2959165862845069
pvdaq_10,random_forest,0,0.0,24 months,5549,0.02783149667084217,0.011906109750270844,0.9909433126449585,0.07004559391289601,-1.239473889756726,-1.347203727963675,-1.1293709869719128,4145,13.125256673511293,6.424024640657084,0.2959165862845069
pvdaq_10,random_forest,1,0.0,24 months,5549,0.027741940692067146,0.011844096705317497,0.991001546382904,0.06982020173237705,-1.2271334983149345,-1.3545354492296755,-1.1292583028317345,4145,13.125256673511293,6.424024640657084,0.2959165862845069
pvdaq_10,random_forest,2,0.0,24 months,5549,0.027695100754499435,0.011878945864737034,0.9910318851470947,0.06970231618405114,-1.2585765593553688,-1.3745054460680695,-1.1289250049987376,4145,13.125256673511293,6.424024640657084,0.2959165862845069
pvdaq_10,random_forest,3,0.0,24 months,5549,0.027649259194731712,0.011873709037899971,0.9910615682601929,0.06958694332725512,-1.2348370498644456,-1.360945963903473,-1.1252779727161988,4145,13.125256673511293,6.424024640657084,0.2959165862845069
pvdaq_10,random_forest,4,0.0,24 months,5549,0.027794815599918365,0.011950800195336342,0.9909672141075134,0.0699532759384584,-1.2430123869961118,-1.3651800253790007,-1.1271636509498029,4145,13.125256673511293,6.424024640657084,0.2959165862845069
pvdaq_10,xgboost,0,-0.25,24 months,5549,0.027079634368419647,0.01221055444329977,0.9913823008537292,0.06832429690904285,-1.5918115975611835,-1.6896987071304428,-1.4892316875173561,4145,13.125256673511293,6.424024640657084,0.2959165862845069
pvdaq_10,xgboost,1,-0.25,24 months,5549,0.02700325846672058,0.01201221626251936,0.9914308786392212,0.06813159379815933,-1.5977081438794893,-1.7113307372476239,-1.47928133522221,4145,13.125256673511293,6.424024640657084,0.2959165862845069
pvdaq_10,xgboost,2,-0.25,24 months,5549,0.026979772374033928,0.01198416855186224,0.991445779800415,0.06807233632266596,-1.5798632373142663,-1.7153519029286353,-1.4655744305574339,4145,13.125256673511293,6.424024640657084,0.2959165862845069
pvdaq_10,xgboost,3,-0.25,24 months,5549,0.02701740711927414,0.012123756110668182,0.9914218783378601,0.06816729209174706,-1.6112387195377886,-1.7121013415735464,-1.503014495304611,4145,13.125256673511293,6.424024640657084,0.2959165862845069
pvdaq_10,xgboost,4,-0.25,24 months,5549,0.027008863165974617,0.012133803218603134,0.9914273023605347,0.06814573494684356,-1.5972468378298132,-1.7296596632657368,-1.4800027808377303,4145,13.125256673511293,6.424024640657084,0.2959165862845069
pvdaq_10,random_forest,0,-0.25,24 months,5549,0.027647415176033974,0.011811375617980957,0.9910171627998352,0.06975685777566734,-1.4528250352559584,-1.5864771733244736,-1.3294986619855134,4145,13.125256673511293,6.424024640657084,0.2959165862845069
pvdaq_10,random_forest,1,-0.25,24 months,5549,0.027699392288923264,0.011902392841875553,0.9909833669662476,0.06988800059854326,-1.4798282477552038,-1.6167919509127913,-1.3601039204763576,4145,13.125256673511293,6.424024640657084,0.2959165862845069
pvdaq_10,random_forest,2,-0.25,24 months,5549,0.02761807106435299,0.011809350922703743,0.9910362362861633,0.06968282000352659,-1.4671599916463616,-1.5781605459531,-1.3476030449279808,4145,13.125256673511293,6.424024640657084,0.2959165862845069
pvdaq_10,random_forest,3,-0.25,24 months,5549,0.027779074385762215,0.011874307878315449,0.9909313917160034,0.07008904553026911,-1.4582244941323763,-1.5837627918122432,-1.342971099995581,4145,13.125256673511293,6.424024640657084,0.2959165862845069
pvdaq_10,random_forest,4,-0.25,24 months,5549,0.027723586186766624,0.011877724900841713,0.9909675717353821,0.0699490439286395,-1.4693959197683182,-1.5762867600703778,-1.354898419986153,4145,13.125256673511293,6.424024640657084,0.2959165862845069
pvdaq_10,xgboost,0,-0.5,24 months,5549,0.027050510048866272,0.01216807123273611,0.9913569688796997,0.0684224595161332,-1.808987585334308,-1.911287528268271,-1.7000694597444674,4145,13.125256673511293,6.424024640657084,0.2959165862845069
pvdaq_10,xgboost,1,-0.5,24 months,5549,0.02694014273583889,0.012002397328615189,0.9914273619651794,0.06814329276497477,-1.8125449327463317,-1.9312857776805186,-1.715642295537223,4145,13.125256673511293,6.424024640657084,0.2959165862845069
pvdaq_10,xgboost,2,-0.5,24 months,5549,0.0269118994474411,0.011984570883214474,0.9914453029632568,0.06807185325224435,-1.8102008444653979,-1.9201473343430364,-1.6969484154973513,4145,13.125256673511293,6.424024640657084,0.2959165862845069
pvdaq_10,xgboost,3,-0.5,24 months,5549,0.026987677440047264,0.012110959738492966,0.9913970828056335,0.068263528626274,-1.8343728068851175,-1.9222202956457268,-1.7324271351414844,4145,13.125256673511293,6.424024640657084,0.2959165862845069
pvdaq_10,xgboost,4,-0.5,24 months,5549,0.02697114832699299,0.01209308858960867,0.9914076328277588,0.0682217193381404,-1.8265111315522609,-1.941242685846667,-1.6964898589351907,4145,13.125256673511293,6.424024640657084,0.2959165862845069
pvdaq_10,random_forest,0,-0.5,24 months,5549,0.027734436094760895,0.011795563623309135,0.9909144043922424,0.07015240479637812,-1.6938701881977347,-1.8189223074095207,-1.5762862253595453,4145,13.125256673511293,6.424024640657084,0.2959165862845069
pvdaq_10,random_forest,1,-0.5,24 months,5549,0.02753245085477829,0.011774877086281776,0.9910462498664856,0.06964149661458782,-1.7060741407936897,-1.8269478989016097,-1.585513873642042,4145,13.125256673511293,6.424024640657084,0.2959165862845069
pvdaq_10,random_forest,2,-0.5,24 months,5549,0.027558455243706703,0.01179126650094986,0.9910293221473694,0.06970727298055955,-1.6833275022109246,-1.8022043400360122,-1.5687031755318073,4145,13.125256673511293,6.424024640657084,0.2959165862845069
pvdaq_10,random_forest,3,-0.5,24 months,5549,0.02767150104045868,0.01189499069005251,0.9909555912017822,0.0699932147775075,-1.7003512564037315,-1.8056207172346794,-1.5989285755155913,4145,13.125256673511293,6.424024640657084,0.2959165862845069
pvdaq_10,random_forest,4,-0.5,24 months,5549,0.027612589299678802,0.011786115355789661,0.9909940361976624,0.06984420146163085,-1.6968040955070596,-1.8080165279813931,-1.574093638267865,4145,13.125256673511293,6.424024640657084,0.2959165862845069
pvdaq_10,xgboost,0,-1.0,24 months,5549,0.02699407935142517,0.01217691320925951,0.9913049936294556,0.06862490025659776,-2.2350669185770715,-2.344473098558064,-2.121605625912376,4145,13.125256673511293,6.424024640657084,0.2959165862845069
pvdaq_10,xgboost,1,-1.0,24 months,5549,0.02684985287487507,0.011995556764304638,0.9913976192474365,0.06825824476008094,-2.2584217832780302,-2.3529696066626298,-2.137506163601461,4145,13.125256673511293,6.424024640657084,0.2959165862845069
pvdaq_10,xgboost,2,-1.0,24 months,5549,0.026876742020249367,0.01200972218066454,0.9913803935050964,0.06832660289503616,-2.248728454580432,-2.339022556427345,-2.138081742530329,4145,13.125256673511293,6.424024640657084,0.2959165862845069
pvdaq_10,xgboost,3,-1.0,24 months,5549,0.026915008202195168,0.012111258693039417,0.991355836391449,0.0684238839648976,-2.262656585728978,-2.371090754218874,-2.159734364863062,4145,13.125256673511293,6.424024640657084,0.2959165862845069
pvdaq_10,xgboost,4,-1.0,24 months,5549,0.02691809833049774,0.012104911729693413,0.9913538694381714,0.06843173975222723,-2.2503997587885904,-2.3548111486294045,-2.127692486533221,4145,13.125256673511293,6.424024640657084,0.2959165862845069
pvdaq_10,random_forest,0,-1.0,24 months,5549,0.027732139453291893,0.011858802288770676,0.9908230304718018,0.07050121173270314,-2.1397905302667146,-2.2343110008158584,-2.0408420206775246,4145,13.125256673511293,6.424024640657084,0.2959165862845069
pvdaq_10,random_forest,1,-1.0,24 months,5549,0.02755630575120449,0.011772489175200462,0.9909390211105347,0.07005420370140833,-2.1658686538905236,-2.290005100517478,-2.0431953871562034,4145,13.125256673511293,6.424024640657084,0.2959165862845069
pvdaq_10,random_forest,2,-1.0,24 months,5549,0.027542486786842346,0.011837509460747242,0.9909480810165405,0.0700190728477624,-2.155969140511199,-2.2806186087868108,-2.059055653674969,4145,13.125256673511293,6.424024640657084,0.2959165862845069
pvdaq_10,random_forest,3,-1.0,24 months,5549,0.027632305398583412,0.011781574226915836,0.9908889532089233,0.07024741155832455,-2.1447570542220182,-2.267567360190875,-2.031903071542085,4145,13.125256673511293,6.424024640657084,0.2959165862845069
pvdaq_10,random_forest,4,-1.0,24 months,5549,0.027582598850131035,0.011814933270215988,0.9909217357635498,0.07012104655490152,-2.1558204375287104,-2.2690018750188496,-2.036516370178207,4145,13.125256673511293,6.424024640657084,0.2959165862845069
pvdaq_10,xgboost,0,-2.0,24 months,5549,0.02704145759344101,0.012358647771179676,0.9910951256752014,0.06944749958286836,-3.1181535641530402,-3.2234274085184698,-2.9979745461145457,4145,13.125256673511293,6.424024640657084,0.2959165862845069
pvdaq_10,xgboost,1,-2.0,24 months,5549,0.026901591569185257,0.012164664454758167,0.9911869764328003,0.06908829758247342,-3.1070084025923705,-3.217634199946799,-3.0211779789190207,4145,13.125256673511293,6.424024640657084,0.2959165862845069
pvdaq_10,xgboost,2,-2.0,24 months,5549,0.026963436976075172,0.012235570698976517,0.991146445274353,0.06924712810609993,-3.102910624331932,-3.196807748104338,-3.0200330556063366,4145,13.125256673511293,6.424024640657084,0.2959165862845069
pvdaq_10,xgboost,3,-2.0,24 months,5549,0.02706056460738182,0.01227632723748684,0.9910825490951538,0.06949656995335779,-3.14008418722303,-3.2314548197997017,-3.0445062713439026,4145,13.125256673511293,6.424024640657084,0.2959165862845069
pvdaq_10,xgboost,4,-2.0,24 months,5549,0.02692871168255806,0.012208329513669014,0.9911692142486572,0.06915794708474737,-3.11708310551761,-3.215489495716368,-3.0239091257021067,4145,13.125256673511293,6.424024640657084,0.2959165862845069
pvdaq_10,random_forest,0,-2.0,24 months,5549,0.027734218165278435,0.012095464393496513,0.9906330108642578,0.07122663775829632,-3.0649948643060974,-3.1559402290482765,-2.974478432327788,4145,13.125256673511293,6.424024640657084,0.2959165862845069
pvdaq_10,random_forest,1,-2.0,24 months,5549,0.02759512886404991,0.011943483725190163,0.9907267093658447,0.07086943052730031,-3.0864762637376164,-3.1870267760402973,-2.992488687520469,4145,13.125256673511293,6.424024640657084,0.2959165862845069
pvdaq_10,random_forest,2,-2.0,24 months,5549,0.027646126225590706,0.012113942764699459,0.9906924366950989,0.07100040125001722,-3.081317870112593,-3.1977359240724255,-2.981787043568025,4145,13.125256673511293,6.424024640657084,0.2959165862845069
pvdaq_10,random_forest,3,-2.0,24 months,5549,0.02752663381397724,0.01203957200050354,0.9907727241516113,0.07069352248148165,-3.0629707578510095,-3.171983134076699,-2.971404755752954,4145,13.125256673511293,6.424024640657084,0.2959165862845069
pvdaq_10,random_forest,4,-2.0,24 months,5549,0.027657823637127876,0.01207691803574562,0.9906845688819885,0.07103044238149252,-3.0763661688971933,-3.1790117556850235,-2.987673644270098,4145,13.125256673511293,6.424024640657084,0.2959165862845069
pvdaq_33,xgboost,0,0.0,24 months,6427,0.04221883788704872,0.018269052729010582,0.9772799015045166,0.11209337512179597,-0.5020713482898541,-0.6187586043280204,-0.3969163777521656,4034,12.301163586584531,5.936687200547571,0.28913841712121063
pvdaq_33,xgboost,1,0.0,24 months,6427,0.04197096452116966,0.018115410581231117,0.9775459170341492,0.11143525747633831,-0.5161440612352797,-0.6402616570363958,-0.4089265229253236,4034,12.301163586584531,5.936687200547571,0.28912872879467527
pvdaq_33,xgboost,2,0.0,24 months,6427,0.04195727780461311,0.018241340294480324,0.9775605201721191,0.11139891847863156,-0.49609526409116755,-0.6259818049487387,-0.3895296221333333,4034,12.301163586584531,5.936687200547571,0.28913841712121063
pvdaq_33,xgboost,3,0.0,24 months,6427,0.04199361801147461,0.018151581287384033,0.9775216579437256,0.1114954037596956,-0.5010435497876561,-0.6132891421702548,-0.4057093585208671,4034,12.301163586584531,5.936687200547571,0.28913841712121063
pvdaq_33,xgboost,4,0.0,24 months,6427,0.042069509625434875,0.0181532334536314,0.977440357208252,0.11169690023799769,-0.5097116373749496,-0.6316225325979974,-0.389316497130196,4034,12.301163586584531,5.936687200547571,0.28913841712121063
pvdaq_33,random_forest,0,0.0,24 months,6427,0.04050987958908081,0.017200646921992302,0.9790820479393005,0.10755599528973793,-0.4124219604247782,-0.5051155223561254,-0.32639648506808117,4034,12.301163586584531,5.936687200547571,0.28913841712121063
pvdaq_33,random_forest,1,0.0,24 months,6427,0.0406770184636116,0.01729985885322094,0.9789090752601624,0.10799975834665433,-0.41497594144496447,-0.5308949125190976,-0.29306399725970944,4034,12.301163586584531,5.936687200547571,0.28912872879467527
pvdaq_33,random_forest,2,0.0,24 months,6427,0.040392499417066574,0.01716354861855507,0.9792030453681946,0.10724434437010215,-0.41473861703091597,-0.5215299994808853,-0.3290807695310094,4034,12.301163586584531,5.936687200547571,0.28913841712121063
pvdaq_33,random_forest,3,0.0,24 months,6427,0.04088165983557701,0.01738455332815647,0.9786962866783142,0.10854309263109219,-0.41592326984225547,-0.5126552797272683,-0.3190653069509608,4034,12.301163586584531,5.936687200547571,0.28913841712121063
pvdaq_33,random_forest,4,0.0,24 months,6427,0.04066222533583641,0.01729552075266838,0.9789243936538696,0.10796048176530064,-0.42245170228584206,-0.5329335882606201,-0.32249455445211483,4034,12.301163586584531,5.936687200547571,0.28913841712121063
pvdaq_33,xgboost,0,-0.25,24 months,6427,0.04228424280881882,0.018383709713816643,0.9770950675010681,0.11255795491299554,-0.7356030289614793,-0.8629908436001532,-0.6167498840467189,4034,12.301163586584531,5.936687200547571,0.28913841712121063
pvdaq_33,xgboost,1,-0.25,24 months,6427,0.041955478489398956,0.018146663904190063,0.9774498343467712,0.11168280528315412,-0.749634642973536,-0.8757155876636169,-0.6395873318966807,4034,12.301163586584531,5.936687200547571,0.28912872879467527
pvdaq_33,xgboost,2,-0.25,24 months,6427,0.04182001203298569,0.018234476447105408,0.9775952696800232,0.1113222022244183,-0.7375315433943319,-0.8665519900986407,-0.6224218640783707,4034,12.301163586584531,5.936687200547571,0.28913841712121063
pvdaq_33,xgboost,3,-0.25,24 months,6427,0.04223651438951492,0.018346183001995087,0.9771467447280884,0.1124309049078112,-0.7338570536094435,-0.8586882159266285,-0.6266055191253006,4034,12.301163586584531,5.936687200547571,0.28913841712121063
pvdaq_33,xgboost,4,-0.25,24 months,6427,0.04192080348730087,0.018276717513799667,0.9774871468544006,0.11159050264123593,-0.7431796765383596,-0.8428220864959939,-0.6228464172999049,4034,12.301163586584531,5.936687200547571,0.28913841712121063
pvdaq_33,random_forest,0,-0.25,24 months,6427,0.040720365941524506,0.01740892603993416,0.9787580370903015,0.10839501453082373,-0.6193223262552839,-0.7099740557981271,-0.5220788941121435,4034,12.301163586584531,5.936687200547571,0.28913841712121063
pvdaq_33,random_forest,1,-0.25,24 months,6427,0.04037252813577652,0.017347414046525955,0.9791193604469299,0.10746909249803634,-0.6232791077655125,-0.7107850620902502,-0.5410884643330949,4034,12.301163586584531,5.936687200547571,0.28913841712121063
pvdaq_33,random_forest,2,-0.25,24 months,6427,0.04057496786117554,0.017287595197558403,0.978909432888031,0.10800797412321018,-0.6139539757620774,-0.7211727471113205,-0.5263311519927473,4034,12.301163586584531,5.936687200547571,0.28913841712121063
pvdaq_33,random_forest,3,-0.25,24 months,6427,0.040589332580566406,0.01740190014243126,0.9788944721221924,0.10804621208917888,-0.6065436097908994,-0.7099486924972864,-0.5314003673960619,4034,12.301163586584531,5.936687200547571,0.28913841712121063
pvdaq_33,random_forest,4,-0.25,24 months,6427,0.04055356606841087,0.017313996329903603,0.9789316654205322,0.10795100391717022,-0.6358669433803477,-0.7170913234204497,-0.538297052572978,4034,12.301163586584531,5.936687200547571,0.28913841712121063
pvdaq_33,xgboost,0,-0.5,24 months,6427,0.042173564434051514,0.018521763384342194,0.9771004319190979,0.11255502638037015,-0.965677786933683,-1.0875497302886838,-0.8787688081352996,4034,12.301163586584531,5.936687200547571,0.28913841712121063
pvdaq_33,xgboost,1,-0.5,24 months,6427,0.042003460228443146,0.01830422319471836,0.9772847890853882,0.11210104333182794,-0.9750342213808864,-1.0912339895583933,-0.8874638107215804,4034,12.301163586584531,5.936687200547571,0.28912872879467527
pvdaq_33,xgboost,2,-0.5,24 months,6427,0.04180263727903366,0.018392428755760193,0.9775014519691467,0.11156507648454107,-0.9787827124038947,-1.105282122588569,-0.8634537366743245,4034,12.301163586584531,5.936687200547571,0.28913841712121063
pvdaq_33,xgboost,3,-0.5,24 months,6427,0.04213300347328186,0.018337558954954147,0.9771444201469421,0.1124467751554451,-0.959604218175214,-1.0878555350051333,-0.8868312929416255,4034,12.301163586584531,5.936687200547571,0.28913841712121063
pvdaq_33,xgboost,4,-0.5,24 months,6427,0.04179501533508301,0.018333815038204193,0.9775096774101257,0.11154473463973977,-0.9691638645481837,-1.0855898095361693,-0.8468435168655887,4034,12.301163586584531,5.936687200547571,0.28913841712121063
pvdaq_33,random_forest,0,-0.5,24 months,6427,0.04043504223227501,0.017486572265625,0.9789494872093201,0.10791516691129906,-0.8506332932168736,-0.9345174950349033,-0.7569958779528868,4034,12.301163586584531,5.936687200547571,0.28913841712121063
pvdaq_33,random_forest,1,-0.5,24 months,6427,0.040497686713933945,0.017433179542422295,0.978884220123291,0.10808235579799447,-0.8312071649578597,-0.9470043671461474,-0.7443639889916205,4034,12.301163586584531,5.936687200547571,0.28913841712121063
pvdaq_33,random_forest,2,-0.5,24 months,6427,0.04055115953087807,0.01750628463923931,0.9788284301757812,0.10822506686362397,-0.847323457368776,-0.9563339666915693,-0.7646962358384801,4034,12.301163586584531,5.936687200547571,0.28913841712121063
pvdaq_33,random_forest,3,-0.5,24 months,6427,0.04079276695847511,0.01766727678477764,0.9785753488540649,0.10886988147087406,-0.8401973671393741,-0.9400323135508204,-0.7461504768094025,4034,12.301163586584531,5.936687200547571,0.28913841712121063
pvdaq_33,random_forest,4,-0.5,24 months,6427,0.04042629525065422,0.017426833510398865,0.9789586067199707,0.10789182250680567,-0.8669280443006189,-0.9613046873150455,-0.7717668642860609,4034,12.301163586584531,5.936687200547571,0.28913841712121063
pvdaq_33,xgboost,0,-1.0,24 months,6427,0.04238007217645645,0.018831148743629456,0.9766426086425781,0.11369698654534846,-1.4473505706602108,-1.5697200228788066,-1.3314383937156289,4034,12.301163586584531,5.936687200547571,0.28913841712121063
pvdaq_33,xgboost,1,-1.0,24 months,6427,0.04224802181124687,0.018703605979681015,0.9767879843711853,0.11334272267024155,-1.4665541331928544,-1.5622877045363819,-1.3695978711472434,4034,12.301163586584531,5.936687200547571,0.28912872879467527
pvdaq_33,xgboost,2,-1.0,24 months,6427,0.041888277977705,0.018704500049352646,0.9771815538406372,0.11237760421476368,-1.4397636640844702,-1.5662580625570466,-1.358033152900051,4034,12.301163586584531,5.936687200547571,0.28913841712121063
pvdaq_33,xgboost,3,-1.0,24 months,6427,0.042050182819366455,0.018703129142522812,0.9770048260688782,0.11281196148832763,-1.4629732467695737,-1.5527037158356016,-1.3442975235154253,4034,12.301163586584531,5.936687200547571,0.28913841712121063
pvdaq_33,xgboost,4,-1.0,24 months,6427,0.04179373010993004,0.01858793944120407,0.9772844910621643,0.11212395179988476,-1.4463682728347527,-1.5511190788298626,-1.341486620871087,4034,12.301163586584531,5.936687200547571,0.28913841712121063
pvdaq_33,random_forest,0,-1.0,24 months,6427,0.040497299283742905,0.017768416553735733,0.9786719083786011,0.10864589547217847,-1.2778265538581635,-1.3882630341577995,-1.1953607540220301,4034,12.301163586584531,5.936687200547571,0.28913841712121063
pvdaq_33,random_forest,1,-1.0,24 months,6427,0.040477897971868515,0.01779695600271225,0.9786922931671143,0.10859384575678488,-1.317912310647118,-1.4148808319910722,-1.205117578792081,4034,12.301163586584531,5.936687200547571,0.28912872879467527
pvdaq_33,random_forest,2,-1.0,24 months,6427,0.04089866578578949,0.017861302942037582,0.9782470464706421,0.10972267895647596,-1.3041772872433466,-1.4003670365756005,-1.1985677609871535,4034,12.301163586584531,5.936687200547571,0.28913841712121063
pvdaq_33,random_forest,3,-1.0,24 months,6427,0.04102663695812225,0.017944199964404106,0.978110671043396,0.11006599919902604,-1.313440107912872,-1.4268938579865886,-1.2136682164081702,4034,12.301163586584531,5.936687200547571,0.28913841712121063
pvdaq_33,random_forest,4,-1.0,24 months,6427,0.04016026109457016,0.01767682284116745,0.9790254235267639,0.10774169157417449,-1.3012941303811012,-1.4129219470195078,-1.1975422723122908,4034,12.301163586584531,5.936687200547571,0.28913841712121063
pvdaq_33,xgboost,0,-2.0,24 months,6427,0.04240548238158226,0.019573790952563286,0.9761404395103455,0.11496623226381834,-2.4189624549413757,-2.513833834913944,-2.325593861153208,4034,12.301163586584531,5.936687200547571,0.28913841712121063
pvdaq_33,xgboost,1,-2.0,24 months,6427,0.042366474866867065,0.019456801936030388,0.9761843085289001,0.11486047832010825,-2.40784615540951,-2.496168444477509,-2.304301053747071,4034,12.301163586584531,5.936687200547571,0.28913841712121063
pvdaq_33,xgboost,2,-2.0,24 months,6427,0.04183449223637581,0.01939239725470543,0.9767786264419556,0.11341821106543983,-2.394674816212594,-2.5024546559990113,-2.2988400558251687,4034,12.301163586584531,5.936687200547571,0.28913841712121063
pvdaq_33,xgboost,3,-2.0,24 months,6427,0.04233383759856224,0.01942005380988121,0.976220965385437,0.11477199486095017,-2.3907440814811,-2.4988882163433646,-2.3132106617797805,4034,12.301163586584531,5.936687200547571,0.28913841712121063
pvdaq_33,xgboost,4,-2.0,24 months,6427,0.04209199175238609,0.01935400441288948,0.9764918684959412,0.11411632242988728,-2.4038589155121914,-2.4760242378165755,-2.298684570647727,4034,12.301163586584531,5.936687200547571,0.28913841712121063
pvdaq_33,random_forest,0,-2.0,24 months,6427,0.040884170681238174,0.0185861699283123,0.9778216481208801,0.1108417779606317,-2.249200035166421,-2.360076543944367,-2.132412674402262,4034,12.301163586584531,5.936687200547571,0.28913841712121063
pvdaq_33,random_forest,1,-2.0,24 months,6427,0.040658555924892426,0.018580695614218712,0.9780657291412354,0.11023010991623149,-2.24963458079539,-2.346364912980614,-2.1402934226392993,4034,12.301163586584531,5.936687200547571,0.28913841712121063
pvdaq_33,random_forest,2,-2.0,24 months,6427,0.04078919440507889,0.018469905480742455,0.9779245853424072,0.11058428614562942,-2.2703206585715785,-2.364930478678365,-2.143697798305376,4034,12.301163586584531,5.936687200547571,0.28913841712121063
pvdaq_33,random_forest,3,-2.0,24 months,6427,0.040808819234371185,0.018607884645462036,0.9779033064842224,0.11063749135768794,-2.2562878111258677,-2.3547604657434773,-2.1355770544953856,4034,12.301163586584531,5.936687200547571,0.28913841712121063
pvdaq_33,random_forest,4,-2.0,24 months,6427,0.04085981100797653,0.018581075593829155,0.9778480529785156,0.11077573603169269,-2.2565949392617948,-2.3663801122385997,-2.1757301617933544,4034,12.301163586584531,5.936687200547571,0.28913841712121063
pvdaq_1278,xgboost,0,0.0,24 months,6830,0.07020672410726547,0.03265916928648949,0.9073307514190674,0.203801122185938,-0.09660158194166879,-0.34065261982727285,0.14525684723751037,2415,6.899383983572895,3.3767967145790556,0.3698504729935917
pvdaq_1278,xgboost,1,0.0,24 months,6830,0.07025115191936493,0.0331084206700325,0.9072134494781494,0.20393009043046542,-0.07926469905151778,-0.33725009365066505,0.2276356148166514,2415,6.899383983572895,3.3767967145790556,0.3698504729935917
pvdaq_1278,xgboost,2,0.0,24 months,6830,0.0702809989452362,0.033074360340833664,0.9071345925331116,0.2040167325212883,-0.12118134715800809,-0.36730664473629826,0.15542515526461972,2415,6.899383983572895,3.3767967145790556,0.3698504729935917
pvdaq_1278,xgboost,3,0.0,24 months,6830,0.07025215029716492,0.032710760831832886,0.9072108268737793,0.20393298859326378,-0.15568095690449146,-0.3445108873242009,0.16517937002743577,2415,6.899383983572895,3.3767967145790556,0.3698504729935917
pvdaq_1278,xgboost,4,0.0,24 months,6830,0.07024659961462021,0.0331873819231987,0.907225489616394,0.20391687567322808,-0.04558095089218783,-0.3146946786734881,0.20893597177834566,2415,6.899383983572895,3.3767967145790556,0.3698504729935917
pvdaq_1278,random_forest,0,0.0,24 months,6830,0.07060056924819946,0.03211866691708565,0.9062881469726562,0.20494440415373344,-0.06076532082303434,-0.2695841047354941,0.15723825334755803,2415,6.899383983572895,3.3767967145790556,0.3698504729935917
pvdaq_1278,random_forest,1,0.0,24 months,6830,0.07049084454774857,0.032080959528684616,0.9065791964530945,0.20462588741096044,-0.0870978487048776,-0.28122540890355596,0.19414567838516028,2415,6.899383983572895,3.3767967145790556,0.3698504729935917
pvdaq_1278,random_forest,2,0.0,24 months,6830,0.07064498960971832,0.03208456560969353,0.9061701893806458,0.20507335077018027,-0.03778127989552682,-0.2746993755759708,0.130807676149233,2415,6.899383983572895,3.3767967145790556,0.3698504729935917
pvdaq_1278,random_forest,3,0.0,24 months,6830,0.07053074985742569,0.03204929083585739,0.9064733982086182,0.20474172741057287,-0.09087162951048611,-0.25892126325908205,0.15727553376612438,2415,6.899383983572895,3.3767967145790556,0.3698504729935917
pvdaq_1278,random_forest,4,0.0,24 months,6830,0.0706508532166481,0.032084111124277115,0.9061546325683594,0.20509037206960054,-0.08256832383931768,-0.28510170445670174,0.13346722536150943,2415,6.899383983572895,3.3767967145790556,0.3698504729935917
pvdaq_1278,xgboost,0,-0.25,24 months,6830,0.07008661329746246,0.033024176955223083,0.907097578048706,0.2040291682362554,-0.3543437716139526,-0.5577310595413332,-0.10578384014063857,2415,6.899383983572895,3.3767967145790556,0.3698504729935917
pvdaq_1278,xgboost,1,-0.25,24 months,6830,0.07000899314880371,0.033086445182561874,0.9073032140731812,0.2038032081901906,-0.3295699859235224,-0.5476106788496526,-0.08227196232617473,2415,6.899383983572895,3.3767967145790556,0.3698504729935917
pvdaq_1278,xgboost,2,-0.25,24 months,6830,0.07005998492240906,0.033023200929164886,0.9071681499481201,0.20395165036289817,-0.3638486593939618,-0.5989115700081982,-0.06308445181243405,2415,6.899383983572895,3.3767967145790556,0.3698504729935917
pvdaq_1278,xgboost,3,-0.25,24 months,6830,0.07001792639493942,0.032672517001628876,0.9072795510292053,0.20382921376661906,-0.36774077741792977,-0.57654102857497,-0.051419067248037464,2415,6.899383983572895,3.3767967145790556,0.3698504729935917
pvdaq_1278,xgboost,4,-0.25,24 months,6830,0.06998592615127563,0.033178944140672684,0.9073643088340759,0.20373605784438367,-0.2958222568446023,-0.5752014106928716,-0.05252321796373189,2415,6.899383983572895,3.3767967145790556,0.3698504729935917
pvdaq_1278,random_forest,0,-0.25,24 months,6830,0.07040394097566605,0.0321316123008728,0.9062544107437134,0.20495294096825245,-0.26483593334926936,-0.47105282009294314,-0.049351745698617,2415,6.899383983572895,3.3767967145790556,0.3698504729935917
pvdaq_1278,random_forest,1,-0.25,24 months,6830,0.07032409310340881,0.03206337243318558,0.9064669609069824,0.2047204957951217,-0.264271382097403,-0.4701091876590483,-0.04097474930012122,2415,6.899383983572895,3.3767967145790556,0.3698504729935917
pvdaq_1278,random_forest,2,-0.25,24 months,6830,0.07032289355993271,0.031954456120729446,0.9064701199531555,0.20471700380362462,-0.2237313955935294,-0.43225903118414566,-0.0635422311750844,2415,6.899383983572895,3.3767967145790556,0.3698504729935917
pvdaq_1278,random_forest,3,-0.25,24 months,6830,0.07034533470869064,0.03202872350811958,0.9064103960990906,0.2047823322408244,-0.23292397206875937,-0.48912823562580393,-0.04271374477762284,2415,6.899383983572895,3.3767967145790556,0.3698504729935917
pvdaq_1278,random_forest,4,-0.25,24 months,6830,0.07038506120443344,0.0320606604218483,0.906304657459259,0.204897980058603,-0.24656440380136924,-0.49760485010294275,-0.047710267200268275,2415,6.899383983572895,3.3767967145790556,0.3698504729935917
pvdaq_1278,xgboost,0,-0.5,24 months,6830,0.0698978528380394,0.03294984996318817,0.9070466160774231,0.20405809669139643,-0.5818050846898459,-0.7974831810566851,-0.36715156581451636,2415,6.899383983572895,3.3767967145790556,0.3698504729935917
pvdaq_1278,xgboost,1,-0.5,24 months,6830,0.06984548270702362,0.03309454768896103,0.9071858525276184,0.20390520860078054,-0.5784796890197896,-0.7750053230986431,-0.33490555774848274,2415,6.899383983572895,3.3767967145790556,0.3698504729935917
pvdaq_1278,xgboost,2,-0.5,24 months,6830,0.06982024759054184,0.03319500759243965,0.9072529077529907,0.20383153781362504,-0.5933422053313098,-0.8304398110922484,-0.34578034510673644,2415,6.899383983572895,3.3767967145790556,0.3698504729935917
pvdaq_1278,xgboost,3,-0.5,24 months,6830,0.06981829553842545,0.03266563266515732,0.9072580933570862,0.20382583904000984,-0.6174045890024689,-0.8072152230487406,-0.3419744012250592,2415,6.899383983572895,3.3767967145790556,0.3698504729935917
pvdaq_1278,xgboost,4,-0.5,24 months,6830,0.06981673836708069,0.03310614079236984,0.9072622060775757,0.20382129307174426,-0.5450874523804763,-0.8188797759054178,-0.3040327018550171,2415,6.899383983572895,3.3767967145790556,0.3698504729935917
pvdaq_1278,random_forest,0,-0.5,24 months,6830,0.07004175335168839,0.03202751651406288,0.9066634774208069,0.2044781963616419,-0.45241826716318734,-0.677196959954103,-0.26957488302119526,2415,6.899383983572895,3.3767967145790556,0.3698504729935917
pvdaq_1278,random_forest,1,-0.5,24 months,6830,0.07000366598367691,0.03198619931936264,0.9067649245262146,0.20436700502301217,-0.4579964752865373,-0.6686409593862241,-0.27194959881980707,2415,6.899383983572895,3.3767967145790556,0.3698504729935917
pvdaq_1278,random_forest,2,-0.5,24 months,6830,0.0701604038476944,0.03200036287307739,0.9063469767570496,0.2048245817426432,-0.4640606507345613,-0.6756395761997163,-0.25858431981560237,2415,6.899383983572895,3.3767967145790556,0.3698504729935917
pvdaq_1278,random_forest,3,-0.5,24 months,6830,0.0700317919254303,0.03200037032365799,0.9066900014877319,0.20444911521536885,-0.48176478730624916,-0.6892439317720322,-0.28916029541984706,2415,6.899383983572895,3.3767967145790556,0.3698504729935917
pvdaq_1278,random_forest,4,-0.5,24 months,6830,0.07007937878370285,0.032068122178316116,0.9065631628036499,0.204588039135523,-0.46147356503915127,-0.6551467548329589,-0.23704868150071282,2415,6.899383983572895,3.3767967145790556,0.3698504729935917
pvdaq_1278,xgboost,0,-1.0,24 months,6830,0.06943138688802719,0.032472848892211914,0.907185435295105,0.20385531897244344,-1.0687066631078157,-1.2634598301643707,-0.8656585083195889,2415,6.899383983572895,3.3767967145790556,0.3698504729935917
pvdaq_1278,xgboost,1,-1.0,24 months,6830,0.06944235414266586,0.03299378603696823,0.9071561098098755,0.2038875195850601,-1.0442831665317287,-1.2748172874025077,-0.8299874877593933,2415,6.899383983572895,3.3767967145790556,0.3698504729935917
pvdaq_1278,xgboost,2,-1.0,24 months,6830,0.06938701868057251,0.03318972513079643,0.9073039889335632,0.2037250508690928,-1.1080638161963345,-1.3245723829123885,-0.8353104324865246,2415,6.899383983572895,3.3767967145790556,0.3698504729935917
pvdaq_1278,xgboost,3,-1.0,24 months,6830,0.06943415105342865,0.03267684206366539,0.9071780443191528,0.20386343475184615,-1.0702122758820956,-1.28168757035234,-0.8407765697981961,2415,6.899383983572895,3.3767967145790556,0.3698504729935917
pvdaq_1278,xgboost,4,-1.0,24 months,6830,0.06938853114843369,0.032537247985601425,0.9072999358177185,0.20372949157857728,-1.0770601817022956,-1.2578651348673475,-0.841550466798811,2415,6.899383983572895,3.3767967145790556,0.3698504729935917
pvdaq_1278,random_forest,0,-1.0,24 months,6830,0.06963424384593964,0.03192916139960289,0.9066422581672668,0.20445092092877068,-0.8551754054837712,-1.1042894621510337,-0.67689747008568,2415,6.899383983572895,3.3767967145790556,0.3698504729935917
pvdaq_1278,random_forest,1,-1.0,24 months,6830,0.069646455347538,0.03201928734779358,0.9066095352172852,0.20448677473588936,-0.8878152862162536,-1.121034746866854,-0.6046007664659185,2415,6.899383983572895,3.3767967145790556,0.3698504729935917
pvdaq_1278,random_forest,2,-1.0,24 months,6830,0.06952817738056183,0.03195090964436531,0.9069264531135559,0.20413950250403515,-0.8911179179893813,-1.108083380498015,-0.6452818931153348,2415,6.899383983572895,3.3767967145790556,0.3698504729935917
pvdaq_1278,random_forest,3,-1.0,24 months,6830,0.06966785341501236,0.032106999307870865,0.9065521359443665,0.2045496009311577,-0.9012088196386214,-1.124097332239593,-0.6595101525181835,2415,6.899383983572895,3.3767967145790556,0.3698504729935917
pvdaq_1278,random_forest,4,-1.0,24 months,6830,0.06965864449739456,0.031957756727933884,0.9065768122673035,0.2045225629167595,-0.9247933417234994,-1.1197260680925858,-0.668223428467235,2415,6.899383983572895,3.3767967145790556,0.3698504729935917
pvdaq_1278,xgboost,0,-2.0,24 months,6830,0.06877690553665161,0.032631032168865204,0.9067295789718628,0.20426969757105495,-2.0645866196057794,-2.2813609504673984,-1.8437907381812058,2415,6.899383983572895,3.3767967145790556,0.3698504729935917
pvdaq_1278,xgboost,1,-2.0,24 months,6830,0.06865883618593216,0.03308538347482681,0.9070495367050171,0.203919027671389,-2.0865857539660775,-2.2918631196215844,-1.8409525726178253,2415,6.899383983572895,3.3767967145790556,0.3698504729935917
pvdaq_1278,xgboost,2,-2.0,24 months,6830,0.06862156838178635,0.03296823427081108,0.907150387763977,0.20380834105321968,-2.0947162915613102,-2.349091342597548,-1.8168718915216153,2415,6.899383983572895,3.3767967145790556,0.3698504729935917
pvdaq_1278,xgboost,3,-2.0,24 months,6830,0.06870859861373901,0.03275293484330177,0.9069147109985352,0.20406682373751311,-2.086573230431447,-2.284242540314252,-1.8369805543105688,2415,6.899383983572895,3.3767967145790556,0.3698504729935917
pvdaq_1278,xgboost,4,-2.0,24 months,6830,0.06865733116865158,0.03304395452141762,0.9070535898208618,0.2039145577199955,-2.076034552073025,-2.2959228875639783,-1.802609064773375,2415,6.899383983572895,3.3767967145790556,0.3698504729935917
pvdaq_1278,random_forest,0,-2.0,24 months,6830,0.06877603381872177,0.03200840204954147,0.906731903553009,0.20426710853980232,-1.753975114198763,-2.0480708171666584,-1.5509650760427163,2415,6.899383983572895,3.3767967145790556,0.3698504729935917
pvdaq_1278,random_forest,1,-2.0,24 months,6830,0.06878366321325302,0.03198496252298355,0.906711220741272,0.20428976809538116,-1.845661175807345,-2.0645009613315835,-1.5871104585815643,2415,6.899383983572895,3.3767967145790556,0.3698504729935917
pvdaq_1278,random_forest,2,-2.0,24 months,6830,0.06888876855373383,0.03201965242624283,0.9064258933067322,0.20460193445334088,-1.8200971775346853,-2.0959570872965347,-1.5582597045780273,2415,6.899383983572895,3.3767967145790556,0.3698504729935917
pvdaq_1278,random_forest,3,-2.0,24 months,6830,0.06882043182849884,0.03209548071026802,0.906611442565918,0.20439897210591004,-1.7763372403179933,-2.0156874433736687,-1.5996724507945754,2415,6.899383983572895,3.3767967145790556,0.3698504729935917
pvdaq_1278,random_forest,4,-2.0,24 months,6830,0.06878303736448288,0.031967293471097946,0.9067129492759705,0.20428790930371257,-1.7613424213823836,-2.030325675336547,-1.5570696235992534,2415,6.899383983572895,3.3767967145790556,0.3698504729935917
