system_id,model,seed,injection,regime,n_train,val_rmse,val_mae,val_r2,val_nrmse_mean,plr,ci_low,ci_high,days,span_years,t_center_years,points_kept_fraction
dkasc_7,lstm,0,0.0,24 months,6772,0.019740846008062363,0.013889729976654053,0.9942833781242371,0.05105075790073696,-1.0702465659337412,-1.3292116259185216,-0.8905785042613772,2839,12.216290212183436,6.4486652977412735,0.2518376059770022
dkasc_7,lstm,1,0.0,24 months,6772,0.02052120864391327,0.014815990813076496,0.9938225150108337,0.05306881244517418,-1.1199056024104537,-1.3509649005869928,-0.9030030445008386,2839,12.216290212183436,6.4486652977412735,0.2518376059770022
dkasc_7,lstm,2,0.0,24 months,6772,0.020666413009166718,0.014931825920939445,0.9937347769737244,0.05344431777527282,-1.1540178145657376,-1.3233175332409752,-0.9394093831400918,2839,12.216290212183436,6.4486652977412735,0.2518376059770022
dkasc_7,lstm,3,0.0,24 months,6772,0.020205331966280937,0.014364964328706264,0.9940112233161926,0.052251940473744415,-1.0934526531230837,-1.3277598663311019,-0.8546584417128633,2839,12.216290212183436,6.4486652977412735,0.2518376059770022
dkasc_7,lstm,4,0.0,24 months,6772,0.02046550065279007,0.014694598503410816,0.9938560128211975,0.05292474895535184,-1.208410965333595,-1.4182262492302478,-1.000428229834971,2839,12.216290212183436,6.4486652977412735,0.2518376059770022
dkasc_7,gru,0,0.0,24 months,6772,0.019857527688145638,0.014123082160949707,0.9942156076431274,0.05135250222309021,-1.0350176320862103,-1.238416114241836,-0.8858027748816055,2839,12.216290212183436,6.4486652977412735,0.2518376059770022
dkasc_7,gru,1,0.0,24 months,6772,0.019441064447164536,0.013402475044131279,0.9944556951522827,0.05027550865953171,-1.0825589577854622,-1.3331040712405047,-0.8993991983927141,2839,12.216290212183436,6.4486652977412735,0.2518376059770022
dkasc_7,gru,2,0.0,24 months,6772,0.0191460233181715,0.012954764068126678,0.9946227073669434,0.04951251839858586,-1.171553027741528,-1.3633825809984512,-0.9972709639708421,2839,12.216290212183436,6.4486652977412735,0.2518376059770022
dkasc_7,gru,3,0.0,24 months,6772,0.019174952059984207,0.013304260559380054,0.9946064352989197,0.0495873294879409,-1.098769108286024,-1.2747377247397607,-0.9010849005771981,2839,12.216290212183436,6.4486652977412735,0.2518376059770022
dkasc_7,gru,4,0.0,24 months,6772,0.01964816451072693,0.013669861480593681,0.9943369626998901,0.05081107918177949,-1.1610764675723528,-1.3053836762575655,-0.9789328915945924,2839,12.216290212183436,6.4486652977412735,0.2518376059770022
dkasc_7,lstm,0,-0.25,24 months,6772,0.020338675007224083,0.014398508705198765,0.9938682317733765,0.05288694285458329,-1.319229839340219,-1.5131821601321094,-1.0873034160533757,2839,12.216290212183436,6.4486652977412735,0.2518376059770022
dkasc_7,lstm,1,-0.25,24 months,6772,0.021072814241051674,0.01527494564652443,0.9934176206588745,0.0547959354361038,-1.3565073315273346,-1.5362851750573503,-1.0977878135282502,2839,12.216290212183436,6.4486652977412735,0.2518376059770022
dkasc_7,lstm,2,-0.25,24 months,6772,0.021211743354797363,0.015306913293898106,0.9933305382728577,0.05515719476577481,-1.373209161886857,-1.5448711547587424,-1.1344799194909272,2839,12.216290212183436,6.4486652977412735,0.2518376059770022
dkasc_7,lstm,3,-0.25,24 months,6772,0.021036330610513687,0.015221566893160343,0.9934403896331787,0.05470106653816896,-1.3702832014663047,-1.6007619370571713,-1.1387950837524106,2839,12.216290212183436,6.4486652977412735,0.2518376059770022
dkasc_7,lstm,4,-0.25,24 months,6772,0.020985273644328117,0.015145949088037014,0.993472158908844,0.05456830239045406,-1.4263433623098454,-1.6425255056513932,-1.2116723874193158,2839,12.216290212183436,6.4486652977412735,0.2518376059770022
dkasc_7,gru,0,-0.25,24 months,6772,0.020418038591742516,0.01457910519093275,0.993820309638977,0.053093313100318104,-1.2261160559737805,-1.4312231317993196,-1.0798960246522453,2839,12.216290212183436,6.4486652977412735,0.2518376059770022
dkasc_7,gru,1,-0.25,24 months,6772,0.019941389560699463,0.013844925910234451,0.9941054582595825,0.051853875916848056,-1.366717191248723,-1.514800034326269,-1.1513661656287089,2839,12.216290212183436,6.4486652977412735,0.2518376059770022
dkasc_7,gru,2,-0.25,24 months,6772,0.019710447639226913,0.013471599668264389,0.9942411780357361,0.05125335438831642,-1.3385128948587326,-1.5365582796253996,-1.1565057611013008,2839,12.216290212183436,6.4486652977412735,0.2518376059770022
dkasc_7,gru,3,-0.25,24 months,6772,0.019805006682872772,0.013858831487596035,0.9941858053207397,0.051499237600271294,-1.2947555785552178,-1.4678465761224804,-1.1172096842166024,2839,12.216290212183436,6.4486652977412735,0.2518376059770022
dkasc_7,gru,4,-0.25,24 months,6772,0.02078268863260746,0.014980923384428024,0.9935976266860962,0.05404151773342699,-1.3638637262779754,-1.6129582133311207,-1.1377700194593832,2839,12.216290212183436,6.4486652977412735,0.2518376059770022
dkasc_7,lstm,0,-0.5,24 months,6772,0.021080203354358673,0.015004623681306839,0.9933438897132874,0.05511923232983472,-1.5551203838463978,-1.7418263875609026,-1.329605820083879,2839,12.216290212183436,6.4486652977412735,0.2518376059770022
dkasc_7,lstm,1,-0.5,24 months,6772,0.02169705554842949,0.015791188925504684,0.9929486513137817,0.056732139891806956,-1.5359241928005973,-1.7189976211328253,-1.3328050686508441,2839,12.216290212183436,6.4486652977412735,0.2518376059770022
dkasc_7,lstm,2,-0.5,24 months,6772,0.0218709297478199,0.015957724303007126,0.9928351640701294,0.05718677556259533,-1.5937336376176225,-1.7514156039801332,-1.349317238671166,2839,12.216290212183436,6.4486652977412735,0.2518376059770022
dkasc_7,lstm,3,-0.5,24 months,6772,0.021616782993078232,0.015671316534280777,0.9930006861686707,0.05652224810121374,-1.5861559326814252,-1.7985222123948754,-1.3494056120957554,2839,12.216290212183436,6.4486652977412735,0.2518376059770022
dkasc_7,lstm,4,-0.5,24 months,6772,0.021615291014313698,0.015655262395739555,0.9930016994476318,0.05651834696597462,-1.620262397617259,-1.804425586546771,-1.4027816241675928,2839,12.216290212183436,6.4486652977412735,0.2518376059770022
dkasc_7,gru,0,-0.5,24 months,6772,0.021043946966528893,0.015078765340149403,0.9933667778968811,0.05502443133429228,-1.440806588348309,-1.6183664644479068,-1.2697327656858937,2839,12.216290212183436,6.4486652977412735,0.2518376059770022
dkasc_7,gru,1,-0.5,24 months,6772,0.02065981924533844,0.014460764825344086,0.993606686592102,0.054020037555318194,-1.578369068188168,-1.7284981743873067,-1.3841017600831784,2839,12.216290212183436,6.4486652977412735,0.2518376059770022
dkasc_7,gru,2,-0.5,24 months,6772,0.021250708028674126,0.015119457617402077,0.9932357668876648,0.05556505757159991,-1.5628637561601377,-1.7466144114670845,-1.3404743920295115,2839,12.216290212183436,6.4486652977412735,0.2518376059770022
dkasc_7,gru,3,-0.5,24 months,6772,0.020549722015857697,0.014572380110621452,0.993674635887146,0.05373216202259164,-1.469257569933391,-1.6626081030982895,-1.3214310715837785,2839,12.216290212183436,6.4486652977412735,0.2518376059770022
dkasc_7,gru,4,-0.5,24 months,6772,0.020520050078630447,0.014309979975223541,0.993692934513092,0.05365457764761136,-1.533386942028614,-1.6814420845885363,-1.390546544464255,2839,12.216290212183436,6.4486652977412735,0.2518376059770022
dkasc_7,lstm,0,-1.0,24 months,6772,0.022624313831329346,0.016265304759144783,0.9921714067459106,0.05982037167231423,-1.9727134795984613,-2.1763424664876574,-1.7862333918825968,2839,12.216290212183436,6.4486652977412735,0.2518376059770022
dkasc_7,lstm,1,-1.0,24 months,6772,0.02311319299042225,0.016945356503129005,0.9918293952941895,0.06111300459889999,-1.904193092257056,-2.117353466679739,-1.7255777599632482,2839,12.216290212183436,6.4486652977412735,0.2518376059770022
dkasc_7,lstm,2,-1.0,24 months,6772,0.02327745035290718,0.017066719010472298,0.9917128682136536,0.06154731330532166,-1.9829262057241683,-2.1687062561535297,-1.7760575365195264,2839,12.216290212183436,6.4486652977412735,0.2518376059770022
dkasc_7,lstm,3,-1.0,24 months,6772,0.02297055348753929,0.016708748415112495,0.9919299483299255,0.060735855124169985,-1.8755251828098896,-2.1050032165840116,-1.69498134802476,2839,12.216290212183436,6.4486652977412735,0.2518376059770022
dkasc_7,lstm,4,-1.0,24 months,6772,0.023057736456394196,0.01686885952949524,0.9918685555458069,0.06096637339045986,-2.0181637037599676,-2.1856035575056985,-1.8113635293938852,2839,12.216290212183436,6.4486652977412735,0.2518376059770022
dkasc_7,gru,0,-1.0,24 months,6772,0.022569769993424416,0.016244737431406975,0.9922090768814087,0.059676153700435275,-1.8549393505626566,-2.027443500183716,-1.6738894787502234,2839,12.216290212183436,6.4486652977412735,0.2518376059770022
dkasc_7,gru,1,-1.0,24 months,6772,0.02345665916800499,0.017045756801962852,0.9915847778320312,0.06202115476659333,-1.9664415139602043,-2.1497056804037906,-1.7974519444453174,2839,12.216290212183436,6.4486652977412735,0.2518376059770022
dkasc_7,gru,2,-1.0,24 months,6772,0.022649258375167847,0.01635987125337124,0.9921541213989258,0.059886326905022734,-1.9437783946666176,-2.16944725795849,-1.7577518869311248,2839,12.216290212183436,6.4486652977412735,0.2518376059770022
dkasc_7,gru,3,-1.0,24 months,6772,0.022907737642526627,0.0167477335780859,0.9919739961624146,0.060569765349090726,-1.9338489664487368,-2.1472939692355753,-1.7883240744388484,2839,12.216290212183436,6.4486652977412735,0.2518376059770022
dkasc_7,gru,4,-1.0,24 months,6772,0.022081386297941208,0.015671001747250557,0.9925426244735718,0.05838483081655415,-1.9688133670105357,-2.1352296689249872,-1.786677782898205,2839,12.216290212183436,6.4486652977412735,0.2518376059770022
dkasc_7,lstm,0,-2.0,24 months,6772,0.02626838907599449,0.019366569817066193,0.988997220993042,0.07104983478926694,-2.8365769146680875,-3.0047292640919765,-2.670479691682326,2839,12.216290212183436,6.4486652977412735,0.2518376059770022
dkasc_7,lstm,1,-2.0,24 months,6772,0.026666032150387764,0.019786881282925606,0.9886615872383118,0.0721253660926523,-2.767751711939692,-2.96120442589366,-2.568582634495531,2839,12.216290212183436,6.4486652977412735,0.2518376059770022
dkasc_7,lstm,2,-2.0,24 months,6772,0.02690470591187477,0.020208019763231277,0.9884577393531799,0.0727709226691567,-2.7948896853776994,-2.954596391656117,-2.5982806016306204,2839,12.216290212183436,6.4486652977412735,0.2518376059770022
dkasc_7,lstm,3,-2.0,24 months,6772,0.02682284079492092,0.02006617747247219,0.9885278344154358,0.07254949671807354,-2.7856742114557798,-2.9460763797252487,-2.600184081483159,2839,12.216290212183436,6.4486652977412735,0.2518376059770022
dkasc_7,lstm,4,-2.0,24 months,6772,0.026504242792725563,0.01958172395825386,0.9887987375259399,0.07168776380576271,-2.808121345671322,-2.9813414315457587,-2.6415203675886105,2839,12.216290212183436,6.4486652977412735,0.2518376059770022
dkasc_7,gru,0,-2.0,24 months,6772,0.026301847770810127,0.019390108063817024,0.9889692068099976,0.07114033271557822,-2.7793929034916287,-2.930264079932765,-2.608891690618531,2839,12.216290212183436,6.4486652977412735,0.2518376059770022
dkasc_7,gru,1,-2.0,24 months,6772,0.025841886177659035,0.018530966714024544,0.9893516302108765,0.06989624442724622,-2.762187546279671,-2.9630330243516467,-2.60192754419837,2839,12.216290212183436,6.4486652977412735,0.2518376059770022
dkasc_7,gru,2,-2.0,24 months,6772,0.025906801223754883,0.018543079495429993,0.9892980456352234,0.07007182440998153,-2.7517075666007917,-2.948606831075462,-2.5983106234630737,2839,12.216290212183436,6.4486652977412735,0.2518376059770022
dkasc_7,gru,3,-2.0,24 months,6772,0.02639654278755188,0.01906925067305565,0.9888896346092224,0.07139646053808778,-2.726644712067694,-2.889923320064027,-2.545719854706585,2839,12.216290212183436,6.4486652977412735,0.2518376059770022
dkasc_7,gru,4,-2.0,24 months,6772,0.02615056186914444,0.019193951040506363,0.9890956878662109,0.0707311398150088,-2.7484263931650554,-2.975384122526248,-2.5802931764057013,2839,12.216290212183436,6.4486652977412735,0.2518376059770022
dkasc_10,lstm,0,0.0,24 months,6885,0.020834028720855713,0.01411550771445036,0.9944983124732971,0.049151564355402584,-1.3059961803672249,-1.4688083069578375,-1.153578998345279,3341,12.216290212183436,5.22621492128679,0.2909504219515384
dkasc_10,lstm,1,0.0,24 months,6885,0.02040695771574974,0.013760223984718323,0.994721531867981,0.04814402000221756,-1.3238644475264447,-1.4732635911688385,-1.1672352182888202,3341,12.216290212183436,5.22621492128679,0.2917148633560989
dkasc_10,lstm,2,0.0,24 months,6885,0.02284463867545128,0.015962684527039528,0.9933851361274719,0.05389498800624883,-1.3234727338637402,-1.453807515593993,-1.170813782524613,3341,12.216290212183436,5.22621492128679,0.29160422052122836
dkasc_10,lstm,3,0.0,24 months,6885,0.021122116595506668,0.01467355340719223,0.9943450689315796,0.0498312202155648,-1.3129712634700654,-1.4733609245417834,-1.168356557796945,3341,12.216290212183436,5.22621492128679,0.29147346080729036
dkasc_10,lstm,4,0.0,24 months,6885,0.021337373182177544,0.014456601813435555,0.994229257106781,0.05033905276751317,-1.340816429385061,-1.487560102681985,-1.1902069871808316,3341,12.216290212183436,5.22621492128679,0.2916343958398294
dkasc_10,gru,0,0.0,24 months,6885,0.01985570415854454,0.013374377973377705,0.9950028657913208,0.04684350462633192,-1.3091889448912313,-1.4395956541485178,-1.1804668859866292,3341,12.216290212183436,5.22621492128679,0.29148351924682403
dkasc_10,gru,1,0.0,24 months,6885,0.020454874262213707,0.01396299246698618,0.9946967363357544,0.04825706454337511,-1.3323715084314014,-1.4638464595061074,-1.1634999036908948,3341,12.216290212183436,5.22621492128679,0.2916645711584305
dkasc_10,gru,2,0.0,24 months,6885,0.021202512085437775,0.014543532393872738,0.994301974773407,0.05002088896135458,-1.3629513077438862,-1.4950285970180999,-1.1911674300706498,3341,12.216290212183436,5.22621492128679,0.2917349802351663
dkasc_10,gru,3,0.0,24 months,6885,0.020520996302366257,0.013826127164065838,0.9946624040603638,0.04841305941865409,-1.335297232278021,-1.4758354156928244,-1.165066201975784,3341,12.216290212183436,5.22621492128679,0.29170480491656525
dkasc_10,gru,4,0.0,24 months,6885,0.020713722333312035,0.013887796550989151,0.9945616722106934,0.04886773796594389,-1.360157648975348,-1.5028409124931363,-1.2034712774862177,3341,12.216290212183436,5.22621492128679,0.29093030507247103
dkasc_10,lstm,0,-0.25,24 months,6885,0.02109326235949993,0.014366676099598408,0.9943187236785889,0.049949493682392127,-1.5331060860367955,-1.684942135038403,-1.3681683056378124,3341,12.216290212183436,5.22621492128679,0.29093030507247103
dkasc_10,lstm,1,-0.25,24 months,6885,0.02057466469705105,0.013961149379611015,0.9945946931838989,0.04872143847581914,-1.5319155473812684,-1.6886242809514174,-1.3956142465095922,3341,12.216290212183436,5.22621492128679,0.2917148633560989
dkasc_10,lstm,2,-0.25,24 months,6885,0.023031573742628098,0.01616070047020912,0.9932266473770142,0.0545394746220861,-1.5455622550780201,-1.689101997045328,-1.394065476431423,3341,12.216290212183436,5.22621492128679,0.29159416208169464
dkasc_10,lstm,3,-0.25,24 months,6885,0.021401628851890564,0.01493421383202076,0.9941514134407043,0.05067971501567916,-1.524424910459088,-1.6872078146297658,-1.400332510558296,3341,12.216290212183436,5.22621492128679,0.29147346080729036
dkasc_10,lstm,4,-0.25,24 months,6885,0.02151334099471569,0.0146420793607831,0.99409019947052,0.05094425280396382,-1.5726502502861395,-1.7009337864134932,-1.4083651164155997,3341,12.216290212183436,5.22621492128679,0.2916343958398294
dkasc_10,gru,0,-0.25,24 months,6885,0.020063886418938637,0.013587519526481628,0.9948596954345703,0.04751189981172584,-1.5321905923265429,-1.6615464095848909,-1.400535517590483,3341,12.216290212183436,5.22621492128679,0.29148351924682403
dkasc_10,gru,1,-0.25,24 months,6885,0.02058596722781658,0.014144164510071278,0.9945887327194214,0.04874820321611612,-1.569625084459686,-1.7041955736138314,-1.4153171455742575,3341,12.216290212183436,5.22621492128679,0.2916645711584305
dkasc_10,gru,2,-0.25,24 months,6885,0.021470315754413605,0.01475304551422596,0.9941138029098511,0.050842367712315845,-1.5579733045042425,-1.6944668030269838,-1.4135147530578762,3341,12.216290212183436,5.22621492128679,0.2917148633560989
dkasc_10,gru,3,-0.25,24 months,6885,0.020708613097667694,0.01404543686658144,0.9945240616798401,0.049038632406105336,-1.5517717028613265,-1.700213086046301,-1.38998079283717,3341,12.216290212183436,5.22621492128679,0.2917148633560989
dkasc_10,gru,4,-0.25,24 months,6885,0.02101018838584423,0.01431956235319376,0.9943634271621704,0.04975277195904913,-1.5795191618285354,-1.7057103928395971,-1.4145064754002872,3341,12.216290212183436,5.22621492128679,0.2915338114444925
dkasc_10,lstm,0,-0.5,24 months,6885,0.021403823047876358,0.014652678743004799,0.9941068291664124,0.05087542231007089,-1.7486196558930835,-1.8986423272557729,-1.5911447424180825,3341,12.216290212183436,5.22621492128679,0.2908598959957352
dkasc_10,lstm,1,-0.5,24 months,6885,0.020787911489605904,0.014208517968654633,0.9944411516189575,0.049411442694720246,-1.750019002041428,-1.9013585622172036,-1.6068236071010822,3341,12.216290212183436,5.22621492128679,0.2917148633560989
dkasc_10,lstm,2,-0.5,24 months,6885,0.023258795961737633,0.016399508342146873,0.9930411577224731,0.05528456595489272,-1.7661205464961987,-1.8914208480449766,-1.6069654132953524,3341,12.216290212183436,5.22621492128679,0.29157404520262725
dkasc_10,lstm,3,-0.5,24 months,6885,0.021736662834882736,0.015236892737448215,0.9939221739768982,0.05166655970116531,-1.7482763981094607,-1.9151319254143373,-1.622404369822189,3341,12.216290212183436,5.22621492128679,0.29147346080729036
dkasc_10,lstm,4,-0.5,24 months,6885,0.021729212254285812,0.014870628714561462,0.9939262866973877,0.05164885018107276,-1.7867871682316332,-1.923660260981339,-1.6319729384838282,3341,12.216290212183436,5.22621492128679,0.2916343958398294
dkasc_10,gru,0,-0.5,24 months,6885,0.02034987322986126,0.013886094093322754,0.994672954082489,0.04837025573467909,-1.7506607026028775,-1.871748190017005,-1.6060997912816122,3341,12.216290212183436,5.22621492128679,0.29147346080729036
dkasc_10,gru,1,-0.5,24 months,6885,0.020977044478058815,0.01441966462880373,0.9943395256996155,0.04986099886226959,-1.764381703574014,-1.8778689542178206,-1.6023929315782157,3341,12.216290212183436,5.22621492128679,0.29170480491656525
dkasc_10,gru,2,-0.5,24 months,6885,0.021676387637853622,0.014928583055734634,0.9939557909965515,0.05152328968361659,-1.795150744587376,-1.930941614133639,-1.6312524733072709,3341,12.216290212183436,5.22621492128679,0.2917148633560989
dkasc_10,gru,3,-0.5,24 months,6885,0.020955130457878113,0.014327356591820717,0.994351327419281,0.04980891073629738,-1.7700795725849983,-1.9047152920819383,-1.6145742287668408,3341,12.216290212183436,5.22621492128679,0.2917148633560989
dkasc_10,gru,4,-0.5,24 months,6885,0.021245192736387253,0.014510339125990868,0.9941939115524292,0.05049836891778044,-1.782627735783378,-1.9147315327517074,-1.6164826437525426,3341,12.216290212183436,5.22621492128679,0.29157404520262725
dkasc_10,lstm,0,-1.0,24 months,6885,0.022102555260062218,0.015465209260582924,0.9936222434043884,0.05293418884157544,-2.211508152566899,-2.366831250751056,-2.0604457925887862,3341,12.216290212183436,5.22621492128679,0.2912219998189481
dkasc_10,lstm,1,-1.0,24 months,6885,0.021359266713261604,0.014836898073554039,0.9940440058708191,0.05115406089540904,-2.2081476248077214,-2.342123496358084,-2.0459179743545386,3341,12.216290212183436,5.22621492128679,0.2917148633560989
dkasc_10,lstm,2,-1.0,24 months,6885,0.023828012868762016,0.016992934048175812,0.9925876259803772,0.057066548101506145,-2.1994447921258984,-2.36109617098679,-2.0471520096427827,3341,12.216290212183436,5.22621492128679,0.2915338114444925
dkasc_10,lstm,3,-1.0,24 months,6885,0.021410396322607994,0.01506283599883318,0.9940154552459717,0.051276512999461836,-2.2507470867662933,-2.364857615789806,-2.12817998319551,3341,12.216290212183436,5.22621492128679,0.2913326426538187
dkasc_10,lstm,4,-1.0,24 months,6885,0.022319387644529343,0.01548871211707592,0.9934964776039124,0.05345348836379365,-2.212937054125416,-2.351737908318474,-2.0739381038636733,3341,12.216290212183436,5.22621492128679,0.29159416208169464
dkasc_10,gru,0,-1.0,24 months,6885,0.02158835344016552,0.015019307844340801,0.9939155578613281,0.05170270877436908,-2.2195576347451675,-2.335394824162674,-2.068922750860736,3341,12.216290212183436,5.22621492128679,0.29126223357708286
dkasc_10,gru,1,-1.0,24 months,6885,0.02187769114971161,0.015358148142695427,0.9937513470649719,0.05239565385587178,-2.2298011647520433,-2.350717296425574,-2.084461588347164,3341,12.216290212183436,5.22621492128679,0.29169474647703153
dkasc_10,gru,2,-1.0,24 months,6885,0.021561671048402786,0.015047882683575153,0.9939305782318115,0.051638806173620225,-2.223818178145115,-2.335498106069367,-2.073445732229306,3341,12.216290212183436,5.22621492128679,0.2917349802351663
dkasc_10,gru,3,-1.0,24 months,6885,0.021733049303293228,0.015068896114826202,0.9938337206840515,0.052049245998381226,-2.232094548977255,-2.3470840149137917,-2.1047407324481977,3341,12.216290212183436,5.22621492128679,0.29170480491656525
dkasc_10,gru,4,-1.0,24 months,6885,0.02200351469218731,0.015320279635488987,0.9936792850494385,0.05269699309379055,-2.2404911142970607,-2.3594039475838064,-2.088165690845319,3341,12.216290212183436,5.22621492128679,0.2916746295979642
dkasc_10,lstm,0,-2.0,24 months,6885,0.02361835353076458,0.01683993823826313,0.9924988746643066,0.057434493369345405,-3.1131436581111007,-3.2226504298962144,-2.987984761210427,3341,12.216290212183436,5.22621492128679,0.29083977911666786
dkasc_10,lstm,1,-2.0,24 months,6885,0.02295735664665699,0.016438649967312813,0.9929128289222717,0.05582709846317701,-3.08690196721273,-3.2313764094070665,-2.9608624552157634,3341,12.216290212183436,5.22621492128679,0.29170480491656525
dkasc_10,lstm,2,-2.0,24 months,6885,0.025380931794643402,0.018497535958886147,0.9913374781608582,0.06172068501593236,-3.0929369174593084,-3.257470204369616,-2.9556170082360413,3341,12.216290212183436,5.22621492128679,0.29149357768635775
dkasc_10,lstm,3,-2.0,24 months,6885,0.023714013397693634,0.017099659889936447,0.9924379587173462,0.05766711652767406,-3.069013060420712,-3.1861468798697787,-2.9527660323562688,3341,12.216290212183436,5.22621492128679,0.29169474647703153
dkasc_10,lstm,4,-2.0,24 months,6885,0.024087121710181236,0.017198076471686363,0.9921981692314148,0.05857443154739818,-3.0927713126458345,-3.2252266991942466,-2.950557175310542,3341,12.216290212183436,5.22621492128679,0.291453343928223
dkasc_10,gru,0,-2.0,24 months,6885,0.02482064813375473,0.017895866185426712,0.9917157292366028,0.060358201887531944,-3.0819227725140728,-3.2179642206237857,-2.9532779851764834,3341,12.216290212183436,5.22621492128679,0.2916343958398294
dkasc_10,gru,1,-2.0,24 months,6885,0.023561788722872734,0.017000142484903336,0.9925347566604614,0.05729694055138243,-3.1291663369775935,-3.224498583093227,-2.984854923291917,3341,12.216290212183436,5.22621492128679,0.29168468803749786
dkasc_10,gru,2,-2.0,24 months,6885,0.02451007254421711,0.01771659031510353,0.9919217228889465,0.059602952305263475,-3.115137621282339,-3.250886412777132,-2.972643396002328,3341,12.216290212183436,5.22621492128679,0.2916243374002957
dkasc_10,gru,3,-2.0,24 months,6885,0.024840766564011574,0.01787610538303852,0.9917023181915283,0.060407125359173745,-3.044534808647703,-3.18147562776948,-2.93117797071073,3341,12.216290212183436,5.22621492128679,0.29172492179563264
dkasc_10,gru,4,-2.0,24 months,6885,0.0237564817070961,0.01714564487338066,0.9924108386039734,0.05777038984990654,-3.140589077176592,-3.262230396948601,-2.991077378540574,3341,12.216290212183436,5.22621492128679,0.2916645711584305
dkasc_13,lstm,0,0.0,24 months,6884,0.027094213292002678,0.018438205122947693,0.9900847673416138,0.06581968218088495,-0.8161610914500892,-0.9697368582278099,-0.6316248141250091,3404,12.216290212183436,5.301505817932923,0.3011988566926907
dkasc_13,lstm,1,0.0,24 months,6884,0.026748303323984146,0.018216991797089577,0.9903362989425659,0.06497936680015012,-0.7720246529309249,-0.978568779781186,-0.608048563079544,3404,12.216290212183436,5.301505817932923,0.3011988566926907
dkasc_13,lstm,2,0.0,24 months,6884,0.028069065883755684,0.01969197578728199,0.9893584251403809,0.06818788114170637,-0.8626984318224173,-1.0093692640628316,-0.6886260772374198,3404,12.216290212183436,5.301505817932923,0.3012190564684732
dkasc_13,lstm,3,0.0,24 months,6884,0.027558811008930206,0.019202763214707375,0.9897418022155762,0.06694832443894087,-0.806934969491846,-0.947869327004347,-0.6290401730530637,3404,12.216290212183436,5.301505817932923,0.30120895658058194
dkasc_13,lstm,4,0.0,24 months,6884,0.027212275192141533,0.018188675865530968,0.9899981617927551,0.06610648869049136,-0.7804274123722865,-0.9440810277022926,-0.6191122618444456,3404,12.216290212183436,5.301505817932923,0.3010170587106483
dkasc_13,gru,0,0.0,24 months,6884,0.026661841198801994,0.01781817525625229,0.9903987050056458,0.0647693252854237,-0.783313818604392,-0.9565051096671999,-0.6048283451076664,3404,12.216290212183436,5.301505817932923,0.3007645615133672
dkasc_13,gru,1,0.0,24 months,6884,0.02778574824333191,0.018793852999806404,0.9895721673965454,0.06749962063205596,-0.8131991053657939,-0.9870057749335026,-0.65345848171382,3404,12.216290212183436,5.301505817932923,0.3012190564684732
dkasc_13,gru,2,0.0,24 months,6884,0.027207108214497566,0.018879033625125885,0.9900019764900208,0.06609393660703736,-0.8030060421936436,-0.9863590947605139,-0.6791213110975192,3404,12.216290212183436,5.301505817932923,0.3011988566926907
dkasc_13,gru,3,0.0,24 months,6884,0.027583299204707146,0.018948817625641823,0.9897235631942749,0.06700781335068194,-0.7855582526749815,-0.945970278856767,-0.6478627235403488,3404,12.216290212183436,5.301505817932923,0.30120895658058194
dkasc_13,gru,4,0.0,24 months,6884,0.02633783407509327,0.017446693032979965,0.9906306266784668,0.06398221824979902,-0.7298231713357417,-0.8932958280104542,-0.5733020014587975,3404,12.216290212183436,5.301505817932923,0.3012190564684732
dkasc_13,lstm,0,-0.25,24 months,6884,0.027392571792006493,0.018669119104743004,0.9897910952568054,0.06679258554941048,-1.0435146067058532,-1.1910833354605632,-0.8788939776448124,3404,12.216290212183436,5.301505817932923,0.3011988566926907
dkasc_13,lstm,1,-0.25,24 months,6884,0.027034098282456398,0.018445178866386414,0.990056574344635,0.06591850286978383,-1.0141124447996364,-1.1937269693322539,-0.8487971389234739,3404,12.216290212183436,5.301505817932923,0.3011988566926907
dkasc_13,lstm,2,-0.25,24 months,6884,0.02830532193183899,0.019852763041853905,0.9890994429588318,0.06901818679134238,-1.0920715909812362,-1.234208323787389,-0.9250551813397734,3404,12.216290212183436,5.301505817932923,0.3012190564684732
dkasc_13,lstm,3,-0.25,24 months,6884,0.02781452052295208,0.019347060471773148,0.9894741773605347,0.06782144282221947,-1.0311648781049731,-1.182814689887538,-0.8504855094150714,3404,12.216290212183436,5.301505817932923,0.3011988566926907
dkasc_13,lstm,4,-0.25,24 months,6884,0.027511216700077057,0.018392203375697136,0.9897024631500244,0.0670818829630479,-0.9954133638318874,-1.164715923385562,-0.8534383891757938,3404,12.216290212183436,5.301505817932923,0.3010170587106483
dkasc_13,gru,0,-0.25,24 months,6884,0.02699703350663185,0.018193814903497696,0.9900838136672974,0.065828126097974,-0.988740258045695,-1.1708785178528742,-0.8043536774148041,3404,12.216290212183436,5.301505817932923,0.300754461625476
dkasc_13,gru,1,-0.25,24 months,6884,0.02651442214846611,0.017658518627285957,0.9904351830482483,0.06465135231155614,-0.9521303475881543,-1.1000565691936193,-0.7924519845409872,3404,12.216290212183436,5.301505817932923,0.30110795770166954
dkasc_13,gru,2,-0.25,24 months,6884,0.027455909177660942,0.01837432011961937,0.9897438287734985,0.06694702405127598,-0.9593099286858808,-1.122468000740161,-0.8120115163134711,3404,12.216290212183436,5.301505817932923,0.3012190564684732
dkasc_13,gru,3,-0.25,24 months,6884,0.027834389358758926,0.019111962988972664,0.9894590973854065,0.06786988993136543,-1.0148435236110753,-1.181191404191268,-0.8871334652654994,3404,12.216290212183436,5.301505817932923,0.30120895658058194
dkasc_13,gru,4,-0.25,24 months,6884,0.026647232472896576,0.017662428319454193,0.9903391003608704,0.06497518992066137,-0.9653129364128321,-1.1099375818461987,-0.808530566965282,3404,12.216290212183436,5.301505817932923,0.3012190564684732
dkasc_13,lstm,0,-0.5,24 months,6884,0.02771090529859066,0.018906712532043457,0.9894760847091675,0.06782166402026925,-1.2664439226223845,-1.4187969827369806,-1.1051687072308636,3404,12.216290212183436,5.301505817932923,0.3011988566926907
dkasc_13,lstm,1,-0.5,24 months,6884,0.027347614988684654,0.01870240643620491,0.9897502064704895,0.06693252116929506,-1.249409892993234,-1.4336762728506405,-1.0688770323421748,3404,12.216290212183436,5.301505817932923,0.3011988566926907
dkasc_13,lstm,2,-0.5,24 months,6884,0.028575321659445763,0.02005789615213871,0.9888092279434204,0.06993729883507699,-1.3111211468582518,-1.4625604678965676,-1.1469366038498463,3404,12.216290212183436,5.301505817932923,0.3012190564684732
dkasc_13,lstm,3,-0.5,24 months,6884,0.02809891477227211,0.01951969414949417,0.989179253578186,0.06877130633174014,-1.2516396135299546,-1.4220166851363736,-1.0792701880916058,3404,12.216290212183436,5.301505817932923,0.3011988566926907
dkasc_13,lstm,4,-0.5,24 months,6884,0.028275510296225548,0.019468562677502632,0.9890428185462952,0.06920351892688992,-1.2641632225483275,-1.4071638323721143,-1.1123195017948118,3404,12.216290212183436,5.301505817932923,0.3011988566926907
dkasc_13,gru,0,-0.5,24 months,6884,0.027425704523921013,0.01859760470688343,0.9896915555000305,0.06712364311804528,-1.244195549841265,-1.4032011248869547,-1.0624350823379758,3404,12.216290212183436,5.301505817932923,0.300754461625476
dkasc_13,gru,1,-0.5,24 months,6884,0.026866160333156586,0.018024515360593796,0.9901078939437866,0.0657541743943927,-1.1809906458804353,-1.330019318983563,-1.0487335111633134,3404,12.216290212183436,5.301505817932923,0.3011382573653432
dkasc_13,gru,2,-0.5,24 months,6884,0.027286168187856674,0.018337396904826164,0.9897962212562561,0.06678213184653671,-1.2125621056513047,-1.3630044617396586,-1.0683760906013149,3404,12.216290212183436,5.301505817932923,0.30114835725323447
dkasc_13,gru,3,-0.5,24 months,6884,0.02812163718044758,0.019329454749822617,0.9891617894172668,0.06882691878887219,-1.233625391125881,-1.4052597267138256,-1.1141948457672246,3404,12.216290212183436,5.301505817932923,0.30120895658058194
dkasc_13,gru,4,-0.5,24 months,6884,0.0269756056368351,0.017898770049214363,0.990027129650116,0.06602203870754662,-1.192219128317129,-1.333387254050911,-1.039703098431466,3404,12.216290212183436,5.301505817932923,0.3012190564684732
dkasc_13,lstm,0,-1.0,24 months,6884,0.028419645503163338,0.019468093290925026,0.9887683391571045,0.07008081463370182,-1.7386426898712393,-1.8904805948913639,-1.6024865058307192,3404,12.216290212183436,5.301505817932923,0.3011988566926907
dkasc_13,lstm,1,-1.0,24 months,6884,0.02802463248372078,0.01926957257091999,0.9890784025192261,0.06910674075968493,-1.727623422817537,-1.8540122436937776,-1.5236707725595533,3404,12.216290212183436,5.301505817932923,0.30120895658058194
dkasc_13,lstm,2,-1.0,24 months,6884,0.02921343222260475,0.020588088780641556,0.9881321787834167,0.07203823595120826,-1.7576370271528474,-1.9225781108147322,-1.6097678226545176,3404,12.216290212183436,5.301505817932923,0.3012190564684732
dkasc_13,lstm,3,-1.0,24 months,6884,0.028746921569108963,0.019944103434681892,0.9885081648826599,0.070887854021615,-1.6865841404362398,-1.8805952022539985,-1.5366573148497766,3404,12.216290212183436,5.301505817932923,0.30118875680479945
dkasc_13,lstm,4,-1.0,24 months,6884,0.028976015746593475,0.02013659104704857,0.9883242845535278,0.07145278388972913,-1.7112393056482489,-1.8990492793186098,-1.5599893782861307,3404,12.216290212183436,5.301505817932923,0.3011988566926907
dkasc_13,gru,0,-1.0,24 months,6884,0.0283184926956892,0.01919775828719139,0.9888481497764587,0.06983137903995085,-1.7158488897001989,-1.9037385427621012,-1.5617972465497567,3404,12.216290212183436,5.301505817932923,0.30104735837432206
dkasc_13,gru,1,-1.0,24 months,6884,0.027547601610422134,0.018632987514138222,0.9894470572471619,0.0679304167199472,-1.6250029865335192,-1.8052098371100112,-1.4640206712300707,3404,12.216290212183436,5.301505817932923,0.30116855702901696
dkasc_13,gru,2,-1.0,24 months,6884,0.028437627479434013,0.019228892400860786,0.988754153251648,0.07012515690199761,-1.6869806581192859,-1.8330055181589924,-1.524794368295257,3404,12.216290212183436,5.301505817932923,0.30120895658058194
dkasc_13,gru,3,-1.0,24 months,6884,0.028214164078235626,0.019241955131292343,0.9889301657676697,0.06957411212576853,-1.6375220451486427,-1.8064312209344124,-1.4958581648614984,3404,12.216290212183436,5.301505817932923,0.3012190564684732
dkasc_13,gru,4,-1.0,24 months,6884,0.027699025347828865,0.018456358462572098,0.9893307089805603,0.0683038168340043,-1.6448468189375307,-1.8062712555971472,-1.4851880425426844,3404,12.216290212183436,5.301505817932923,0.3012190564684732
dkasc_13,lstm,0,-2.0,24 months,6884,0.030134277418255806,0.0208735428750515,0.9869986772537231,0.07544689725182603,-2.600695369337147,-2.7487287208284017,-2.4925819720400866,3404,12.216290212183436,5.301505817932923,0.3011988566926907
dkasc_13,lstm,1,-2.0,24 months,6884,0.029642850160598755,0.020757539197802544,0.9874193072319031,0.0742165156070106,-2.606329192410179,-2.7778861202764733,-2.4736798615435402,3404,12.216290212183436,5.301505817932923,0.3012190564684732
dkasc_13,lstm,2,-2.0,24 months,6884,0.03074616938829422,0.0218526478856802,0.986465334892273,0.07697888522525387,-2.683932660778676,-2.8551623896910683,-2.564378611940465,3404,12.216290212183436,5.301505817932923,0.3012190564684732
dkasc_13,lstm,3,-2.0,24 months,6884,0.031067626550793648,0.021909693256020546,0.98618084192276,0.07778371439614565,-2.6509132068219468,-2.819709039480134,-2.464631227233782,3404,12.216290212183436,5.301505817932923,0.3012190564684732
dkasc_13,lstm,4,-2.0,24 months,6884,0.030031900852918625,0.02086990512907505,0.9870868921279907,0.07519057804102226,-2.652701200773344,-2.8365345679213227,-2.5185326219415174,3404,12.216290212183436,5.301505817932923,0.3011584571411257
dkasc_13,gru,0,-2.0,24 months,6884,0.02985193021595478,0.020823156461119652,0.9872412085533142,0.07473998730785503,-2.648733424464511,-2.8044500359906466,-2.483377956548982,3404,12.216290212183436,5.301505817932923,0.3011180575895608
dkasc_13,gru,1,-2.0,24 months,6884,0.029318474233150482,0.02011433057487011,0.9876931309700012,0.07340437875270762,-2.5822031238704124,-2.727827577266978,-2.4366168031008395,3404,12.216290212183436,5.301505817932923,0.3011584571411257
dkasc_13,gru,2,-2.0,24 months,6884,0.02944992296397686,0.020255452021956444,0.9875825047492981,0.07373348566145774,-2.592723660959128,-2.7270967992966133,-2.454854690191705,3404,12.216290212183436,5.301505817932923,0.3012190564684732
dkasc_13,gru,3,-2.0,24 months,6884,0.030472973361611366,0.021515458822250366,0.9867047667503357,0.07629488699066332,-2.630599243072962,-2.8165230374710943,-2.513676501947404,3404,12.216290212183436,5.301505817932923,0.3010372584864308
dkasc_13,gru,4,-2.0,24 months,6884,0.028658762574195862,0.01944713480770588,0.9882407188415527,0.07175266508928897,-2.5509088979935424,-2.710853131441937,-2.3813741774377117,3404,12.216290212183436,5.301505817932923,0.301128157477452
dkasc_12,lstm,0,0.0,24 months,6885,0.019335169345140457,0.01335971150547266,0.9948193430900574,0.046955561400246815,-1.203608184202265,-1.438957278367786,-1.0361439355223823,3401,12.216290212183436,5.297399041752225,0.30093929906070094
dkasc_12,lstm,1,0.0,24 months,6885,0.019313428550958633,0.013354542665183544,0.9948309659957886,0.04690276376615982,-1.2651838945110683,-1.4532283390055856,-1.069187606684574,3401,12.216290212183436,5.297399041752225,0.300949399050601
dkasc_12,lstm,2,0.0,24 months,6885,0.020557982847094536,0.014719408936798573,0.9941433072090149,0.049925170481353025,-1.1878059959021365,-1.3735036933326117,-1.0087748616008165,3401,12.216290212183436,5.297399041752225,0.300949399050601
dkasc_12,lstm,3,0.0,24 months,6885,0.019601037725806236,0.0140257952734828,0.994675874710083,0.047601224174122325,-1.173484193439957,-1.3102072596075875,-0.9933736322553122,3401,12.216290212183436,5.297399041752225,0.30092919907080096
dkasc_12,lstm,4,0.0,24 months,6885,0.020030658692121506,0.014052197337150574,0.9944398999214172,0.048644560971569106,-1.2265212227829392,-1.4261091331068565,-1.0378712288021577,3401,12.216290212183436,5.297399041752225,0.300949399050601
dkasc_12,gru,0,0.0,24 months,6885,0.020267607644200325,0.014296183362603188,0.9943075776100159,0.04921999275959518,-1.2458678243361332,-1.4183449501335654,-1.0403213389681865,3401,12.216290212183436,5.297399041752225,0.30093929906070094
dkasc_12,gru,1,0.0,24 months,6885,0.018796715885400772,0.012995056807994843,0.9951038360595703,0.04564792431475438,-1.1851423650135362,-1.4027614622431406,-1.0155086437596266,3401,12.216290212183436,5.297399041752225,0.300949399050601
dkasc_12,gru,2,0.0,24 months,6885,0.01908210664987564,0.013222365640103817,0.9949540495872498,0.04634099730134972,-1.1982751424498757,-1.3778150901358077,-0.999421471503961,3401,12.216290212183436,5.297399041752225,0.300949399050601
dkasc_12,gru,3,0.0,24 months,6885,0.019312473013997078,0.013164709322154522,0.9948315024375916,0.04690044323957598,-1.2344971152960595,-1.4509233613903216,-1.0710516087541255,3401,12.216290212183436,5.297399041752225,0.300949399050601
dkasc_12,gru,4,0.0,24 months,6885,0.01901748962700367,0.01297133881598711,0.9949881434440613,0.04618407451826954,-1.2266158113573122,-1.4622850684330002,-1.0260575751682266,3401,12.216290212183436,5.297399041752225,0.300949399050601
dkasc_12,lstm,0,-0.25,24 months,6885,0.0194756630808115,0.01354287564754486,0.99470454454422,0.04747419047145115,-1.4219835995210484,-1.6373507005094945,-1.2662567142724845,3401,12.216290212183436,5.297399041752225,0.30093929906070094
dkasc_12,lstm,1,-0.25,24 months,6885,0.019470570608973503,0.013485987670719624,0.9947072863578796,0.04746177697995643,-1.471608852526718,-1.6750553871645035,-1.2919192809087263,3401,12.216290212183436,5.297399041752225,0.300949399050601
dkasc_12,lstm,2,-0.25,24 months,6885,0.020688457414507866,0.014831679873168468,0.9940244555473328,0.0504305175018425,-1.4231214049732377,-1.5992680045617935,-1.2430496390217205,3401,12.216290212183436,5.297399041752225,0.300949399050601
dkasc_12,lstm,3,-0.25,24 months,6885,0.01979748345911503,0.014204069972038269,0.99452805519104,0.04825866501661973,-1.4213285195604677,-1.5481434193080017,-1.2229389094421617,3401,12.216290212183436,5.297399041752225,0.30092919907080096
dkasc_12,lstm,4,-0.25,24 months,6885,0.02018231339752674,0.014175559394061565,0.9943132996559143,0.04919673268186264,-1.4489155576467239,-1.6431081268727277,-1.2620766431707842,3401,12.216290212183436,5.297399041752225,0.300949399050601
dkasc_12,gru,0,-0.25,24 months,6885,0.020449921488761902,0.014465791173279285,0.9941614866256714,0.049849058481620225,-1.453679993892254,-1.6300594254123224,-1.272044164445458,3401,12.216290212183436,5.297399041752225,0.30093929906070094
dkasc_12,gru,1,-0.25,24 months,6885,0.01914123073220253,0.013269039802253246,0.9948848485946655,0.04665897278403285,-1.3820550838270274,-1.6134088265562618,-1.2256781712086329,3401,12.216290212183436,5.297399041752225,0.300949399050601
dkasc_12,gru,2,-0.25,24 months,6885,0.01937413215637207,0.01354008074849844,0.9947596192359924,0.047226697052327,-1.408934359344558,-1.5899058373052388,-1.2346257541947292,3401,12.216290212183436,5.297399041752225,0.300949399050601
dkasc_12,gru,3,-0.25,24 months,6885,0.019559739157557487,0.013428132981061935,0.9946587085723877,0.04767913567228818,-1.453831502078795,-1.6614277579461512,-1.2988246291649734,3401,12.216290212183436,5.297399041752225,0.300949399050601
dkasc_12,gru,4,-0.25,24 months,6885,0.01931549794971943,0.013264973647892475,0.9947912693023682,0.047083769364411075,-1.4490074467051774,-1.6656458935752516,-1.263411773439862,3401,12.216290212183436,5.297399041752225,0.300949399050601
dkasc_12,lstm,0,-0.5,24 months,6885,0.019661396741867065,0.013772405683994293,0.9945627450942993,0.04810741844077236,-1.6555528707448586,-1.8819349659999207,-1.5142096116782078,3401,12.216290212183436,5.297399041752225,0.30093929906070094
dkasc_12,lstm,1,-0.5,24 months,6885,0.019687330350279808,0.01368427649140358,0.9945483803749084,0.048170872678941226,-1.6742464991847652,-1.8969939153100903,-1.517117218466831,3401,12.216290212183436,5.297399041752225,0.300949399050601
dkasc_12,lstm,2,-0.5,24 months,6885,0.020862873643636703,0.014986395835876465,0.9938778877258301,0.05104718680103719,-1.6493896184851624,-1.8320844076284315,-1.4802202502298578,3401,12.216290212183436,5.297399041752225,0.300949399050601
dkasc_12,lstm,3,-0.5,24 months,6885,0.020063119009137154,0.014310848899185658,0.9943382740020752,0.049090350704551235,-1.6712924630558734,-1.8324283860180701,-1.470476463887005,3401,12.216290212183436,5.297399041752225,0.300949399050601
dkasc_12,lstm,4,-0.5,24 months,6885,0.02039201371371746,0.014356563799083233,0.9941511154174805,0.04989508881059367,-1.6635055387607123,-1.8855021181535148,-1.4804086084339474,3401,12.216290212183436,5.297399041752225,0.300949399050601
dkasc_12,gru,0,-0.5,24 months,6885,0.02072855830192566,0.01474935282021761,0.993956446647644,0.05071854461800503,-1.6549667671461377,-1.8640774574784238,-1.484927746875364,3401,12.216290212183436,5.297399041752225,0.30093929906070094
dkasc_12,gru,1,-0.5,24 months,6885,0.019395461305975914,0.013527764938771725,0.9947088360786438,0.047456728794425806,-1.664795258479268,-1.7982800823693845,-1.4762495066969472,3401,12.216290212183436,5.297399041752225,0.30093929906070094
dkasc_12,gru,2,-0.5,24 months,6885,0.019414059817790985,0.013698240742087364,0.9946986436843872,0.04750223555073667,-1.6656485842468705,-1.8612786249332047,-1.4979808951572582,3401,12.216290212183436,5.297399041752225,0.30093929906070094
dkasc_12,gru,3,-0.5,24 months,6885,0.019771233201026917,0.013722497038543224,0.9945018291473389,0.048376165802428726,-1.659722795961105,-1.8398392315667593,-1.5205482863320798,3401,12.216290212183436,5.297399041752225,0.30093929906070094
dkasc_12,gru,4,-0.5,24 months,6885,0.019593266770243645,0.013801895081996918,0.9946003556251526,0.04794071832804504,-1.6769268179428476,-1.9116762473982973,-1.5096120224486032,3401,12.216290212183436,5.297399041752225,0.3009190990809009
dkasc_12,lstm,0,-1.0,24 months,6885,0.020168635994195938,0.014322786591947079,0.9941927194595337,0.04972302120638003,-2.1228369652009347,-2.3386991903385668,-1.9729132670833132,3401,12.216290212183436,5.297399041752225,0.30093929906070094
dkasc_12,lstm,1,-1.0,24 months,6885,0.02031313069164753,0.014316903427243233,0.9941092133522034,0.05007925317504973,-2.1263315008355654,-2.3323084598686097,-1.9576908937703918,3401,12.216290212183436,5.297399041752225,0.300949399050601
dkasc_12,lstm,2,-1.0,24 months,6885,0.02134963497519493,0.015457578003406525,0.9934927225112915,0.05263461311541271,-2.1096357189294115,-2.2666794530654846,-1.950463413634091,3401,12.216290212183436,5.297399041752225,0.300949399050601
dkasc_12,lstm,3,-1.0,24 months,6885,0.02074618823826313,0.014931885525584221,0.993855357170105,0.05114689749071625,-2.1224885306956818,-2.2611356418919315,-1.9422672375647543,3401,12.216290212183436,5.297399041752225,0.300949399050601
dkasc_12,lstm,4,-1.0,24 months,6885,0.020988358184695244,0.01491281483322382,0.9937111139297485,0.0517439344636408,-2.148606798062549,-2.3232692452410664,-1.9684588628153477,3401,12.216290212183436,5.297399041752225,0.300949399050601
dkasc_12,gru,0,-1.0,24 months,6885,0.020628418773412704,0.014612636528909206,0.9939249157905579,0.05085655293792116,-2.1108679158674803,-2.294379289130241,-1.954737491688896,3401,12.216290212183436,5.297399041752225,0.30093929906070094
dkasc_12,gru,1,-1.0,24 months,6885,0.019909745082259178,0.014070682227611542,0.9943408370018005,0.04908476097360697,-2.1133612866774842,-2.3140498434684598,-1.9437342224456144,3401,12.216290212183436,5.297399041752225,0.300949399050601
dkasc_12,gru,2,-1.0,24 months,6885,0.019900325685739517,0.014178209006786346,0.9943462014198303,0.04906153873621654,-2.1460532255740086,-2.293057263592327,-1.9745693183352953,3401,12.216290212183436,5.297399041752225,0.30093929906070094
dkasc_12,gru,3,-1.0,24 months,6885,0.02027832344174385,0.014297782443463802,0.9941294193267822,0.04999344064783696,-2.114960366048979,-2.299172459741905,-1.9877389818001134,3401,12.216290212183436,5.297399041752225,0.30093929906070094
dkasc_12,gru,4,-1.0,24 months,6885,0.020343665033578873,0.014424387365579605,0.9940915107727051,0.05015453143044647,-2.140353906358036,-2.3252646998363713,-1.9753042862911796,3401,12.216290212183436,5.297399041752225,0.300949399050601
dkasc_12,lstm,0,-2.0,24 months,6885,0.022033104673027992,0.016123460605740547,0.9928597807884216,0.055156748262373066,-3.0406417437708555,-3.200904649645713,-2.8934145246030107,3401,12.216290212183436,5.297399041752225,0.30093929906070094
dkasc_12,lstm,1,-2.0,24 months,6885,0.021784013137221336,0.015957385301589966,0.9930202960968018,0.0545331829801006,-3.0910638981835326,-3.2228372778639325,-2.8903588949125036,3401,12.216290212183436,5.297399041752225,0.300949399050601
dkasc_12,lstm,2,-2.0,24 months,6885,0.022748589515686035,0.01680825464427471,0.9923885464668274,0.05694786294810064,-3.070468895061995,-3.204477307060527,-2.9010386501741148,3401,12.216290212183436,5.297399041752225,0.300949399050601
dkasc_12,lstm,3,-2.0,24 months,6885,0.022043248638510704,0.016251403838396072,0.9928532242774963,0.05518214223924629,-3.055025687678243,-3.2005005300929894,-2.850889937104606,3401,12.216290212183436,5.297399041752225,0.30093929906070094
dkasc_12,lstm,4,-2.0,24 months,6885,0.0222784411162138,0.016225747764110565,0.992699921131134,0.05577091320359221,-3.0715633638362716,-3.2151843079869846,-2.904541027973745,3401,12.216290212183436,5.297399041752225,0.300949399050601
dkasc_12,gru,0,-2.0,24 months,6885,0.0220189206302166,0.016103900969028473,0.992868959903717,0.05512124052570587,-3.0797104994575517,-3.235620078455287,-2.9269276663183352,3401,12.216290212183436,5.297399041752225,0.30093929906070094
dkasc_12,gru,1,-2.0,24 months,6885,0.02140580676496029,0.015575057826936245,0.9932605624198914,0.053586397042503495,-3.05336816654016,-3.2153512641696746,-2.8945458601009277,3401,12.216290212183436,5.297399041752225,0.300949399050601
dkasc_12,gru,2,-2.0,24 months,6885,0.02178366854786873,0.015861831605434418,0.9930205345153809,0.054532320349597194,-3.067877919348867,-3.2379900056593747,-2.936545817885239,3401,12.216290212183436,5.297399041752225,0.30093929906070094
dkasc_12,gru,3,-2.0,24 months,6885,0.023342443630099297,0.01747862435877323,0.9919859170913696,0.05843449238046403,-3.099612357527977,-3.255166041077589,-2.91634454707671,3401,12.216290212183436,5.297399041752225,0.300949399050601
dkasc_12,gru,4,-2.0,24 months,6885,0.021689636632800102,0.015788428485393524,0.9930806756019592,0.0542969248052544,-3.1000837433590167,-3.2505889247029573,-2.911249506028235,3401,12.216290212183436,5.297399041752225,0.30093929906070094
dkasc_18,lstm,0,0.0,24 months,6885,0.028945252299308777,0.01843365468084812,0.9906969666481018,0.06124518783598443,-0.3597562021877535,-0.4907102611224845,-0.19432359877019542,3374,12.238193018480493,5.260438056125941,0.29969307442185555
dkasc_18,lstm,1,0.0,24 months,6885,0.026851067319512367,0.016814937815070152,0.9919944405555725,0.05681410701054656,-0.3642114808659003,-0.48329052884658924,-0.2534592531784796,3374,12.238193018480493,5.260438056125941,0.29969307442185555
dkasc_18,lstm,2,0.0,24 months,6885,0.027819598093628883,0.01764998771250248,0.9914065003395081,0.05886341888291583,-0.3783396236211024,-0.5092098829181935,-0.26157839786039583,3374,12.238193018480493,5.260438056125941,0.29969307442185555
dkasc_18,lstm,3,0.0,24 months,6885,0.027449119836091995,0.01745876856148243,0.9916338324546814,0.058079524852994495,-0.381462589295839,-0.5080935387969844,-0.25958990092662454,3374,12.238193018480493,5.260438056125941,0.29969307442185555
dkasc_18,lstm,4,0.0,24 months,6885,0.02804080955684185,0.017704008147120476,0.9912692904472351,0.05933147967146438,-0.3489593451234564,-0.4865126552607679,-0.23631318840372506,3374,12.238193018480493,5.260438056125941,0.29969307442185555
dkasc_18,gru,0,0.0,24 months,6885,0.026410240679979324,0.016437014564871788,0.9922551512718201,0.05588136301294279,-0.3677643712523937,-0.5041376320515145,-0.2316536555990678,3374,12.238193018480493,5.260438056125941,0.29969307442185555
dkasc_18,gru,1,0.0,24 months,6885,0.026817286387085915,0.016695737838745117,0.9920145869255066,0.056742630019075244,-0.4116864637677853,-0.4941295411230229,-0.2673191325762103,3374,12.238193018480493,5.260438056125941,0.29969307442185555
dkasc_18,gru,2,0.0,24 months,6885,0.026257626712322235,0.01638833060860634,0.9923443794250488,0.05555844749578295,-0.39672723023525536,-0.5111828406393395,-0.26799582393155497,3374,12.238193018480493,5.260438056125941,0.29969307442185555
dkasc_18,gru,3,0.0,24 months,6885,0.028005165979266167,0.018080011010169983,0.9912914633750916,0.05925606151372314,-0.33201440309176267,-0.47160651749805255,-0.20451050693344186,3374,12.238193018480493,5.260438056125941,0.29969307442185555
dkasc_18,gru,4,0.0,24 months,6885,0.02588408999145031,0.01602151431143284,0.992560625076294,0.05476808207084641,-0.4057801323002146,-0.5256945266922275,-0.24694908242716695,3374,12.238193018480493,5.260438056125941,0.29969307442185555
dkasc_18,lstm,0,-0.25,24 months,6885,0.02899058535695076,0.01854163035750389,0.9905981421470642,0.06157283527215884,-0.6020012142165645,-0.7344026924351876,-0.4565307988758893,3374,12.238193018480493,5.260438056125941,0.29969307442185555
dkasc_18,lstm,1,-0.25,24 months,6885,0.02686220034956932,0.01691826805472374,0.991927981376648,0.05705237810161022,-0.6053613679835479,-0.738252020244941,-0.49859307291133526,3374,12.238193018480493,5.260438056125941,0.29969307442185555
dkasc_18,lstm,2,-0.25,24 months,6885,0.027843419462442398,0.017804358154535294,0.9913275241851807,0.059136380271933506,-0.6154644295336908,-0.7616819982091461,-0.5040473537522461,3374,12.238193018480493,5.260438056125941,0.29969307442185555
dkasc_18,lstm,3,-0.25,24 months,6885,0.027447739616036415,0.017560651525855064,0.9915722608566284,0.05829599951717143,-0.6291748148655407,-0.7566197219610826,-0.5113991270669416,3374,12.238193018480493,5.260438056125941,0.29969307442185555
dkasc_18,lstm,4,-0.25,24 months,6885,0.02806646004319191,0.017811523750424385,0.9911879897117615,0.059610094092072144,-0.5957478582209388,-0.7238708795491877,-0.4953539397310358,3374,12.238193018480493,5.260438056125941,0.29969307442185555
dkasc_18,gru,0,-0.25,24 months,6885,0.026395531371235847,0.01653672754764557,0.9922059774398804,0.056061224188166926,-0.6119849222311846,-0.757972477465472,-0.482104339714845,3374,12.238193018480493,5.260438056125941,0.29969307442185555
dkasc_18,gru,1,-0.25,24 months,6885,0.02697199396789074,0.01727178692817688,0.991861879825592,0.05728556774892509,-0.6612770225475462,-0.7723733369366048,-0.5363602538266657,3374,12.238193018480493,5.260438056125941,0.29969307442185555
dkasc_18,gru,2,-0.25,24 months,6885,0.026259077712893486,0.016132326796650887,0.9922863841056824,0.055771411529196825,-0.6172196338387503,-0.7364465016032606,-0.4837501954566238,3374,12.238193018480493,5.260438056125941,0.29969307442185555
dkasc_18,gru,3,-0.25,24 months,6885,0.02798319049179554,0.018100744113326073,0.9912402033805847,0.05943323866441566,-0.5805894648691755,-0.713759490643372,-0.44951967256496494,3374,12.238193018480493,5.260438056125941,0.29969307442185555
dkasc_18,gru,4,-0.25,24 months,6885,0.02592059224843979,0.01614212989807129,0.9924839735031128,0.0550525053916279,-0.6405157113494431,-0.7666870003009304,-0.5041322203064127,3374,12.238193018480493,5.260438056125941,0.29969307442185555
dkasc_18,lstm,0,-0.5,24 months,6885,0.027493007481098175,0.01761382631957531,0.9914812445640564,0.05861355588694984,-0.8551332514720356,-0.9801983390951972,-0.7410896953457182,3374,12.238193018480493,5.260438056125941,0.29969307442185555
dkasc_18,lstm,1,-0.5,24 months,6885,0.026917917653918266,0.017081232741475105,0.9918339252471924,0.05738749650626547,-0.8468587906640013,-0.972770764812797,-0.7556595121806209,3374,12.238193018480493,5.260438056125941,0.29969307442185555
dkasc_18,lstm,2,-0.5,24 months,6885,0.02791292779147625,0.018017208203673363,0.9912190437316895,0.059508802527294014,-0.8630688794601071,-1.0027805079963537,-0.7521355869633151,3374,12.238193018480493,5.260438056125941,0.29969307442185555
dkasc_18,lstm,3,-0.5,24 months,6885,0.027496783062815666,0.017716817557811737,0.9914789199829102,0.05862160521622587,-0.8747351910226298,-1.0008635858682757,-0.7753321554628934,3374,12.238193018480493,5.260438056125941,0.29969307442185555
dkasc_18,lstm,4,-0.5,24 months,6885,0.02814144268631935,0.01799251325428486,0.9910746812820435,0.05999598351573609,-0.8629942191295814,-0.9683528949346876,-0.7364680316049697,3374,12.238193018480493,5.260438056125941,0.29969307442185555
dkasc_18,gru,0,-0.5,24 months,6885,0.02640833519399166,0.016696050763130188,0.9921401739120483,0.05630109517260081,-0.8664724061364593,-1.0006626136924435,-0.7349624540675883,3374,12.238193018480493,5.260438056125941,0.29969307442185555
dkasc_18,gru,1,-0.5,24 months,6885,0.026982860639691353,0.017267202958464622,0.9917944669723511,0.05752595132350193,-0.9252618421364591,-1.0310396456152449,-0.7679038816990909,3374,12.238193018480493,5.260438056125941,0.29969307442185555
dkasc_18,gru,2,-0.5,24 months,6885,0.02632368542253971,0.016158998012542725,0.9921904802322388,0.0561206265893355,-0.8580704054137134,-0.9764211428599565,-0.7442392641280549,3374,12.238193018480493,5.260438056125941,0.29969307442185555
dkasc_18,gru,3,-0.5,24 months,6885,0.02800258807837963,0.01816062442958355,0.9911625385284424,0.0596999532495591,-0.821171788914915,-0.9599995274977235,-0.693605702500566,3374,12.238193018480493,5.260438056125941,0.29969307442185555
dkasc_18,gru,4,-0.5,24 months,6885,0.026683544740080833,0.01708829775452614,0.9919754862785339,0.05688782654862106,-0.8966450091499212,-1.0088534066498056,-0.7654258195447168,3374,12.238193018480493,5.260438056125941,0.29969307442185555
dkasc_18,lstm,0,-1.0,24 months,6885,0.027443064376711845,0.017733411863446236,0.9913849234580994,0.05895418954801763,-1.3520442594742887,-1.4616363774696772,-1.2258038844998764,3374,12.238193018480493,5.260438056125941,0.29969307442185555
dkasc_18,lstm,1,-1.0,24 months,6885,0.027707479894161224,0.018329892307519913,0.991218090057373,0.05952221658469128,-1.3654000911626318,-1.4848253399231666,-1.2371282351443735,3374,12.238193018480493,5.260438056125941,0.29969307442185555
dkasc_18,lstm,2,-1.0,24 months,6885,0.028187619522213936,0.018605399876832962,0.9909111261367798,0.06055367000597009,-1.3710472369866444,-1.510625949389327,-1.2425819392711215,3374,12.238193018480493,5.260438056125941,0.29969307442185555
dkasc_18,lstm,3,-1.0,24 months,6885,0.027724096551537514,0.018164068460464478,0.9912075400352478,0.059557913092747695,-1.3866641199985263,-1.5041523205274556,-1.2716815923580216,3374,12.238193018480493,5.260438056125941,0.29969307442185555
dkasc_18,lstm,4,-1.0,24 months,6885,0.02778066135942936,0.01809746026992798,0.991171658039093,0.05967942767145608,-1.3503704330990822,-1.4481344637859868,-1.230120269091628,3374,12.238193018480493,5.260438056125941,0.29969307442185555
dkasc_18,gru,0,-1.0,24 months,6885,0.02803996205329895,0.018246954306960106,0.991006076335907,0.06023646685798704,-1.3489212271643916,-1.4501187168327156,-1.2499204449831713,3374,12.238193018480493,5.260438056125941,0.29969307442185555
dkasc_18,gru,1,-1.0,24 months,6885,0.027103720232844353,0.017557192593812943,0.9915966391563416,0.05822519810941754,-1.4074182398264523,-1.5141620363835373,-1.275095634540042,3374,12.238193018480493,5.260438056125941,0.29969307442185555
dkasc_18,gru,2,-1.0,24 months,6885,0.027167929336428642,0.017662012949585915,0.9915567636489868,0.05836313444230858,-1.3512421401298158,-1.458365412632262,-1.233826496101531,3374,12.238193018480493,5.260438056125941,0.29969307442185555
dkasc_18,gru,3,-1.0,24 months,6885,0.028220942243933678,0.01851515658199787,0.9908896088600159,0.06062525508938332,-1.3159378023497894,-1.4565708433137647,-1.208453895172118,3374,12.238193018480493,5.260438056125941,0.29969307442185555
dkasc_18,gru,4,-1.0,24 months,6885,0.026936449110507965,0.017473382875323296,0.9917000532150269,0.057865860197413174,-1.3801577756335393,-1.4902651952532844,-1.243976438474531,3374,12.238193018480493,5.260438056125941,0.29969307442185555
dkasc_18,lstm,0,-2.0,24 months,6885,0.028472594916820526,0.019396483898162842,0.990446150302887,0.06211521024716397,-2.3511066506106237,-2.4601275372236415,-2.2498313517263746,3374,12.238193018480493,5.260438056125941,0.29969307442185555
dkasc_18,lstm,1,-2.0,24 months,6885,0.028550386428833008,0.0196064542979002,0.990393877029419,0.06228491856276415,-2.3464847251475907,-2.4582770314332425,-2.2539883283889783,3374,12.238193018480493,5.260438056125941,0.29969307442185555
dkasc_18,lstm,2,-2.0,24 months,6885,0.028703758493065834,0.019683897495269775,0.9902904033660889,0.06261951181089256,-2.375610441911713,-2.4690182959037212,-2.268282031548778,3374,12.238193018480493,5.260438056125941,0.29969307442185555
dkasc_18,lstm,3,-2.0,24 months,6885,0.02885950356721878,0.01985136792063713,0.9901847243309021,0.06295928196722121,-2.3814139297474934,-2.4900268173535234,-2.2596570826189004,3374,12.238193018480493,5.260438056125941,0.29969307442185555
dkasc_18,lstm,4,-2.0,24 months,6885,0.02921481803059578,0.01995520293712616,0.9899415373802185,0.06373442847778679,-2.375228156583853,-2.4622529782877267,-2.266229262785471,3374,12.238193018480493,5.260438056125941,0.29969307442185555
dkasc_18,gru,0,-2.0,24 months,6885,0.02764659933745861,0.018911166116595268,0.9909924268722534,0.06031323577925261,-2.3490061329756617,-2.4418595103455925,-2.223513059629434,3374,12.238193018480493,5.260438056125941,0.29969307442185555
dkasc_18,gru,1,-2.0,24 months,6885,0.028114283457398415,0.018747836351394653,0.9906851053237915,0.06133352555347894,-2.3772709621034007,-2.478689607293516,-2.25373593107272,3374,12.238193018480493,5.260438056125941,0.29969307442185555
dkasc_18,gru,2,-2.0,24 months,6885,0.028395414352416992,0.01902693882584572,0.990497887134552,0.06194683476193244,-2.3742815962787542,-2.4798131838055184,-2.273374602299476,3374,12.238193018480493,5.260438056125941,0.29969307442185555
dkasc_18,gru,3,-2.0,24 months,6885,0.028027590364217758,0.01888650469481945,0.9907424449920654,0.061144397736867036,-2.37384213629635,-2.497777183746726,-2.2413106551711195,3374,12.238193018480493,5.260438056125941,0.29969307442185555
dkasc_18,gru,4,-2.0,24 months,6885,0.027968481183052063,0.018945641815662384,0.9907814264297485,0.061015446398698846,-2.3492610444726143,-2.482070578039519,-2.2060891700285468,3374,12.238193018480493,5.260438056125941,0.29969307442185555
dkasc_20,lstm,0,0.0,24 months,6852,0.01918119005858898,0.013454986736178398,0.9946092963218689,0.044647109734544825,-2.3524002862413402,-2.557933386815381,-2.1780933706518404,3444,12.216290212183436,5.356262833675565,0.3017055538287227
dkasc_20,lstm,1,0.0,24 months,6852,0.01939333789050579,0.013682075776159763,0.9944893717765808,0.0451409157759116,-2.31423006959213,-2.5522204620139988,-2.118585079457027,3444,12.216290212183436,5.356262833675565,0.3017055538287227
dkasc_20,lstm,2,0.0,24 months,6852,0.019712334498763084,0.013716279529035091,0.9943066239356995,0.04588342844224294,-2.319897490026701,-2.5180585691320534,-2.1225842099873105,3444,12.216290212183436,5.356262833675565,0.3017055538287227
dkasc_20,lstm,3,0.0,24 months,6852,0.01911081187427044,0.013415437191724777,0.9946487545967102,0.04448329390723744,-2.3962359308251635,-2.6039515001713975,-2.167044858008156,3444,12.216290212183436,5.356262833675565,0.3017055538287227
dkasc_20,lstm,4,0.0,24 months,6852,0.01906224712729454,0.013283674605190754,0.9946759343147278,0.04437025214179743,-2.3577037748126957,-2.5585805220943207,-2.1614046611984223,3444,12.216290212183436,5.356262833675565,0.3017055538287227
dkasc_20,gru,0,0.0,24 months,6852,0.018770402297377586,0.012915132567286491,0.9948377013206482,0.04369093933028982,-2.3233225600027163,-2.498590417509637,-2.1730509874247406,3444,12.216290212183436,5.356262833675565,0.3017055538287227
dkasc_20,gru,1,0.0,24 months,6852,0.019286219030618668,0.013403539545834064,0.9945501089096069,0.044891580490800956,-2.3804402248813528,-2.6059458811774627,-2.209198001087762,3444,12.216290212183436,5.356262833675565,0.3017055538287227
dkasc_20,gru,2,0.0,24 months,6852,0.019357778131961823,0.01349912490695715,0.9945095777511597,0.04505814508040225,-2.3679610103166437,-2.5634782798929834,-2.171074158028177,3444,12.216290212183436,5.356262833675565,0.3017055538287227
dkasc_20,gru,3,0.0,24 months,6852,0.018895834684371948,0.01312580332159996,0.994768500328064,0.04398290210889205,-2.388966434062012,-2.585361114667284,-2.178959016630211,3444,12.216290212183436,5.356262833675565,0.3017055538287227
dkasc_20,gru,4,0.0,24 months,6852,0.018639015033841133,0.012665759772062302,0.9949097037315369,0.043385115679363276,-2.3455207715468274,-2.5897160172485507,-2.1760354949365457,3444,12.216290212183436,5.356262833675565,0.3017055538287227
dkasc_20,lstm,0,-0.25,24 months,6852,0.019395774230360985,0.013625898398458958,0.9944469928741455,0.045316162644434284,-2.5624105378856954,-2.7618802883138116,-2.3736040224493937,3444,12.216290212183436,5.356262833675565,0.3017055538287227
dkasc_20,lstm,1,-0.25,24 months,6852,0.019600996747612953,0.013863475993275642,0.9943288564682007,0.04579564321889534,-2.532497161587939,-2.732160174620335,-2.3414884568002003,3444,12.216290212183436,5.356262833675565,0.3017055538287227
dkasc_20,lstm,2,-0.25,24 months,6852,0.01990102417767048,0.01388026773929596,0.9941539168357849,0.046496625384226796,-2.5152824761216275,-2.7435744752503988,-2.321822701964804,3444,12.216290212183436,5.356262833675565,0.3017055538287227
dkasc_20,lstm,3,-0.25,24 months,6852,0.01932600513100624,0.013592285104095936,0.9944868683815002,0.045153154567707646,-2.599630984694823,-2.7870091490717286,-2.376039185707124,3444,12.216290212183436,5.356262833675565,0.3017055538287227
dkasc_20,lstm,4,-0.25,24 months,6852,0.01966201141476631,0.013647757470607758,0.9942935109138489,0.045938197496315704,-2.605810527854946,-2.834891571393486,-2.4285657229693602,3444,12.216290212183436,5.356262833675565,0.3017055538287227
dkasc_20,gru,0,-0.25,24 months,6852,0.018992211669683456,0.01295129582285881,0.9946756362915039,0.044373281663264666,-2.5735487739259324,-2.7793243921865662,-2.379672770473329,3444,12.216290212183436,5.356262833675565,0.3017055538287227
dkasc_20,gru,1,-0.25,24 months,6852,0.019278815016150475,0.013399047777056694,0.994513750076294,0.045042899885702425,-2.584590930588382,-2.767984009461244,-2.405616991780679,3444,12.216290212183436,5.356262833675565,0.3017055538287227
dkasc_20,gru,2,-0.25,24 months,6852,0.019551044330000877,0.013680323027074337,0.994357705116272,0.045678934710428165,-2.5798602864943287,-2.764795647416157,-2.3701291446483865,3444,12.216290212183436,5.356262833675565,0.3017055538287227
dkasc_20,gru,3,-0.25,24 months,6852,0.01908131316304207,0.013280798681080341,0.9946255683898926,0.04458145782148063,-2.578854900899531,-2.76530371824939,-2.389711244059182,3444,12.216290212183436,5.356262833675565,0.3017055538287227
dkasc_20,gru,4,-0.25,24 months,6852,0.018793361261487007,0.012821121141314507,0.9947865605354309,0.04390868884357526,-2.5721549432769053,-2.7531829180833856,-2.3836570075979946,3444,12.216290212183436,5.356262833675565,0.3017055538287227
dkasc_20,lstm,0,-0.5,24 months,6852,0.019654162228107452,0.013844846747815609,0.9942556023597717,0.04609298942785387,-2.783644027922494,-2.970891667431441,-2.5875634275218804,3444,12.216290212183436,5.356262833675565,0.3017055538287227
dkasc_20,lstm,1,-0.5,24 months,6852,0.019999779760837555,0.013998652808368206,0.9940518140792847,0.04690353251268846,-2.7093787317851725,-2.9365111911364896,-2.5395500313889374,3444,12.216290212183436,5.356262833675565,0.3017055538287227
dkasc_20,lstm,2,-0.5,24 months,6852,0.020131919533014297,0.014072450809180737,0.9939729571342468,0.04721342703025946,-2.709341119303161,-2.939033149425496,-2.5375556716004444,3444,12.216290212183436,5.356262833675565,0.3017055538287227
dkasc_20,lstm,3,-0.5,24 months,6852,0.019585656002163887,0.013801774941384792,0.994295597076416,0.04593232845886873,-2.8149687313379745,-2.991975682928949,-2.579526369507401,3444,12.216290212183436,5.356262833675565,0.3017055538287227
dkasc_20,lstm,4,-0.5,24 months,6852,0.01991039700806141,0.013853578828275204,0.9941048622131348,0.04669391186180915,-2.817302478262418,-3.0287495633410044,-2.637829703568606,3444,12.216290212183436,5.356262833675565,0.3017055538287227
dkasc_20,gru,0,-0.5,24 months,6852,0.019255341961979866,0.01319118496030569,0.994486391544342,0.04515767516226063,-2.7665683814460107,-2.9675052632352705,-2.599404259130748,3444,12.216290212183436,5.356262833675565,0.3017055538287227
dkasc_20,gru,1,-0.5,24 months,6852,0.019516516476869583,0.0136321522295475,0.9943358302116394,0.04577018227469408,-2.7877970098618094,-2.970174484913024,-2.6258771028380368,3444,12.216290212183436,5.356262833675565,0.3017055538287227
dkasc_20,gru,2,-0.5,24 months,6852,0.019781850278377533,0.0138936135917902,0.9941807389259338,0.04639244375629862,-2.7799917136011265,-2.967231092732395,-2.578412525881435,3444,12.216290212183436,5.356262833675565,0.3017055538287227
dkasc_20,gru,3,-0.5,24 months,6852,0.019330082461237907,0.013494598679244518,0.9944434762001038,0.0453329567643025,-2.786500101294309,-2.972844122438481,-2.6222639854043717,3444,12.216290212183436,5.356262833675565,0.3017055538287227
dkasc_20,gru,4,-0.5,24 months,6852,0.019053123891353607,0.013074011541903019,0.9946016073226929,0.044683432847410526,-2.774538086333489,-2.964106865759686,-2.591175319367911,3444,12.216290212183436,5.356262833675565,0.3017055538287227
dkasc_20,lstm,0,-1.0,24 months,6852,0.02020854689180851,0.014298759400844574,0.9938362836837769,0.04775322643606062,-3.1868528125881035,-3.3795638833638675,-2.971475098872711,3444,12.216290212183436,5.356262833675565,0.3017055538287227
dkasc_20,lstm,1,-1.0,24 months,6852,0.020572079345583916,0.014512183144688606,0.99361252784729,0.04861226136197261,-3.151800579092545,-3.322140439966381,-2.976937537106748,3444,12.216290212183436,5.356262833675565,0.3017055538287227
dkasc_20,lstm,2,-1.0,24 months,6852,0.020715802907943726,0.014566316269338131,0.9935230016708374,0.04895188319892652,-3.1398609134540845,-3.325433484557161,-2.9589554271585277,3444,12.216290212183436,5.356262833675565,0.3017055538287227
dkasc_20,lstm,3,-1.0,24 months,6852,0.020229419693350792,0.014292529784142971,0.9938235282897949,0.047802549310374136,-3.253887556986357,-3.4202038553466485,-3.026604445422454,3444,12.216290212183436,5.356262833675565,0.3017055538287227
dkasc_20,lstm,4,-1.0,24 months,6852,0.02071049064397812,0.01464113686233759,0.9935262799263,0.04893933020610641,-3.2517765239803653,-3.435723994373252,-3.042844260383443,3444,12.216290212183436,5.356262833675565,0.3017055538287227
dkasc_20,gru,0,-1.0,24 months,6852,0.019908206537365913,0.013794893398880959,0.9940181374549866,0.047043515785890236,-3.2050380587303566,-3.35630996016608,-3.032460637107026,3444,12.216290212183436,5.356262833675565,0.3017055538287227
dkasc_20,gru,1,-1.0,24 months,6852,0.020149918273091316,0.014248888939619064,0.9938719868659973,0.04761468576214554,-3.1647840507776137,-3.334934928681055,-3.0119643515010575,3444,12.216290212183436,5.356262833675565,0.3017055538287227
dkasc_20,gru,2,-1.0,24 months,6852,0.020453790202736855,0.014456285163760185,0.993685781955719,0.04833274159968862,-3.190706467214588,-3.37661129802955,-2.9864501348918826,3444,12.216290212183436,5.356262833675565,0.3017055538287227
dkasc_20,gru,3,-1.0,24 months,6852,0.020290331915020943,0.014315886422991753,0.9937862753868103,0.04794648618667262,-3.202756939649609,-3.3818995152964937,-3.048549496997399,3444,12.216290212183436,5.356262833675565,0.3017055538287227
dkasc_20,gru,4,-1.0,24 months,6852,0.02079203724861145,0.014712183736264706,0.9934751987457275,0.04913202656854135,-3.214476857391526,-3.411555136027744,-3.013306370891522,3444,12.216290212183436,5.356262833675565,0.3017055538287227
dkasc_20,lstm,0,-2.0,24 months,6852,0.021744409576058388,0.015488578006625175,0.9926491975784302,0.052175351291970845,-4.002815964196059,-4.164881260183333,-3.8226614784766624,3444,12.216290212183436,5.356262833675565,0.3017055538287227
dkasc_20,lstm,1,-2.0,24 months,6852,0.02205001935362816,0.01591475121676922,0.9924411177635193,0.05290865690080744,-4.004987184087206,-4.16848890568059,-3.8076321314183703,3444,12.216290212183436,5.356262833675565,0.3017055538287227
dkasc_20,lstm,2,-2.0,24 months,6852,0.022088712081313133,0.015950901433825493,0.9924145340919495,0.05300149946120655,-4.04175297879884,-4.179537142092304,-3.851666848457702,3444,12.216290212183436,5.356262833675565,0.3017055538287227
dkasc_20,lstm,3,-2.0,24 months,6852,0.02198147401213646,0.015690140426158905,0.9924880266189575,0.0527441834871124,-4.08318653967984,-4.286726256780138,-3.887935165704557,3444,12.216290212183436,5.356262833675565,0.3017055538287227
dkasc_20,lstm,4,-2.0,24 months,6852,0.021848594769835472,0.015514126978814602,0.9925785660743713,0.05242534194201483,-4.039886394298539,-4.206154368337511,-3.882517889308934,3444,12.216290212183436,5.356262833675565,0.3017055538287227
dkasc_20,gru,0,-2.0,24 months,6852,0.02163139544427395,0.015359744429588318,0.9927253723144531,0.05190417575114114,-4.055231711742313,-4.225493938889935,-3.865196314851249,3444,12.216290212183436,5.356262833675565,0.3017055538287227
dkasc_20,gru,1,-2.0,24 months,6852,0.022229531779885292,0.01612582616508007,0.9923174977302551,0.05333939399985255,-4.0572028804367015,-4.2663877324990445,-3.8484198900255673,3444,12.216290212183436,5.356262833675565,0.3017055538287227
dkasc_20,gru,2,-2.0,24 months,6852,0.021639058366417885,0.015194381587207317,0.9927202463150024,0.05192256280613955,-4.063587346662392,-4.236261791896467,-3.8472275918448373,3444,12.216290212183436,5.356262833675565,0.3017055538287227
dkasc_20,gru,3,-2.0,24 months,6852,0.022020721808075905,0.015955114737153053,0.9924611449241638,0.052838357924611536,-4.000815146681158,-4.216788536920857,-3.833841586475606,3444,12.216290212183436,5.356262833675565,0.3017055538287227
dkasc_20,gru,4,-2.0,24 months,6852,0.021516945213079453,0.015359151177108288,0.9928021430969238,0.05162955431351908,-4.019486199038303,-4.193488739494155,-3.8473197254796614,3444,12.216290212183436,5.356262833675565,0.3017055538287227
pvdaq_1430,lstm,0,0.0,24 months,6334,0.04735717549920082,0.025693709030747414,0.9732613563537598,0.10778594448380888,-0.23274735575258831,-0.531864059476328,0.11128719792503289,2985,8.736481861738536,4.291238877481177,0.331757530561696
pvdaq_1430,lstm,1,0.0,24 months,6334,0.0475371778011322,0.025792334228754044,0.973057746887207,0.10819563357354905,-0.2304484897705239,-0.6234458100194962,0.1312697215534342,2985,8.736481861738536,4.291238877481177,0.3312514981223533
pvdaq_1430,lstm,2,0.0,24 months,6334,0.046517785638570786,0.025735320523381233,0.9742008447647095,0.10587547520508958,-0.2383394037822173,-0.5050298451514834,0.17271344494772053,2984,8.736481861738536,4.289869952087612,0.33158441420086826
pvdaq_1430,lstm,3,0.0,24 months,6334,0.0455440953373909,0.02473391592502594,0.9752695560455322,0.10365933525077221,-0.25270809210078404,-0.5608214086968266,0.12165966886636403,2985,8.736481861738536,4.291238877481177,0.3313313979811969
pvdaq_1430,lstm,4,0.0,24 months,6334,0.048408277332782745,0.026591042056679726,0.972061276435852,0.11017827474183288,-0.2216781990653227,-0.584970223305592,0.09970980787560024,2982,8.736481861738536,4.287132101300479,0.33029269981623033
pvdaq_1430,gru,0,0.0,24 months,6334,0.04548602178692818,0.026128321886062622,0.9753326177597046,0.1035271586076306,-0.18219487063201378,-0.4809758708609372,0.15198053710355208,2985,8.736481861738536,4.291238877481177,0.3314512477694623
pvdaq_1430,gru,1,0.0,24 months,6334,0.04505421221256256,0.02528943121433258,0.9757987260818481,0.1025443507792597,-0.25299831354175795,-0.511115639870674,0.0865614350458687,2985,8.736481861738536,4.291238877481177,0.3310916984046662
pvdaq_1430,gru,2,0.0,24 months,6334,0.04775810241699219,0.026699114590883255,0.9728066921234131,0.10869846272518613,-0.3074463833916685,-0.629767318076524,0.019859726743924517,2985,8.736481861738536,4.291238877481177,0.33129144805177513
pvdaq_1430,gru,3,0.0,24 months,6334,0.04938465356826782,0.027471192181110382,0.9709228873252869,0.1124005279400854,-0.2527111472565513,-0.7057784427155114,0.15362563826670783,2985,8.736481861738536,4.291238877481177,0.3318507470636802
pvdaq_1430,gru,4,0.0,24 months,6334,0.04531349614262581,0.025525236502289772,0.9755193591117859,0.10313448655059201,-0.28599106904828053,-0.6461277964349514,0.06142271931635172,2985,8.736481861738536,4.291238877481177,0.33162436413029006
pvdaq_1430,lstm,0,-0.25,24 months,6334,0.04744967818260193,0.025868315249681473,0.9730570912361145,0.10822920066927326,-0.4730983335886507,-0.7704585067338164,-0.12271834454358971,2985,8.736481861738536,4.291238877481177,0.3317442139185554
pvdaq_1430,lstm,1,-0.25,24 months,6334,0.047610070556402206,0.025978034362196922,0.972874641418457,0.10859504379139198,-0.4688644056588087,-0.8428480896572887,-0.10855647924749023,2985,8.736481861738536,4.291238877481177,0.3312248648360721
pvdaq_1430,lstm,2,-0.25,24 months,6334,0.04658393934369087,0.025910980999469757,0.9740312695503235,0.10625451451517319,-0.4554247755167218,-0.7678632970121058,-0.07642926212211298,2984,8.736481861738536,4.289869952087612,0.33158441420086826
pvdaq_1430,lstm,3,-0.25,24 months,6334,0.04564494267106056,0.024937890470027924,0.9750676155090332,0.10411273266959792,-0.5094537285217526,-0.8159209351987995,-0.09684664998295679,2985,8.736481861738536,4.291238877481177,0.3313047646949157
pvdaq_1430,lstm,4,-0.25,24 months,6334,0.048457857221364975,0.0267365463078022,0.9718999862670898,0.1105287823666861,-0.4556036982102867,-0.8163658760302862,-0.13757645070043845,2982,8.736481861738536,4.287132101300479,0.33027938317308975
pvdaq_1430,gru,0,-0.25,24 months,6334,0.04555065557360649,0.026265127584338188,0.9751705527305603,0.10389767078547704,-0.418474617718485,-0.7153750025798156,-0.0986476627142685,2985,8.736481861738536,4.291238877481177,0.3314512477694623
pvdaq_1430,gru,1,-0.25,24 months,6334,0.045074213296175,0.025357995182275772,0.9756872057914734,0.10281094124743846,-0.5069161794047372,-0.7476578926511879,-0.18136883713650853,2985,8.736481861738536,4.291238877481177,0.33107838176152554
pvdaq_1430,gru,2,-0.25,24 months,6334,0.04782040789723396,0.026829315349459648,0.9726344347000122,0.1090748076831831,-0.5465191233953235,-0.8570459009568876,-0.2037318651683566,2985,8.736481861738536,4.291238877481177,0.3312648147654939
pvdaq_1430,gru,3,-0.25,24 months,6334,0.04946914315223694,0.027623943984508514,0.9707148671150208,0.11283545065482817,-0.4863477210562128,-0.9418528832341633,-0.09541472680143492,2985,8.736481861738536,4.291238877481177,0.3318507470636802
pvdaq_1430,gru,4,-0.25,24 months,6334,0.04536581039428711,0.025646759197115898,0.9753716588020325,0.10347605262553258,-0.5098350718237943,-0.8610012114063291,-0.18069991159678223,2985,8.736481861738536,4.291238877481177,0.3316110474871494
pvdaq_1430,lstm,0,-0.5,24 months,6334,0.04762425646185875,0.027099905535578728,0.9727577567100525,0.10886201359503918,-0.722757856562789,-1.0948104660613218,-0.36494536188169735,2985,8.736481861738536,4.291238877481177,0.3317175806322742
pvdaq_1430,lstm,1,-0.5,24 months,6334,0.0476909801363945,0.026176853105425835,0.9726814031600952,0.10901453405633477,-0.7208771100009594,-1.0633713762718378,-0.377175110801487,2985,8.736481861738536,4.291238877481177,0.3311849149066503
pvdaq_1430,lstm,2,-0.5,24 months,6334,0.046660322695970535,0.026096632704138756,0.9738494157791138,0.10665860343133655,-0.6766610817060981,-1.0266838417957613,-0.3375826329736098,2984,8.736481861738536,4.289869952087612,0.33158441420086826
pvdaq_1430,lstm,3,-0.5,24 months,6334,0.04575619846582413,0.025149211287498474,0.974852979183197,0.10459190902923855,-0.7589528439477522,-1.0519592339900796,-0.37032595892154685,2985,8.736481861738536,4.291238877481177,0.3312648147654939
pvdaq_1430,lstm,4,-0.5,24 months,6334,0.04851823300123215,0.026890859007835388,0.9717254042625427,0.11090551187539248,-0.7023384527180869,-1.0501956979229177,-0.38307260498964285,2982,8.736481861738536,4.287132101300479,0.3302127999573867
pvdaq_1430,gru,0,-0.5,24 months,6334,0.045627411454916,0.026409775018692017,0.9749943614006042,0.10429752095110503,-0.6640750229864316,-0.9787728444663082,-0.3532956772667052,2985,8.736481861738536,4.291238877481177,0.33142461448318106
pvdaq_1430,gru,1,-0.5,24 months,6334,0.0450994074344635,0.02543211355805397,0.9755697250366211,0.10309058177508304,-0.7244532080446148,-0.9729484946052555,-0.42915638868113093,2985,8.736481861738536,4.291238877481177,0.3310517484752444
pvdaq_1430,gru,2,-0.5,24 months,6334,0.04789211228489876,0.026972053572535515,0.9724504351615906,0.10947429242972596,-0.7704652524790204,-1.1139191185907054,-0.4019510781027136,2985,8.736481861738536,4.291238877481177,0.33123818147921275
pvdaq_1430,gru,3,-0.5,24 months,6334,0.049562856554985046,0.02779666893184185,0.9704947471618652,0.11329336697191082,-0.7233333450760826,-1.1456699480413501,-0.34519248172307637,2985,8.736481861738536,4.291238877481177,0.3318107971342584
pvdaq_1430,gru,4,-0.5,24 months,6334,0.045426495373249054,0.02578086033463478,0.9752141237258911,0.10383825647457916,-0.7300414029151325,-1.0806119322654968,-0.410672575936899,2985,8.736481861738536,4.291238877481177,0.33158441420086826
pvdaq_1430,lstm,0,-1.0,24 months,6334,0.04778963699936867,0.02837448939681053,0.9723647832870483,0.10971392316083661,-1.2379996739949495,-1.5231206367124495,-0.8515850855673246,2985,8.736481861738536,4.291238877481177,0.3318773803499614
pvdaq_1430,lstm,1,-1.0,24 months,6334,0.04788551852107048,0.026607083156704903,0.9722537994384766,0.10993404489778716,-1.1963253372431395,-1.5361164432576957,-0.8474783160437482,2985,8.736481861738536,4.291238877481177,0.33114496497722856
pvdaq_1430,lstm,2,-1.0,24 months,6334,0.04684316739439964,0.02649719826877117,0.9734485745429993,0.10754104845339721,-1.146415819829849,-1.505750356290414,-0.8190040189500092,2984,8.736481861738536,4.289869952087612,0.33158441420086826
pvdaq_1430,lstm,3,-1.0,24 months,6334,0.045977018773555756,0.025340115651488304,0.9744213819503784,0.10555257209743772,-1.2533786168774042,-1.5968261725634498,-0.9224822365589043,2985,8.736481861738536,4.291238877481177,0.3314112978400405
pvdaq_1430,lstm,4,-1.0,24 months,6334,0.04866864159703255,0.02724117785692215,0.9713388085365295,0.11173191385801205,-1.1867910696742312,-1.4917760691374404,-0.8554306189109496,2982,8.736481861738536,4.287132101300479,0.33011958345540254
pvdaq_1430,gru,0,-1.0,24 months,6334,0.045809611678123474,0.026750801131129265,0.9746072888374329,0.10516824423143868,-1.1813002195007416,-1.4650544897073152,-0.838844726895265,2985,8.736481861738536,4.291238877481177,0.3313580312674781
pvdaq_1430,gru,1,-1.0,24 months,6334,0.04516885429620743,0.025614799931645393,0.9753127098083496,0.10369721388724075,-1.2083431567821712,-1.49739066842548,-0.9266592215260329,2983,8.736481861738536,4.288501026694045,0.330931898686979
pvdaq_1430,gru,2,-1.0,24 months,6334,0.04806223139166832,0.0272916778922081,0.9720486402511597,0.11033973666536762,-1.2520089485229868,-1.6159991214322167,-0.9055553359107349,2984,8.736481861738536,4.289869952087612,0.33119823154979094
pvdaq_1430,gru,3,-1.0,24 months,6334,0.04977952688932419,0.028192242607474327,0.9700154662132263,0.11428224885219916,-1.1887843492239425,-1.6276401641727278,-0.8482723684347326,2985,8.736481861738536,4.291238877481177,0.3317841638479772
pvdaq_1430,gru,4,-1.0,24 months,6334,0.04557335004210472,0.026076143607497215,0.9748685359954834,0.1046258423090228,-1.1964549809814873,-1.544447842513863,-0.9021286311417631,2985,8.736481861738536,4.291238877481177,0.33146456441260286
pvdaq_1430,lstm,0,-2.0,24 months,6334,0.04921795055270195,0.028823401778936386,0.9702538251876831,0.11398192673087046,-2.279542372727855,-2.5525253406810675,-1.990870099732024,2985,8.736481861738536,4.291238877481177,0.3319306469225238
pvdaq_1430,lstm,1,-2.0,24 months,6334,0.048402562737464905,0.02764393575489521,0.9712312817573547,0.11209360198004455,-2.1785840888690178,-2.500385541941119,-1.8441733671886285,2983,8.736481861738536,4.288501026694045,0.33106506511838496
pvdaq_1430,lstm,2,-2.0,24 months,6334,0.04865168407559395,0.02792203798890114,0.9709343910217285,0.11267053234367916,-2.150095215429099,-2.461893751533223,-1.8584163767099602,2985,8.736481861738536,4.291238877481177,0.3315311476283059
pvdaq_1430,lstm,3,-2.0,24 months,6334,0.04645441845059395,0.026305995881557465,0.9735004901885986,0.10758197081958983,-2.3090562247066204,-2.533007812590571,-1.9162321327019893,2985,8.736481861738536,4.291238877481177,0.33129144805177513
pvdaq_1430,lstm,4,-2.0,24 months,6334,0.049123525619506836,0.02813502959907055,0.9703678488731384,0.11376325172111994,-2.170207814415126,-2.471644233539927,-1.8680906099041383,2982,8.736481861738536,4.287132101300479,0.3299198338082936
pvdaq_1430,gru,0,-2.0,24 months,6334,0.046294134110212326,0.02761891670525074,0.9736830592155457,0.10721077458455112,-2.123932854253923,-2.443915410010773,-1.7716765572716398,2983,8.736481861738536,4.288501026694045,0.3312115481929315
pvdaq_1430,gru,1,-2.0,24 months,6334,0.04539693519473076,0.026168204843997955,0.974693238735199,0.10513298670636768,-2.167348382736922,-2.399264645807109,-1.8850967622802897,2983,8.736481861738536,4.288501026694045,0.3308386821849948
pvdaq_1430,gru,2,-2.0,24 months,6334,0.048511356115341187,0.028103217482566833,0.9711018204689026,0.11234555230887061,-2.2242690392990703,-2.568862850083875,-1.9293506512523548,2983,8.736481861738536,4.288501026694045,0.3310517484752444
pvdaq_1430,gru,3,-2.0,24 months,6334,0.050327055156230927,0.029124528169631958,0.9688981175422668,0.11655045870419886,-2.1606144797795874,-2.516604654620274,-1.9006282594982857,2985,8.736481861738536,4.291238877481177,0.3317308972754148
pvdaq_1430,gru,4,-2.0,24 months,6334,0.04596824198961258,0.02679259143769741,0.9740522503852844,0.10645605376836044,-2.1039439735475565,-2.4939434824925777,-1.9204702202050228,2983,8.736481861738536,4.288501026694045,0.3312781314086345
pvdaq_2107,lstm,0,0.0,24 months,6270,0.05329716205596924,0.04032120853662491,0.948847770690918,0.14849926441897818,0.9268058067745333,0.2164932599944917,1.5335305629223603,2249,6.7734428473648185,3.260438056125941,0.27581317155178714
pvdaq_2107,lstm,1,0.0,24 months,6270,0.05378784239292145,0.04090304300189018,0.9479015469551086,0.14986642293720737,0.9283540764229253,0.3347139084286438,1.5729861688873026,2249,6.7734428473648185,3.260438056125941,0.27581317155178714
pvdaq_2107,lstm,2,0.0,24 months,6270,0.054278161376714706,0.041779179126024246,0.9469473958015442,0.15123257463488118,0.8836761888900084,0.25298895079584527,1.4775780773583547,2249,6.7734428473648185,3.260438056125941,0.27581317155178714
pvdaq_2107,lstm,3,0.0,24 months,6270,0.05374247953295708,0.041044220328330994,0.9479894042015076,0.14974003062893443,0.9730397378165616,0.18918708941610962,1.5266866944405069,2249,6.7734428473648185,3.260438056125941,0.27581317155178714
pvdaq_2107,lstm,4,0.0,24 months,6270,0.053758300840854645,0.04107876494526863,0.947958767414093,0.1497841127619093,0.8386051160546546,0.16688270477679523,1.37792518453832,2249,6.7734428473648185,3.260438056125941,0.27581317155178714
pvdaq_2107,gru,0,0.0,24 months,6270,0.05354619398713112,0.04128258675336838,0.9483686089515686,0.1491931298551067,0.7749113486594239,0.2186414884768207,1.3750067191464876,2249,6.7734428473648185,3.260438056125941,0.27581317155178714
pvdaq_2107,gru,1,0.0,24 months,6270,0.05329190194606781,0.04116037115454674,0.948857843875885,0.1484846084331622,0.7114886601908788,0.037845821935997476,1.5100768180518365,2249,6.7734428473648185,3.260438056125941,0.27581317155178714
pvdaq_2107,gru,2,0.0,24 months,6270,0.053106535226106644,0.04061253368854523,0.9492130279541016,0.1479681302474553,0.687088696001968,0.03884462252863692,1.4034289073757837,2249,6.7734428473648185,3.260438056125941,0.27581317155178714
pvdaq_2107,gru,3,0.0,24 months,6270,0.053648460656404495,0.04053927958011627,0.9481711983680725,0.14947807045186357,0.6652772872648223,0.01274963172053969,1.3455502619911686,2249,6.7734428473648185,3.260438056125941,0.27581317155178714
pvdaq_2107,gru,4,0.0,24 months,6270,0.0537395179271698,0.04063914343714714,0.947995126247406,0.14973177885221792,0.7028107730228661,0.012930584051021895,1.5084488879053042,2249,6.7734428473648185,3.260438056125941,0.27581317155178714
pvdaq_2107,lstm,0,-0.25,24 months,6270,0.053081389516592026,0.04015526548027992,0.9489833116531372,0.1482842912796693,0.6825103914470456,-0.029866979529267385,1.3334109491892019,2249,6.7734428473648185,3.260438056125941,0.27581317155178714
pvdaq_2107,lstm,1,-0.25,24 months,6270,0.05355697497725487,0.040719129145145416,0.9480650424957275,0.14961285207318922,0.6807957402177907,0.06036324289109274,1.3177859035050075,2249,6.7734428473648185,3.260438056125941,0.27581317155178714
pvdaq_2107,lstm,2,-0.25,24 months,6270,0.0540570430457592,0.04161250591278076,0.9470906853675842,0.15100980569111552,0.622569708710119,-0.014319862321210863,1.2390355187928748,2249,6.7734428473648185,3.260438056125941,0.27581317155178714
pvdaq_2107,lstm,3,-0.25,24 months,6270,0.053512439131736755,0.040846891701221466,0.9481514096260071,0.1494884399892303,0.6834593269867976,-0.09869315327610817,1.2540960481349597,2249,6.7734428473648185,3.260438056125941,0.27581317155178714
pvdaq_2107,lstm,4,-0.25,24 months,6270,0.053525760769844055,0.04089338332414627,0.9481256008148193,0.14952565434408077,0.5956660959481748,-0.10152801398781691,1.099765725696105,2249,6.7734428473648185,3.260438056125941,0.27581317155178714
pvdaq_2107,gru,0,-0.25,24 months,6270,0.053324244916439056,0.04111273214221001,0.9485154151916504,0.14896271438007627,0.47478368600923126,-0.024361319221499755,1.0800393515666484,2249,6.7734428473648185,3.260438056125941,0.27581317155178714
pvdaq_2107,gru,1,-0.25,24 months,6270,0.05303915962576866,0.04098439961671829,0.9490644931793213,0.14816632094225748,0.47445125051995585,-0.24948944073158685,1.2508680241450576,2249,6.7734428473648185,3.260438056125941,0.27581317155178714
pvdaq_2107,gru,2,-0.25,24 months,6270,0.052863556891679764,0.040395162999629974,0.9494011998176575,0.1476757699749923,0.3469159837735103,-0.2180926852281625,1.0966197154460566,2249,6.7734428473648185,3.260438056125941,0.27581317155178714
pvdaq_2107,gru,3,-0.25,24 months,6270,0.05341142416000366,0.040385063737630844,0.9483469724655151,0.149206251945012,0.3881745593138999,-0.25185294438734906,1.0701284253784749,2249,6.7734428473648185,3.260438056125941,0.27581317155178714
pvdaq_2107,gru,4,-0.25,24 months,6270,0.05352707579731941,0.04046867787837982,0.948123037815094,0.1495293279087514,0.4376076256836131,-0.26081509822193627,1.1993210869309712,2249,6.7734428473648185,3.260438056125941,0.27581317155178714
pvdaq_2107,lstm,0,-0.5,24 months,6270,0.05287281423807144,0.03999946638941765,0.9491063356399536,0.14808835081631438,0.3973897741081317,-0.25448422656030073,1.0631008052810853,2249,6.7734428473648185,3.260438056125941,0.27581317155178714
pvdaq_2107,lstm,1,-0.5,24 months,6270,0.05333026126027107,0.0405375212430954,0.9482219219207764,0.149369587233925,0.4317041724693216,-0.176463452884823,1.0374435463233356,2249,6.7734428473648185,3.260438056125941,0.27581317155178714
pvdaq_2107,lstm,2,-0.5,24 months,6270,0.053842347115278244,0.041447147727012634,0.9472227692604065,0.15080385833973212,0.35378306575344176,-0.2774563074299914,0.9740313801235364,2249,6.7734428473648185,3.260438056125941,0.27581317155178714
pvdaq_2107,lstm,3,-0.5,24 months,6270,0.05328816920518875,0.040651287883520126,0.9483035802841187,0.14925169407636496,0.38134132559737466,-0.36687592154776016,0.9591788300176292,2249,6.7734428473648185,3.260438056125941,0.27581317155178714
pvdaq_2107,lstm,4,-0.5,24 months,6270,0.05329907312989235,0.04070984572172165,0.9482824206352234,0.1492822342367489,0.32019349263212593,-0.3515317203917179,0.8073147854963628,2249,6.7734428473648185,3.260438056125941,0.27581317155178714
pvdaq_2107,gru,0,-0.5,24 months,6270,0.0531080886721611,0.040944334119558334,0.9486523866653442,0.1487473171194262,0.1836908435588843,-0.3012713516228782,0.8396489462573452,2249,6.7734428473648185,3.260438056125941,0.27581317155178714
pvdaq_2107,gru,1,-0.5,24 months,6270,0.05280667170882225,0.040798671543598175,0.9492335915565491,0.1479030961024036,0.19577190029840263,-0.5019540894480251,0.9642016717997863,2249,6.7734428473648185,3.260438056125941,0.27581317155178714
pvdaq_2107,gru,2,-0.5,24 months,6270,0.05262799188494682,0.0401785783469677,0.9495765566825867,0.1474026423092176,0.07092655149405373,-0.4867322034079802,0.8315171156593415,2249,6.7734428473648185,3.260438056125941,0.27581317155178714
pvdaq_2107,gru,3,-0.5,24 months,6270,0.05318113788962364,0.04023494943976402,0.9485110640525818,0.14895191636950092,0.09048034568659011,-0.5331349527737403,0.8316049220330912,2249,6.7734428473648185,3.260438056125941,0.27581317155178714
pvdaq_2107,gru,4,-0.5,24 months,6270,0.053321391344070435,0.04030061513185501,0.9482391476631165,0.1493447440081395,0.18411862725304373,-0.49729774777929886,0.9280757532217576,2249,6.7734428473648185,3.260438056125941,0.27581317155178714
pvdaq_2107,lstm,0,-1.0,24 months,6270,0.05247855558991432,0.03971148282289505,0.9493120908737183,0.14775781727112489,-0.21521737864756418,-0.8040151720442867,0.46613082942790424,2249,6.7734428473648185,3.260438056125941,0.27581317155178714
pvdaq_2107,lstm,1,-1.0,24 months,6270,0.05289483070373535,0.04018596187233925,0.9485047459602356,0.14892987510524533,-0.17142974513398346,-0.6916992507134068,0.444191063602406,2249,6.7734428473648185,3.260438056125941,0.27581317155178714
pvdaq_2107,lstm,2,-1.0,24 months,6270,0.05343260243535042,0.041124939918518066,0.9474523067474365,0.1504440169553847,-0.2045237183373113,-0.8388939667267614,0.4086326277454533,2249,6.7734428473648185,3.260438056125941,0.27581317155178714
pvdaq_2107,lstm,3,-1.0,24 months,6270,0.052857186645269394,0.04027121141552925,0.9485780000686646,0.14882388507084687,-0.21192116660248006,-0.883821984826183,0.3382837214039251,2249,6.7734428473648185,3.260438056125941,0.27581317155178714
pvdaq_2107,lstm,4,-1.0,24 months,6270,0.05286046117544174,0.04034552723169327,0.9485716223716736,0.14883310478784204,-0.25293000047035874,-0.8719600561737151,0.3270886709144216,2249,6.7734428473648185,3.260438056125941,0.27581317155178714
pvdaq_2107,gru,0,-1.0,24 months,6270,0.052697427570819855,0.040620528161525726,0.94888836145401,0.1483740698679594,-0.328047445161206,-0.8710181673716781,0.25775630856001386,2249,6.7734428473648185,3.260438056125941,0.27581317155178714
pvdaq_2107,gru,1,-1.0,24 months,6270,0.05237090215086937,0.04045315831899643,0.9495198130607605,0.14745470989714698,-0.3743330469772653,-1.0240849298133992,0.3948226064962488,2249,6.7734428473648185,3.260438056125941,0.27581317155178714
pvdaq_2107,gru,2,-1.0,24 months,6270,0.05218087509274483,0.0397576205432415,0.9498854875564575,0.14691967262305836,-0.4824841404896696,-1.0354424825293362,0.29333694788314935,2249,6.7734428473648185,3.260438056125941,0.27581317155178714
pvdaq_2107,gru,3,-1.0,24 months,6270,0.05274121090769768,0.03994668275117874,0.9488034248352051,0.148497345560615,-0.4507798298745166,-1.043680936997926,0.2519735351748542,2249,6.7734428473648185,3.260438056125941,0.27581317155178714
pvdaq_2107,gru,4,-1.0,24 months,6270,0.0529310405254364,0.03997617959976196,0.9484342336654663,0.14903182692457764,-0.38041622447794876,-0.9618848217974938,0.33137934456890505,2249,6.7734428473648185,3.260438056125941,0.27581317155178714
pvdaq_2107,lstm,0,-2.0,24 months,6270,0.0517856739461422,0.039223022758960724,0.9495523571968079,0.14735834736765246,-1.3133769815481755,-1.9053678113805317,-0.7559826151536313,2249,6.7734428473648185,3.260438056125941,0.27581317155178714
pvdaq_2107,lstm,1,-2.0,24 months,6270,0.05204977095127106,0.03911745548248291,0.9490364789962769,0.14810984667730728,-1.2403038148119105,-1.8123692441361636,-0.6553424524963462,2249,6.7734428473648185,3.260438056125941,0.27581317155178714
pvdaq_2107,lstm,2,-2.0,24 months,6270,0.05269398167729378,0.04051488637924194,0.9477671384811401,0.14994297581726887,-1.2900566475131992,-1.9140094647821515,-0.7966283953028734,2249,6.7734428473648185,3.260438056125941,0.27581317155178714
pvdaq_2107,lstm,3,-2.0,24 months,6270,0.05206701159477234,0.039569102227687836,0.949002742767334,0.14815890566486717,-1.3935361869006924,-1.964457442196288,-0.7758024866983269,2249,6.7734428473648185,3.260438056125941,0.27581317155178714
pvdaq_2107,lstm,4,-2.0,24 months,6270,0.05206044763326645,0.039652977138757706,0.9490155577659607,0.1481402276320062,-1.3679352003613365,-1.9651507503716303,-0.8258256947276009,2249,6.7734428473648185,3.260438056125941,0.27581317155178714
pvdaq_2107,gru,0,-2.0,24 months,6270,0.05195761099457741,0.040011126548051834,0.9492167830467224,0.14784760158369364,-1.405282021067561,-1.9383144536594692,-0.8856293427416857,2249,6.7734428473648185,3.260438056125941,0.27581317155178714
pvdaq_2107,gru,1,-2.0,24 months,6270,0.051581598818302155,0.03980858996510506,0.9499491453170776,0.1467776428738068,-1.44868209749624,-2.0716219526281474,-0.6811776605228637,2249,6.7734428473648185,3.260438056125941,0.27581317155178714
pvdaq_2107,gru,2,-2.0,24 months,6270,0.05138463154435158,0.038957469165325165,0.9503306746482849,0.14621716408183327,-1.587781625535939,-2.1309189051823774,-0.7743118832323386,2249,6.7734428473648185,3.260438056125941,0.27581317155178714
pvdaq_2107,gru,3,-2.0,24 months,6270,0.051947660744190216,0.03942000865936279,0.949236273765564,0.1478192877211672,-1.5089329751820977,-2.0488218353762355,-0.8762953968991405,2249,6.7734428473648185,3.260438056125941,0.27581317155178714
pvdaq_2107,gru,4,-2.0,24 months,6270,0.0522347167134285,0.03937247768044472,0.948673665523529,0.14863611774394464,-1.5106766402585903,-2.0570804548624873,-0.7941703500787933,2249,6.7734428473648185,3.260438056125941,0.27581317155178714
pvdaq_33,lstm,0,0.0,24 months,6427,0.039082396775484085,0.0193804781883955,0.9805302619934082,0.10376594860648944,-0.5087109692786917,-0.6472568548541391,-0.35825897339412105,4034,12.301163586584531,5.936687200547571,0.2890899754885339
pvdaq_33,lstm,1,0.0,24 months,6427,0.04045744240283966,0.021300511434674263,0.9791361689567566,0.10741677162840964,-0.4234810408978884,-0.5736133772785146,-0.2810855371930775,4034,12.301163586584531,5.936687200547571,0.28905122218239243
pvdaq_33,lstm,2,0.0,24 months,6427,0.03860844671726227,0.02004188299179077,0.9809995889663696,0.10250758470250447,-0.4986645124815503,-0.6284743101246271,-0.35271991774000766,4034,12.301163586584531,5.936687200547571,0.2890899754885339
pvdaq_33,lstm,3,0.0,24 months,6427,0.041604507714509964,0.022659266367554665,0.9779362678527832,0.11046229416539312,-0.4227527078711768,-0.5978995451332128,-0.26756593428076075,4034,12.301163586584531,5.936687200547571,0.2891093521416046
pvdaq_33,lstm,4,0.0,24 months,6427,0.0441463403403759,0.020403755828738213,0.9751579761505127,0.11721100190553238,-0.4451623960655393,-0.5789908066703702,-0.3263262185005278,4034,12.301163586584531,5.936687200547571,0.2890899754885339
pvdaq_33,gru,0,0.0,24 months,6427,0.039989203214645386,0.01976645179092884,0.9796162843704224,0.10617357040365287,-0.44099784915675455,-0.5440387111776857,-0.34536375921115914,4034,12.301163586584531,5.936687200547571,0.28909966381506924
pvdaq_33,gru,1,0.0,24 months,6427,0.04193531349301338,0.020039621740579605,0.9775840044021606,0.11134060200326984,-0.42230299688732487,-0.5137444048171513,-0.34680399342139623,4034,12.301163586584531,5.936687200547571,0.28912872879467527
pvdaq_33,gru,2,0.0,24 months,6427,0.04363774508237839,0.022556360810995102,0.9757270812988281,0.11586065305906708,-0.45029563706610043,-0.577491941240682,-0.3309503920546297,4034,12.301163586584531,5.936687200547571,0.28911904046813997
pvdaq_33,gru,3,0.0,24 months,6427,0.03831212595105171,0.022314682602882385,0.9812901616096497,0.1017208365003848,-0.4802982986820248,-0.6082507625269074,-0.3465749221130854,4034,12.301163586584531,5.936687200547571,0.2890899754885339
pvdaq_33,gru,4,0.0,24 months,6427,0.04043103754520416,0.02029186114668846,0.9791633486747742,0.10734666525504398,-0.46789930032103966,-0.5674752118089472,-0.36783361357992833,4034,12.301163586584531,5.936687200547571,0.2890899754885339
pvdaq_33,lstm,0,-0.25,24 months,6427,0.040571652352809906,0.021712621673941612,0.978912889957428,0.10799914845160434,-0.7539204465957733,-0.9063225421345755,-0.642522305297577,4034,12.301163586584531,5.936687200547571,0.28913841712121063
pvdaq_33,lstm,1,-0.25,24 months,6427,0.039761438965797424,0.021101364865899086,0.9797466993331909,0.105842412139745,-0.6521459908150655,-0.7980188177433511,-0.5389202554891392,4034,12.301163586584531,5.936687200547571,0.28907059883546316
pvdaq_33,lstm,2,-0.25,24 months,6427,0.038227081298828125,0.0203685462474823,0.9812796711921692,0.10175804998432006,-0.7467381629607144,-0.8884016682697359,-0.6211520368997747,4034,12.301163586584531,5.936687200547571,0.2891093521416046
pvdaq_33,lstm,3,-0.25,24 months,6427,0.04148877039551735,0.02038605697453022,0.977948784828186,0.11044045813208488,-0.7088035754860773,-0.826458876192615,-0.5689325996605543,4034,12.301163586584531,5.936687200547571,0.28912872879467527
pvdaq_33,lstm,4,-0.25,24 months,6427,0.04410017281770706,0.0205109603703022,0.9750854969024658,0.11739184466691042,-0.6770526586193371,-0.8067175468968291,-0.5612802634871183,4034,12.301163586584531,5.936687200547571,0.2890899754885339
pvdaq_33,gru,0,-0.25,24 months,6427,0.04022339731454849,0.020109808072447777,0.9792733192443848,0.1070721157725025,-0.6752310974069253,-0.7767655415691463,-0.5790544843694345,4034,12.301163586584531,5.936687200547571,0.28911904046813997
pvdaq_33,gru,1,-0.25,24 months,6427,0.04192625358700752,0.02005809359252453,0.9774812459945679,0.11160501045871835,-0.6661362116478609,-0.7500177053261226,-0.5858509073965679,4034,12.301163586584531,5.936687200547571,0.28912872879467527
pvdaq_33,gru,2,-0.25,24 months,6427,0.04357921704649925,0.022632693871855736,0.9756706357002258,0.11600509366199367,-0.6800660730628207,-0.8116347423808699,-0.5642884998410813,4034,12.301163586584531,5.936687200547571,0.28912872879467527
pvdaq_33,gru,3,-0.25,24 months,6427,0.038455378264188766,0.02240302972495556,0.9810553789138794,0.10236576193153453,-0.7285477440577419,-0.8397386143030983,-0.5996741240893982,4034,12.301163586584531,5.936687200547571,0.2890899754885339
pvdaq_33,gru,4,-0.25,24 months,6427,0.0407121367752552,0.019475404173135757,0.9787666201591492,0.10837310901556832,-0.6195797124566083,-0.7305126698212594,-0.5072315884228518,4034,12.301163586584531,5.936687200547571,0.28911904046813997
pvdaq_33,lstm,0,-0.5,24 months,6427,0.04260804131627083,0.02192259021103382,0.9766261577606201,0.11371458112979918,-1.0003027375780515,-1.133982422212977,-0.8558444885999328,4034,12.301163586584531,5.936687200547571,0.2891093521416046
pvdaq_33,lstm,1,-0.5,24 months,6427,0.03974289819598198,0.02113397978246212,0.9796639680862427,0.10606793651212804,-0.8943914648389198,-1.0529019396449824,-0.773192470051373,4034,12.301163586584531,5.936687200547571,0.28904153385585707
pvdaq_33,lstm,2,-0.5,24 months,6427,0.03877829387784004,0.02040717750787735,0.9806391596794128,0.10349354978593937,-0.9764226224840633,-1.10568757853986,-0.862781596372586,4034,12.301163586584531,5.936687200547571,0.2891093521416046
pvdaq_33,lstm,3,-0.5,24 months,6427,0.041520051658153534,0.02046714723110199,0.9778046011924744,0.11081089712029471,-0.9527910151009178,-1.0574590507218873,-0.8148229908968463,4034,12.301163586584531,5.936687200547571,0.28912872879467527
pvdaq_33,lstm,4,-0.5,24 months,6427,0.04406393691897392,0.02064025215804577,0.9750015139579773,0.11760015186986691,-0.9151287487321302,-1.045536115875323,-0.8046265962817306,4034,12.301163586584531,5.936687200547571,0.2890899754885339
pvdaq_33,gru,0,-0.5,24 months,6427,0.04026556760072708,0.020277023315429688,0.9791255593299866,0.10746286410311434,-0.9218945225619501,-1.0124967682823738,-0.8189087088383284,4034,12.301163586584531,5.936687200547571,0.28911904046813997
pvdaq_33,gru,1,-0.5,24 months,6427,0.0418541356921196,0.020097285509109497,0.9774460196495056,0.1117025181573335,-0.8932971165682924,-0.9863772528180019,-0.8302570884800797,4034,12.301163586584531,5.936687200547571,0.28912872879467527
pvdaq_33,gru,2,-0.5,24 months,6427,0.043597739189863205,0.022714847698807716,0.9755277037620544,0.11635593885627211,-0.935084898566139,-1.0411325597701675,-0.8148587707402677,4034,12.301163586584531,5.936687200547571,0.28912872879467527
pvdaq_33,gru,3,-0.5,24 months,6427,0.038550976663827896,0.02247077226638794,0.980865478515625,0.10288687365212908,-0.9597784677577179,-1.0609893374321722,-0.8230086449222016,4034,12.301163586584531,5.936687200547571,0.28909966381506924
pvdaq_33,gru,4,-0.5,24 months,6427,0.04051518812775612,0.019503768533468246,0.978865921497345,0.10812906449148252,-0.857376893646222,-0.9643672830737637,-0.7506672966797301,4034,12.301163586584531,5.936687200547571,0.2891093521416046
pvdaq_33,lstm,0,-1.0,24 months,6427,0.04161735251545906,0.021158859133720398,0.9774758219718933,0.11165076711766025,-1.4428130343424606,-1.575504996898236,-1.3047241436275336,4034,12.301163586584531,5.936687200547571,0.289148105447746
pvdaq_33,lstm,1,-1.0,24 months,6427,0.03987181931734085,0.02119522914290428,0.9793255925178528,0.10696786181927907,-1.3728355949823023,-1.5552322757226844,-1.276321354923804,4034,12.301163586584531,5.936687200547571,0.2890609105089278
pvdaq_33,lstm,2,-1.0,24 months,6427,0.0390566810965538,0.020918317139148712,0.9801623225212097,0.10478101421468933,-1.4721538788234885,-1.5974664324546,-1.3429882531802,4034,12.301163586584531,5.936687200547571,0.2889930922231803
pvdaq_33,lstm,3,-1.0,24 months,6427,0.041503485292196274,0.02069958485662937,0.9775989055633545,0.11134528485945737,-1.4163868474705632,-1.5200993517010875,-1.295129711850418,4034,12.301163586584531,5.936687200547571,0.28912872879467527
pvdaq_33,lstm,4,-1.0,24 months,6427,0.04403162747621536,0.020955955609679222,0.9747866988182068,0.11812776853915317,-1.3983943423067302,-1.513842147128941,-1.2917314274071057,4034,12.301163586584531,5.936687200547571,0.2890899754885339
pvdaq_33,gru,0,-1.0,24 months,6427,0.04042268171906471,0.02100212872028351,0.9787504076957703,0.10844571194696077,-1.4089601541502073,-1.508137454278343,-1.3095739541069553,4034,12.301163586584531,5.936687200547571,0.28911904046813997
pvdaq_33,gru,1,-1.0,24 months,6427,0.04177858307957649,0.02023017778992653,0.9773009419441223,0.11208331544374221,-1.3823524359037664,-1.4693996696464096,-1.3108580696913008,4034,12.301163586584531,5.936687200547571,0.28911904046813997
pvdaq_33,gru,2,-1.0,24 months,6427,0.04368472844362259,0.023094994947314262,0.9751824140548706,0.11719711003349811,-1.4207914043448788,-1.5144519649749277,-1.295938229980509,4034,12.301163586584531,5.936687200547571,0.28912872879467527
pvdaq_33,gru,3,-1.0,24 months,6427,0.03865544870495796,0.022584401071071625,0.9805678129196167,0.10370459052105123,-1.4172121902973345,-1.5589194814108809,-1.3046955684526962,4034,12.301163586584531,5.936687200547571,0.28909966381506924
pvdaq_33,gru,4,-1.0,24 months,6427,0.040406376123428345,0.01974625140428543,0.9787675142288208,0.1084019673992884,-1.3417441567839528,-1.4492713455545592,-1.230284346753907,4034,12.301163586584531,5.936687200547571,0.2891093521416046
pvdaq_33,lstm,0,-2.0,24 months,6427,0.04122501239180565,0.02243986167013645,0.9774503111839294,0.11176583978145221,-2.444497478071439,-2.570899913637803,-2.2920405824798373,4034,12.301163586584531,5.936687200547571,0.28912872879467527
pvdaq_33,lstm,1,-2.0,24 months,6427,0.040473513305187225,0.021917782723903656,0.9782649278640747,0.10972843768894011,-2.4040517463246482,-2.496383022926041,-2.274799101112852,4034,12.301163586584531,5.936687200547571,0.2890027805497156
pvdaq_33,lstm,2,-2.0,24 months,6427,0.03929510340094566,0.021732723340392113,0.9795121550559998,0.10653363033988233,-2.3377701114749336,-2.45291147911839,-2.22497050554169,4034,12.301163586584531,5.936687200547571,0.28911904046813997
pvdaq_33,lstm,3,-2.0,24 months,6427,0.041279178112745285,0.021221216768026352,0.9773910045623779,0.11191268939863729,-2.377914586381693,-2.465713121645108,-2.274915969763775,4034,12.301163586584531,5.936687200547571,0.28913841712121063
pvdaq_33,lstm,4,-2.0,24 months,6427,0.044023167341947556,0.021758517250418663,0.9742853045463562,0.11935196576897045,-2.356559781461487,-2.4394558472151995,-2.260808821331217,4034,12.301163586584531,5.936687200547571,0.2890899754885339
pvdaq_33,gru,0,-2.0,24 months,6427,0.03956758975982666,0.018771640956401825,0.9792270660400391,0.10727237279167061,-2.355339559410816,-2.426174108349377,-2.2750889369208327,4034,12.301163586584531,5.936687200547571,0.28907059883546316
pvdaq_33,gru,1,-2.0,24 months,6427,0.041623640805482864,0.020627915859222412,0.9770120978355408,0.11284656812646632,-2.3427222307147333,-2.4317758425907,-2.2750932089476206,4034,12.301163586584531,5.936687200547571,0.2891093521416046
pvdaq_33,gru,2,-2.0,24 months,6427,0.04427443444728851,0.0210929736495018,0.9739909172058105,0.12003318033771292,-2.318610036415081,-2.4368900222132894,-2.21835055891233,4034,12.301163586584531,5.936687200547571,0.2890609105089278
pvdaq_33,gru,3,-2.0,24 months,6427,0.03880433365702629,0.022804439067840576,0.9800207614898682,0.10520309605047652,-2.365236592204434,-2.4700571501602986,-2.2552959330108147,4034,12.301163586584531,5.936687200547571,0.28909966381506924
pvdaq_33,gru,4,-2.0,24 months,6427,0.04009241983294487,0.02050117962062359,0.9786723256111145,0.10869524862508763,-2.3045148413128103,-2.387877949860163,-2.223772082281921,4034,12.301163586584531,5.936687200547571,0.2891093521416046
