system_id,model,seed,injection,regime,n_train,val_rmse,val_mae,val_r2,val_nrmse_mean,plr,ci_low,ci_high,days,span_years,t_center_years,points_kept_fraction
dkasc_7,tcn,0,0.0,full record,25557,0.021975202485919,0.01572161540389061,0.992121160030365,0.05743798214353735,-1.126590667016969,-1.3130145266848414,-0.9534188576077351,2839,12.216290212183436,6.4486652977412735,0.2518376059770022
dkasc_7,tcn,1,0.0,full record,25557,0.021336229518055916,0.015070969238877296,0.9925727248191833,0.05576785792321037,-1.0875915084519592,-1.2424362696704994,-0.9417828551680052,2839,12.216290212183436,6.4486652977412735,0.2518376059770022
dkasc_7,tcn,2,0.0,full record,25557,0.02164357900619507,0.015168161131441593,0.9923571944236755,0.0565711967967827,-1.0732961392785345,-1.2700749006460788,-0.9258758076382557,2839,12.216290212183436,6.4486652977412735,0.2518376059770022
dkasc_7,tcn,3,0.0,full record,25557,0.022044522687792778,0.015834718942642212,0.9920713901519775,0.057619168756946886,-1.1227772119749015,-1.2994129893743267,-0.9713802358167434,2839,12.216290212183436,6.4486652977412735,0.2518376059770022
dkasc_7,tcn,4,0.0,full record,25557,0.020824594423174858,0.014540225267410278,0.9929246306419373,0.054430564787339805,-1.0731145186235789,-1.2410901692232024,-0.9460309846531852,2839,12.216290212183436,6.4486652977412735,0.2518376059770022
dkasc_7,tcn,0,-0.25,full record,25557,0.023663176223635674,0.017194392159581184,0.9905977845191956,0.06280191118435675,-1.3252918505318443,-1.5334927645788143,-1.1117141203333802,2839,12.216290212183436,6.4486652977412735,0.2518376059770022
dkasc_7,tcn,1,-0.25,full record,25557,0.023679541423916817,0.01723301410675049,0.9905847907066345,0.06284534431627688,-1.2559981134092513,-1.43521648027312,-1.106024594082522,2839,12.216290212183436,6.4486652977412735,0.2518376059770022
dkasc_7,tcn,2,-0.25,full record,25557,0.022607900202274323,0.016167398542165756,0.9914177060127258,0.06000121569267036,-1.2796844308689215,-1.4085462143720637,-1.136107669144093,2839,12.216290212183436,6.4486652977412735,0.2518376059770022
dkasc_7,tcn,3,-0.25,full record,25557,0.023551207035779953,0.016944821923971176,0.9906865358352661,0.06250474570983876,-1.3313109999861572,-1.460400482655011,-1.117364428679224,2839,12.216290212183436,6.4486652977412735,0.2518376059770022
dkasc_7,tcn,4,-0.25,full record,25557,0.023566361516714096,0.017239045351743698,0.9906745553016663,0.06254496560072223,-1.20664312342873,-1.3489638804231596,-1.0428909056270697,2839,12.216290212183436,6.4486652977412735,0.2518376059770022
dkasc_7,tcn,0,-0.5,full record,25557,0.024859411641955376,0.018015047535300255,0.9893205165863037,0.06700806284082682,-1.4886499982843748,-1.6740170658653741,-1.351708550645851,2839,12.216290212183436,6.4486652977412735,0.2518376059770022
dkasc_7,tcn,1,-0.5,full record,25557,0.025663794949650764,0.018536122515797615,0.9886181950569153,0.06917626247509319,-1.4833870148492023,-1.6386272649809408,-1.3350824574658082,2839,12.216290212183436,6.4486652977412735,0.2518376059770022
dkasc_7,tcn,2,-0.5,full record,25557,0.025293512269854546,0.018443197011947632,0.9889442324638367,0.06817817267980698,-1.448412728839008,-1.597258258050175,-1.281111331424567,2839,12.216290212183436,6.4486652977412735,0.2518376059770022
dkasc_7,tcn,3,-0.5,full record,25557,0.025775190442800522,0.019024750217795372,0.9885191917419434,0.06947652687043254,-1.4984475979191503,-1.6272193586459927,-1.3472873519006834,2839,12.216290212183436,6.4486652977412735,0.2518376059770022
dkasc_7,tcn,4,-0.5,full record,25557,0.025880780071020126,0.019151046872138977,0.9884248971939087,0.06976114166924531,-1.3884102572459533,-1.56014159344402,-1.1960289252196166,2839,12.216290212183436,6.4486652977412735,0.2518376059770022
dkasc_7,tcn,0,-1.0,full record,25557,0.03041410818696022,0.022191476076841354,0.9830706715583801,0.08462638625270841,-1.8731248583096936,-2.0661192102715775,-1.7262515323432301,2839,12.216290212183436,6.4486652977412735,0.2518376059770022
dkasc_7,tcn,1,-1.0,full record,25557,0.030162334442138672,0.02218700759112835,0.9833498001098633,0.0839258330079253,-1.8241855314511168,-1.9849567594847621,-1.6859399154269372,2839,12.216290212183436,6.4486652977412735,0.2518376059770022
dkasc_7,tcn,2,-1.0,full record,25557,0.030998477712273598,0.023159310221672058,0.9824138879776001,0.08625237774519229,-1.9004161260409047,-2.057777102364522,-1.7326261591051941,2839,12.216290212183436,6.4486652977412735,0.2518376059770022
dkasc_7,tcn,3,-1.0,full record,25557,0.03001563809812069,0.021775873377919197,0.9835113883018494,0.08351765462589245,-1.8165763629352627,-1.9329870527802029,-1.667123041051899,2839,12.216290212183436,6.4486652977412735,0.2518376059770022
dkasc_7,tcn,4,-1.0,full record,25557,0.03021654114127159,0.021783148869872093,0.983289897441864,0.08407666159806866,-1.8490580960232594,-2.0388637986428315,-1.6755472139854621,2839,12.216290212183436,6.4486652977412735,0.2518376059770022
dkasc_7,tcn,0,-2.0,full record,25557,0.04168539494276047,0.030771074816584587,0.9643781781196594,0.12399159796834332,-2.636424813828664,-2.8125176953950115,-2.4916493271186835,2839,12.216290212183436,6.4486652977412735,0.2518376059770022
dkasc_7,tcn,1,-2.0,full record,25557,0.040945686399936676,0.02971142902970314,0.9656311869621277,0.12179136346459214,-2.6618673461821007,-2.8456500449855926,-2.4427561931556343,2839,12.216290212183436,6.4486652977412735,0.2518376059770022
dkasc_7,tcn,2,-2.0,full record,25557,0.0412575863301754,0.029959941282868385,0.9651055932044983,0.12271909776600916,-2.689229049009074,-2.8613709150030586,-2.5467542371544996,2839,12.216290212183436,6.4486652977412735,0.2518376059770022
dkasc_7,tcn,3,-2.0,full record,25557,0.041085030883550644,0.030303779989480972,0.9653968811035156,0.12220583825162712,-2.593905273921704,-2.738771260202626,-2.4638322106726007,2839,12.216290212183436,6.4486652977412735,0.2518376059770022
dkasc_7,tcn,4,-2.0,full record,25557,0.04149946570396423,0.03077448345720768,0.9646952152252197,0.12343855862545024,-2.657510696456067,-2.849309855725313,-2.4967323246463557,2839,12.216290212183436,6.4486652977412735,0.2518376059770022
dkasc_8,tcn,0,0.0,full record,31083,0.12457121908664703,0.059295471757650375,0.7860566973686218,0.33200184431503,-1.2182173522633566,-1.5647682311704936,-0.9117217323293347,3380,12.238193018480493,5.268651608487337,0.3004158636778578
dkasc_8,tcn,1,0.0,full record,31083,0.12485365569591522,0.05760672315955162,0.7850854396820068,0.3327545821935435,-1.101348550025669,-1.4152141982530315,-0.7563084193129657,3380,12.238193018480493,5.268651608487337,0.3004158636778578
dkasc_8,tcn,2,0.0,full record,31083,0.12374210357666016,0.0593244694173336,0.7888951301574707,0.32979212139119496,-1.1662209398123402,-1.397813330880817,-0.8632716843546662,3380,12.238193018480493,5.268651608487337,0.30038543462825845
dkasc_8,tcn,3,0.0,full record,31083,0.12417265772819519,0.05706134811043739,0.7874235510826111,0.3309396157597593,-1.2327007902975307,-1.5353644800709518,-1.0030638661147289,3380,12.238193018480493,5.268651608487337,0.3004158636778578
dkasc_8,tcn,4,0.0,full record,31083,0.12477033585309982,0.05472260341048241,0.7853721976280212,0.33253252173940673,-1.0659007329765269,-1.4259858243511392,-0.6655952890538481,3380,12.238193018480493,5.268651608487337,0.3004158636778578
dkasc_8,tcn,0,-0.25,full record,31083,0.12276898324489594,0.05605318769812584,0.7868143916130066,0.3316200936438114,-1.4933856840386228,-1.818148381458275,-1.0401045234045014,3380,12.238193018480493,5.268651608487337,0.3004158636778578
dkasc_8,tcn,1,-0.25,full record,31083,0.1241132989525795,0.05370510369539261,0.7821200489997864,0.335251321084863,-1.4553448475852662,-1.7335130707858748,-1.1175248033895988,3380,12.238193018480493,5.268651608487337,0.3004158636778578
dkasc_8,tcn,2,-0.25,full record,31083,0.12311644852161407,0.059884101152420044,0.7856059074401855,0.3325586569890286,-1.4152045445469696,-1.7564002805328396,-1.0934397649809857,3380,12.238193018480493,5.268651608487337,0.3004158636778578
dkasc_8,tcn,3,-0.25,full record,31083,0.12431954592466354,0.05947169288992882,0.7813953161239624,0.33580842955304857,-1.3167030601204555,-1.5825307111917954,-1.0399503308005986,3380,12.238193018480493,5.268651608487337,0.3004158636778578
dkasc_8,tcn,4,-0.25,full record,31083,0.1235157772898674,0.06303995847702026,0.7842128872871399,0.33363731252581574,-1.4371909750234484,-1.7528059986466054,-1.1069802613022586,3380,12.238193018480493,5.268651608487337,0.3004158636778578
dkasc_8,tcn,0,-0.5,full record,31083,0.12160976231098175,0.05484044924378395,0.7854057550430298,0.3329884888729417,-1.5761740815892855,-1.907079441882582,-1.2924388365021027,3380,12.238193018480493,5.268651608487337,0.3004158636778578
dkasc_8,tcn,1,-0.5,full record,31083,0.12229783833026886,0.05476238206028938,0.7829705476760864,0.33487255960491313,-1.6772189752006443,-1.9754051892554525,-1.4411401627864473,3380,12.238193018480493,5.268651608487337,0.3004158636778578
dkasc_8,tcn,2,-0.5,full record,31083,0.12181311845779419,0.057389192283153534,0.7846875190734863,0.33354531305171886,-1.5647808952156357,-1.9606952037114822,-1.3466167281238783,3380,12.238193018480493,5.268651608487337,0.3004158636778578
dkasc_8,tcn,3,-0.5,full record,31083,0.12310365587472916,0.05969708412885666,0.7801011204719543,0.33707902692577646,-1.6284969361886004,-1.8879408850977217,-1.3278109230534616,3380,12.238193018480493,5.268651608487337,0.3004158636778578
dkasc_8,tcn,4,-0.5,full record,31083,0.12255582958459854,0.06381051242351532,0.7820538878440857,0.3355789841245334,-1.5572556152029682,-1.9091329800106305,-1.2271226525121275,3380,12.238193018480493,5.268651608487337,0.3004158636778578
dkasc_8,tcn,0,-1.0,full record,31083,0.1200905367732048,0.05596155300736427,0.7798022031784058,0.33809091891512744,-2.0685816010710196,-2.374078441413774,-1.7675543151640454,3380,12.238193018480493,5.268651608487337,0.3004158636778578
dkasc_8,tcn,1,-1.0,full record,31083,0.12074465304613113,0.05545801669359207,0.7773969173431396,0.3399324526257199,-2.0463386834613075,-2.3579941099166057,-1.7270886414769426,3380,12.238193018480493,5.268651608487337,0.3004158636778578
dkasc_8,tcn,2,-1.0,full record,31083,0.11961664259433746,0.05991647019982338,0.7815366387367249,0.3367567645120676,-2.0296187850591396,-2.3412801125697786,-1.665963059842392,3380,12.238193018480493,5.268651608487337,0.3004158636778578
dkasc_8,tcn,3,-1.0,full record,31083,0.11964195221662521,0.05879722535610199,0.7814441919326782,0.33682801869817236,-2.1110400216006466,-2.3689533188250014,-1.8240770301326092,3380,12.238193018480493,5.268651608487337,0.3004158636778578
dkasc_8,tcn,4,-1.0,full record,31083,0.12007488310337067,0.056463029235601425,0.7798596024513245,0.3380468491344368,-2.005244575130971,-2.353743030568505,-1.679988483079431,3380,12.238193018480493,5.268651608487337,0.3004158636778578
dkasc_8,tcn,0,-2.0,full record,31083,0.1175597608089447,0.060419611632823944,0.766706109046936,0.35072433873277287,-2.843449972542391,-3.0982745319295733,-2.5305770310872555,3380,12.238193018480493,5.268651608487337,0.3004158636778578
dkasc_8,tcn,1,-2.0,full record,31083,0.11778324097394943,0.05931277573108673,0.7658182978630066,0.3513910628954611,-2.963347464780516,-3.2732157456667337,-2.621248712013673,3380,12.238193018480493,5.268651608487337,0.3004158636778578
dkasc_8,tcn,2,-2.0,full record,31083,0.11724074184894562,0.05792466923594475,0.7679705619812012,0.34977258693420693,-2.906475729663433,-3.1725135247127594,-2.565018792755663,3380,12.238193018480493,5.268651608487337,0.3004158636778578
dkasc_8,tcn,3,-2.0,full record,31083,0.11864709109067917,0.06256594508886337,0.7623706459999084,0.3539682479702645,-2.895400235732967,-3.1134061361925736,-2.652729973334045,3380,12.238193018480493,5.268651608487337,0.3004158636778578
dkasc_8,tcn,4,-2.0,full record,31083,0.11553240567445755,0.0633665919303894,0.7746831774711609,0.34467598694958856,-2.9122433046349814,-3.2646441079625554,-2.658304850202675,3380,12.238193018480493,5.268651608487337,0.3004158636778578
dkasc_10,tcn,0,0.0,full record,30964,0.04040193557739258,0.02159985899925232,0.9785500168800354,0.10196123204208342,-1.3233107831423063,-1.486804777831068,-1.169481937308335,3340,12.216290212183436,5.224845995893224,0.2880636498053692
dkasc_10,tcn,1,0.0,full record,30964,0.04118015989661217,0.02232169359922409,0.9777157306671143,0.1039252149369312,-1.3936236538470204,-1.5178773030485537,-1.2382113159545196,3341,12.216290212183436,5.22621492128679,0.29148351924682403
dkasc_10,tcn,2,0.0,full record,30964,0.04108498618006706,0.022273533046245575,0.9778186082839966,0.10368502769693191,-1.3732668020613847,-1.505160981388709,-1.2525089834620193,3341,12.216290212183436,5.22621492128679,0.2917148633560989
dkasc_10,tcn,3,0.0,full record,30964,0.0405326709151268,0.021709756925702095,0.9784109592437744,0.10229116514841405,-1.2904728207012328,-1.405571865197336,-1.1578015699130786,3341,12.216290212183436,5.22621492128679,0.29151369456542514
dkasc_10,tcn,4,0.0,full record,30964,0.04096996784210205,0.021769322454929352,0.9779426455497742,0.1033947591422514,-1.3557332166435812,-1.507471595683846,-1.181538588806319,3341,12.216290212183436,5.22621492128679,0.2917349802351663
dkasc_10,tcn,0,-0.25,full record,30964,0.04080895334482193,0.02183431386947632,0.9775504469871521,0.10439053621810537,-1.512915764719125,-1.6575997939599365,-1.3383761796674332,3340,12.216290212183436,5.224845995893224,0.2883855198704473
dkasc_10,tcn,1,-0.25,full record,30964,0.04209604859352112,0.02421332336962223,0.9761120080947876,0.10768296477024643,-1.5370491145509035,-1.709536876604639,-1.3907152513732979,3341,12.216290212183436,5.22621492128679,0.28875768213319386
dkasc_10,tcn,2,-0.25,full record,30964,0.042155299335718155,0.02412487007677555,0.9760447144508362,0.10783452995980192,-1.5728666719918905,-1.7014335585074036,-1.4608227232251192,3341,12.216290212183436,5.22621492128679,0.2915639867630936
dkasc_10,tcn,3,-0.25,full record,30964,0.04105440527200699,0.022429993376135826,0.977279543876648,0.1050184096672995,-1.4723905190111464,-1.6028557687234388,-1.3242574511249994,3340,12.216290212183436,5.224845995893224,0.28734950059847714
dkasc_10,tcn,4,-0.25,full record,30964,0.04198329150676727,0.02333282306790352,0.976239800453186,0.10739452873393923,-1.5430991117983204,-1.6862587118141101,-1.4021893197750606,3341,12.216290212183436,5.22621492128679,0.2916645711584305
dkasc_10,tcn,0,-0.5,full record,30964,0.04266892373561859,0.024797702208161354,0.9748247265815735,0.11065488754288488,-1.7511699633114217,-1.9227028733632023,-1.6011079476219603,3340,12.216290212183436,5.224845995893224,0.2879328900914312
dkasc_10,tcn,1,-0.5,full record,30964,0.04341357573866844,0.026052840054035187,0.9739383459091187,0.11258602094026375,-1.8448346703587915,-2.0014392762956543,-1.6719749234403336,3341,12.216290212183436,5.22621492128679,0.2911817660608133
dkasc_10,tcn,2,-0.5,full record,30964,0.04322957247495651,0.025693079456686974,0.9741588234901428,0.11210883851635906,-1.792027247728635,-1.9078516804451884,-1.6094015100802495,3341,12.216290212183436,5.22621492128679,0.2917148633560989
dkasc_10,tcn,3,-0.5,full record,30964,0.04300014674663544,0.024918850511312485,0.9744323492050171,0.11151386034620143,-1.711013996676386,-1.836480456378105,-1.5836394636659035,3341,12.216290212183436,5.22621492128679,0.2898942858005009
dkasc_10,tcn,4,-0.5,full record,30964,0.04331287741661072,0.025530675426125526,0.9740591049194336,0.11232487628210232,-1.7980775974779042,-1.9472313192083757,-1.6460207398026676,3341,12.216290212183436,5.22621492128679,0.2917349802351663
dkasc_10,tcn,0,-1.0,full record,30964,0.04601851850748062,0.028995394706726074,0.9691948294639587,0.12272941186382401,-2.2285792943995686,-2.37714011411427,-2.0614092890818725,3340,12.216290212183436,5.224845995893224,0.28765125378448786
dkasc_10,tcn,1,-1.0,full record,30964,0.04646466672420502,0.02905271388590336,0.9685946106910706,0.12391926999091209,-2.129522651707977,-2.295806010826592,-1.9762958372317008,3340,12.216290212183436,5.224845995893224,0.28748026031241514
dkasc_10,tcn,2,-1.0,full record,30964,0.04634460434317589,0.029344243928790092,0.9687567353248596,0.12359906877869184,-2.2386652964019813,-2.3672647572696426,-2.1109235006474325,3341,12.216290212183436,5.22621492128679,0.2917349802351663
dkasc_10,tcn,3,-1.0,full record,30964,0.04625699669122696,0.02896808832883835,0.9688747525215149,0.12336542293464506,-2.1847635105760723,-2.354172723583814,-2.0467118055915723,3341,12.216290212183436,5.22621492128679,0.2900351039539726
dkasc_10,tcn,4,-1.0,full record,30964,0.04619850218296051,0.028543923050165176,0.9689533710479736,0.12320942059407344,-2.173889600013723,-2.329752988082369,-2.008348000688334,3341,12.216290212183436,5.22621492128679,0.28824470171697564
dkasc_10,tcn,0,-2.0,full record,30964,0.05456698685884476,0.03714284300804138,0.9521440267562866,0.15428771487680293,-3.128319680414304,-3.272134371107027,-2.978591384289259,3341,12.216290212183436,5.22621492128679,0.2884861042657842
dkasc_10,tcn,1,-2.0,full record,30964,0.055217195302248,0.03763747587800026,0.9509966969490051,0.15612617400202086,-3.176352437637947,-3.2842402204564274,-3.0150901052986456,3341,12.216290212183436,5.22621492128679,0.29063861032599403
dkasc_10,tcn,2,-2.0,full record,30964,0.05468307062983513,0.03711070492863655,0.9519401788711548,0.15461594080224605,-3.1328197087811036,-3.266372881471755,-2.970221812213826,3341,12.216290212183436,5.22621492128679,0.29128235045615025
dkasc_10,tcn,3,-2.0,full record,30964,0.054492972791194916,0.036388710141181946,0.9522737264633179,0.15407844069796708,-3.0530813999775557,-3.2003847788255295,-2.908321322312757,3341,12.216290212183436,5.22621492128679,0.28830505235417775
dkasc_10,tcn,4,-2.0,full record,30964,0.054429106414318085,0.0366235077381134,0.9523855447769165,0.15389785903287942,-3.1449208762398593,-3.286509628385348,-2.967972606873397,3341,12.216290212183436,5.22621492128679,0.29006527927257364
dkasc_11,tcn,0,0.0,full record,31489,0.029239486902952194,0.016900354996323586,0.9882385730743408,0.073218392241397,-1.2957940727556627,-1.415691199348542,-1.172211656759492,3385,12.216290212183436,5.275496235455167,0.30229860496352146
dkasc_11,tcn,1,0.0,full record,31489,0.02984858676791191,0.01730765774846077,0.9877434372901917,0.0747436349029671,-1.2660043911511432,-1.4079149887444853,-1.1666521852365714,3384,12.216290212183436,5.276865160848733,0.29808602216184865
dkasc_11,tcn,2,0.0,full record,31489,0.029973644763231277,0.018030868843197823,0.9876405596733093,0.07505679174407745,-1.278236589624282,-1.4214317512464714,-1.1632541436502941,3385,12.216290212183436,5.275496235455167,0.3008944106962972
dkasc_11,tcn,3,0.0,full record,31489,0.030749937519431114,0.01888764090836048,0.9869920611381531,0.07700070094146681,-1.2935687528781603,-1.436396947003793,-1.1829543404711318,3385,12.216290212183436,5.275496235455167,0.30229860496352146
dkasc_11,tcn,4,0.0,full record,31489,0.030188633129000664,0.017808113247156143,0.98746258020401,0.07559514258944233,-1.2840290839677526,-1.3898407531070633,-1.189258991740072,3385,12.216290212183436,5.275496235455167,0.30207474790642774
dkasc_11,tcn,0,-0.25,full record,31489,0.031134700402617455,0.018884137272834778,0.9863075613975525,0.07905129320654643,-1.547011843958812,-1.6607088592593633,-1.408526236703156,3385,12.216290212183436,5.275496235455167,0.3005586251106566
dkasc_11,tcn,1,-0.25,full record,31489,0.03161899000406265,0.02002464421093464,0.9858782887458801,0.08028090899811215,-1.5604521984589144,-1.687344781436706,-1.420827985855333,3385,12.216290212183436,5.275496235455167,0.30229860496352146
dkasc_11,tcn,2,-0.25,full record,31489,0.03131609782576561,0.01935284212231636,0.9861475825309753,0.07951186294702133,-1.5379174828250797,-1.6573005850340494,-1.393478693067507,3385,12.216290212183436,5.275496235455167,0.30148457930136247
dkasc_11,tcn,3,-0.25,full record,31489,0.031245125457644463,0.018831273540854454,0.986210286617279,0.07933166344584237,-1.5033870773962565,-1.6130621240815102,-1.3900341888085865,3385,12.216290212183436,5.275496235455167,0.30229860496352146
dkasc_11,tcn,4,-0.25,full record,31489,0.032446328550577164,0.020640229806303978,0.9851296544075012,0.08238152924419932,-1.5413463747489864,-1.6773792802524445,-1.3917164433695617,3385,12.216290212183436,5.275496235455167,0.30222737771808256
dkasc_11,tcn,0,-0.5,full record,31489,0.034514542669057846,0.022342592477798462,0.9827237725257874,0.08887193546240897,-1.7473991127849642,-1.859806345062831,-1.6138491664842824,3385,12.216290212183436,5.275496235455167,0.3016880857169022
dkasc_11,tcn,1,-0.5,full record,31489,0.03400951623916626,0.022709403187036514,0.9832257032394409,0.0875715364765527,-1.794701428354506,-1.9280333801505716,-1.6779743599669956,3385,12.216290212183436,5.275496235455167,0.3016473844337943
dkasc_11,tcn,2,-0.5,full record,31489,0.03230110555887222,0.02009454183280468,0.984868586063385,0.0831725280591966,-1.7448084134688457,-1.8547352795980572,-1.5913656506354124,3385,12.216290212183436,5.275496235455167,0.3022375530388596
dkasc_11,tcn,3,-0.5,full record,31489,0.03316574916243553,0.021162904798984528,0.9840477108955383,0.08539890988527689,-1.7183462871664945,-1.8511538512252623,-1.6270297786572963,3385,12.216290212183436,5.275496235455167,0.3022070270765286
dkasc_11,tcn,4,-0.5,full record,31489,0.03387068957090378,0.02190021239221096,0.9833623170852661,0.08721406992048139,-1.7199057582347244,-1.8603193102313842,-1.5892948897994974,3385,12.216290212183436,5.275496235455167,0.3022884296427445
dkasc_11,tcn,0,-1.0,full record,31489,0.03717765957117081,0.024997636675834656,0.978873610496521,0.09851539682078386,-2.1988642506060154,-2.309629571950189,-2.095703234152929,3385,12.216290212183436,5.275496235455167,0.29955126835373486
dkasc_11,tcn,1,-1.0,full record,31489,0.03811182454228401,0.025613997131586075,0.977798581123352,0.10099079828195216,-2.165019021077552,-2.3128248793604755,-2.0590223131570107,3385,12.216290212183436,5.275496235455167,0.30229860496352146
dkasc_11,tcn,2,-1.0,full record,31489,0.037549715489149094,0.024836016818881035,0.9784486293792725,0.09950129095241916,-2.161023085054241,-2.2844517025304656,-2.068587204737904,3385,12.216290212183436,5.275496235455167,0.30165755975457126
dkasc_11,tcn,3,-1.0,full record,31489,0.03746620565652847,0.025299934670329094,0.9785444140434265,0.09928000202799646,-2.1840425598408,-2.301784209517998,-2.07645057963143,3385,12.216290212183436,5.275496235455167,0.3016982610376792
dkasc_11,tcn,4,-1.0,full record,31489,0.03736606612801552,0.0250836368650198,0.97865891456604,0.09901464682536423,-2.141076936501307,-2.2773177447950377,-2.04047867642565,3385,12.216290212183436,5.275496235455167,0.30029406677045495
dkasc_11,tcn,0,-2.0,full record,31489,0.04777131974697113,0.03355201706290245,0.9613141417503357,0.13441105777696682,-3.063571853122571,-3.187486939195039,-2.9629363529837516,3385,12.216290212183436,5.275496235455167,0.30205439726487376
dkasc_11,tcn,1,-2.0,full record,31489,0.04841038957238197,0.03480535000562668,0.9602721929550171,0.13620916701241995,-3.1082089321913142,-3.2318664059867164,-3.013324756252167,3385,12.216290212183436,5.275496235455167,0.3018000142454491
dkasc_11,tcn,2,-2.0,full record,31489,0.04737277701497078,0.033790335059165955,0.9619569778442383,0.13328970399270412,-3.066604441365417,-3.1944455202342903,-2.9534624103404714,3385,12.216290212183436,5.275496235455167,0.30043652126133275
dkasc_11,tcn,3,-2.0,full record,31489,0.0476326160132885,0.033781327307224274,0.9615384936332703,0.13402079609567677,-3.0978820744053115,-3.2161080614160675,-2.9333415887934255,3385,12.216290212183436,5.275496235455167,0.299418989183634
dkasc_11,tcn,4,-2.0,full record,31489,0.04919895902276039,0.035850122570991516,0.958967387676239,0.13842791362686083,-3.081090102770556,-3.2240442525247612,-2.9727327953725458,3385,12.216290212183436,5.275496235455167,0.29779093785931604
dkasc_13,tcn,0,0.0,full record,31899,0.03425060957670212,0.018337039276957512,0.9839699864387512,0.08570342206740926,-0.6540290875764827,-0.7920894816844659,-0.5435155815791792,3404,12.216290212183436,5.301505817932923,0.30055246386765105
dkasc_13,tcn,1,0.0,full record,31899,0.03460089489817619,0.019426977261900902,0.9836404323577881,0.08657992181796352,-0.7492622992710696,-0.8552300045187359,-0.6054917594468967,3404,12.216290212183436,5.301505817932923,0.3011382573653432
dkasc_13,tcn,2,0.0,full record,31899,0.03481367975473404,0.02022235095500946,0.9834386110305786,0.08711236169557478,-0.8299615073996014,-0.9405809243060226,-0.6407490798338927,3404,12.216290212183436,5.301505817932923,0.3008150609528234
dkasc_13,tcn,3,0.0,full record,31899,0.03471707925200462,0.019125061109662056,0.9835304021835327,0.08687064355509022,-0.8473257826840089,-0.9965804832012704,-0.6761157354233438,3404,12.216290212183436,5.301505817932923,0.3012190564684732
dkasc_13,tcn,4,0.0,full record,31899,0.03501603379845619,0.019348720088601112,0.9832454919815063,0.08761870112224482,-0.7401851944011661,-0.8577880796507342,-0.6014497456770185,3404,12.216290212183436,5.301505817932923,0.3011988566926907
dkasc_13,tcn,0,-0.25,full record,31899,0.03536339849233627,0.020704101771116257,0.9824334979057312,0.08974178675737761,-0.9969890881905696,-1.1302316691302547,-0.8728341632641216,3404,12.216290212183436,5.301505817932923,0.3011382573653432
dkasc_13,tcn,1,-0.25,full record,31899,0.03550315648317337,0.021011725068092346,0.9822943806648254,0.09009645096800376,-1.0052745553317202,-1.1385909727757215,-0.8536551554241132,3404,12.216290212183436,5.301505817932923,0.30106755815010455
dkasc_13,tcn,2,-0.25,full record,31899,0.03482849523425102,0.019848564639687538,0.9829608798027039,0.08838436139190217,-0.9370954995413627,-1.0710861441034947,-0.8082419036169546,3404,12.216290212183436,5.301505817932923,0.3012190564684732
dkasc_13,tcn,3,-0.25,full record,31899,0.03486006334424019,0.01957605592906475,0.9829300045967102,0.08846447186532275,-0.883374078835937,-1.0462246472515813,-0.7504291275706731,3404,12.216290212183436,5.301505817932923,0.3011988566926907
dkasc_13,tcn,4,-0.25,full record,31899,0.034923944622278214,0.01986265741288662,0.9828673601150513,0.08862658354790663,-1.0043421192295985,-1.1202130678600208,-0.8565177718797168,3404,12.216290212183436,5.301505817932923,0.3011786569169082
dkasc_13,tcn,0,-0.5,full record,31899,0.035768985748291016,0.021740252152085304,0.9815258979797363,0.09207576767908932,-1.2128165629930465,-1.3518279123760357,-1.0507171274989235,3404,12.216290212183436,5.301505817932923,0.3010372584864308
dkasc_13,tcn,1,-0.5,full record,31899,0.03611813858151436,0.02233988605439663,0.981163501739502,0.09297454952833156,-1.2562276902830183,-1.3984883622773059,-1.0984430494384578,3404,12.216290212183436,5.301505817932923,0.3012190564684732
dkasc_13,tcn,2,-0.5,full record,31899,0.03517557680606842,0.02086709626019001,0.9821338057518005,0.09054822691270367,-1.1870021278960725,-1.3241209245529395,-1.047929281451938,3404,12.216290212183436,5.301505817932923,0.3002494672309137
dkasc_13,tcn,3,-0.5,full record,31899,0.035559218376874924,0.021304816007614136,0.9817419648170471,0.09153578894183692,-1.1375753079923667,-1.307666730294954,-1.0067870548228663,3404,12.216290212183436,5.301505817932923,0.3012190564684732
dkasc_13,tcn,4,-0.5,full record,31899,0.036270640790462494,0.021842528134584427,0.9810041189193726,0.09336711749378826,-1.2215338576698764,-1.3450840131043584,-1.0800231636989288,3404,12.216290212183436,5.301505817932923,0.3012190564684732
dkasc_13,tcn,0,-1.0,full record,31899,0.03736084699630737,0.023751843720674515,0.9787057638168335,0.09902013179177639,-1.6278896901043893,-1.7672878004706765,-1.4770049298014176,3404,12.216290212183436,5.301505817932923,0.3012190564684732
dkasc_13,tcn,1,-1.0,full record,31899,0.037755049765110016,0.02389492839574814,0.9782540798187256,0.10006491565664377,-1.6135991078600245,-1.7897335327686004,-1.4811106207464508,3404,12.216290212183436,5.301505817932923,0.3009463594954096
dkasc_13,tcn,2,-1.0,full record,31899,0.03771005570888519,0.0239761620759964,0.9783058762550354,0.09994566468308663,-1.640968853526903,-1.7702580098760134,-1.516223700713743,3404,12.216290212183436,5.301505817932923,0.3009463594954096
dkasc_13,tcn,3,-1.0,full record,31899,0.03743023797869682,0.023667462170124054,0.9786266088485718,0.09920404368815398,-1.6399604798571388,-1.7782277432969291,-1.5054349733131134,3404,12.216290212183436,5.301505817932923,0.30120895658058194
dkasc_13,tcn,4,-1.0,full record,31899,0.03715892136096954,0.023284582421183586,0.9789353609085083,0.09848495380115786,-1.5415090392726092,-1.6728184963329729,-1.3956514831220943,3404,12.216290212183436,5.301505817932923,0.3011382573653432
dkasc_13,tcn,0,-2.0,full record,31899,0.04549825191497803,0.03159024566411972,0.9647976160049438,0.12817491864747818,-2.6622583431911706,-2.789246733518891,-2.4811825771059115,3404,12.216290212183436,5.301505817932923,0.30086556039227963
dkasc_13,tcn,1,-2.0,full record,31899,0.04625190421938896,0.03240843862295151,0.9636217355728149,0.13029806225719026,-2.6861805888000356,-2.8203332722297705,-2.520533098195943,3404,12.216290212183436,5.301505817932923,0.3012190564684732
dkasc_13,tcn,2,-2.0,full record,31899,0.04590203985571861,0.032086025923490524,0.9641700387001038,0.12931244556943491,-2.6853524123552575,-2.803680914819251,-2.506653469819166,3404,12.216290212183436,5.301505817932923,0.3005221642039773
dkasc_13,tcn,3,-2.0,full record,31899,0.04553297907114029,0.03155764564871788,0.9647438526153564,0.12827274988777007,-2.6015657891634003,-2.7230595401743662,-2.4396842352945813,3404,12.216290212183436,5.301505817932923,0.2999262708183939
dkasc_13,tcn,4,-2.0,full record,31899,0.04596779868006706,0.03214789927005768,0.964067280292511,0.1294976973451947,-2.6263903600301575,-2.7664425324416264,-2.503851374415489,3404,12.216290212183436,5.301505817932923,0.3012190564684732
dkasc_17,tcn,0,0.0,full record,31264,0.10038764774799347,0.04569562152028084,0.8840531706809998,0.22889842821902107,-0.6501093652560492,-0.8016983787929588,-0.46960245913104515,3362,12.216290212183436,5.252224503764545,0.3001632819675477
dkasc_17,tcn,1,0.0,full record,31264,0.10882426053285599,0.04740314930677414,0.8637458086013794,0.2481351316309319,-0.7893203628663015,-0.9634022658792429,-0.5487050381672076,3365,12.216290212183436,5.248117727583846,0.3011837942647209
dkasc_17,tcn,2,0.0,full record,31264,0.10952938348054886,0.048129837960004807,0.8619744181632996,0.24974291444135527,-0.7450690206159516,-0.9451970861127812,-0.5382864498036841,3365,12.216290212183436,5.248117727583846,0.3011837942647209
dkasc_17,tcn,3,0.0,full record,31264,0.10843485593795776,0.043231453746557236,0.8647192120552063,0.24724723255457118,-0.7641891777596554,-0.9481956068273956,-0.5966216475645547,3365,12.216290212183436,5.248117727583846,0.3011837942647209
dkasc_17,tcn,4,0.0,full record,31264,0.10897020250558853,0.04796815663576126,0.8633801341056824,0.2484679005414409,-0.7016399072314136,-0.8829895936573129,-0.47552750804289445,3365,12.216290212183436,5.248117727583846,0.3011837942647209
dkasc_17,tcn,0,-0.25,full record,31264,0.10481420159339905,0.043634410947561264,0.8700470328330994,0.24235360595102942,-0.8719682781563654,-1.0765136887570945,-0.7157631527736075,3363,12.216290212183436,5.250855578370979,0.30078579446882336
dkasc_17,tcn,1,-0.25,full record,31264,0.10720203816890717,0.0472901277244091,0.8640584945678711,0.24787481200611228,-0.9903148625526881,-1.1738079229000942,-0.82224361632777,3365,12.216290212183436,5.248117727583846,0.3011837942647209
dkasc_17,tcn,2,-0.25,full record,31264,0.10801708698272705,0.04686008393764496,0.8619835376739502,0.24975938505110504,-1.061299506172242,-1.2588797306570365,-0.8152904975258557,3365,12.216290212183436,5.248117727583846,0.3011837942647209
dkasc_17,tcn,3,-0.25,full record,31264,0.10783875733613968,0.04400867968797684,0.8624388575553894,0.24934704748385364,-1.011116210430596,-1.1876833979792112,-0.8012048031119878,3365,12.216290212183436,5.248117727583846,0.3011837942647209
dkasc_17,tcn,4,-0.25,full record,31264,0.10771377384662628,0.046071331948041916,0.8627575635910034,0.24905805802529327,-0.8896238782906262,-1.0824442140878965,-0.7355717784737426,3365,12.216290212183436,5.248117727583846,0.3011837942647209
dkasc_17,tcn,0,-0.5,full record,31264,0.10402710735797882,0.04283428192138672,0.8683943748474121,0.24396561611553777,-1.1365690535365625,-1.3452685604497527,-1.0142944806750043,3362,12.216290212183436,5.252224503764545,0.3006735381161343
dkasc_17,tcn,1,-0.5,full record,31264,0.10611546784639359,0.04599451646208763,0.8630573153495789,0.24886326410525067,-1.2316491785278494,-1.395009956809929,-1.0763014317319408,3365,12.216290212183436,5.248117727583846,0.3011837942647209
dkasc_17,tcn,2,-0.5,full record,31264,0.10721851885318756,0.048321682959795,0.860195517539978,0.25145015251649244,-1.2331102179129734,-1.48373322764514,-1.030107711242123,3365,12.216290212183436,5.248117727583846,0.3011837942647209
dkasc_17,tcn,3,-0.5,full record,31264,0.10619817674160004,0.04547316953539848,0.8628437519073486,0.24905723399530866,-1.2348315489354214,-1.4624294785924308,-1.0344008408443088,3365,12.216290212183436,5.248117727583846,0.3011837942647209
dkasc_17,tcn,4,-0.5,full record,31264,0.10611601173877716,0.04653378948569298,0.863055944442749,0.2488645396481724,-1.1737978651151004,-1.3519151888776653,-0.9238281629440181,3365,12.216290212183436,5.248117727583846,0.3011837942647209
dkasc_17,tcn,0,-1.0,full record,31264,0.10204288363456726,0.045760396867990494,0.8661750555038452,0.24634182507396568,-1.6110232215674924,-1.790986317852125,-1.4029318031357596,3364,12.216290212183436,5.249486652977413,0.3008062047147668
dkasc_17,tcn,1,-1.0,full record,31264,0.10441729426383972,0.047924697399139404,0.8598746657371521,0.25207389209379516,-1.776572821592326,-1.9356932762821244,-1.5794422070764855,3365,12.216290212183436,5.248117727583846,0.3011837942647209
dkasc_17,tcn,2,-1.0,full record,31264,0.10547178983688354,0.0471731536090374,0.8570301532745361,0.25461955088687965,-1.695042072904862,-1.8973499653721748,-1.531295133879218,3365,12.216290212183436,5.248117727583846,0.3010307174201449
dkasc_17,tcn,3,-1.0,full record,31264,0.10503869503736496,0.04580313712358475,0.8582019209861755,0.25357401630824583,-1.7420710614655777,-1.9747046140044189,-1.5456963444237748,3365,12.216290212183436,5.248117727583846,0.30117358914174913
dkasc_17,tcn,4,-1.0,full record,31264,0.10475672781467438,0.04741953685879707,0.8589621782302856,0.25289331896047795,-1.5956040519391816,-1.7327252240733504,-1.3863284584531121,3365,12.216290212183436,5.248117727583846,0.3011837942647209
dkasc_17,tcn,0,-2.0,full record,31264,0.09820940345525742,0.04842144250869751,0.8617768287658691,0.2518853407390982,-2.4693516501293145,-2.6249985095263884,-2.278020430511807,3360,12.216290212183436,5.254962354551677,0.30050005102561483
dkasc_17,tcn,1,-2.0,full record,31264,0.10307203978300095,0.04785531386733055,0.8477503657341003,0.2643569245713125,-2.624947287050674,-2.760243864312628,-2.468725844812647,3365,12.216290212183436,5.248117727583846,0.30114297377283394
dkasc_17,tcn,2,-2.0,full record,31264,0.10354164987802505,0.05329345539212227,0.8463598489761353,0.26556137032332805,-2.636725660359973,-2.83600945144747,-2.447039209437485,3365,12.216290212183436,5.248117727583846,0.3011837942647209
dkasc_17,tcn,3,-2.0,full record,31264,0.1034906804561615,0.05023763328790665,0.8465110659599304,0.2654306450593341,-2.60860656134414,-2.7758049170210133,-2.43827394763676,3365,12.216290212183436,5.248117727583846,0.3011837942647209
dkasc_17,tcn,4,-2.0,full record,31264,0.10359004884958267,0.05224112421274185,0.8462162017822266,0.26568550295231574,-2.5182985223148266,-2.7158921932192714,-2.369779524756959,3365,12.216290212183436,5.248117727583846,0.3011837942647209
dkasc_12,tcn,0,0.0,full record,31715,0.08120467513799667,0.03943873569369316,0.9044104814529419,0.21285843316951394,-1.1136473318804962,-1.4097162406621953,-0.8637738053095645,3401,12.216290212183436,5.297399041752225,0.300949399050601
dkasc_12,tcn,1,0.0,full record,31715,0.08092470467090607,0.038285400718450546,0.9050684571266174,0.21212455824350296,-1.2385065926896255,-1.4577150672810384,-1.0353099081858552,3401,12.216290212183436,5.297399041752225,0.30029289970710027
dkasc_12,tcn,2,0.0,full record,31715,0.08134166896343231,0.04229464381933212,0.9040876626968384,0.2132175293790188,-1.2858337019352128,-1.4835076684682535,-1.0731995784258097,3401,12.216290212183436,5.297399041752225,0.30062619937380064
dkasc_12,tcn,3,0.0,full record,31715,0.08110617846250534,0.034008536487817764,0.9046422243118286,0.21260024793594381,-1.2146266263356797,-1.3669675455418606,-1.0287604771633818,3401,12.216290212183436,5.297399041752225,0.3009190990809009
dkasc_12,tcn,4,0.0,full record,31715,0.0811610072851181,0.0379401296377182,0.9045132398605347,0.21274396844531165,-1.1122495954074114,-1.4263257106784777,-0.8629648055886747,3401,12.216290212183436,5.297399041752225,0.300949399050601
dkasc_12,tcn,0,-0.25,full record,31715,0.08111225813627243,0.03900008276104927,0.9022291898727417,0.21551870017713914,-1.3380734719710463,-1.579248740187822,-1.0991463358423854,3401,12.216290212183436,5.297399041752225,0.300949399050601
dkasc_12,tcn,1,-0.25,full record,31715,0.08081673085689545,0.039086200296878815,0.9029403328895569,0.21473347169772475,-1.443014026338718,-1.6211504790536124,-1.2471929033751716,3401,12.216290212183436,5.297399041752225,0.3003534996465004
dkasc_12,tcn,2,-0.25,full record,31715,0.08073820918798447,0.037842534482479095,0.9031288623809814,0.21452483630267752,-1.2986751894970006,-1.4878795335437773,-1.110529939433258,3401,12.216290212183436,5.297399041752225,0.300949399050601
dkasc_12,tcn,3,-0.25,full record,31715,0.08012160658836365,0.03754478693008423,0.9046028256416321,0.21288649711881627,-1.2200508461297388,-1.4540615945095592,-1.0258558046790212,3401,12.216290212183436,5.297399041752225,0.300949399050601
dkasc_12,tcn,4,-0.25,full record,31715,0.0808604285120964,0.038185324519872665,0.9028353691101074,0.21484957821560613,-1.3414599811983674,-1.6026785674355337,-1.0863628091391297,3401,12.216290212183436,5.297399041752225,0.3007776992223008
dkasc_12,tcn,0,-0.5,full record,31715,0.08082789927721024,0.03973216190934181,0.9004775285720825,0.2177355841411242,-1.6193612583494499,-1.8541463229327828,-1.3978316898114036,3401,12.216290212183436,5.297399041752225,0.30024239975760025
dkasc_12,tcn,1,-0.5,full record,31715,0.08085896819829941,0.03965483978390694,0.9004010558128357,0.2178192781346893,-1.686137919965952,-1.8754499568796934,-1.4570813282208661,3401,12.216290212183436,5.297399041752225,0.30013129986870013
dkasc_12,tcn,2,-0.5,full record,31715,0.08060014247894287,0.03852011263370514,0.9010376334190369,0.21712204896383624,-1.629571807727881,-1.858212487694677,-1.454013945996091,3401,12.216290212183436,5.297399041752225,0.300949399050601
dkasc_12,tcn,3,-0.5,full record,31715,0.07997854053974152,0.03811691328883171,0.9025581479072571,0.2154475669774731,-1.521472693485082,-1.7753370516483777,-1.3035340515557885,3401,12.216290212183436,5.297399041752225,0.30086859913140085
dkasc_12,tcn,4,-0.5,full record,31715,0.0807705819606781,0.0388735793530941,0.9006186723709106,0.217581181768823,-1.5129952510119504,-1.7482703995573368,-1.2452250537380305,3401,12.216290212183436,5.297399041752225,0.30052519947480055
dkasc_12,tcn,0,-1.0,full record,31715,0.08135168254375458,0.04119393602013588,0.8940883874893188,0.2253854356615044,-2.124679231683925,-2.3264976422971206,-1.874520948685084,3401,12.216290212183436,5.297399041752225,0.30033329966670036
dkasc_12,tcn,1,-1.0,full record,31715,0.08123955130577087,0.04173038899898529,0.8943801522254944,0.22507477524079794,-2.196248097865261,-2.393502556562299,-1.9226668200818642,3401,12.216290212183436,5.297399041752225,0.30015149984850015
dkasc_12,tcn,2,-1.0,full record,31715,0.08115163445472717,0.04288880527019501,0.8946086168289185,0.22483120095745335,-2.1464637068840275,-2.3510936121362125,-1.9327050848934269,3401,12.216290212183436,5.297399041752225,0.30081809918190083
dkasc_12,tcn,3,-1.0,full record,31715,0.08108755201101303,0.0423043817281723,0.8947750329971313,0.22465366007516124,-2.114272777851834,-2.324472063659777,-1.9401468878732175,3401,12.216290212183436,5.297399041752225,0.300949399050601
dkasc_12,tcn,4,-1.0,full record,31715,0.08108926564455032,0.04126210883259773,0.8947705626487732,0.22465840770949763,-2.0143019427057873,-2.271569579643573,-1.7358075068689869,3401,12.216290212183436,5.297399041752225,0.30074739925260074
dkasc_12,tcn,0,-2.0,full record,31715,0.08372623473405838,0.047615520656108856,0.8763992786407471,0.2459691212422526,-3.0268442141864083,-3.309625953873951,-2.826739367111275,3401,12.216290212183436,5.297399041752225,0.30092919907080096
dkasc_12,tcn,1,-2.0,full record,31715,0.08312392979860306,0.04644718021154404,0.8781712055206299,0.24419968283188592,-3.019771069499033,-3.2377699794885695,-2.8123812378866715,3401,12.216290212183436,5.297399041752225,0.30057569942430057
dkasc_12,tcn,2,-2.0,full record,31715,0.08318550884723663,0.04651593416929245,0.8779906034469604,0.2443805884288884,-3.0899369461673487,-3.2814429788716293,-2.908576804001972,3401,12.216290212183436,5.297399041752225,0.3006867993132007
dkasc_12,tcn,3,-2.0,full record,31715,0.08313343673944473,0.04665154591202736,0.878143310546875,0.2442276121170372,-2.936785143745878,-3.1547177433635665,-2.7459972788664393,3401,12.216290212183436,5.297399041752225,0.300949399050601
dkasc_12,tcn,4,-2.0,full record,31715,0.08322273194789886,0.046553973108530045,0.8778814077377319,0.24448994164880666,-2.8685272267372164,-3.124623262577675,-2.6797860458053213,3401,12.216290212183436,5.297399041752225,0.30064639935360066
dkasc_14,tcn,0,0.0,full record,31571,0.03845793753862381,0.024925418198108673,0.981967031955719,0.09064818829258862,-1.1727271531144643,-1.3740304905208056,-0.976844794915821,3377,12.238193018480493,5.264544832306639,0.3008720340701683
dkasc_14,tcn,1,0.0,full record,31571,0.038188692182302475,0.024387240409851074,0.9822186231613159,0.09001355717821309,-1.0719016086517494,-1.2625072314975005,-0.893235024189093,3377,12.238193018480493,5.264544832306639,0.3008720340701683
dkasc_14,tcn,2,0.0,full record,31571,0.03750510513782501,0.02367272786796093,0.9828495383262634,0.08840229221997309,-1.0501371145629435,-1.2251918621763946,-0.8841752693310414,3377,12.238193018480493,5.264544832306639,0.3008720340701683
dkasc_14,tcn,3,0.0,full record,31571,0.038570038974285126,0.024869365617632866,0.9818617701530457,0.09091241962422181,-1.0581854939181143,-1.2418672409288956,-0.8481971496826557,3377,12.238193018480493,5.264544832306639,0.3008720340701683
dkasc_14,tcn,4,0.0,full record,31571,0.038116876035928726,0.02393491566181183,0.9822854399681091,0.0898442812373908,-1.0442444624517948,-1.2437967177451492,-0.8263957251287202,3377,12.238193018480493,5.264544832306639,0.3008720340701683
dkasc_14,tcn,0,-0.25,full record,31571,0.03475898876786232,0.02222885563969612,0.9848597645759583,0.0830945580429231,-1.2862456802675317,-1.4170976554728285,-1.101052310218309,3377,12.238193018480493,5.264544832306639,0.3008720340701683
dkasc_14,tcn,1,-0.25,full record,31571,0.033721454441547394,0.02167346328496933,0.985750138759613,0.08061423685535124,-1.1718377404890623,-1.3449587595850132,-1.012737230485633,3377,12.238193018480493,5.264544832306639,0.3008720340701683
dkasc_14,tcn,2,-0.25,full record,31571,0.03450503572821617,0.021948587149381638,0.9850801825523376,0.08248745995574962,-1.2625549483507692,-1.441806272222984,-1.0616159335196218,3377,12.238193018480493,5.264544832306639,0.3008720340701683
dkasc_14,tcn,3,-0.25,full record,31571,0.034244079142808914,0.023289283737540245,0.9853050112724304,0.08186361924859833,-1.110046988027114,-1.2692047195290153,-0.943551356288097,3377,12.238193018480493,5.264544832306639,0.3008720340701683
dkasc_14,tcn,4,-0.25,full record,31571,0.038435447961091995,0.024918207898736,0.9814876317977905,0.09188347172118051,-1.2575030787072303,-1.4668875038820504,-1.0244866747852632,3377,12.238193018480493,5.264544832306639,0.3008720340701683
dkasc_14,tcn,0,-0.5,full record,31571,0.035449784249067307,0.023264285176992416,0.9838148355484009,0.0859684491842953,-1.3464147848101495,-1.5295148115857138,-1.1571614059476145,3377,12.238193018480493,5.264544832306639,0.3008720340701683
dkasc_14,tcn,1,-0.5,full record,31571,0.03527693822979927,0.02331840991973877,0.9839723110198975,0.08554928431379138,-1.4108534968433006,-1.5860878683630912,-1.2139352528305707,3377,12.238193018480493,5.264544832306639,0.3008720340701683
dkasc_14,tcn,2,-0.5,full record,31571,0.03586151450872421,0.02295776456594467,0.9834367036819458,0.08696692668295265,-1.3646162715368937,-1.5223545400715355,-1.1389792592964043,3377,12.238193018480493,5.264544832306639,0.3008720340701683
dkasc_14,tcn,3,-0.5,full record,31571,0.03556561842560768,0.022777598351240158,0.983708918094635,0.08624935595793745,-1.3891886432121314,-1.5431479911312773,-1.253507885808286,3377,12.238193018480493,5.264544832306639,0.3008720340701683
dkasc_14,tcn,4,-0.5,full record,31571,0.04031243547797203,0.026090513914823532,0.9790700674057007,0.097760751843628,-1.5110657385173671,-1.6883469310099986,-1.302261718859564,3377,12.238193018480493,5.264544832306639,0.3008720340701683
dkasc_14,tcn,0,-1.0,full record,31571,0.04390620440244675,0.02959066443145275,0.9737789034843445,0.1096390734979945,-2.0598295921310816,-2.230203852241875,-1.892911487051005,3377,12.238193018480493,5.264544832306639,0.3008720340701683
dkasc_14,tcn,1,-1.0,full record,31571,0.04240601882338524,0.028652437031269073,0.9755401611328125,0.10589292966247338,-1.8661097592543792,-2.0763213866863417,-1.6925682365665273,3377,12.238193018480493,5.264544832306639,0.3008720340701683
dkasc_14,tcn,2,-1.0,full record,31571,0.03768378496170044,0.025482971221208572,0.9806843996047974,0.09410094371237093,-1.7639476905235763,-1.9647789796991888,-1.570221729277721,3377,12.238193018480493,5.264544832306639,0.3008720340701683
dkasc_14,tcn,3,-1.0,full record,31571,0.04346512630581856,0.029521171003580093,0.974303126335144,0.10853764843716918,-2.00536286908794,-2.188478414978606,-1.8317343762802356,3377,12.238193018480493,5.264544832306639,0.3008720340701683
dkasc_14,tcn,4,-1.0,full record,31571,0.040621332824230194,0.026798933744430542,0.9775556325912476,0.10143635405783519,-1.8685797864644467,-2.0577571134747563,-1.67194123573699,3377,12.238193018480493,5.264544832306639,0.3008720340701683
dkasc_14,tcn,0,-2.0,full record,31571,0.05268476530909538,0.03640099987387657,0.9579514861106873,0.13987069373058617,-2.9251597342984548,-3.1377963590085036,-2.7728858360299813,3377,12.238193018480493,5.264544832306639,0.3008720340701683
dkasc_14,tcn,1,-2.0,full record,31571,0.04808657616376877,0.03394150733947754,0.9649710059165955,0.1276631437512328,-2.5595012472636514,-2.7252537193137476,-2.3751162416767277,3377,12.238193018480493,5.264544832306639,0.30084161427702294
dkasc_14,tcn,2,-2.0,full record,31571,0.048516061156988144,0.034374579787254333,0.964342474937439,0.12880336642463816,-2.7958017581156307,-2.9946678163579543,-2.64413190912744,3377,12.238193018480493,5.264544832306639,0.3008720340701683
dkasc_14,tcn,3,-2.0,full record,31571,0.05212393030524254,0.03600526973605156,0.9588419795036316,0.13838175512381684,-2.9144584028901157,-3.0894390221241013,-2.692218077490325,3377,12.238193018480493,5.264544832306639,0.3008720340701683
dkasc_14,tcn,4,-2.0,full record,31571,0.051879748702049255,0.03576355800032616,0.959226667881012,0.1377334870707181,-2.823252259749809,-3.0719876315077776,-2.6444406789227535,3377,12.238193018480493,5.264544832306639,0.3008720340701683
dkasc_18,tcn,0,0.0,full record,31597,0.021195631474256516,0.01330251432955265,0.9949097037315369,0.04532069475547757,-0.3398399583485423,-0.4550101653389649,-0.20184134437039036,3374,12.238193018480493,5.260438056125941,0.29969307442185555
dkasc_18,tcn,1,0.0,full record,31597,0.021316837519407272,0.013667103834450245,0.994851291179657,0.045579858639387696,-0.34108449851164824,-0.45665144985413963,-0.22162597315724675,3374,12.238193018480493,5.260438056125941,0.29969307442185555
dkasc_18,tcn,2,0.0,full record,31597,0.021339265629649162,0.01375559438019991,0.9948404431343079,0.04562781463161418,-0.3474207274384209,-0.45573651579017826,-0.2523116010505144,3374,12.238193018480493,5.260438056125941,0.29969307442185555
dkasc_18,tcn,3,0.0,full record,31597,0.020611323416233063,0.012526745907962322,0.995186448097229,0.044071321875362626,-0.31857601140993136,-0.42620181458294937,-0.2190255801231611,3374,12.238193018480493,5.260438056125941,0.29969307442185555
dkasc_18,tcn,4,0.0,full record,31597,0.02149433270096779,0.013795805163681507,0.9947652220726013,0.045959380474056434,-0.34127929211933417,-0.442451232698704,-0.25282252640391745,3374,12.238193018480493,5.260438056125941,0.29969307442185555
dkasc_18,tcn,0,-0.25,full record,31597,0.02216343581676483,0.014749271795153618,0.9942764043807983,0.04806714779823137,-0.5714537296788946,-0.6813621171213591,-0.46172388222091604,3374,12.238193018480493,5.260438056125941,0.29969307442185555
dkasc_18,tcn,1,-0.25,full record,31597,0.022293301299214363,0.014587386511266232,0.9942091107368469,0.048348794713917086,-0.543053851843399,-0.641556367355412,-0.4801476238084912,3374,12.238193018480493,5.260438056125941,0.29969307442185555
dkasc_18,tcn,2,-0.25,full record,31597,0.02239086665213108,0.014760447666049004,0.9941583275794983,0.04856039043749561,-0.6071018918590909,-0.703443830775472,-0.4943100090494146,3374,12.238193018480493,5.260438056125941,0.29969307442185555
dkasc_18,tcn,3,-0.25,full record,31597,0.022313086315989494,0.014766629785299301,0.9941988587379456,0.04839170364434571,-0.615011170929114,-0.71547022598345,-0.4836265108430604,3374,12.238193018480493,5.260438056125941,0.29969307442185555
dkasc_18,tcn,4,-0.25,full record,31597,0.0222883652895689,0.014489753171801567,0.9942116737365723,0.04833808969926487,-0.5946258795221315,-0.6949158872313357,-0.5185880032459229,3374,12.238193018480493,5.260438056125941,0.29969307442185555
dkasc_18,tcn,0,-0.5,full record,31597,0.023378470912575722,0.015736140310764313,0.9934514164924622,0.05143718058364267,-0.8416334255062505,-0.9244443493794982,-0.7127107357992568,3374,12.238193018480493,5.260438056125941,0.29969307442185555
dkasc_18,tcn,1,-0.5,full record,31597,0.02428717352449894,0.016509683802723885,0.9929324984550476,0.0534365029739355,-0.846235883558242,-0.9466162052852667,-0.7338523792243756,3374,12.238193018480493,5.260438056125941,0.29969307442185555
dkasc_18,tcn,2,-0.5,full record,31597,0.023594427853822708,0.01608620211482048,0.9933298826217651,0.0519123278345793,-0.8335913510690263,-0.9517829555364288,-0.738019763604103,3374,12.238193018480493,5.260438056125941,0.29969307442185555
dkasc_18,tcn,3,-0.5,full record,31597,0.02286028303205967,0.01541550550609827,0.9937385320663452,0.050297066515189136,-0.7506799995993352,-0.8399008967241994,-0.6664117121197942,3374,12.238193018480493,5.260438056125941,0.29969307442185555
dkasc_18,tcn,4,-0.5,full record,31597,0.024089926853775978,0.01645692065358162,0.9930468201637268,0.053002521955269236,-0.8275629269452913,-0.9319394236516731,-0.7299721847665752,3374,12.238193018480493,5.260438056125941,0.29969307442185555
dkasc_18,tcn,0,-1.0,full record,31597,0.028456714004278183,0.020467117428779602,0.9897434711456299,0.06447951360841113,-1.2967372064912075,-1.3797136269347352,-1.2074297719467775,3374,12.238193018480493,5.260438056125941,0.29969307442185555
dkasc_18,tcn,1,-1.0,full record,31597,0.028734171763062477,0.020753616467118263,0.9895424842834473,0.06510819973607161,-1.3075920140380115,-1.3964273297555785,-1.197217430499925,3374,12.238193018480493,5.260438056125941,0.29969307442185555
dkasc_18,tcn,2,-1.0,full record,31597,0.028940999880433083,0.021003900095820427,0.9893913865089417,0.06557684753590524,-1.3123941028016728,-1.4322710256593707,-1.1900119217155003,3374,12.238193018480493,5.260438056125941,0.29969307442185555
dkasc_18,tcn,3,-1.0,full record,31597,0.028615692630410194,0.020826488733291626,0.9896285533905029,0.06483974017868852,-1.3279591189638063,-1.429571030593546,-1.219610733400256,3374,12.238193018480493,5.260438056125941,0.29969307442185555
dkasc_18,tcn,4,-1.0,full record,31597,0.028821591287851334,0.02086261846125126,0.9894787669181824,0.06530628193338421,-1.311601108472864,-1.4225568711233982,-1.2097594849134892,3374,12.238193018480493,5.260438056125941,0.29969307442185555
dkasc_18,tcn,0,-2.0,full record,31597,0.043139729648828506,0.03191903233528137,0.9737128615379333,0.10395666735203674,-2.3427438714963,-2.457114225373047,-2.230584318752904,3374,12.238193018480493,5.260438056125941,0.29969307442185555
dkasc_18,tcn,1,-2.0,full record,31597,0.0422254279255867,0.031053008511662483,0.974815309047699,0.10175341385749324,-2.2672257079768365,-2.3881732428773117,-2.1945030446046676,3374,12.238193018480493,5.260438056125941,0.29969307442185555
dkasc_18,tcn,2,-2.0,full record,31597,0.04224926978349686,0.031056424602866173,0.9747868776321411,0.10181086716357553,-2.2992822608727703,-2.4067818190083523,-2.180674164140417,3374,12.238193018480493,5.260438056125941,0.29969307442185555
dkasc_18,tcn,3,-2.0,full record,31597,0.04101535677909851,0.030178720131516457,0.9762380719184875,0.09883742516976195,-2.155932977950359,-2.2832590469171246,-2.037045223225313,3374,12.238193018480493,5.260438056125941,0.29969307442185555
dkasc_18,tcn,4,-2.0,full record,31597,0.04233270511031151,0.03095368854701519,0.9746872186660767,0.10201192680362625,-2.2528143215424783,-2.3728000468822064,-2.140019981331278,3374,12.238193018480493,5.260438056125941,0.29969307442185555
dkasc_19,tcn,0,0.0,full record,32001,0.019972970709204674,0.013718203641474247,0.9943422675132751,0.047631964117410386,-0.7474635140516439,-0.8678292798708792,-0.5939207935478918,3416,12.216290212183436,5.317932922655715,0.30285258610247506
dkasc_19,tcn,1,0.0,full record,32001,0.022369101643562317,0.016017353162169456,0.9929032921791077,0.05334630798481222,-0.7185846620592437,-0.8887193200602606,-0.5931433336548775,3416,12.216290212183436,5.317932922655715,0.30285258610247506
dkasc_19,tcn,2,0.0,full record,32001,0.0202768687158823,0.014467348344624043,0.994168758392334,0.04835670652855057,-0.6993859899674881,-0.8500000098854987,-0.5803752381113636,3416,12.216290212183436,5.317932922655715,0.30285258610247506
dkasc_19,tcn,3,0.0,full record,32001,0.019759176298975945,0.013461592607200146,0.9944627285003662,0.04712210267392343,-0.701961251375796,-0.8255212039030673,-0.567345984376777,3416,12.216290212183436,5.317932922655715,0.30285258610247506
dkasc_19,tcn,4,0.0,full record,32001,0.02111249417066574,0.015309132635593414,0.9936782121658325,0.05034952383436559,-0.7232055178123531,-0.8484624737701664,-0.5784739607340827,3416,12.216290212183436,5.317932922655715,0.30285258610247506
dkasc_19,tcn,0,-0.25,full record,32001,0.022327909246087074,0.01607396826148033,0.9927337169647217,0.05400587335253141,-0.9117737621141209,-1.0391448456380958,-0.7828824879164331,3416,12.216290212183436,5.317932922655715,0.30285258610247506
dkasc_19,tcn,1,-0.25,full record,32001,0.02177533134818077,0.01505219005048275,0.9930889010429382,0.05266931955150923,-0.9120720044485819,-1.0553592213996155,-0.7482165289692341,3416,12.216290212183436,5.317932922655715,0.30285258610247506
dkasc_19,tcn,2,-0.25,full record,32001,0.021803786978125572,0.015333822928369045,0.9930708408355713,0.05273814691595379,-0.9144897205473003,-1.0403732681621425,-0.7649032157802937,3416,12.216290212183436,5.317932922655715,0.30285258610247506
dkasc_19,tcn,3,-0.25,full record,32001,0.02149142697453499,0.014803358353674412,0.9932679533958435,0.05198262275968889,-0.8299004348660761,-0.9771882240033708,-0.7040253775286942,3416,12.216290212183436,5.317932922655715,0.30285258610247506
dkasc_19,tcn,4,-0.25,full record,32001,0.021465547382831573,0.014798028394579887,0.9932841658592224,0.051920026215760584,-0.8937271170113605,-1.0434892555589048,-0.736977816459309,3416,12.216290212183436,5.317932922655715,0.30285258610247506
dkasc_19,tcn,0,-0.5,full record,32001,0.025134345516562462,0.017928672954440117,0.9905381202697754,0.06167164498072964,-1.2188269462293844,-1.367930810222484,-1.0827976142331774,3416,12.216290212183436,5.317932922655715,0.30285258610247506
dkasc_19,tcn,1,-0.5,full record,32001,0.02406562678515911,0.01684435084462166,0.9913256764411926,0.05904935103064721,-1.1796740850957277,-1.2845849761122614,-1.0171342338817002,3416,12.216290212183436,5.317932922655715,0.30285258610247506
dkasc_19,tcn,2,-0.5,full record,32001,0.02473423071205616,0.01763029396533966,0.9908369779586792,0.06068989122235998,-1.1107004760725583,-1.2918957066573977,-1.0068428393993538,3416,12.216290212183436,5.317932922655715,0.30285258610247506
dkasc_19,tcn,3,-0.5,full record,32001,0.024157267063856125,0.017679443582892418,0.9912594556808472,0.0592742069645331,-1.129206379814609,-1.2671875914470678,-1.0131820054050504,3416,12.216290212183436,5.317932922655715,0.30285258610247506
dkasc_19,tcn,4,-0.5,full record,32001,0.023988638073205948,0.01734691485762596,0.991381049156189,0.05886044535542402,-1.1453672628546911,-1.281501679676159,-1.006707103526341,3416,12.216290212183436,5.317932922655715,0.30285258610247506
dkasc_19,tcn,0,-1.0,full record,32001,0.029717104509472847,0.02152300998568535,0.9860376119613647,0.07508424043569527,-1.612766236547375,-1.7683890245797085,-1.4766326713525546,3416,12.216290212183436,5.317932922655715,0.30285258610247506
dkasc_19,tcn,1,-1.0,full record,32001,0.02915988489985466,0.020999640226364136,0.9865562915802002,0.0736763505408127,-1.5758470721534623,-1.701015416681519,-1.4815855012043522,3416,12.216290212183436,5.317932922655715,0.30285258610247506
dkasc_19,tcn,2,-1.0,full record,32001,0.02983168512582779,0.021859174594283104,0.9859297275543213,0.07537374369281516,-1.5806506592259295,-1.720535785408733,-1.462127784292222,3416,12.216290212183436,5.317932922655715,0.30285258610247506
dkasc_19,tcn,3,-1.0,full record,32001,0.028463512659072876,0.02064494602382183,0.9871907234191895,0.07191687290587231,-1.582957556018151,-1.7327606868018486,-1.4755209691879767,3416,12.216290212183436,5.317932922655715,0.30285258610247506
dkasc_19,tcn,4,-1.0,full record,32001,0.029523877426981926,0.021693233400583267,0.9862185716629028,0.07459602635966335,-1.6037770709160681,-1.7412375578703798,-1.4661991429431047,3416,12.216290212183436,5.317932922655715,0.30285258610247506
dkasc_19,tcn,0,-2.0,full record,32001,0.04221981018781662,0.03123539686203003,0.9686658382415771,0.11341835763350094,-2.6227574426363223,-2.7297263741250206,-2.453811005707107,3416,12.216290212183436,5.317932922655715,0.30285258610247506
dkasc_19,tcn,1,-2.0,full record,32001,0.041717592626810074,0.031748004257678986,0.9694069027900696,0.11206921156461354,-2.5484707640953563,-2.6757981765137995,-2.4045279901589813,3416,12.216290212183436,5.317932922655715,0.30285258610247506
dkasc_19,tcn,2,-2.0,full record,32001,0.04206926375627518,0.03127502277493477,0.9688889384269714,0.11301393305326107,-2.5742730450038316,-2.704132943549009,-2.3887867646111616,3416,12.216290212183436,5.317932922655715,0.30285258610247506
dkasc_19,tcn,3,-2.0,full record,32001,0.041142623871564865,0.030245043337345123,0.9702443480491638,0.11052462830807137,-2.5492711895426687,-2.6600879870567473,-2.4360172523518964,3416,12.216290212183436,5.317932922655715,0.30285258610247506
dkasc_19,tcn,4,-2.0,full record,32001,0.04149952158331871,0.030717696994543076,0.9697259068489075,0.11148339037095617,-2.513918128420972,-2.667976736878752,-2.4117711074828145,3416,12.216290212183436,5.317932922655715,0.30285258610247506
dkasc_20,tcn,0,0.0,full record,32196,0.05073191598057747,0.03472369164228439,0.9570530652999878,0.13060666346316221,-2.344587991310798,-2.573365829222296,-2.1957540396500885,3444,12.216290212183436,5.356262833675565,0.3017055538287227
dkasc_20,tcn,1,0.0,full record,32196,0.04918374493718147,0.03341475501656532,0.9596342444419861,0.12662097811026435,-2.232402897814754,-2.4285518394975725,-2.0270195568314775,3444,12.216290212183436,5.356262833675565,0.3017055538287227
dkasc_20,tcn,2,0.0,full record,32196,0.04960465058684349,0.03384888544678688,0.9589403867721558,0.12770457768407498,-2.3815880958431124,-2.6504801154274005,-2.192363843415157,3444,12.216290212183436,5.356262833675565,0.3017055538287227
dkasc_20,tcn,3,0.0,full record,32196,0.05053766816854477,0.03531605750322342,0.9573813080787659,0.13010658263388064,-2.4414202469993818,-2.615134598477309,-2.20694277337439,3444,12.216290212183436,5.356262833675565,0.3017055538287227
dkasc_20,tcn,4,0.0,full record,32196,0.05117756873369217,0.03465190902352333,0.9562951922416687,0.13175397316007503,-2.3872921426468108,-2.5930982829496685,-2.2076466467934264,3444,12.216290212183436,5.356262833675565,0.3017055538287227
dkasc_20,tcn,0,-0.25,full record,32196,0.05233342945575714,0.03533460572361946,0.9532710909843445,0.13657304356509753,-2.674934970151943,-2.845229948370598,-2.4239110452083046,3444,12.216290212183436,5.356262833675565,0.3017055538287227
dkasc_20,tcn,1,-0.25,full record,32196,0.05290094017982483,0.036738745868206024,0.9522521495819092,0.13805405995648998,-2.560120857597692,-2.7771422722591588,-2.351521020218051,3444,12.216290212183436,5.356262833675565,0.3017055538287227
dkasc_20,tcn,2,-0.25,full record,32196,0.05321216955780983,0.03627732768654823,0.9516886472702026,0.13886626630031879,-2.594557018910998,-2.8069633801558247,-2.4158345514958435,3444,12.216290212183436,5.356262833675565,0.3017055538287227
dkasc_20,tcn,3,-0.25,full record,32196,0.05393911525607109,0.03836173936724663,0.9503596425056458,0.1407633555518846,-2.7431556872155816,-2.978863349740535,-2.498283553839964,3444,12.216290212183436,5.356262833675565,0.3017055538287227
dkasc_20,tcn,4,-0.25,full record,32196,0.051847636699676514,0.03577603027224541,0.9541345834732056,0.13530528420115412,-2.6222340006041955,-2.808387401706704,-2.4350955715151112,3444,12.216290212183436,5.356262833675565,0.3017055538287227
dkasc_20,tcn,0,-0.5,full record,32196,0.054622337222099304,0.037915199995040894,0.9479573965072632,0.1445237093615617,-2.7391869296116367,-2.931682991298945,-2.5739707560270775,3444,12.216290212183436,5.356262833675565,0.3017055538287227
dkasc_20,tcn,1,-0.5,full record,32196,0.054875995963811874,0.03861893713474274,0.9474729299545288,0.14519485790863368,-2.849765376800595,-3.0195878982781266,-2.6345315602878783,3444,12.216290212183436,5.356262833675565,0.3017055538287227
dkasc_20,tcn,2,-0.5,full record,32196,0.054006077349185944,0.03679201379418373,0.9491251111030579,0.1428931646559776,-2.620237307143314,-2.874722430304791,-2.3741402599852734,3444,12.216290212183436,5.356262833675565,0.3017055538287227
dkasc_20,tcn,3,-0.5,full record,32196,0.055609382688999176,0.039290159940719604,0.9460595846176147,0.14713530526608792,-2.9423513804308743,-3.1530650805971727,-2.716522022467638,3444,12.216290212183436,5.356262833675565,0.3017055538287227
dkasc_20,tcn,4,-0.5,full record,32196,0.05317235365509987,0.03697431832551956,0.9506837725639343,0.14068723852795403,-2.587441972606086,-2.840964556036712,-2.4028862918950344,3444,12.216290212183436,5.356262833675565,0.3017055538287227
dkasc_20,tcn,0,-1.0,full record,32196,0.0579429529607296,0.041196804493665695,0.9388265013694763,0.15768437907163566,-3.018053351889194,-3.2458028054846433,-2.7877461989018033,3444,12.216290212183436,5.356262833675565,0.3017055538287227
dkasc_20,tcn,1,-1.0,full record,32196,0.059845950454473495,0.04255225881934166,0.9347423315048218,0.16286314478589356,-3.2379472355019923,-3.400924001656691,-3.0246619951642693,3444,12.216290212183436,5.356262833675565,0.3017055538287227
dkasc_20,tcn,2,-1.0,full record,32196,0.059913571923971176,0.041849467903375626,0.9345947504043579,0.16304716801710306,-3.220548646738386,-3.426880829293133,-3.006574654225776,3444,12.216290212183436,5.356262833675565,0.3017055538287227
dkasc_20,tcn,3,-1.0,full record,32196,0.05925694480538368,0.042067304253578186,0.93602055311203,0.16126024080360327,-3.269076544213523,-3.4285990054415905,-3.1085151306011762,3444,12.216290212183436,5.356262833675565,0.3017055538287227
dkasc_20,tcn,4,-1.0,full record,32196,0.05761881545186043,0.039444923400878906,0.9395090341567993,0.15680228005513397,-2.8160601304967336,-3.0474770127943196,-2.6073143090432183,3444,12.216290212183436,5.356262833675565,0.3017055538287227
dkasc_20,tcn,0,-2.0,full record,32196,0.06928583979606628,0.049180105328559875,0.9048313498497009,0.19996468348281068,-4.002962301758802,-4.262005785101697,-3.8394873505542604,3444,12.216290212183436,5.356262833675565,0.3017055538287227
dkasc_20,tcn,1,-2.0,full record,32196,0.06939602643251419,0.050480227917432785,0.9045284390449524,0.20028269125966947,-4.078926085555233,-4.318850438650746,-3.8921090250922052,3444,12.216290212183436,5.356262833675565,0.3017055538287227
dkasc_20,tcn,2,-2.0,full record,32196,0.06806448847055435,0.0489085353910923,0.9081569910049438,0.19643976220097076,-4.031246821121915,-4.277344273999983,-3.8434212153099727,3444,12.216290212183436,5.356262833675565,0.3017055538287227
dkasc_20,tcn,3,-2.0,full record,32196,0.06963777542114258,0.05058741942048073,0.9038621187210083,0.20098039890290004,-4.057901465390734,-4.245500001084446,-3.875063320746822,3444,12.216290212183436,5.356262833675565,0.3017055538287227
dkasc_20,tcn,4,-2.0,full record,32196,0.06839831173419952,0.04915929585695267,0.9072539210319519,0.19740320384287746,-4.009023524548527,-4.2414562602703265,-3.8691900370996857,3444,12.216290212183436,5.356262833675565,0.3017055538287227
dkasc_21,tcn,0,0.0,full record,29666,0.023780381307005882,0.017726335674524307,0.9921229481697083,0.05906385360693153,-1.1300622398884999,-1.282523692219325,-0.976172420753052,3177,12.216290212183436,4.988021902806297,0.27956870611835505
dkasc_21,tcn,1,0.0,full record,29666,0.024098442867398262,0.01762249693274498,0.9919108152389526,0.059853830066874725,-1.189048465363093,-1.3143163685412351,-1.0456765481624475,3176,12.216290212183436,4.986652977412731,0.27828485456369106
dkasc_21,tcn,2,0.0,full record,29666,0.023843776434659958,0.01766975037753582,0.9920808672904968,0.0592213094732111,-1.1334881980049731,-1.258685051400199,-0.9777055735438189,3177,12.216290212183436,4.988021902806297,0.2795486459378134
dkasc_21,tcn,3,0.0,full record,29666,0.023190494626760483,0.016969546675682068,0.9925088882446289,0.05759873914653267,-1.1346697458967214,-1.2372880937344122,-0.9886274500481191,3177,12.216290212183436,4.988021902806297,0.27934804413239717
dkasc_21,tcn,4,0.0,full record,29666,0.024510663002729416,0.018434923142194748,0.9916316866874695,0.060877670240533165,-1.0999316304833788,-1.2265723888215974,-0.9443328839982001,3177,12.216290212183436,4.988021902806297,0.2795486459378134
dkasc_21,tcn,0,-0.25,full record,29666,0.025163814425468445,0.019010428339242935,0.9909539222717285,0.06333674211774551,-1.2724803161448917,-1.4104747621417557,-1.162131006523859,3177,12.216290212183436,4.988021902806297,0.27953861584754264
dkasc_21,tcn,1,-0.25,full record,29666,0.025220023468136787,0.019002391025424004,0.990913450717926,0.06347821898528141,-1.315696611328232,-1.466507081533741,-1.19239242432031,3176,12.216290212183436,4.986652977412731,0.27929789368104313
dkasc_21,tcn,2,-0.25,full record,29666,0.026386741548776627,0.019857008010149002,0.9900532960891724,0.06641482155864986,-1.376609320754274,-1.4796615971710376,-1.2137052131000026,3177,12.216290212183436,4.988021902806297,0.27953861584754264
dkasc_21,tcn,3,-0.25,full record,29666,0.026040462777018547,0.019702257588505745,0.9903126358985901,0.0655432458548689,-1.3959384458499091,-1.5596550671851839,-1.2225051286478883,3176,12.216290212183436,4.986652977412731,0.2791073219658977
dkasc_21,tcn,4,-0.25,full record,29666,0.026046300306916237,0.01974596083164215,0.9903082847595215,0.06555793878335275,-1.306085976941778,-1.4761475695806199,-1.1722453740155236,3177,12.216290212183436,4.988021902806297,0.27947843530591776
dkasc_21,tcn,0,-0.5,full record,29666,0.027832837775349617,0.021156851202249527,0.9886506199836731,0.07100531322387434,-1.5483681548929167,-1.697463263257641,-1.4095096383959171,3177,12.216290212183436,4.988021902806297,0.27956870611835505
dkasc_21,tcn,1,-0.5,full record,29666,0.027071785181760788,0.020342586562037468,0.9892628192901611,0.06906376568122755,-1.5137098397383173,-1.634948402557207,-1.401635051472927,3177,12.216290212183436,4.988021902806297,0.2795486459378134
dkasc_21,tcn,2,-0.5,full record,29666,0.027637310326099396,0.02085747942328453,0.9888095259666443,0.07050649639858557,-1.4501562616962727,-1.5991391425590833,-1.3219988153489903,3177,12.216290212183436,4.988021902806297,0.27931795386158476
dkasc_21,tcn,3,-0.5,full record,29666,0.028535926714539528,0.021631835028529167,0.988070011138916,0.07279898768690865,-1.6761869330651824,-1.7865413023217758,-1.5635106159718637,3176,12.216290212183436,4.986652977412731,0.2790070210631896
dkasc_21,tcn,4,-0.5,full record,29666,0.02863316796720028,0.021868931129574776,0.9879885911941528,0.07304706320328928,-1.5324879051773432,-1.674043370661092,-1.4187904389216048,3177,12.216290212183436,4.988021902806297,0.27922768304914747
dkasc_21,tcn,0,-1.0,full record,29666,0.03317633643746376,0.025360163301229477,0.9830461144447327,0.08699858007674728,-1.9172710052336996,-2.0227691664971306,-1.7929396959746269,3177,12.216290212183436,4.988021902806297,0.2792878635907723
dkasc_21,tcn,1,-1.0,full record,29666,0.03284613415598869,0.02490963786840439,0.9833819270133972,0.08613268791651486,-1.8995894535376978,-2.0461789617834847,-1.7597751855261778,3177,12.216290212183436,4.988021902806297,0.2791173520561685
dkasc_21,tcn,2,-1.0,full record,29666,0.03299041464924812,0.025296945124864578,0.9832355976104736,0.08651103584139812,-2.0026345062912343,-2.109779872735351,-1.8738233411236875,3177,12.216290212183436,4.988021902806297,0.2792577733199599
dkasc_21,tcn,3,-1.0,full record,29666,0.03342273458838463,0.025383425876498222,0.982793390750885,0.08764471197573072,-2.00588777012104,-2.153279221343962,-1.8827518653005582,3176,12.216290212183436,4.986652977412731,0.2791173520561685
dkasc_21,tcn,4,-1.0,full record,29666,0.03345605731010437,0.025538401678204536,0.9827590584754944,0.08773209442313791,-1.9039524056544355,-2.041842655189441,-1.771196566668487,3177,12.216290212183436,4.988021902806297,0.27942828485456367
dkasc_21,tcn,0,-2.0,full record,29666,0.04445047304034233,0.03353005275130272,0.9664266109466553,0.12345116015555649,-2.930827975765076,-3.0394928767693736,-2.783203077833985,3177,12.216290212183436,4.988021902806297,0.27940822467402204
dkasc_21,tcn,1,-2.0,full record,29666,0.044949065893888474,0.03403694927692413,0.9656692147254944,0.12483588931602409,-2.779992632963218,-2.9405654981749887,-2.6444939682123927,3176,12.216290212183436,4.986652977412731,0.27899699097291875
dkasc_21,tcn,2,-2.0,full record,29666,0.04454341530799866,0.03401287645101547,0.9662860631942749,0.1237092863347593,-2.774814454341806,-2.903930366487004,-2.6136180019482036,3177,12.216290212183436,4.988021902806297,0.2795787362086259
dkasc_21,tcn,3,-2.0,full record,29666,0.04421047493815422,0.03375621512532234,0.9667881727218628,0.12278461957401163,-2.7809545095296873,-2.9357193701585347,-2.657486770385126,3177,12.216290212183436,4.988021902806297,0.2791173520561685
dkasc_21,tcn,4,-2.0,full record,29666,0.04454174265265465,0.03367949277162552,0.9662886261940002,0.12370464091191823,-2.7283892153676215,-2.9172432005625804,-2.5743069314948785,3176,12.216290212183436,4.986652977412731,0.27923771313941825
pvdaq_1430,tcn,0,0.0,full record,27546,0.03886609897017479,0.021488012745976448,0.9795719385147095,0.09268751129605388,-0.2028044158121467,-0.4260849920763235,0.09418338139710435,2985,8.736481861738536,4.291238877481177,0.33194396356566436
pvdaq_1430,tcn,1,0.0,full record,27546,0.040448930114507675,0.021732265129685402,0.9778741598129272,0.0964622322857442,-0.2049320069106572,-0.4924863158882806,0.09097188567946946,2985,8.736481861738536,4.291238877481177,0.33167763070285244
pvdaq_1430,tcn,2,0.0,full record,27546,0.03985244408249855,0.02120433934032917,0.9785218834877014,0.09503973794505387,-0.2104821858495729,-0.5022441240944012,-0.027679470225627778,2985,8.736481861738536,4.291238877481177,0.3319173302793832
pvdaq_1430,tcn,3,0.0,full record,27546,0.03964533284306526,0.020863479003310204,0.9787445664405823,0.09454582098777847,-0.23104138511449435,-0.5203651763951822,0.05789841387281753,2982,8.736481861738536,4.288501026694045,0.3314778810557435
pvdaq_1430,tcn,4,0.0,full record,27546,0.04029179364442825,0.02127957157790661,0.9780457019805908,0.09608749469356431,-0.15280161031734907,-0.47115743545215666,0.14097534223417307,2985,8.736481861738536,4.291238877481177,0.3319173302793832
pvdaq_1430,tcn,0,-0.25,full record,27546,0.038728855550289154,0.021254917606711388,0.9793184995651245,0.09333908823633136,-0.3319070159238491,-0.6356565205709042,-0.08605495815690034,2984,8.736481861738536,4.289869952087612,0.3318374304205396
pvdaq_1430,tcn,1,-0.25,full record,27546,0.04403522610664368,0.023769231513142586,0.9732629656791687,0.10612779016249886,-0.3304389640459371,-0.705920482356337,0.009752329984902275,2985,8.736481861738536,4.291238877481177,0.33190401363624256
pvdaq_1430,tcn,2,-0.25,full record,27546,0.04202188923954964,0.022809162735939026,0.9756519198417664,0.10127551593913243,-0.29658092876388875,-0.6203457122387488,-0.08342643269326211,2985,8.736481861738536,4.291238877481177,0.3318773803499614
pvdaq_1430,tcn,3,-0.25,full record,27546,0.03906524181365967,0.02106739953160286,0.9789576530456543,0.09414980124791159,-0.4733123488885582,-0.7145033161549907,-0.15887896865166562,2982,8.736481861738536,4.288501026694045,0.3316110474871494
pvdaq_1430,tcn,4,-0.25,full record,27546,0.03955894336104393,0.021252617239952087,0.9784224033355713,0.09533965443719254,-0.5692636150914088,-0.8122992416403958,-0.21076664075947438,2984,8.736481861738536,4.289869952087612,0.3317175806322742
pvdaq_1430,tcn,0,-0.5,full record,27546,0.0389835499227047,0.02084069885313511,0.9786373972892761,0.09495933884295121,-0.6526417371329474,-0.8958729986045744,-0.4408457625205475,2985,8.736481861738536,4.291238877481177,0.331757530561696
pvdaq_1430,tcn,1,-0.5,full record,27546,0.041824568063020706,0.023277631029486656,0.9754102230072021,0.10187972461541556,-0.6381855014905957,-0.8477843790460994,-0.3820636087891516,2984,8.736481861738536,4.289869952087612,0.3317974804911178
pvdaq_1430,tcn,2,-0.5,full record,27546,0.042186714708805084,0.02288200706243515,0.9749825596809387,0.10276187121612439,-0.6316718863225731,-0.9145956240204953,-0.3810485723609758,2985,8.736481861738536,4.291238877481177,0.3318773803499614
pvdaq_1430,tcn,3,-0.5,full record,27546,0.038806844502687454,0.021200384944677353,0.9788306355476379,0.09452890523985262,-0.7535800172090101,-1.0079901469872456,-0.48483656184301616,2983,8.736481861738536,4.288501026694045,0.3316110474871494
pvdaq_1430,tcn,4,-0.5,full record,27546,0.03949994593858719,0.021610498428344727,0.9780676960945129,0.09621721875246596,-0.7277501643440321,-1.005668153525996,-0.4727342834083941,2985,8.736481861738536,4.291238877481177,0.3317042639891336
pvdaq_1430,tcn,0,-1.0,full record,27546,0.039447635412216187,0.02243901416659355,0.9772742986679077,0.09819347967811151,-1.0476375789693422,-1.3153651321844317,-0.6902115284551424,2985,8.736481861738536,4.291238877481177,0.3318773803499614
pvdaq_1430,tcn,1,-1.0,full record,27546,0.04410908371210098,0.025517400354146957,0.9715860486030579,0.10979680707967122,-1.2085036834393492,-1.530998806517936,-0.8543914923140772,2985,8.736481861738536,4.291238877481177,0.33190401363624256
pvdaq_1430,tcn,2,-1.0,full record,27546,0.040525611490011215,0.02316092886030674,0.9760152697563171,0.10087678936150199,-1.0923901142284365,-1.3493453123107013,-0.8294821320157686,2984,8.736481861738536,4.289869952087612,0.3317841638479772
pvdaq_1430,tcn,3,-1.0,full record,27546,0.039820559322834015,0.022815508767962456,0.9768425822257996,0.09912176589998715,-0.977133182966522,-1.2597962033918197,-0.712601349990432,2985,8.736481861738536,4.291238877481177,0.33162436413029006
pvdaq_1430,tcn,4,-1.0,full record,27546,0.0400581881403923,0.02284346893429756,0.9765653610229492,0.09971327411648769,-1.0708844908902226,-1.354951716260845,-0.7596445371913145,2984,8.736481861738536,4.289869952087612,0.3315710975577276
pvdaq_1430,tcn,0,-2.0,full record,27546,0.04500781372189522,0.02777111902832985,0.9681329131126404,0.11716407289346017,-1.7716165990684762,-2.160092173292738,-1.457588191890058,2985,8.736481861738536,4.291238877481177,0.33190401363624256
pvdaq_1430,tcn,1,-2.0,full record,27546,0.045171961188316345,0.02822212502360344,0.9679000377655029,0.11759138060140348,-1.734545429145507,-2.1372578629470995,-1.441469571581222,2985,8.736481861738536,4.291238877481177,0.3317442139185554
pvdaq_1430,tcn,2,-2.0,full record,27546,0.04333120211958885,0.02662060037255287,0.9704628586769104,0.11279952754583576,-1.7200799814267156,-2.0280167608577147,-1.4139110226245792,2985,8.736481861738536,4.291238877481177,0.33195728020880494
pvdaq_1430,tcn,3,-2.0,full record,27546,0.044881824404001236,0.02850950136780739,0.968311071395874,0.11683609825072949,-1.9337596270482291,-2.1653657610799293,-1.646392575828908,2985,8.736481861738536,4.291238877481177,0.3319306469225238
pvdaq_1430,tcn,4,-2.0,full record,27546,0.04498519375920296,0.028209157288074493,0.9681649208068848,0.11710518874116388,-1.8142538412127873,-2.2519777173684252,-1.419976866762629,2984,8.736481861738536,4.289869952087612,0.3318374304205396
pvdaq_1423,tcn,0,0.0,full record,19656,0.03504679724574089,0.015710441395640373,0.985089898109436,0.07436653217172401,-0.49228644607571365,-0.5987667002945785,-0.3850830162845955,2121,7.260780287474333,4.298083504449007,0.3501355847452738
pvdaq_1423,tcn,1,0.0,full record,19656,0.035039469599723816,0.01570122130215168,0.9850960969924927,0.07435098348636339,-0.5071942339559599,-0.6384080640731038,-0.3880313235379331,2121,7.260780287474333,4.298083504449007,0.3501355847452738
pvdaq_1423,tcn,2,0.0,full record,19656,0.03509902209043503,0.016390038654208183,0.9850454330444336,0.07447734916210055,-0.4632363153271757,-0.6008255606259394,-0.342773999744439,2121,7.260780287474333,4.298083504449007,0.3501355847452738
pvdaq_1423,tcn,3,0.0,full record,19656,0.03568011522293091,0.01709960773587227,0.9845461249351501,0.07571038283503552,-0.5018577592082851,-0.6369399821180177,-0.3849397015752586,2121,7.260780287474333,4.298083504449007,0.3501355847452738
pvdaq_1423,tcn,4,0.0,full record,19656,0.03521021082997322,0.017267758026719093,0.9849504828453064,0.07471328287433171,-0.5071806226909836,-0.6339345232880822,-0.3898470473172433,2121,7.260780287474333,4.298083504449007,0.3501355847452738
pvdaq_1423,tcn,0,-0.25,full record,19656,0.03413644805550575,0.01636151596903801,0.9855935573577881,0.07310192711283704,-0.7855580754050795,-0.8991461920440758,-0.658873784009012,2121,7.260780287474333,4.298083504449007,0.3501355847452738
pvdaq_1423,tcn,1,-0.25,full record,19656,0.03520694747567177,0.01709761843085289,0.9846758842468262,0.07539436159401292,-0.6967644978736123,-0.8604549484501511,-0.5667543273428333,2121,7.260780287474333,4.298083504449007,0.3501355847452738
pvdaq_1423,tcn,2,-0.25,full record,19656,0.03546573594212532,0.01764613203704357,0.9844497442245483,0.07594854741854773,-0.7229409363598338,-0.8395741489508044,-0.5648525258959203,2121,7.260780287474333,4.298083504449007,0.3501355847452738
pvdaq_1423,tcn,3,-0.25,full record,19656,0.03477003425359726,0.016774524003267288,0.9850538372993469,0.07445872826558951,-0.7464859872355345,-0.862849768849483,-0.616573866094549,2121,7.260780287474333,4.298083504449007,0.3501355847452738
pvdaq_1423,tcn,4,-0.25,full record,19656,0.036004841327667236,0.017385264858603477,0.9839733839035034,0.07710302144396312,-0.7882066497874929,-0.9034864240935223,-0.7000229385986989,2121,7.260780287474333,4.298083504449007,0.3501355847452738
pvdaq_1423,tcn,0,-0.5,full record,19656,0.035749975591897964,0.018720824271440506,0.9839093685150146,0.07726884326833189,-0.934935907961254,-1.0902330075570466,-0.8182853579037261,2121,7.260780287474333,4.298083504449007,0.3501355847452738
pvdaq_1423,tcn,1,-0.5,full record,19656,0.035832542926073074,0.019597547128796577,0.9838349223136902,0.07744730163922113,-0.9384543118117261,-1.063778982202035,-0.8341524028581293,2121,7.260780287474333,4.298083504449007,0.3501355847452738
pvdaq_1423,tcn,2,-0.5,full record,19656,0.03582075610756874,0.018716812133789062,0.983845591545105,0.07742182599017342,-0.9108710603978887,-1.0486025670072285,-0.7492606639920019,2121,7.260780287474333,4.298083504449007,0.3501355847452738
pvdaq_1423,tcn,3,-0.5,full record,19656,0.036597613245248795,0.018877828493714333,0.983137309551239,0.07910089993132847,-0.9755683282117067,-1.1013367150660702,-0.8458339130528052,2121,7.260780287474333,4.298083504449007,0.3501355847452738
pvdaq_1423,tcn,4,-0.5,full record,19656,0.035607241094112396,0.018886113539338112,0.9840375781059265,0.07696034153215513,-0.9672758405799913,-1.0528564304496002,-0.8773318306433686,2121,7.260780287474333,4.298083504449007,0.3501355847452738
pvdaq_1423,tcn,0,-1.0,full record,19656,0.0379231795668602,0.02124796062707901,0.9812275767326355,0.08351856321036008,-1.421205346194837,-1.546456701420742,-1.234255250793126,2121,7.260780287474333,4.298083504449007,0.3501355847452738
pvdaq_1423,tcn,1,-1.0,full record,19656,0.03731381893157959,0.022109344601631165,0.9818260073661804,0.08217656274212766,-1.3413083883690613,-1.4749631713775664,-1.194015170709177,2121,7.260780287474333,4.298083504449007,0.3501355847452738
pvdaq_1423,tcn,2,-1.0,full record,19656,0.037491925060749054,0.0220163743942976,0.9816520810127258,0.08256880748998607,-1.3282665014484794,-1.5015864864544706,-1.1947350920246607,2121,7.260780287474333,4.298083504449007,0.3501355847452738
pvdaq_1423,tcn,3,-1.0,full record,19656,0.037551965564489365,0.0214998722076416,0.9815932512283325,0.08270103523734508,-1.4311444969597464,-1.580895233444668,-1.2610934765768134,2121,7.260780287474333,4.298083504449007,0.3501355847452738
pvdaq_1423,tcn,4,-1.0,full record,19656,0.0376591756939888,0.02126196026802063,0.9814879894256592,0.08293714508044521,-1.3942086493312633,-1.4993491330509534,-1.267615501240521,2121,7.260780287474333,4.298083504449007,0.3501355847452738
pvdaq_1423,tcn,0,-2.0,full record,19656,0.04283281788229942,0.028086181730031967,0.9742934703826904,0.09804552203821155,-2.3233392903758308,-2.5125951516821066,-2.1757210678000796,2121,7.260780287474333,4.298083504449007,0.3501355847452738
pvdaq_1423,tcn,1,-2.0,full record,19656,0.042733751237392426,0.028352105990052223,0.974412202835083,0.09781875570817063,-2.300042250596227,-2.4643335577078886,-2.122764614813989,2121,7.260780287474333,4.298083504449007,0.3501355847452738
pvdaq_1423,tcn,2,-2.0,full record,19656,0.04210418090224266,0.02711399644613266,0.9751605987548828,0.09637765154502288,-2.2522645074862013,-2.4207621809516926,-2.0842676146815555,2121,7.260780287474333,4.298083504449007,0.3501355847452738
pvdaq_1423,tcn,3,-2.0,full record,19656,0.043443817645311356,0.02822207659482956,0.9735548496246338,0.09944411764063828,-2.3905423583354954,-2.578966228149688,-2.126709528007731,2121,7.260780287474333,4.298083504449007,0.3501355847452738
pvdaq_1423,tcn,4,-2.0,full record,19656,0.04244599491357803,0.028365302830934525,0.9747556447982788,0.09716007340840445,-2.379216465366257,-2.5893747150647255,-2.0928390044299694,2121,7.260780287474333,4.298083504449007,0.3501355847452738
pvdaq_2107,tcn,0,0.0,full record,20796,0.05147824436426163,0.040038902312517166,0.9544423222541809,0.13432866086167491,0.9242975183722357,0.26130290117631905,1.5352457685930792,2249,6.7734428473648185,3.260438056125941,0.27581317155178714
pvdaq_2107,tcn,1,0.0,full record,20796,0.0507817417383194,0.03897818550467491,0.9556667804718018,0.13251118891435237,0.543011154029277,0.05663727897000648,1.2999157135482942,2249,6.7734428473648185,3.260438056125941,0.27581317155178714
pvdaq_2107,tcn,2,0.0,full record,20796,0.05219891667366028,0.040666673332452774,0.9531578421592712,0.1362092018054686,0.669550125408902,0.046214785517222134,1.451080494113439,2249,6.7734428473648185,3.260438056125941,0.27581317155178714
pvdaq_2107,tcn,3,0.0,full record,20796,0.05089031159877777,0.03885381668806076,0.9554769992828369,0.13279449391329748,0.6997937030769563,0.08056401476194446,1.3958261119876114,2249,6.7734428473648185,3.260438056125941,0.27581317155178714
pvdaq_2107,tcn,4,0.0,full record,20796,0.05091796815395355,0.03945418819785118,0.9554286003112793,0.13286666164292169,0.6727773280053876,-0.15365319525919574,1.4085897539813375,2249,6.7734428473648185,3.260438056125941,0.27581317155178714
pvdaq_2107,tcn,0,-0.25,full record,20796,0.05058979615569115,0.03890952095389366,0.9551993012428284,0.13315703713349222,0.3009215642896912,-0.42164538709925276,1.1552021427857353,2249,6.7734428473648185,3.260438056125941,0.27581317155178714
pvdaq_2107,tcn,1,-0.25,full record,20796,0.050227899104356766,0.038521427661180496,0.9558380246162415,0.13220449051806943,0.422881868132638,-0.10705244995756005,1.0345132422750285,2249,6.7734428473648185,3.260438056125941,0.27581317155178714
pvdaq_2107,tcn,2,-0.25,full record,20796,0.05030883848667145,0.038659606128931046,0.9556955695152283,0.13241753048176624,0.41956096217603545,-0.22793717714095363,1.0157525924212294,2249,6.7734428473648185,3.260438056125941,0.27581317155178714
pvdaq_2107,tcn,3,-0.25,full record,20796,0.0506788045167923,0.039025478065013885,0.9550415277481079,0.1333913153979838,0.2924359713789737,-0.4067033138325238,1.0866754752602348,2249,6.7734428473648185,3.260438056125941,0.27581317155178714
pvdaq_2107,tcn,4,-0.25,full record,20796,0.05039340630173683,0.038820285350084305,0.955546498298645,0.1326401208171039,0.35352987635236416,-0.1776036426473413,1.0887327136929636,2249,6.7734428473648185,3.260438056125941,0.27581317155178714
pvdaq_2107,tcn,0,-0.5,full record,20796,0.04947870224714279,0.03809545934200287,0.9563646912574768,0.13137373139024183,0.2074141942323523,-0.3803586843235864,0.9165978944108977,2249,6.7734428473648185,3.260438056125941,0.27581317155178714
pvdaq_2107,tcn,1,-0.5,full record,20796,0.04956279322504997,0.03780762478709221,0.9562162160873413,0.13159700615377018,0.14947332678352704,-0.5259545776017838,0.7530052080772635,2249,6.7734428473648185,3.260438056125941,0.27581317155178714
pvdaq_2107,tcn,2,-0.5,full record,20796,0.05070730298757553,0.039319612085819244,0.9541707634925842,0.13463585946412,0.153892256138139,-0.3475100344139106,0.8115120097986014,2249,6.7734428473648185,3.260438056125941,0.27581317155178714
pvdaq_2107,tcn,3,-0.5,full record,20796,0.050094444304704666,0.038631003350019455,0.9552718997001648,0.1330086233336836,0.09086040477726542,-0.5521840090923824,0.8576901105250556,2249,6.7734428473648185,3.260438056125941,0.27581317155178714
pvdaq_2107,tcn,4,-0.5,full record,20796,0.04951973631978035,0.03798743709921837,0.9562922716140747,0.13148268330271537,0.1113404008272946,-0.4836525460920253,0.8534636759139342,2249,6.7734428473648185,3.260438056125941,0.27581317155178714
pvdaq_2107,tcn,0,-1.0,full record,20796,0.04953383281826973,0.03805045783519745,0.9546607732772827,0.13386617559517458,-0.2799540137041645,-0.9396398610251147,0.37333889574698853,2249,6.7734428473648185,3.260438056125941,0.27581317155178714
pvdaq_2107,tcn,1,-1.0,full record,20796,0.04877115413546562,0.03735967352986336,0.9560462236404419,0.13180502117472975,-0.43279997089956784,-0.9273198950131311,0.21317999482024508,2249,6.7734428473648185,3.260438056125941,0.27581317155178714
pvdaq_2107,tcn,2,-1.0,full record,20796,0.050039198249578476,0.03854667767882347,0.9537309408187866,0.13523193579821616,-0.3893970047656427,-0.9715878419626289,0.3145656470347924,2249,6.7734428473648185,3.260438056125941,0.27581317155178714
pvdaq_2107,tcn,3,-1.0,full record,20796,0.049353547394275665,0.03820759803056717,0.9549902081489563,0.13337895062483596,-0.4537875356695681,-1.1265134838449908,0.05750470030525534,2249,6.7734428473648185,3.260438056125941,0.27581317155178714
pvdaq_2107,tcn,4,-1.0,full record,20796,0.04887862876057625,0.03740699216723442,0.9558522701263428,0.13209547350233114,-0.44037839059527517,-1.0202304972560188,0.23701626980836554,2249,6.7734428473648185,3.260438056125941,0.27581317155178714
pvdaq_2107,tcn,0,-2.0,full record,20796,0.0481763556599617,0.03639154136180878,0.9539190530776978,0.1350143664624743,-1.1692728146993097,-1.6903370322764166,-0.6249405283705212,2249,6.7734428473648185,3.260438056125941,0.27581317155178714
pvdaq_2107,tcn,1,-2.0,full record,20796,0.04829878732562065,0.03667455539107323,0.9536845088005066,0.1353574815351577,-1.4474717488634643,-2.106020092249827,-0.7814823796157868,2249,6.7734428473648185,3.260438056125941,0.27581317155178714
pvdaq_2107,tcn,2,-2.0,full record,20796,0.0497887097299099,0.03830190747976303,0.9507829546928406,0.13953299308512201,-1.3639395453430008,-2.036142669733043,-0.7165470783622396,2249,6.7734428473648185,3.260438056125941,0.27581317155178714
pvdaq_2107,tcn,3,-2.0,full record,20796,0.049084145575761795,0.0376540869474411,0.9521660804748535,0.13755845014592805,-1.520620587382826,-2.141850027258696,-0.7721733232834911,2249,6.7734428473648185,3.260438056125941,0.27581317155178714
pvdaq_2107,tcn,4,-2.0,full record,20796,0.04863157495856285,0.03697996214032173,0.953044056892395,0.1362901197725821,-1.4414796443968045,-2.249501002174517,-0.6062666334500477,2249,6.7734428473648185,3.260438056125941,0.27581317155178714
pvdaq_10,tcn,0,0.0,full record,38116,0.040078599005937576,0.024718131870031357,0.9796529412269592,0.10910889757643442,-1.3587069691250706,-1.481614655420588,-1.2318461504057532,4145,13.125256673511293,6.424024640657084,0.2957328556336411
pvdaq_10,tcn,1,0.0,full record,38116,0.04042412340641022,0.024167615920305252,0.9793005585670471,0.11004954389033735,-1.3015114832217098,-1.4423578741846717,-1.1937287601407336,4145,13.125256673511293,6.424024640657084,0.2959165862845069
pvdaq_10,tcn,2,0.0,full record,38116,0.040427498519420624,0.025105012580752373,0.9792971014976501,0.11005873220701744,-1.3193897691428176,-1.445025745892063,-1.2025642219032613,4145,13.125256673511293,6.424024640657084,0.29589821321942034
pvdaq_10,tcn,3,0.0,full record,38116,0.040373921394348145,0.02481803297996521,0.9793519377708435,0.10991287528594325,-1.2793329506953417,-1.442554465187665,-1.1262095634595,4145,13.125256673511293,6.424024640657084,0.2958522805567039
pvdaq_10,tcn,4,0.0,full record,38116,0.04033294692635536,0.024477433413267136,0.9793938398361206,0.10980132749878604,-1.323834444800981,-1.4743423527799282,-1.185615930055742,4145,13.125256673511293,6.424024640657084,0.2958063478939874
pvdaq_10,tcn,0,-0.25,full record,38116,0.0424930714070797,0.027099130675196648,0.9764397144317627,0.11755013889627443,-1.539546164580143,-1.6473169484267274,-1.4386254305728086,4145,13.125256673511293,6.424024640657084,0.2958798401543338
pvdaq_10,tcn,1,-0.25,full record,38116,0.04300646483898163,0.027965832501649857,0.975866973400116,0.11897035793975953,-1.581367114237722,-1.7058009630298743,-1.4330694540481255,4145,13.125256673511293,6.424024640657084,0.29576041523127095
pvdaq_10,tcn,2,-0.25,full record,38116,0.04290280491113663,0.02691667713224888,0.9759831428527832,0.11868359968688051,-1.5001510207616768,-1.654056855795798,-1.3558262989809333,4144,13.125256673511293,6.422655715263518,0.2956961095034679
pvdaq_10,tcn,3,-0.25,full record,38116,0.04241795837879181,0.026843080297112465,0.9765229225158691,0.11734235097660219,-1.5574726023712526,-1.6892026768083712,-1.4505899517688419,4145,13.125256673511293,6.424024640657084,0.2959165862845069
pvdaq_10,tcn,4,-0.25,full record,38116,0.04282740503549576,0.02692244201898575,0.9760674834251404,0.11847501825087565,-1.5433105666453228,-1.6812028493849829,-1.4380024441655204,4145,13.125256673511293,6.424024640657084,0.2958430940241606
pvdaq_10,tcn,0,-0.5,full record,38116,0.04496605321764946,0.02950306609272957,0.9728264808654785,0.12643300366400123,-1.7802943035131784,-1.92186564117677,-1.6615681810505618,4145,13.125256673511293,6.424024640657084,0.29575122869872766
pvdaq_10,tcn,1,-0.5,full record,38116,0.04548531770706177,0.030409077182412148,0.9721952080726624,0.1278930421684854,-1.7669284385337691,-1.9045764581526596,-1.6492447263281917,4145,13.125256673511293,6.424024640657084,0.29575122869872766
pvdaq_10,tcn,2,-0.5,full record,38116,0.04531482607126236,0.029684200882911682,0.9724032878875732,0.12741366343561392,-1.737609896404091,-1.879166168064117,-1.618968316580227,4144,13.125256673511293,6.422655715263518,0.2956961095034679
pvdaq_10,tcn,3,-0.5,full record,38116,0.04520980641245842,0.029585594311356544,0.9725310802459717,0.12711837510238883,-1.762614690824981,-1.900964953114901,-1.6263534462331077,4145,13.125256673511293,6.424024640657084,0.295824720959074
pvdaq_10,tcn,4,-0.5,full record,38116,0.0451417975127697,0.029355375096201897,0.9726136326789856,0.12692715152708617,-1.7413028870406189,-1.8731352734741789,-1.6179001112072622,4145,13.125256673511293,6.424024640657084,0.2958522805567039
pvdaq_10,tcn,0,-1.0,full record,38116,0.05102961137890816,0.03511038050055504,0.9628875255584717,0.1483523118435989,-2.1739103974851117,-2.3167205431276563,-2.05880990220453,4145,13.125256673511293,6.424024640657084,0.2958522805567039
pvdaq_10,tcn,1,-1.0,full record,38116,0.05092867836356163,0.034128982573747635,0.9630341529846191,0.14805888130859404,-2.14552002999198,-2.276015132076309,-1.9939218300506711,4145,13.125256673511293,6.424024640657084,0.29588902668687705
pvdaq_10,tcn,2,-1.0,full record,38116,0.05060091242194176,0.034156445413827896,0.9635084271430969,0.1471060064214653,-2.1806562088880153,-2.333325206200698,-2.0108535983029694,4145,13.125256673511293,6.424024640657084,0.2959165862845069
pvdaq_10,tcn,3,-1.0,full record,38116,0.050343554466962814,0.03483143076300621,0.9638786911964417,0.146357820288732,-2.2533733005691747,-2.3829206667217067,-2.1105928149282147,4145,13.125256673511293,6.424024640657084,0.29575122869872766
pvdaq_10,tcn,4,-1.0,full record,38116,0.05064184591174126,0.03420684114098549,0.9634493589401245,0.1472250074814281,-2.168158862957026,-2.3218435195464115,-2.021209960024685,4145,13.125256673511293,6.424024640657084,0.2958798401543338
pvdaq_10,tcn,0,-2.0,full record,38116,0.06371672451496124,0.044605907052755356,0.9351038932800293,0.19872658479073824,-3.10910384208386,-3.2091702325408193,-3.0057187735478164,4145,13.125256673511293,6.424024640657084,0.2957971613614441
pvdaq_10,tcn,1,-2.0,full record,38116,0.06353216618299484,0.044340211898088455,0.9354792833328247,0.19815096438203778,-2.9670960932479025,-3.13900320933842,-2.7585832033122815,4145,13.125256673511293,6.424024640657084,0.2957696017638142
pvdaq_10,tcn,2,-2.0,full record,38116,0.06323175132274628,0.04349566251039505,0.9360880851745605,0.1972139981513966,-3.0034563469569284,-3.1579649881577243,-2.855285144642516,4145,13.125256673511293,6.424024640657084,0.2959165862845069
pvdaq_10,tcn,3,-2.0,full record,38116,0.0628834217786789,0.04356247931718826,0.9367902874946594,0.19612759044288403,-3.002729911406245,-3.1539022871625924,-2.888128470262974,4145,13.125256673511293,6.424024640657084,0.29577878829635756
pvdaq_10,tcn,4,-2.0,full record,38116,0.0632045716047287,0.04380600154399872,0.9361429810523987,0.1971292271186995,-3.02065460775246,-3.23365086110746,-2.8786028520857654,4144,13.125256673511293,6.422655715263518,0.29565017684075146
pvdaq_33,tcn,0,0.0,full record,37106,0.044176314026117325,0.02031155303120613,0.9743391275405884,0.1209804480478858,-0.43444126391422033,-0.5290613304385627,-0.3225031448570532,4034,12.301163586584531,5.936687200547571,0.28912872879467527
pvdaq_33,tcn,1,0.0,full record,37106,0.043739400804042816,0.018938204273581505,0.9748441576957703,0.1197839254649159,-0.4099802871232243,-0.4940360639717792,-0.3210316997796836,4031,12.301163586584531,5.938056125941136,0.288334286018776
pvdaq_33,tcn,2,0.0,full record,37106,0.044850774109363556,0.020505035296082497,0.9735495448112488,0.12282751213325296,-0.46203290140972353,-0.5611804813178356,-0.36963192030892156,4033,12.301163586584531,5.938056125941136,0.2890318455293217
pvdaq_33,tcn,3,0.0,full record,37106,0.04393121227622032,0.018319591879844666,0.9746230840682983,0.12030921686498698,-0.4335261367585441,-0.5162906482491958,-0.3514194526791914,4032,12.301163586584531,5.939425051334703,0.28893496226396814
pvdaq_33,tcn,4,0.0,full record,37106,0.04410688579082489,0.019872896373271942,0.9744197130203247,0.12079031314872045,-0.41189474509396284,-0.5415211528573668,-0.33213373416086656,4033,12.301163586584531,5.938056125941136,0.28890589728436206
pvdaq_33,tcn,0,-0.25,full record,37106,0.04423191770911217,0.021293524652719498,0.9734700322151184,0.12303347098065885,-0.6704326139558736,-0.7519659266376433,-0.5579224885396861,4034,12.301163586584531,5.936687200547571,0.28912872879467527
pvdaq_33,tcn,1,-0.25,full record,37106,0.043609630316495895,0.019766762852668762,0.9742112755775452,0.12130254494745837,-0.7009472684372964,-0.8079609581093693,-0.5975702754390768,4033,12.301163586584531,5.938056125941136,0.2889155856108974
pvdaq_33,tcn,2,-0.25,full record,37106,0.04405449330806732,0.021251799538731575,0.9736824035644531,0.12253995541480052,-0.6758160991769799,-0.7749377879240484,-0.5720405393794481,4033,12.301163586584531,5.938056125941136,0.288876832304756
pvdaq_33,tcn,3,-0.25,full record,37106,0.04392513632774353,0.020174115896224976,0.9738367795944214,0.12218014197895814,-0.6898781217092373,-0.7765840832798077,-0.5867143206478187,4033,12.301163586584531,5.938056125941136,0.28905122218239243
pvdaq_33,tcn,4,-0.25,full record,37106,0.04387517273426056,0.020505059510469437,0.9738962650299072,0.12204116554186802,-0.6828412081239188,-0.7602289080636178,-0.5609832653992175,4033,12.301163586584531,5.938056125941136,0.2889155856108974
pvdaq_33,tcn,0,-0.5,full record,37106,0.04434577748179436,0.022384772077202797,0.9724997878074646,0.12531658706073637,-0.9368799400609751,-1.062192077064883,-0.8228167949536624,4034,12.301163586584531,5.936687200547571,0.28912872879467527
pvdaq_33,tcn,1,-0.5,full record,37106,0.043945472687482834,0.021132268011569977,0.9729940295219421,0.12418536705613131,-0.9000371798620233,-1.0008364013326942,-0.7957893659447435,4032,12.301163586584531,5.936687200547571,0.28878963736593777
pvdaq_33,tcn,2,-0.5,full record,37106,0.044128987938165665,0.022656632587313652,0.9727680087089539,0.12470396220081244,-0.9234823500542458,-1.000504868331592,-0.8165396020460202,4033,12.301163586584531,5.938056125941136,0.28890589728436206
pvdaq_33,tcn,3,-0.5,full record,37106,0.04451201483607292,0.02292625606060028,0.9722932577133179,0.1257863566546678,-0.9298614719210396,-1.0127707022622334,-0.8177571703166131,4033,12.301163586584531,5.938056125941136,0.28886714397822066
pvdaq_33,tcn,4,-0.5,full record,37106,0.04390496015548706,0.021441398188471794,0.9730437994003296,0.12407088282491036,-0.8894070294492018,-0.9923741727792265,-0.8121649002893139,4033,12.301163586584531,5.938056125941136,0.28890589728436206
pvdaq_33,tcn,0,-1.0,full record,37106,0.046357329934835434,0.025782370939850807,0.9680460095405579,0.13531529850080845,-1.3971797134497088,-1.4799203507613015,-1.306124832515787,4033,12.301163586584531,5.938056125941136,0.28909966381506924
pvdaq_33,tcn,1,-1.0,full record,37106,0.045938774943351746,0.025136420503258705,0.9686204195022583,0.13409355225935682,-1.3798786035983115,-1.46651644517737,-1.2897424882770445,4033,12.301163586584531,5.938056125941136,0.28878963736593777
pvdaq_33,tcn,2,-1.0,full record,37106,0.04609973728656769,0.026110658422112465,0.9684001207351685,0.13456339527124453,-1.385965832450231,-1.5040736989274217,-1.2758584336087897,4034,12.301163586584531,5.936687200547571,0.2888380789986146
pvdaq_33,tcn,3,-1.0,full record,37106,0.046533118933439255,0.025548793375492096,0.9678032398223877,0.135828419960838,-1.3168803401503726,-1.3969072516315042,-1.2284492172561592,4032,12.301163586584531,5.936687200547571,0.2887799490394024
pvdaq_33,tcn,4,-1.0,full record,37106,0.04659825563430786,0.025614526122808456,0.9677129983901978,0.13601855153514963,-1.349494893950387,-1.4424126479713693,-1.2418827526044955,4033,12.301163586584531,5.938056125941136,0.2890802871619985
pvdaq_33,tcn,0,-2.0,full record,37106,0.05397801473736763,0.03425586596131325,0.9511054754257202,0.1686694398572271,-2.3216053160213743,-2.4449576791922945,-2.2155679364562966,4033,12.301163586584531,5.938056125941136,0.28907059883546316
pvdaq_33,tcn,1,-2.0,full record,37106,0.05536999925971031,0.03589155524969101,0.9485511779785156,0.17301908574205313,-2.3057633778902464,-2.4453226963720764,-2.150158545629605,4031,12.301163586584531,5.938056125941136,0.2887218190801903
pvdaq_33,tcn,2,-2.0,full record,37106,0.053930237889289856,0.03492272272706032,0.9511920213699341,0.16852014770110335,-2.3260364525525046,-2.4365889148991404,-2.2081409240709338,4033,12.301163586584531,5.938056125941136,0.2886636891209781
pvdaq_33,tcn,3,-2.0,full record,37106,0.053650036454200745,0.03425420820713043,0.9516978859901428,0.16764457976231154,-2.2971129262878143,-2.406921936700906,-2.2171940547053626,4032,12.301163586584531,5.939425051334703,0.2890027805497156
pvdaq_33,tcn,4,-2.0,full record,37106,0.05333041399717331,0.03384600207209587,0.9522716999053955,0.16664582978873593,-2.276532337763765,-2.394754429847512,-2.182156381291286,4031,12.301163586584531,5.938056125941136,0.2886249358148367
pvdaq_1278,tcn,0,0.0,full record,22704,0.04849407076835632,0.024570608511567116,0.9534034132957458,0.13465946161737236,0.0199305502983486,-0.2521890738452326,0.3069285296083135,2415,6.899383983572895,3.3767967145790556,0.3698504729935917
pvdaq_1278,tcn,1,0.0,full record,22704,0.048457082360982895,0.02350614406168461,0.9534745216369629,0.13455675134900197,0.08686803257808018,-0.15347241227576328,0.3151762558107063,2415,6.899383983572895,3.3767967145790556,0.3698504729935917
pvdaq_1278,tcn,2,0.0,full record,22704,0.04871688783168793,0.024066081270575523,0.952974259853363,0.1352781852120716,0.09568631571674202,-0.22841132140097864,0.35081472830176263,2415,6.899383983572895,3.3767967145790556,0.3698504729935917
pvdaq_1278,tcn,3,0.0,full record,22704,0.04860222712159157,0.02342349663376808,0.953195333480835,0.1349597926901488,-0.00032701067012570837,-0.1775257717683249,0.2500006982716819,2415,6.899383983572895,3.3767967145790556,0.3698504729935917
pvdaq_1278,tcn,4,0.0,full record,22704,0.048757053911685944,0.02414001151919365,0.9528966546058655,0.13538971931556334,-0.048570213306897245,-0.2280110625841658,0.25605643216088936,2415,6.899383983572895,3.3767967145790556,0.3698504729935917
pvdaq_1278,tcn,0,-0.25,full record,22704,0.048137132078409195,0.02491796761751175,0.9532660245895386,0.1348582844025468,-0.07616745013881987,-0.3801892406730567,0.18637177062056476,2415,6.899383983572895,3.3767967145790556,0.3698504729935917
pvdaq_1278,tcn,1,-0.25,full record,22704,0.04807993397116661,0.023046720772981644,0.9533770680427551,0.13469804139926103,-0.20673587330780868,-0.4342828753213568,0.0301167455292628,2415,6.899383983572895,3.3767967145790556,0.3698504729935917
pvdaq_1278,tcn,2,-0.25,full record,22704,0.04815886914730072,0.023877058178186417,0.9532238245010376,0.13491918175334608,-0.19674605104328896,-0.4542367147419235,0.0569723309658654,2415,6.899383983572895,3.3767967145790556,0.3698504729935917
pvdaq_1278,tcn,3,-0.25,full record,22704,0.048521026968955994,0.023176876828074455,0.9525176882743835,0.13593378275682588,-0.20040162686141838,-0.40722323331105004,0.048926799981230396,2415,6.899383983572895,3.3767967145790556,0.3698504729935917
pvdaq_1278,tcn,4,-0.25,full record,22704,0.04832235351204872,0.0245678648352623,0.9529057145118713,0.13537719036342788,-0.15860845079607166,-0.4047236599425297,0.1370735400276258,2415,6.899383983572895,3.3767967145790556,0.3698504729935917
pvdaq_1278,tcn,0,-0.5,full record,22704,0.04773100093007088,0.023590197786688805,0.9532303214073181,0.13492162627408325,-0.4710734937069472,-0.6842187983593373,-0.19461384151491234,2415,6.899383983572895,3.3767967145790556,0.3698504729935917
pvdaq_1278,tcn,1,-0.5,full record,22704,0.04784010350704193,0.02413138560950756,0.9530162811279297,0.1352300274563085,-0.40828957666152466,-0.6165311052876632,-0.11390517644964127,2415,6.899383983572895,3.3767967145790556,0.3698504729935917
pvdaq_1278,tcn,2,-0.5,full record,22704,0.04825017228722572,0.023257572203874588,0.9522073268890381,0.1363891723648279,-0.45855698238570497,-0.737455907688711,-0.24713043886199476,2415,6.899383983572895,3.3767967145790556,0.3698504729935917
pvdaq_1278,tcn,3,-0.5,full record,22704,0.04777724668383598,0.02350149303674698,0.9531396627426147,0.1350523495395643,-0.4608353643496149,-0.6832794403397884,-0.18760829878623486,2415,6.899383983572895,3.3767967145790556,0.3698504729935917
pvdaq_1278,tcn,4,-0.5,full record,22704,0.04773540049791336,0.022688496857881546,0.9532216787338257,0.13493406256992127,-0.392146908197577,-0.6634924528739825,-0.1793973396201909,2415,6.899383983572895,3.3767967145790556,0.3698504729935917
pvdaq_1278,tcn,0,-1.0,full record,22704,0.04750704765319824,0.024574942886829376,0.9520002603530884,0.13674519781392563,-0.9180192498150441,-1.1725913691872258,-0.6659826394109836,2415,6.899383983572895,3.3767967145790556,0.3698504729935917
pvdaq_1278,tcn,1,-1.0,full record,22704,0.04743514955043793,0.023715825751423836,0.9521453976631165,0.13653824493493016,-0.8929780733054837,-1.1378960417151807,-0.6687887314939522,2415,6.899383983572895,3.3767967145790556,0.3698504729935917
pvdaq_1278,tcn,2,-1.0,full record,22704,0.04756133258342743,0.024112623184919357,0.9518904685974121,0.1369014525990408,-0.8765624130071148,-1.084450669067638,-0.6539279466712178,2415,6.899383983572895,3.3767967145790556,0.3698504729935917
pvdaq_1278,tcn,3,-1.0,full record,22704,0.047186873853206635,0.02381809614598751,0.9526450634002686,0.13582360340262273,-0.8077166131045993,-1.071643974547658,-0.576863718733638,2415,6.899383983572895,3.3767967145790556,0.3698504729935917
pvdaq_1278,tcn,4,-1.0,full record,22704,0.04746557027101517,0.023182615637779236,0.9520840048789978,0.13662580852093414,-0.8860928886481879,-1.162295097402355,-0.6666287699568563,2415,6.899383983572895,3.3767967145790556,0.3698504729935917
pvdaq_1278,tcn,0,-2.0,full record,22704,0.04749707505106926,0.025159763172268867,0.9485247731208801,0.14190850441809752,-1.863919495690891,-2.090052721942026,-1.6073781120055308,2415,6.899383983572895,3.3767967145790556,0.3698504729935917
pvdaq_1278,tcn,1,-2.0,full record,22704,0.04724101722240448,0.024563215672969818,0.9490783214569092,0.14114347239304556,-1.8421233570486761,-2.0491849686221126,-1.5811533742377784,2415,6.899383983572895,3.3767967145790556,0.3698504729935917
pvdaq_1278,tcn,2,-2.0,full record,22704,0.0472094863653183,0.0251544788479805,0.9491462707519531,0.1410492666600123,-1.8264909320441391,-2.074890004834473,-1.5406824610673024,2415,6.899383983572895,3.3767967145790556,0.3698504729935917
pvdaq_1278,tcn,3,-2.0,full record,22704,0.047084927558898926,0.02460571750998497,0.9494142532348633,0.1406771183979968,-1.7463865305063275,-1.973730836094043,-1.5042304771536008,2415,6.899383983572895,3.3767967145790556,0.3698504729935917
pvdaq_1278,tcn,4,-2.0,full record,22704,0.04775780439376831,0.026071423664689064,0.9479581117630005,0.14268749367250008,-1.9135554227877272,-2.1496641912753365,-1.6921284918327784,2415,6.899383983572895,3.3767967145790556,0.3698504729935917
