system_id,model,seed,injection,regime,n_train,val_rmse,val_mae,val_r2,val_nrmse_mean,plr,ci_low,ci_high,days,span_years,t_center_years,points_kept_fraction
dkasc_7,xgboost,0,0.0,full record,25557,0.02027808502316475,0.013930286280810833,0.9932911396026611,0.053002118465665646,-0.788705597313249,-0.9121424874303452,-0.6802942377745591,2839,12.216290212183436,6.4486652977412735,0.2518376059770022
dkasc_7,xgboost,1,0.0,full record,25557,0.020268963649868965,0.013909587636590004,0.9932971596717834,0.05297827735308325,-0.8115233112466869,-0.9302359135876626,-0.6881640136913673,2839,12.216290212183436,6.4486652977412735,0.2518376059770022
dkasc_7,xgboost,2,0.0,full record,25557,0.02028200589120388,0.013919446617364883,0.993288516998291,0.0530123666874312,-0.8173395007677664,-0.9285656418961508,-0.6886220619291672,2839,12.216290212183436,6.4486652977412735,0.2518376059770022
dkasc_7,xgboost,3,0.0,full record,25557,0.02028362825512886,0.013956605456769466,0.9932874441146851,0.05301660716304061,-0.7962623805205071,-0.9283788209595856,-0.6737794516429085,2839,12.216290212183436,6.4486652977412735,0.2518376059770022
dkasc_7,xgboost,4,0.0,full record,25557,0.020271124318242073,0.013913373462855816,0.9932957291603088,0.052983924829210584,-0.8014078564851146,-0.9372702300869173,-0.6788398035412688,2839,12.216290212183436,6.4486652977412735,0.2518376059770022
dkasc_7,xgboost,0,-0.25,full record,25557,0.022227276116609573,0.015465550124645233,0.9917042255401611,0.05899104191901319,-0.9927367823597529,-1.100109551901407,-0.8813828985607342,2839,12.216290212183436,6.4486652977412735,0.2518376059770022
dkasc_7,xgboost,1,-0.25,full record,25557,0.022215770557522774,0.015444843098521233,0.9917128086090088,0.058960506242269436,-1.0063389148066946,-1.1338755095836373,-0.8935559597972653,2839,12.216290212183436,6.4486652977412735,0.2518376059770022
dkasc_7,xgboost,2,-0.25,full record,25557,0.02218630351126194,0.015426558442413807,0.9917348027229309,0.0588823008988849,-1.0050061319765493,-1.1190853691455116,-0.8502673447285614,2839,12.216290212183436,6.4486652977412735,0.2518376059770022
dkasc_7,xgboost,3,-0.25,full record,25557,0.02221815101802349,0.015467480756342411,0.9917110800743103,0.05896682396849228,-0.9889206891413029,-1.1187589482365332,-0.8806100595823207,2839,12.216290212183436,6.4486652977412735,0.2518376059770022
dkasc_7,xgboost,4,-0.25,full record,25557,0.022189663723111153,0.015422786585986614,0.9917322993278503,0.058891218878623565,-1.0299411491844699,-1.1409026368999098,-0.920830014649144,2839,12.216290212183436,6.4486652977412735,0.2518376059770022
dkasc_7,xgboost,0,-0.5,full record,25557,0.02442517876625061,0.017178291454911232,0.9896903038024902,0.0658375965304468,-1.2065353842331572,-1.3191591287099458,-1.0988937517361963,2839,12.216290212183436,6.4486652977412735,0.2518376059770022
dkasc_7,xgboost,1,-0.5,full record,25557,0.024430613964796066,0.01712610386312008,0.9896857142448425,0.06585224700290897,-1.2062995717706817,-1.3327603094034357,-1.0840343946616482,2839,12.216290212183436,6.4486652977412735,0.2518376059770022
dkasc_7,xgboost,2,-0.5,full record,25557,0.02437680959701538,0.01711638830602169,0.9897311329841614,0.06570721837112613,-1.1912462184273331,-1.299381421830903,-1.0437412125213985,2839,12.216290212183436,6.4486652977412735,0.2518376059770022
dkasc_7,xgboost,3,-0.5,full record,25557,0.024416832253336906,0.017156654968857765,0.9896973967552185,0.0658150986664636,-1.195338490897091,-1.3044552577358057,-1.0370383585845904,2839,12.216290212183436,6.4486652977412735,0.2518376059770022
dkasc_7,xgboost,4,-0.5,full record,25557,0.024397635832428932,0.01711037941277027,0.9897135496139526,0.06576335508551939,-1.2149825291815535,-1.301641549352448,-1.0977594449169903,2839,12.216290212183436,6.4486652977412735,0.2518376059770022
dkasc_7,xgboost,0,-1.0,full record,25557,0.02935737743973732,0.020837606862187386,0.984226644039154,0.08168606316876739,-1.5185495489024694,-1.6623814910282753,-1.3812645977142772,2839,12.216290212183436,6.4486652977412735,0.2518376059770022
dkasc_7,xgboost,1,-1.0,full record,25557,0.02940862998366356,0.02085050754249096,0.9841715693473816,0.08182867190653059,-1.5235520624782364,-1.7025358037429217,-1.402049647527459,2839,12.216290212183436,6.4486652977412735,0.2518376059770022
dkasc_7,xgboost,2,-1.0,full record,25557,0.02937556616961956,0.020820220932364464,0.9842070937156677,0.08173667278950651,-1.5314133078937395,-1.6495006318707484,-1.4074746901693747,2839,12.216290212183436,6.4486652977412735,0.2518376059770022
dkasc_7,xgboost,3,-1.0,full record,25557,0.029439903795719147,0.020884528756141663,0.9841378331184387,0.08191569039421209,-1.5222695306514713,-1.671008229321258,-1.3900654726614836,2839,12.216290212183436,6.4486652977412735,0.2518376059770022
dkasc_7,xgboost,4,-1.0,full record,25557,0.0293437447398901,0.02079135552048683,0.9842413067817688,0.08164813057130814,-1.553201612549094,-1.6716004913775293,-1.4306406708546215,2839,12.216290212183436,6.4486652977412735,0.2518376059770022
dkasc_7,xgboost,0,-2.0,full record,25557,0.04060313478112221,0.028964845463633537,0.9662038683891296,0.12077245689883283,-2.2202517753294155,-2.3688549682856563,-2.079105720737584,2839,12.216290212183436,6.4486652977412735,0.2518376059770022
dkasc_7,xgboost,1,-2.0,full record,25557,0.04064520448446274,0.02897089533507824,0.9661337733268738,0.1208975916072939,-2.244267502795666,-2.367258608497169,-2.046920983348044,2839,12.216290212183436,6.4486652977412735,0.2518376059770022
dkasc_7,xgboost,2,-2.0,full record,25557,0.04065785929560661,0.029017459601163864,0.9661126732826233,0.120935232854495,-2.1996009389857574,-2.3732106605875547,-2.056847047152493,2839,12.216290212183436,6.4486652977412735,0.2518376059770022
dkasc_7,xgboost,3,-2.0,full record,25557,0.04062269255518913,0.029009805992245674,0.9661712646484375,0.12083063074275566,-2.2384274402867166,-2.3651398829646157,-2.095731488249307,2839,12.216290212183436,6.4486652977412735,0.2518376059770022
dkasc_7,xgboost,4,-2.0,full record,25557,0.04063931107521057,0.028966732323169708,0.9661436080932617,0.12088006188899181,-2.250086230899462,-2.393203401007143,-2.0850943288989066,2839,12.216290212183436,6.4486652977412735,0.2518376059770022
dkasc_8,xgboost,0,0.0,full record,31083,0.12987521290779114,0.06260726600885391,0.7674502730369568,0.3461378200545828,-0.8794384700038754,-1.1708634865646217,-0.6837054515845715,3380,12.238193018480493,5.268651608487337,0.3004158636778578
dkasc_8,xgboost,1,0.0,full record,31083,0.12991967797279358,0.06215648353099823,0.7672910094261169,0.3462563264294633,-0.9054334687476462,-1.2458189144365228,-0.6612469059762429,3380,12.238193018480493,5.268651608487337,0.3004158636778578
dkasc_8,xgboost,2,0.0,full record,31083,0.12986347079277039,0.06254957616329193,0.7674923539161682,0.3461065254756935,-0.8958687973579434,-1.1612168926374757,-0.6705589912817044,3380,12.238193018480493,5.268651608487337,0.3004158636778578
dkasc_8,xgboost,3,0.0,full record,31083,0.12973639369010925,0.061768993735313416,0.7679471373558044,0.3457678450584748,-0.9429966025481462,-1.1722878187006573,-0.6331972623751977,3380,12.238193018480493,5.268651608487337,0.3004158636778578
dkasc_8,xgboost,4,0.0,full record,31083,0.13005247712135315,0.06313931941986084,0.7668150663375854,0.34661025699680065,-0.9868892199366763,-1.2047635860278572,-0.6980722585731655,3380,12.238193018480493,5.268651608487337,0.3004158636778578
dkasc_8,xgboost,0,-0.25,full record,31083,0.12848159670829773,0.06141640990972519,0.7665131092071533,0.3470508430205108,-1.1298220862510457,-1.429551824961428,-0.8803928754135828,3380,12.238193018480493,5.268651608487337,0.3004158636778578
dkasc_8,xgboost,1,-0.25,full record,31083,0.1284809410572052,0.0613585039973259,0.7665154933929443,0.3470490719943855,-1.0797159141360981,-1.4019606084655896,-0.7719240733899846,3380,12.238193018480493,5.268651608487337,0.3004158636778578
dkasc_8,xgboost,2,-0.25,full record,31083,0.1286691576242447,0.06239869445562363,0.7658309936523438,0.34755747724412556,-1.118049243435664,-1.3944218548741303,-0.8656183637150657,3380,12.238193018480493,5.268651608487337,0.3004158636778578
dkasc_8,xgboost,3,-0.25,full record,31083,0.12863487005233765,0.06172939017415047,0.7659556865692139,0.34746486062789156,-1.1544794107222505,-1.3903616265828733,-0.8607720795370088,3380,12.238193018480493,5.268651608487337,0.3004158636778578
dkasc_8,xgboost,4,-0.25,full record,31083,0.12888023257255554,0.062472984194755554,0.7650619745254517,0.3481276269046883,-1.1187594546797575,-1.382760271469352,-0.8936517005376775,3380,12.238193018480493,5.268651608487337,0.3004158636778578
dkasc_8,xgboost,0,-0.5,full record,31083,0.12728151679039001,0.06138267368078232,0.7649221420288086,0.3485187301748437,-1.2897014276769814,-1.588119001322419,-1.0624338531990962,3380,12.238193018480493,5.268651608487337,0.3004158636778578
dkasc_8,xgboost,1,-0.5,full record,31083,0.12709470093250275,0.06171460822224617,0.7656116485595703,0.3480071961578928,-1.3528576414754583,-1.5580611213467381,-1.0760471192811871,3380,12.238193018480493,5.268651608487337,0.3004158636778578
dkasc_8,xgboost,2,-0.5,full record,31083,0.12736466526985168,0.0621468685567379,0.7646148204803467,0.3487464050424026,-1.2797869417101242,-1.5205389499123378,-1.0627313171067843,3380,12.238193018480493,5.268651608487337,0.3004158636778578
dkasc_8,xgboost,3,-0.5,full record,31083,0.12740309536457062,0.06168615072965622,0.7644727826118469,0.3488516332652403,-1.3029594641342623,-1.5759374374113233,-1.0598504263403432,3380,12.238193018480493,5.268651608487337,0.3004158636778578
dkasc_8,xgboost,4,-0.5,full record,31083,0.12748827040195465,0.061675697565078735,0.7641577124595642,0.3490848571976716,-1.3477718216096126,-1.5850591731800034,-1.0819320040734992,3380,12.238193018480493,5.268651608487337,0.3004158636778578
dkasc_8,xgboost,0,-1.0,full record,31083,0.1253172606229782,0.062484487891197205,0.7602176666259766,0.35280571590718973,-1.7357323442634354,-2.031004493256607,-1.4768721310954231,3380,12.238193018480493,5.268651608487337,0.3004158636778578
dkasc_8,xgboost,1,-1.0,full record,31083,0.12523281574249268,0.06211710348725319,0.7605407238006592,0.3525679782135449,-1.7292038636394098,-1.9459194405614944,-1.4916168658336226,3380,12.238193018480493,5.268651608487337,0.3004158636778578
dkasc_8,xgboost,2,-1.0,full record,31083,0.12555968761444092,0.06154381111264229,0.759289026260376,0.3534882206783046,-1.7328443355942191,-1.9128514892428372,-1.4972253815257908,3380,12.238193018480493,5.268651608487337,0.3004158636778578
dkasc_8,xgboost,3,-1.0,full record,31083,0.12553644180297852,0.06198880448937416,0.7593781352043152,0.3534227767393447,-1.725160720385351,-1.9512925195263042,-1.4893332465526985,3380,12.238193018480493,5.268651608487337,0.3004158636778578
dkasc_8,xgboost,4,-1.0,full record,31083,0.12528519332408905,0.06331419199705124,0.7603403329849243,0.3527154368324194,-1.7196424120910436,-2.010464962282751,-1.4743846714129372,3380,12.238193018480493,5.268651608487337,0.3004158636778578
dkasc_8,xgboost,0,-2.0,full record,31083,0.12247161567211151,0.06474921107292175,0.7468039989471436,0.36537822231488765,-2.5760758008667213,-2.808519875410287,-2.2909660332249118,3380,12.238193018480493,5.268651608487337,0.3004158636778578
dkasc_8,xgboost,1,-2.0,full record,31083,0.12240767478942871,0.0640990138053894,0.7470683455467224,0.3651874629628559,-2.574163205856994,-2.7816572084438995,-2.275321270388464,3380,12.238193018480493,5.268651608487337,0.3004158636778578
dkasc_8,xgboost,2,-2.0,full record,31083,0.12254594266414642,0.06429321318864822,0.7464965581893921,0.3655999672806145,-2.542240723379013,-2.7897394013656927,-2.328732857654714,3380,12.238193018480493,5.268651608487337,0.3004158636778578
dkasc_8,xgboost,3,-2.0,full record,31083,0.12265404313802719,0.06483125686645508,0.746049165725708,0.3659224710604593,-2.561547715959695,-2.8077801164220255,-2.3008520099617904,3380,12.238193018480493,5.268651608487337,0.3004158636778578
dkasc_8,xgboost,4,-2.0,full record,31083,0.12259545922279358,0.06501151621341705,0.7462916374206543,0.36574769352782993,-2.549717698865106,-2.8142978822401687,-2.3109120632060276,3380,12.238193018480493,5.268651608487337,0.3004158636778578
dkasc_10,xgboost,0,0.0,full record,30964,0.04006597399711609,0.0197564959526062,0.9789052605628967,0.10111337522150664,-1.0599994779817716,-1.1921320198573016,-0.9194775927675816,3341,12.216290212183436,5.22621492128679,0.29072913628179725
dkasc_10,xgboost,1,0.0,full record,30964,0.040062252432107925,0.019779756665229797,0.9789091944694519,0.1011039832122394,-1.0527017289435487,-1.1658701828199909,-0.9085760608726766,3341,12.216290212183436,5.22621492128679,0.2913929932910208
dkasc_10,xgboost,2,0.0,full record,30964,0.03997036814689636,0.019768578931689262,0.9790058135986328,0.1008720974178687,-1.0457882697626986,-1.192604913826284,-0.9179854759632428,3341,12.216290212183436,5.22621492128679,0.29147346080729036
dkasc_10,xgboost,3,0.0,full record,30964,0.040025170892477036,0.019724993035197258,0.9789482355117798,0.10101040157035147,-1.0542315743213582,-1.2081160937765012,-0.9157139388271415,3341,12.216290212183436,5.22621492128679,0.29117170762127964
dkasc_10,xgboost,4,0.0,full record,30964,0.040001560002565384,0.0197738204151392,0.9789730310440063,0.10095081542947487,-1.058199213749672,-1.1938371291633658,-0.9414007020136499,3341,12.216290212183436,5.22621492128679,0.29146340236775664
dkasc_10,xgboost,0,-0.25,full record,30964,0.0410166010260582,0.021410802379250526,0.9773213863372803,0.10492170526342592,-1.2519156009250687,-1.3730634152782584,-1.111468975466201,3341,12.216290212183436,5.22621492128679,0.2909906557096732
dkasc_10,xgboost,1,-0.25,full record,30964,0.04104418680071831,0.021493371576070786,0.9772908687591553,0.10499227050886185,-1.2487878454492956,-1.3624286202013836,-1.1005763730280338,3341,12.216290212183436,5.22621492128679,0.2916746295979642
dkasc_10,xgboost,2,-0.25,full record,30964,0.040958378463983536,0.02137734927237034,0.9773856997489929,0.10477277018970302,-1.2444985926548071,-1.3929424005974966,-1.1039029407252487,3341,12.216290212183436,5.22621492128679,0.2911415323026786
dkasc_10,xgboost,3,-0.25,full record,30964,0.04105732589960098,0.021427609026432037,0.9772763252258301,0.10502588072096887,-1.2669816533514588,-1.395011338090385,-1.1265777838425892,3341,12.216290212183436,5.22621492128679,0.2916645711584305
dkasc_10,xgboost,4,-0.25,full record,30964,0.04103859141469002,0.021417712792754173,0.9772970676422119,0.10497795734226567,-1.2463799163108766,-1.3568229691902378,-1.0929373580199964,3341,12.216290212183436,5.22621492128679,0.29160422052122836
dkasc_10,xgboost,0,-0.5,full record,30964,0.042327579110860825,0.02318880334496498,0.9752259254455566,0.10976966598679466,-1.4342019483685844,-1.534911977282527,-1.303647537242203,3341,12.216290212183436,5.22621492128679,0.29061849344692664
dkasc_10,xgboost,1,-0.5,full record,30964,0.04229271411895752,0.02323586866259575,0.975266695022583,0.10967924932238221,-1.4180568319010989,-1.5507715982088066,-1.2810645227058333,3341,12.216290212183436,5.22621492128679,0.29168468803749786
dkasc_10,xgboost,2,-0.5,full record,30964,0.042244669049978256,0.02322787046432495,0.9753228425979614,0.10955465227986406,-1.3874834446416795,-1.508659011802188,-1.28378544383988,3341,12.216290212183436,5.22621492128679,0.2915639867630936
dkasc_10,xgboost,3,-0.5,full record,30964,0.04231380671262741,0.023267775774002075,0.975242018699646,0.10973394952046997,-1.424924636458308,-1.5383165108926888,-1.2891171276619955,3341,12.216290212183436,5.22621492128679,0.2916645711584305
dkasc_10,xgboost,4,-0.5,full record,30964,0.04227929934859276,0.023264171555638313,0.9752823710441589,0.10964446030554824,-1.4155548912079081,-1.551290236163927,-1.301551160182013,3341,12.216290212183436,5.22621492128679,0.29170480491656525
dkasc_10,xgboost,0,-1.0,full record,30964,0.045586902648210526,0.027168843895196915,0.9697699546813965,0.12157831090974382,-1.7602934953839182,-1.8937593555139423,-1.640323979052316,3341,12.216290212183436,5.22621492128679,0.2916746295979642
dkasc_10,xgboost,1,-1.0,full record,30964,0.045526955276727676,0.027044707909226418,0.9698494076728821,0.12141843384539033,-1.798008133832787,-1.91498088030862,-1.6687396355074102,3341,12.216290212183436,5.22621492128679,0.29096048039107214
dkasc_10,xgboost,2,-1.0,full record,30964,0.045475710183382034,0.027076739817857742,0.9699172973632812,0.12128176538297133,-1.7895655887904645,-1.9113540461803968,-1.6495788020283237,3341,12.216290212183436,5.22621492128679,0.29161427896076203
dkasc_10,xgboost,3,-1.0,full record,30964,0.04551919922232628,0.027067072689533234,0.9698597192764282,0.12139774878150866,-1.791314855895625,-1.9352311265741733,-1.6746032389097998,3341,12.216290212183436,5.22621492128679,0.2910912401050101
dkasc_10,xgboost,4,-1.0,full record,30964,0.04554205387830734,0.027210308238863945,0.9698294401168823,0.12145870116715424,-1.7430237336878485,-1.8794868265436993,-1.6240772653473678,3341,12.216290212183436,5.22621492128679,0.29172492179563264
dkasc_10,xgboost,0,-2.0,full record,30964,0.05420210212469101,0.03558705002069473,0.9527818560600281,0.15325600623634525,-2.601271021737494,-2.728061014978131,-2.479915140356248,3341,12.216290212183436,5.22621492128679,0.291322584214285
dkasc_10,xgboost,1,-2.0,full record,30964,0.054204098880290985,0.035622358322143555,0.9527783989906311,0.1532616520466863,-2.5598313834502715,-2.720856267824101,-2.450113891405156,3341,12.216290212183436,5.22621492128679,0.29149357768635775
dkasc_10,xgboost,2,-2.0,full record,30964,0.054111868143081665,0.03551783412694931,0.952938973903656,0.1530008703817166,-2.5871960314298614,-2.721443152174754,-2.4355912429268995,3341,12.216290212183436,5.22621492128679,0.29157404520262725
dkasc_10,xgboost,3,-2.0,full record,30964,0.05411803722381592,0.03555350750684738,0.9529282450675964,0.15301831340769567,-2.6004439883631263,-2.718780363167217,-2.4751318618980775,3341,12.216290212183436,5.22621492128679,0.2915438698840262
dkasc_10,xgboost,4,-2.0,full record,30964,0.054136116057634354,0.03552916273474693,0.952896773815155,0.15306943116438435,-2.598628139737393,-2.7116914656383666,-2.4417948700383083,3341,12.216290212183436,5.22621492128679,0.2911012985445438
dkasc_11,xgboost,0,0.0,full record,31489,0.027748538181185722,0.015076883137226105,0.9894074201583862,0.0694849180978721,-1.0179261601287153,-1.1184369852135,-0.9112852001702088,3385,12.216290212183436,5.275496235455167,0.30229860496352146
dkasc_11,xgboost,1,0.0,full record,31489,0.027675986289978027,0.015022321604192257,0.9894627928733826,0.06930324142051003,-1.0274520449142068,-1.1257812919216126,-0.931045768720451,3385,12.216290212183436,5.275496235455167,0.30229860496352146
dkasc_11,xgboost,2,0.0,full record,31489,0.027638528496026993,0.015040365979075432,0.9894912838935852,0.06920944362374612,-1.0390687074644522,-1.1240782405739114,-0.9321407298477524,3385,12.216290212183436,5.275496235455167,0.30229860496352146
dkasc_11,xgboost,3,0.0,full record,31489,0.027674635872244835,0.01506213378161192,0.9894638061523438,0.06929985984902053,-1.0017742739618196,-1.0981210382716822,-0.8965344548518495,3385,12.216290212183436,5.275496235455167,0.30229860496352146
dkasc_11,xgboost,4,0.0,full record,31489,0.02765309251844883,0.015005776658654213,0.989480197429657,0.0692459132892308,-1.01685485838338,-1.1299840588740933,-0.9350079459841255,3385,12.216290212183436,5.275496235455167,0.30229860496352146
dkasc_11,xgboost,0,-0.25,full record,31489,0.02916283905506134,0.016776856034994125,0.9879870414733887,0.07404471894912369,-1.2245309239053426,-1.318010036952777,-1.1162552285623684,3385,12.216290212183436,5.275496235455167,0.30229860496352146
dkasc_11,xgboost,1,-0.25,full record,31489,0.02916654571890831,0.016749320551753044,0.9879840016365051,0.07405413020302354,-1.2223552689548112,-1.320582917164781,-1.1085478881812467,3385,12.216290212183436,5.275496235455167,0.30229860496352146
dkasc_11,xgboost,2,-0.25,full record,31489,0.029135869815945625,0.016763586550951004,0.9880092144012451,0.07397624380077396,-1.231236331255585,-1.3246287334476636,-1.1354450877089417,3385,12.216290212183436,5.275496235455167,0.30229860496352146
dkasc_11,xgboost,3,-0.25,full record,31489,0.029164399951696396,0.016808027401566505,0.9879857301712036,0.07404868208016292,-1.2510663579676784,-1.3489194194852838,-1.1519141910568012,3385,12.216290212183436,5.275496235455167,0.30229860496352146
dkasc_11,xgboost,4,-0.25,full record,31489,0.029096554964780807,0.016729500144720078,0.9880415797233582,0.0738764230288824,-1.2271984135603264,-1.3295012936126893,-1.130615651958533,3385,12.216290212183436,5.275496235455167,0.30229860496352146
dkasc_11,xgboost,0,-0.5,full record,31489,0.030918175354599953,0.018616633489727974,0.9861365556716919,0.07961160346455366,-1.391211871080421,-1.4823507630445043,-1.2885165232682572,3385,12.216290212183436,5.275496235455167,0.30229860496352146
dkasc_11,xgboost,1,-0.5,full record,31489,0.030947433784604073,0.018664654344320297,0.986110270023346,0.07968694136857835,-1.445093062631253,-1.5350616983999088,-1.337993085009015,3385,12.216290212183436,5.275496235455167,0.30229860496352146
dkasc_11,xgboost,2,-0.5,full record,31489,0.03091244213283062,0.018655987456440926,0.9861416816711426,0.07959684091880703,-1.4147472984021525,-1.4992105214749585,-1.3132482099667917,3385,12.216290212183436,5.275496235455167,0.30229860496352146
dkasc_11,xgboost,3,-0.5,full record,31489,0.03094622679054737,0.018643110990524292,0.9861113429069519,0.07968383346421064,-1.42640575947076,-1.544364803187448,-1.328486471587309,3385,12.216290212183436,5.275496235455167,0.30229860496352146
dkasc_11,xgboost,4,-0.5,full record,31489,0.030910374596714973,0.018613601103425026,0.9861435294151306,0.07959151719373271,-1.3968856014955233,-1.4994756279923074,-1.3084254745147184,3385,12.216290212183436,5.275496235455167,0.30229860496352146
dkasc_11,xgboost,0,-1.0,full record,31489,0.03530030697584152,0.02279096469283104,0.9809533357620239,0.09354068517850475,-1.8420203026802473,-1.9467842851929338,-1.716549099693661,3385,12.216290212183436,5.275496235455167,0.30229860496352146
dkasc_11,xgboost,1,-1.0,full record,31489,0.03527454659342766,0.022803200408816338,0.980981171131134,0.09347242390748799,-1.8342054442521507,-1.9346133495268178,-1.7310600850793834,3385,12.216290212183436,5.275496235455167,0.30229860496352146
dkasc_11,xgboost,2,-1.0,full record,31489,0.03529074788093567,0.022777626290917397,0.9809637069702148,0.09351535496571675,-1.8237165348507627,-1.918368447063168,-1.7208294408895042,3385,12.216290212183436,5.275496235455167,0.30229860496352146
dkasc_11,xgboost,3,-1.0,full record,31489,0.03533955290913582,0.02275223843753338,0.9809110164642334,0.09364468120022011,-1.8318526213802173,-1.929395173231526,-1.7157571325906205,3385,12.216290212183436,5.275496235455167,0.30229860496352146
dkasc_11,xgboost,4,-1.0,full record,31489,0.03528508543968201,0.022784769535064697,0.9809697866439819,0.09350035031901459,-1.8428270294952531,-1.962131006771195,-1.7196417033312539,3385,12.216290212183436,5.275496235455167,0.30229860496352146
dkasc_11,xgboost,0,-2.0,full record,31489,0.04601440951228142,0.031766846776008606,0.9641073942184448,0.12946775362890012,-2.6758568985889686,-2.775258393407265,-2.541176238947618,3385,12.216290212183436,5.275496235455167,0.30229860496352146
dkasc_11,xgboost,1,-2.0,full record,31489,0.04598795622587204,0.031745415180921555,0.9641486406326294,0.12939332373609427,-2.6607179270603964,-2.80727239327802,-2.516875254584941,3385,12.216290212183436,5.275496235455167,0.30229860496352146
dkasc_11,xgboost,2,-2.0,full record,31489,0.04598039388656616,0.031755074858665466,0.9641603827476501,0.1293720460734558,-2.689504534332232,-2.7932417516569483,-2.5526086076617327,3385,12.216290212183436,5.275496235455167,0.30229860496352146
dkasc_11,xgboost,3,-2.0,full record,31489,0.04603996127843857,0.031865332275629044,0.9640675187110901,0.1295396469727609,-2.6831508228547696,-2.7718091429855427,-2.5583235196481424,3385,12.216290212183436,5.275496235455167,0.30229860496352146
dkasc_11,xgboost,4,-2.0,full record,31489,0.045949824154376984,0.03176627680659294,0.9642080664634705,0.12928603400468167,-2.6369758886095793,-2.7830468301817888,-2.518989996195856,3385,12.216290212183436,5.275496235455167,0.30229860496352146
dkasc_13,xgboost,0,0.0,full record,31899,0.033852797001600266,0.017403852194547653,0.9843401908874512,0.08470799747645925,-0.6234292445540252,-0.7503243550269212,-0.4620068457965032,3404,12.216290212183436,5.301505817932923,0.3012190564684732
dkasc_13,xgboost,1,0.0,full record,31899,0.03381689265370369,0.017328375950455666,0.9843733906745911,0.08461815599568373,-0.6246662110024226,-0.7424648306073699,-0.47539317119492663,3404,12.216290212183436,5.301505817932923,0.3012190564684732
dkasc_13,xgboost,2,0.0,full record,31899,0.03386500105261803,0.01740982197225094,0.9843289256095886,0.08473853500406048,-0.6280895900029294,-0.7598696708412022,-0.4799976865101474,3404,12.216290212183436,5.301505817932923,0.3012190564684732
dkasc_13,xgboost,3,0.0,full record,31899,0.033849697560071945,0.01742757111787796,0.9843430519104004,0.08470024191389387,-0.6076902444821004,-0.7314098080041067,-0.49914849441543563,3404,12.216290212183436,5.301505817932923,0.3012190564684732
dkasc_13,xgboost,4,0.0,full record,31899,0.03383878618478775,0.01740550622344017,0.9843531847000122,0.08467293897789142,-0.634287275941903,-0.7587279884272333,-0.49660672803593375,3404,12.216290212183436,5.301505817932923,0.3012190564684732
dkasc_13,xgboost,0,-0.25,full record,31899,0.03405618667602539,0.018262986093759537,0.9837082028388977,0.086424471989355,-0.8077590642517563,-0.9102994379107998,-0.6937861457722683,3404,12.216290212183436,5.301505817932923,0.3012190564684732
dkasc_13,xgboost,1,-0.25,full record,31899,0.03405160829424858,0.01831466145813465,0.9837125539779663,0.08641285341821577,-0.8178771911189052,-0.9287822190641504,-0.6976318509875783,3404,12.216290212183436,5.301505817932923,0.3012190564684732
dkasc_13,xgboost,2,-0.25,full record,31899,0.034050293266773224,0.018271291628479958,0.9837138056755066,0.08640951626962981,-0.8109643941412115,-0.9234979058428129,-0.6718988698370099,3404,12.216290212183436,5.301505817932923,0.3012190564684732
dkasc_13,xgboost,3,-0.25,full record,31899,0.03405609726905823,0.018284520134329796,0.9837082624435425,0.08642424510106587,-0.8245687547638786,-0.9418722126011025,-0.6757575021284157,3404,12.216290212183436,5.301505817932923,0.3012190564684732
dkasc_13,xgboost,4,-0.25,full record,31899,0.03405139222741127,0.018267907202243805,0.9837127923965454,0.08641230510485037,-0.8047745932107442,-0.9300380953218268,-0.6719135640927076,3404,12.216290212183436,5.301505817932923,0.3012190564684732
dkasc_13,xgboost,0,-0.5,full record,31899,0.034617889672517776,0.01940144971013069,0.9826958179473877,0.08911264047176357,-1.000946954552262,-1.1013613709696954,-0.8995740909893399,3404,12.216290212183436,5.301505817932923,0.3012190564684732
dkasc_13,xgboost,1,-0.5,full record,31899,0.034650031477212906,0.019474878907203674,0.9826636910438538,0.08919537922658098,-1.0064135089947301,-1.129538124524887,-0.8805145929938973,3404,12.216290212183436,5.301505817932923,0.3012190564684732
dkasc_13,xgboost,2,-0.5,full record,31899,0.034618575125932693,0.019444890320301056,0.9826951622962952,0.08911440495146761,-1.0057243477343936,-1.120523746132518,-0.8995095698157222,3404,12.216290212183436,5.301505817932923,0.3012190564684732
dkasc_13,xgboost,3,-0.5,full record,31899,0.034659493714571,0.019422056153416634,0.9826542139053345,0.08921973671814754,-1.018707745614289,-1.1323617516054152,-0.8782921340195889,3404,12.216290212183436,5.301505817932923,0.3012190564684732
dkasc_13,xgboost,4,-0.5,full record,31899,0.03465158864855766,0.019450701773166656,0.9826621413230896,0.08919938766416949,-1.0081044741779066,-1.1095580849477815,-0.8795734252230014,3404,12.216290212183436,5.301505817932923,0.3012190564684732
dkasc_13,xgboost,0,-1.0,full record,31899,0.03693150728940964,0.022427497431635857,0.9791923761367798,0.09788222198034577,-1.3939818016462124,-1.5034660114648268,-1.2414281383201817,3404,12.216290212183436,5.301505817932923,0.3012190564684732
dkasc_13,xgboost,1,-1.0,full record,31899,0.03697863966226578,0.022414881736040115,0.9791392087936401,0.09800714028780104,-1.3996052726209218,-1.514597004448992,-1.268747851841956,3404,12.216290212183436,5.301505817932923,0.3012190564684732
dkasc_13,xgboost,2,-1.0,full record,31899,0.03695863112807274,0.022413544356822968,0.97916179895401,0.09795411023489697,-1.3918247194183773,-1.5052368243207181,-1.2752097772850193,3404,12.216290212183436,5.301505817932923,0.3012190564684732
dkasc_13,xgboost,3,-1.0,full record,31899,0.03691449016332626,0.022380080074071884,0.9792115688323975,0.0978371202708567,-1.4081059882551705,-1.529359547991741,-1.27115347357375,3404,12.216290212183436,5.301505817932923,0.3012190564684732
dkasc_13,xgboost,4,-1.0,full record,31899,0.036921463906764984,0.022436637431383133,0.9792037010192871,0.0978556032831517,-1.4001002837951975,-1.5278967771615526,-1.2882445665883813,3404,12.216290212183436,5.301505817932923,0.3012190564684732
dkasc_13,xgboost,0,-2.0,full record,31899,0.04489440843462944,0.029998447746038437,0.965725839138031,0.12647380738029979,-2.2457531443881518,-2.3869703501299813,-2.108581675368837,3404,12.216290212183436,5.301505817932923,0.3012190564684732
dkasc_13,xgboost,1,-2.0,full record,31899,0.045011937618255615,0.029996871948242188,0.9655461311340332,0.12680490347555504,-2.2425005738427872,-2.4049268900598553,-2.105129093231839,3404,12.216290212183436,5.301505817932923,0.3012190564684732
dkasc_13,xgboost,2,-2.0,full record,31899,0.04495308920741081,0.02997896820306778,0.965636134147644,0.12663911929802968,-2.2317850273106177,-2.379193324253226,-2.09224405084539,3404,12.216290212183436,5.301505817932923,0.3012190564684732
dkasc_13,xgboost,3,-2.0,full record,31899,0.0449097603559494,0.02995144948363304,0.9657023549079895,0.12651705588290038,-2.22925433483752,-2.377564635783469,-2.10806787593375,3404,12.216290212183436,5.301505817932923,0.3012190564684732
dkasc_13,xgboost,4,-2.0,full record,31899,0.04485316574573517,0.029864199459552765,0.9657887816429138,0.12635762097595823,-2.2384652372555935,-2.3990391692846114,-2.1237689795542303,3404,12.216290212183436,5.301505817932923,0.3012190564684732
dkasc_17,xgboost,0,0.0,full record,31264,0.11186868697404861,0.04388243332505226,0.8560156226158142,0.2550768664245071,-0.5467668850470897,-0.6839761111918641,-0.36699350071713877,3365,12.216290212183436,5.248117727583846,0.3011837942647209
dkasc_17,xgboost,1,0.0,full record,31264,0.11154543608427048,0.04208039119839668,0.8568465113639832,0.25433980741126716,-0.5713160305119036,-0.7173236936844015,-0.3802038889804571,3365,12.216290212183436,5.248117727583846,0.3011837942647209
dkasc_17,xgboost,2,0.0,full record,31264,0.11186614632606506,0.0429692380130291,0.8560221195220947,0.2550710733778212,-0.5606967916516159,-0.7092658836909571,-0.3712033187717845,3365,12.216290212183436,5.248117727583846,0.3011837942647209
dkasc_17,xgboost,3,0.0,full record,31264,0.11146650463342667,0.0436556376516819,0.8570490479469299,0.2541598322306498,-0.5290555056844365,-0.6867201120050792,-0.3571099659679944,3365,12.216290212183436,5.248117727583846,0.3011837942647209
dkasc_17,xgboost,4,0.0,full record,31264,0.1116226464509964,0.04225105419754982,0.8566482663154602,0.254515858269936,-0.5204708059772793,-0.6922084398141015,-0.3976430679352161,3365,12.216290212183436,5.248117727583846,0.3011837942647209
dkasc_17,xgboost,0,-0.25,full record,31264,0.11051519960165024,0.043019041419029236,0.8555258512496948,0.25553557369791086,-0.7803477578691785,-0.9414604305730156,-0.583014675320126,3365,12.216290212183436,5.248117727583846,0.3011837942647209
dkasc_17,xgboost,1,-0.25,full record,31264,0.11019805818796158,0.04299826920032501,0.8563538789749146,0.25480227263722044,-0.7801504002167281,-0.939660860800795,-0.5965803397443015,3365,12.216290212183436,5.248117727583846,0.3011837942647209
dkasc_17,xgboost,2,-0.25,full record,31264,0.11035524308681488,0.042569346725940704,0.8559437990188599,0.255165718873122,-0.7420425248336215,-0.885476928728993,-0.5625380868583183,3365,12.216290212183436,5.248117727583846,0.3011837942647209
dkasc_17,xgboost,3,-0.25,full record,31264,0.10999397188425064,0.04319207742810249,0.8568854331970215,0.2543303799845298,-0.7544661114589735,-0.9208012875995486,-0.5638120157347659,3365,12.216290212183436,5.248117727583846,0.3011837942647209
dkasc_17,xgboost,4,-0.25,full record,31264,0.11018731445074081,0.04204235598444939,0.856381893157959,0.25477743074158743,-0.7824176225229462,-0.9191741411439525,-0.6027920209661142,3365,12.216290212183436,5.248117727583846,0.3011837942647209
dkasc_17,xgboost,0,-0.5,full record,31264,0.10923384130001068,0.04223121702671051,0.8548904657363892,0.25617651081768733,-0.9614539457333038,-1.1233369061452114,-0.8205176892220889,3365,12.216290212183436,5.248117727583846,0.3011837942647209
dkasc_17,xgboost,1,-0.5,full record,31264,0.10889002680778503,0.042950067669153214,0.8558025360107422,0.2553701929592407,-0.9901365254950334,-1.1407429597405594,-0.8185388549181494,3365,12.216290212183436,5.248117727583846,0.3011837942647209
dkasc_17,xgboost,2,-0.5,full record,31264,0.10909400880336761,0.04226825386285782,0.8552618026733398,0.25584857397446525,-0.9850740739634534,-1.1155977173419873,-0.7910315142924863,3365,12.216290212183436,5.248117727583846,0.3011837942647209
dkasc_17,xgboost,3,-0.5,full record,31264,0.10867354273796082,0.04317702725529671,0.8563753366470337,0.2548624919300069,-0.973041848589995,-1.1364779545929737,-0.8208140392084134,3365,12.216290212183436,5.248117727583846,0.3011837942647209
dkasc_17,xgboost,4,-0.5,full record,31264,0.10895303636789322,0.04199530556797981,0.8556355834007263,0.25551796373306473,-0.972290995007663,-1.1523040849818034,-0.8168177007953359,3365,12.216290212183436,5.248117727583846,0.3011837942647209
dkasc_17,xgboost,0,-1.0,full record,31264,0.10704921185970306,0.04335786774754524,0.8527217507362366,0.25842760693324557,-1.3956616747869854,-1.5524233367058993,-1.2352345378862761,3365,12.216290212183436,5.248117727583846,0.3011837942647209
dkasc_17,xgboost,1,-1.0,full record,31264,0.10675782710313797,0.04396636039018631,0.8535224199295044,0.2577241747077507,-1.4033807907905094,-1.5838490320740584,-1.2395931706069674,3365,12.216290212183436,5.248117727583846,0.3011837942647209
dkasc_17,xgboost,2,-1.0,full record,31264,0.10694462060928345,0.043450310826301575,0.8530093431472778,0.25817511309342617,-1.4265968016276442,-1.604039445584271,-1.249636659215847,3365,12.216290212183436,5.248117727583846,0.3011837942647209
dkasc_17,xgboost,3,-1.0,full record,31264,0.10678380727767944,0.044127341359853745,0.853451132774353,0.25778689347249284,-1.4094870283250662,-1.6062201970535523,-1.2443640327897243,3365,12.216290212183436,5.248117727583846,0.3011837942647209
dkasc_17,xgboost,4,-1.0,full record,31264,0.10672750324010849,0.04332413524389267,0.8536056280136108,0.25765096984038605,-1.4100457751937912,-1.5637195213412447,-1.2431923716817783,3365,12.216290212183436,5.248117727583846,0.3011837942647209
dkasc_17,xgboost,0,-2.0,full record,31264,0.10479065030813217,0.049525730311870575,0.8426308631896973,0.2687647794455934,-2.3149516366968603,-2.4508687222496772,-2.157989897297483,3365,12.216290212183436,5.248117727583846,0.3011837942647209
dkasc_17,xgboost,1,-2.0,full record,31264,0.10467758029699326,0.04947155714035034,0.8429702520370483,0.2684747799416653,-2.2689624054313517,-2.4260341629536546,-2.1236365995889184,3365,12.216290212183436,5.248117727583846,0.3011837942647209
dkasc_17,xgboost,2,-2.0,full record,31264,0.10498084872961044,0.049199458211660385,0.8420590758323669,0.26925259621788367,-2.318758522854847,-2.4318055428284024,-2.1529253662855963,3365,12.216290212183436,5.248117727583846,0.3011837942647209
dkasc_17,xgboost,3,-2.0,full record,31264,0.10476216673851013,0.048791829496622086,0.8427163362503052,0.2686917254060891,-2.3062570224643197,-2.4390929538914197,-2.133898383678917,3365,12.216290212183436,5.248117727583846,0.3011837942647209
dkasc_17,xgboost,4,-2.0,full record,31264,0.10464519262313843,0.04911160096526146,0.8430674076080322,0.26839171274058626,-2.3033051993243214,-2.4229880970901507,-2.152471787218386,3365,12.216290212183436,5.248117727583846,0.3011837942647209
dkasc_12,xgboost,0,0.0,full record,31715,0.08341199159622192,0.03862366825342178,0.8991431593894958,0.21864437987773816,-0.9499071145952498,-1.1117541041902546,-0.7645259365923973,3401,12.216290212183436,5.297399041752225,0.300949399050601
dkasc_12,xgboost,1,0.0,full record,31715,0.08313477784395218,0.03731871768832207,0.8998124599456787,0.21791773101348366,-0.9171373148523194,-1.107808872535993,-0.7654377138968882,3401,12.216290212183436,5.297399041752225,0.300949399050601
dkasc_12,xgboost,2,0.0,full record,31715,0.08314423263072968,0.03863450139760971,0.8997896313667297,0.21794251445231883,-0.9465155552088378,-1.1255686952270971,-0.740525423702787,3401,12.216290212183436,5.297399041752225,0.300949399050601
dkasc_12,xgboost,3,0.0,full record,31715,0.08293396234512329,0.03784024342894554,0.9002958536148071,0.2173913417093675,-0.9615668210380846,-1.1213230900895765,-0.7562555598170095,3401,12.216290212183436,5.297399041752225,0.300949399050601
dkasc_12,xgboost,4,0.0,full record,31715,0.08302411437034607,0.038198091089725494,0.9000790119171143,0.21762765345870172,-0.9558222439805687,-1.1236543867733095,-0.749996028127154,3401,12.216290212183436,5.297399041752225,0.300949399050601
dkasc_12,xgboost,0,-0.25,full record,31715,0.08304193615913391,0.038701608777046204,0.8975218534469604,0.22064593629167065,-1.1225564073543026,-1.3296344986804653,-0.9896109240661422,3401,12.216290212183436,5.297399041752225,0.300949399050601
dkasc_12,xgboost,1,-0.25,full record,31715,0.08295794576406479,0.03834013640880585,0.8977290391921997,0.22042277025994397,-1.1618462024493903,-1.2999959399636163,-0.9789096485749942,3401,12.216290212183436,5.297399041752225,0.300949399050601
dkasc_12,xgboost,2,-0.25,full record,31715,0.08281475305557251,0.03922867029905319,0.8980818390846252,0.22004230117773385,-1.1005573307980676,-1.306398403004616,-0.9718193809964415,3401,12.216290212183436,5.297399041752225,0.300949399050601
dkasc_12,xgboost,3,-0.25,full record,31715,0.08267579227685928,0.038427166640758514,0.8984235525131226,0.2196730765119187,-1.1729893165460048,-1.3463908892977439,-0.9835695839522711,3401,12.216290212183436,5.297399041752225,0.300949399050601
dkasc_12,xgboost,4,-0.25,full record,31715,0.08271875232458115,0.038799967616796494,0.8983179926872253,0.21978722317553406,-1.1453800020226346,-1.352503115152135,-0.9634107090975452,3401,12.216290212183436,5.297399041752225,0.300949399050601
dkasc_12,xgboost,0,-0.5,full record,31715,0.08278515934944153,0.039987191557884216,0.8955993056297302,0.22300808496020139,-1.3672243908009474,-1.533089463511872,-1.1778045058295827,3401,12.216290212183436,5.297399041752225,0.300949399050601
dkasc_12,xgboost,1,-0.5,full record,31715,0.08287826925516129,0.039601173251867294,0.8953642845153809,0.22325890602436993,-1.3423720250048898,-1.5573694795916437,-1.1145099621811205,3401,12.216290212183436,5.297399041752225,0.300949399050601
dkasc_12,xgboost,2,-0.5,full record,31715,0.08277234435081482,0.039955440908670425,0.8956316113471985,0.22297356369666857,-1.353395379738942,-1.514699837863287,-1.1790354169863404,3401,12.216290212183436,5.297399041752225,0.300949399050601
dkasc_12,xgboost,3,-0.5,full record,31715,0.08260995149612427,0.03921040520071983,0.8960407376289368,0.22253610703390012,-1.3808284918981992,-1.5570239732177305,-1.1726814437534205,3401,12.216290212183436,5.297399041752225,0.300949399050601
dkasc_12,xgboost,4,-0.5,full record,31715,0.08259058743715286,0.03954964503645897,0.8960894346237183,0.22248394379906183,-1.3545873936565367,-1.5461727834948533,-1.1795387698143367,3401,12.216290212183436,5.297399041752225,0.300949399050601
dkasc_12,xgboost,0,-1.0,full record,31715,0.08281506597995758,0.041787728667259216,0.8902437686920166,0.22943975024966365,-1.768964741853729,-1.9872390614924407,-1.5674902795858037,3401,12.216290212183436,5.297399041752225,0.300949399050601
dkasc_12,xgboost,1,-1.0,full record,31715,0.0831054225564003,0.04165279120206833,0.8894727826118469,0.2302441852832418,-1.7415054509840044,-1.9536881461219175,-1.5689331181409583,3401,12.216290212183436,5.297399041752225,0.300949399050601
dkasc_12,xgboost,2,-1.0,full record,31715,0.08279348164796829,0.04124505817890167,0.8903009295463562,0.2293799506989137,-1.774596567545339,-1.967260629895262,-1.573635978897947,3401,12.216290212183436,5.297399041752225,0.300949399050601
dkasc_12,xgboost,3,-1.0,full record,31715,0.08269771188497543,0.04124898836016655,0.8905546069145203,0.22911461986517545,-1.773673752120164,-1.9589864925161349,-1.6179915703212644,3401,12.216290212183436,5.297399041752225,0.300949399050601
dkasc_12,xgboost,4,-1.0,full record,31715,0.08271341770887375,0.041465744376182556,0.890513002872467,0.22915813296596277,-1.803355937261274,-1.9818627330629224,-1.6103705818107572,3401,12.216290212183436,5.297399041752225,0.300949399050601
dkasc_12,xgboost,0,-2.0,full record,31715,0.08509393781423569,0.04713808745145798,0.8723281621932983,0.24998712976514972,-2.634952307201559,-2.8432740707571953,-2.424709817117665,3401,12.216290212183436,5.297399041752225,0.300949399050601
dkasc_12,xgboost,1,-2.0,full record,31715,0.08504779636859894,0.04664818197488785,0.8724665641784668,0.2498515764242863,-2.6166936667940566,-2.8017915342532063,-2.455181115482939,3401,12.216290212183436,5.297399041752225,0.300949399050601
dkasc_12,xgboost,2,-2.0,full record,31715,0.08508732914924622,0.04682760313153267,0.8723479509353638,0.2499677149721018,-2.6060585498834277,-2.805466415350477,-2.4249697760466704,3401,12.216290212183436,5.297399041752225,0.300949399050601
dkasc_12,xgboost,3,-2.0,full record,31715,0.08490972220897675,0.04696893319487572,0.8728803396224976,0.2494459451449578,-2.655790974547889,-2.875177951484097,-2.463182674696154,3401,12.216290212183436,5.297399041752225,0.300949399050601
dkasc_12,xgboost,4,-2.0,full record,31715,0.08497407287359238,0.04688793420791626,0.872687578201294,0.249634993135437,-2.6437436756317045,-2.8164598328214203,-2.466004929978971,3401,12.216290212183436,5.297399041752225,0.300949399050601
dkasc_14,xgboost,0,0.0,full record,31571,0.035395633429288864,0.021729839965701103,0.9847245216369629,0.08343011220014679,-0.9304674534340196,-1.0964283440789202,-0.7396624112968896,3377,12.238193018480493,5.264544832306639,0.3008720340701683
dkasc_14,xgboost,1,0.0,full record,31571,0.0353553406894207,0.02185608446598053,0.9847592711448669,0.08333513924776927,-0.9233130793869706,-1.1092768550009597,-0.7542381384462393,3377,12.238193018480493,5.264544832306639,0.3008720340701683
dkasc_14,xgboost,2,0.0,full record,31571,0.03531939536333084,0.021816590800881386,0.9847902655601501,0.08325041346952493,-0.9166958938765993,-1.0984324227425901,-0.741338466766861,3377,12.238193018480493,5.264544832306639,0.3008720340701683
dkasc_14,xgboost,3,0.0,full record,31571,0.035402245819568634,0.02176607958972454,0.9847187995910645,0.08344569809053788,-0.9510764307280595,-1.1060357481142766,-0.7479224787501348,3377,12.238193018480493,5.264544832306639,0.3008720340701683
dkasc_14,xgboost,4,0.0,full record,31571,0.03532472625374794,0.021576493978500366,0.9847856760025024,0.08326297877045431,-0.933138483333956,-1.0724568552828162,-0.7817529379114505,3377,12.238193018480493,5.264544832306639,0.3008720340701683
dkasc_14,xgboost,0,-0.25,full record,31571,0.0362250916659832,0.022546786814928055,0.9835556149482727,0.08659941179969985,-1.1266317240464285,-1.2918690481544606,-0.9715303534478319,3377,12.238193018480493,5.264544832306639,0.3008720340701683
dkasc_14,xgboost,1,-0.25,full record,31571,0.036281730979681015,0.022519350051879883,0.9835041761398315,0.08673481328594577,-1.147425618077269,-1.3112541285531796,-0.9503712418088006,3377,12.238193018480493,5.264544832306639,0.3008720340701683
dkasc_14,xgboost,2,-0.25,full record,31571,0.03625084087252617,0.022559482604265213,0.9835322499275208,0.086660967645065,-1.1344012006241855,-1.2981137784928598,-0.9425932148247385,3377,12.238193018480493,5.264544832306639,0.3008720340701683
dkasc_14,xgboost,3,-0.25,full record,31571,0.0362185537815094,0.022551605477929115,0.9835615754127502,0.0865837823858376,-1.1321026200511342,-1.3222910619269204,-0.9593099732386978,3377,12.238193018480493,5.264544832306639,0.3008720340701683
dkasc_14,xgboost,4,-0.25,full record,31571,0.036203783005476,0.022462118417024612,0.9835749864578247,0.08654847148785251,-1.1447535879641313,-1.3215550531799913,-0.967086642817655,3377,12.238193018480493,5.264544832306639,0.3008720340701683
dkasc_14,xgboost,0,-0.5,full record,31571,0.037415627390146255,0.02362096682190895,0.9819700121879578,0.0907357697691191,-1.3533819221538659,-1.5236073209815681,-1.1405341621963463,3377,12.238193018480493,5.264544832306639,0.3008720340701683
dkasc_14,xgboost,1,-0.5,full record,31571,0.037475090473890305,0.023616474121809006,0.9819126725196838,0.09087997231368962,-1.3570946593347344,-1.5444027428641047,-1.1820634436453092,3377,12.238193018480493,5.264544832306639,0.3008720340701683
dkasc_14,xgboost,2,-0.5,full record,31571,0.03749104216694832,0.023739280179142952,0.981897234916687,0.09091865639437194,-1.307658148333093,-1.534729453006832,-1.1664766879029176,3377,12.238193018480493,5.264544832306639,0.3008720340701683
dkasc_14,xgboost,3,-0.5,full record,31571,0.03744405508041382,0.023540345951914787,0.9819425940513611,0.09080470910113374,-1.3503506254294861,-1.5415974213919357,-1.1731998641574037,3377,12.238193018480493,5.264544832306639,0.3008720340701683
dkasc_14,xgboost,4,-0.5,full record,31571,0.03739236295223236,0.023602264001965523,0.9819924235343933,0.09067935172057612,-1.3464618478698236,-1.5217661311327624,-1.1734671344698042,3377,12.238193018480493,5.264544832306639,0.3008720340701683
dkasc_14,xgboost,0,-1.0,full record,31571,0.04075954481959343,0.026550566777586937,0.9774026274681091,0.10178148603460634,-1.7736287574530398,-1.96637305631091,-1.6028722669991446,3377,12.238193018480493,5.264544832306639,0.3008720340701683
dkasc_14,xgboost,1,-1.0,full record,31571,0.040872421115636826,0.02654682658612728,0.9772773385047913,0.10206335172275936,-1.7681038841355967,-1.9452277977260781,-1.5547291402039476,3377,12.238193018480493,5.264544832306639,0.3008720340701683
dkasc_14,xgboost,2,-1.0,full record,31571,0.04084904119372368,0.026733603328466415,0.9773033261299133,0.10200496924556965,-1.7771040197965493,-1.9681162760729138,-1.6257958855541366,3377,12.238193018480493,5.264544832306639,0.3008720340701683
dkasc_14,xgboost,3,-1.0,full record,31571,0.04072057083249092,0.026523493230342865,0.9774458408355713,0.10168416330096089,-1.804051481554891,-1.9748589390661884,-1.6111475019938148,3377,12.238193018480493,5.264544832306639,0.3008720340701683
dkasc_14,xgboost,4,-1.0,full record,31571,0.04084877297282219,0.02668602019548416,0.9773036241531372,0.10200429946571661,-1.7911977370070498,-1.9690321296679623,-1.627704828211344,3377,12.238193018480493,5.264544832306639,0.3008720340701683
dkasc_14,xgboost,0,-2.0,full record,31571,0.05045290291309357,0.03447805345058441,0.9614385962486267,0.13394541078003103,-2.637518245345775,-2.813225303845912,-2.4707826223973437,3377,12.238193018480493,5.264544832306639,0.3008720340701683
dkasc_14,xgboost,1,-2.0,full record,31571,0.05050363764166832,0.0344221368432045,0.9613610506057739,0.13408010439858187,-2.610032278870167,-2.838787473134565,-2.452054884671672,3377,12.238193018480493,5.264544832306639,0.3008720340701683
dkasc_14,xgboost,2,-2.0,full record,31571,0.0504782572388649,0.03435533493757248,0.9613998532295227,0.13401272297386735,-2.660848425004983,-2.842653627488556,-2.4948631675955624,3377,12.238193018480493,5.264544832306639,0.3008720340701683
dkasc_14,xgboost,3,-2.0,full record,31571,0.050414592027664185,0.03446577116847038,0.9614971876144409,0.1338437007298675,-2.647946038388444,-2.827665099560108,-2.428780625820191,3377,12.238193018480493,5.264544832306639,0.3008720340701683
dkasc_14,xgboost,4,-2.0,full record,31571,0.050470028072595596,0.03442196920514107,0.9614124298095703,0.13399087568674065,-2.6477206646564277,-2.8721885274113568,-2.4536716211419702,3377,12.238193018480493,5.264544832306639,0.3008720340701683
dkasc_18,xgboost,0,0.0,full record,31597,0.020387426018714905,0.012081222608685493,0.9952904582023621,0.043592582394456354,-0.27849861856047514,-0.3609796287825817,-0.1686312874539908,3374,12.238193018480493,5.260438056125941,0.29969307442185555
dkasc_18,xgboost,1,0.0,full record,31597,0.020411275327205658,0.012179101817309856,0.9952794313430786,0.043643577205889614,-0.25663237201352973,-0.3724580775055689,-0.18214321676019996,3374,12.238193018480493,5.260438056125941,0.29969307442185555
dkasc_18,xgboost,2,0.0,full record,31597,0.020385771989822388,0.012070607393980026,0.9952912330627441,0.04358904573461937,-0.24174646864376093,-0.3406445069069286,-0.1512055055924999,3374,12.238193018480493,5.260438056125941,0.29969307442185555
dkasc_18,xgboost,3,0.0,full record,31597,0.020405448973178864,0.012079206295311451,0.9952821135520935,0.04363111924195934,-0.26845302745220345,-0.36132595815998303,-0.16324610833099656,3374,12.238193018480493,5.260438056125941,0.29969307442185555
dkasc_18,xgboost,4,0.0,full record,31597,0.02022997848689556,0.0120016410946846,0.9953629374504089,0.04325592662941088,-0.26420342838576444,-0.3573718125364932,-0.16806635571053483,3374,12.238193018480493,5.260438056125941,0.29969307442185555
dkasc_18,xgboost,0,-0.25,full record,31597,0.021223511546850204,0.013232214376330376,0.9947515726089478,0.046028678710015515,-0.4646690053234824,-0.5916889825852141,-0.37108297539842905,3374,12.238193018480493,5.260438056125941,0.29969307442185555
dkasc_18,xgboost,1,-0.25,full record,31597,0.021203095093369484,0.013260170817375183,0.9947616457939148,0.04598440034563705,-0.4906327137643427,-0.5729506379701266,-0.4000181734284902,3374,12.238193018480493,5.260438056125941,0.29969307442185555
dkasc_18,xgboost,2,-0.25,full record,31597,0.021140048280358315,0.01316129881888628,0.9947927594184875,0.04584766701131697,-0.4725479332235494,-0.5726663506527729,-0.3649300880019246,3374,12.238193018480493,5.260438056125941,0.29969307442185555
dkasc_18,xgboost,3,-0.25,full record,31597,0.02117011696100235,0.013238777406513691,0.9947779178619385,0.045912878728875735,-0.49438185079747066,-0.5736205930669147,-0.4028744268963158,3374,12.238193018480493,5.260438056125941,0.29969307442185555
dkasc_18,xgboost,4,-0.25,full record,31597,0.021099748089909554,0.013135776855051517,0.9948126077651978,0.045760265616216836,-0.4632096865209684,-0.5487544764690433,-0.3511418442486805,3374,12.238193018480493,5.260438056125941,0.29969307442185555
dkasc_18,xgboost,0,-0.5,full record,31597,0.02279208041727543,0.014931565150618553,0.9937758445739746,0.05014700750465537,-0.679411686324044,-0.766554818800812,-0.5895621230019465,3374,12.238193018480493,5.260438056125941,0.29969307442185555
dkasc_18,xgboost,1,-0.5,full record,31597,0.02278224378824234,0.014919844456017017,0.9937812089920044,0.05012536500862552,-0.6893980420745294,-0.7862530873089746,-0.5906395846615786,3374,12.238193018480493,5.260438056125941,0.29969307442185555
dkasc_18,xgboost,2,-0.5,full record,31597,0.022782528772950172,0.014926782809197903,0.9937810301780701,0.05012599203038136,-0.7063091323868087,-0.7907152265746842,-0.5913319819443024,3374,12.238193018480493,5.260438056125941,0.29969307442185555
dkasc_18,xgboost,3,-0.5,full record,31597,0.02277188003063202,0.014905986376106739,0.9937868714332581,0.05010256272725645,-0.6828001032942232,-0.7851916375004877,-0.600151918141267,3374,12.238193018480493,5.260438056125941,0.29969307442185555
dkasc_18,xgboost,4,-0.5,full record,31597,0.022755511105060577,0.014899669215083122,0.9937958121299744,0.05006654790901932,-0.6909628950114348,-0.7906695183854346,-0.604375251166861,3374,12.238193018480493,5.260438056125941,0.29969307442185555
dkasc_18,xgboost,0,-1.0,full record,31597,0.027656294405460358,0.019331736490130424,0.9903123378753662,0.0626658584405427,-1.0987274639262403,-1.202747253473041,-0.9958485940067141,3374,12.238193018480493,5.260438056125941,0.29969307442185555
dkasc_18,xgboost,1,-1.0,full record,31597,0.027675624936819077,0.019316138699650764,0.9902988076210022,0.06270965911477427,-1.0907008474321522,-1.1717703387928673,-0.982835643929808,3374,12.238193018480493,5.260438056125941,0.29969307442185555
dkasc_18,xgboost,2,-1.0,full record,31597,0.027676619589328766,0.019313761964440346,0.9902980923652649,0.06271191287850907,-1.0819822714412675,-1.1888615692558884,-0.9926476456330752,3374,12.238193018480493,5.260438056125941,0.29969307442185555
dkasc_18,xgboost,3,-1.0,full record,31597,0.02765762060880661,0.01934143900871277,0.9903114438056946,0.06266886345885576,-1.0832844749678106,-1.1625514080715105,-0.9903109071826122,3374,12.238193018480493,5.260438056125941,0.29969307442185555
dkasc_18,xgboost,4,-1.0,full record,31597,0.027606835588812828,0.019243786111474037,0.9903469681739807,0.06255379067190994,-1.0689766605069095,-1.1787060224411117,-0.963405536028572,3374,12.238193018480493,5.260438056125941,0.29969307442185555
dkasc_18,xgboost,0,-2.0,full record,31597,0.041125569492578506,0.029891883954405785,0.9761102199554443,0.09910301205420634,-1.9694369025488232,-2.0693612756659534,-1.8720128914576308,3374,12.238193018480493,5.260438056125941,0.29969307442185555
dkasc_18,xgboost,1,-2.0,full record,31597,0.04115546494722366,0.029854901134967804,0.9760754704475403,0.09917505311378606,-1.9721347290721059,-2.082654927748784,-1.8640220506863536,3374,12.238193018480493,5.260438056125941,0.29969307442185555
dkasc_18,xgboost,2,-2.0,full record,31597,0.04115527123212814,0.02992604859173298,0.9760757088661194,0.09917458630567413,-1.9982251887520501,-2.0901566386283155,-1.8965559477710336,3374,12.238193018480493,5.260438056125941,0.29969307442185555
dkasc_18,xgboost,3,-2.0,full record,31597,0.04113658145070076,0.0298609621822834,0.9760974049568176,0.09912954829995309,-1.982613515572914,-2.0651579180765323,-1.8809280147328213,3374,12.238193018480493,5.260438056125941,0.29969307442185555
dkasc_18,xgboost,4,-2.0,full record,31597,0.041123166680336,0.029947219416499138,0.9761130213737488,0.09909722183820273,-1.9903803239206375,-2.0860970103600565,-1.904565562629164,3374,12.238193018480493,5.260438056125941,0.29969307442185555
dkasc_19,xgboost,0,0.0,full record,32001,0.0178522989153862,0.011581989005208015,0.9954798817634583,0.042574541050073994,-0.46119427322884876,-0.5584132792781138,-0.36783587474169716,3416,12.216290212183436,5.317932922655715,0.30285258610247506
dkasc_19,xgboost,1,0.0,full record,32001,0.017834598198533058,0.011582406237721443,0.9954888820648193,0.042532328005140584,-0.4978448988607831,-0.6074384358037754,-0.40896160282685723,3416,12.216290212183436,5.317932922655715,0.30285258610247506
dkasc_19,xgboost,2,0.0,full record,32001,0.01781587488949299,0.01156597025692463,0.9954983592033386,0.042487676260673506,-0.4629918643484538,-0.5742026675940545,-0.37619075498933796,3416,12.216290212183436,5.317932922655715,0.30285258610247506
dkasc_19,xgboost,3,0.0,full record,32001,0.017825843766331673,0.011555839329957962,0.9954932928085327,0.042511450249570024,-0.4761118736694048,-0.5874810564534116,-0.378087998891119,3416,12.216290212183436,5.317932922655715,0.30285258610247506
dkasc_19,xgboost,4,0.0,full record,32001,0.01783536560833454,0.011562819592654705,0.9954884648323059,0.042534158140309745,-0.5042486361102938,-0.5889955159187721,-0.4153833923114303,3416,12.216290212183436,5.317932922655715,0.30285258610247506
dkasc_19,xgboost,0,-0.25,full record,32001,0.019581008702516556,0.013046151027083397,0.9944115877151489,0.04736177778437753,-0.6665972617362015,-0.7795166311251424,-0.553078992345211,3416,12.216290212183436,5.317932922655715,0.30285258610247506
dkasc_19,xgboost,1,-0.25,full record,32001,0.019554074853658676,0.01303090713918209,0.994426965713501,0.04729663124448957,-0.6930733691633861,-0.8054648300584999,-0.6047798508777902,3416,12.216290212183436,5.317932922655715,0.30285258610247506
dkasc_19,xgboost,2,-0.25,full record,32001,0.01957208849489689,0.013033786788582802,0.9944167137145996,0.04734020193517121,-0.6786059243549858,-0.7770794350024757,-0.593655458189446,3416,12.216290212183436,5.317932922655715,0.30285258610247506
dkasc_19,xgboost,3,-0.25,full record,32001,0.019578903913497925,0.013045667670667171,0.9944128394126892,0.047356686803044654,-0.6930357176005042,-0.7651315996371352,-0.5922478026938682,3416,12.216290212183436,5.317932922655715,0.30285258610247506
dkasc_19,xgboost,4,-0.25,full record,32001,0.019537361338734627,0.013003422878682613,0.994436502456665,0.04725620524847197,-0.7180397564271188,-0.8204837570834622,-0.6199619490911921,3416,12.216290212183436,5.317932922655715,0.30285258610247506
dkasc_19,xgboost,0,-0.5,full record,32001,0.021820124238729477,0.014880869537591934,0.9928689002990723,0.053539605978583774,-0.899005845582354,-1.0182722145833378,-0.7759759254277381,3416,12.216290212183436,5.317932922655715,0.30285258610247506
dkasc_19,xgboost,1,-0.5,full record,32001,0.021777793765068054,0.014815905131399632,0.992896556854248,0.0534357405351095,-0.8934662738221937,-1.007539826991899,-0.7692478958506332,3416,12.216290212183436,5.317932922655715,0.30285258610247506
dkasc_19,xgboost,2,-0.5,full record,32001,0.021841898560523987,0.014892902225255966,0.992854654788971,0.0535930332000136,-0.9130253462510118,-1.0240206940012502,-0.7943053559453239,3416,12.216290212183436,5.317932922655715,0.30285258610247506
dkasc_19,xgboost,3,-0.5,full record,32001,0.021845486015081406,0.01490879338234663,0.9928523302078247,0.053601835666093486,-0.9097298870704069,-1.0456366946375584,-0.8274053809154025,3416,12.216290212183436,5.317932922655715,0.30285258610247506
dkasc_19,xgboost,4,-0.5,full record,32001,0.02179405279457569,0.014849615283310413,0.992885947227478,0.053475634993266984,-0.9241539330788195,-1.0375803155983674,-0.8273038573104574,3416,12.216290212183436,5.317932922655715,0.30285258610247506
dkasc_19,xgboost,0,-1.0,full record,32001,0.027266066521406174,0.01914537511765957,0.9882458448410034,0.06889136503108252,-1.3448621624117694,-1.4605773884665774,-1.2449185236372065,3416,12.216290212183436,5.317932922655715,0.30285258610247506
dkasc_19,xgboost,1,-1.0,full record,32001,0.027247067540884018,0.01909729465842247,0.9882621765136719,0.06884336156489342,-1.326043665718779,-1.452676884063675,-1.2312494908611527,3416,12.216290212183436,5.317932922655715,0.30285258610247506
dkasc_19,xgboost,2,-1.0,full record,32001,0.02729157730937004,0.019144941121339798,0.9882238507270813,0.06895582144999685,-1.3570796429768577,-1.4731825147563817,-1.230118565807059,3416,12.216290212183436,5.317932922655715,0.30285258610247506
dkasc_19,xgboost,3,-1.0,full record,32001,0.027330506592988968,0.019179752096533775,0.988190233707428,0.06905418149346276,-1.3551744946394106,-1.477172235187607,-1.2329447250133265,3416,12.216290212183436,5.317932922655715,0.30285258610247506
dkasc_19,xgboost,4,-1.0,full record,32001,0.027257191017270088,0.01913214847445488,0.9882534742355347,0.06886893988241673,-1.3501621748604253,-1.4692600490142707,-1.2265993925664587,3416,12.216290212183436,5.317932922655715,0.30285258610247506
dkasc_19,xgboost,0,-2.0,full record,32001,0.040140748023986816,0.02891353890299797,0.9716758728027344,0.10783321134813051,-2.1877446008928105,-2.3040249778763067,-2.071375952642792,3416,12.216290212183436,5.317932922655715,0.30285258610247506
dkasc_19,xgboost,1,-2.0,full record,32001,0.040189702063798904,0.02894558385014534,0.9716067910194397,0.10796472039022029,-2.1816655336251705,-2.292411134037471,-2.0652963047701203,3416,12.216290212183436,5.317932922655715,0.30285258610247506
dkasc_19,xgboost,2,-2.0,full record,32001,0.040156830102205276,0.028918258845806122,0.9716532230377197,0.10787641388482494,-2.172387434701295,-2.287872754323332,-2.068600114009056,3416,12.216290212183436,5.317932922655715,0.30285258610247506
dkasc_19,xgboost,3,-2.0,full record,32001,0.04020140692591667,0.028941679745912552,0.9715902209281921,0.10799616407108521,-2.1916291572160302,-2.3033639646063864,-2.0899456759288726,3416,12.216290212183436,5.317932922655715,0.30285258610247506
dkasc_19,xgboost,4,-2.0,full record,32001,0.040145907551050186,0.028924323618412018,0.9716686010360718,0.107847071786704,-2.18027996351253,-2.292583428750117,-2.054107680624176,3416,12.216290212183436,5.317932922655715,0.30285258610247506
dkasc_20,xgboost,0,0.0,full record,32196,0.04950365424156189,0.03307024762034416,0.9591073989868164,0.12744456787714686,-1.8836680143318962,-2.0237324703060167,-1.7285620968377824,3444,12.216290212183436,5.356262833675565,0.3017055538287227
dkasc_20,xgboost,1,0.0,full record,32196,0.049428340047597885,0.03269939497113228,0.9592317342758179,0.12725067542512863,-1.852348816629705,-1.9979730809254415,-1.697930898163241,3444,12.216290212183436,5.356262833675565,0.3017055538287227
dkasc_20,xgboost,2,0.0,full record,32196,0.04933997988700867,0.032805509865283966,0.9593774080276489,0.12702319681458207,-1.8723924235092615,-2.0107081682500376,-1.7314220810412784,3444,12.216290212183436,5.356262833675565,0.3017055538287227
dkasc_20,xgboost,3,0.0,full record,32196,0.0493537113070488,0.03269718959927559,0.9593547582626343,0.1270585476370651,-1.8715201710502005,-2.0432576640193267,-1.725463994977594,3444,12.216290212183436,5.356262833675565,0.3017055538287227
dkasc_20,xgboost,4,0.0,full record,32196,0.04931055009365082,0.032858289778232574,0.9594258069992065,0.12694743135131137,-1.864334722569172,-2.038706007818103,-1.723914137843452,3444,12.216290212183436,5.356262833675565,0.3017055538287227
dkasc_20,xgboost,0,-0.25,full record,32196,0.05157377943396568,0.034830037504434586,0.9546178579330444,0.1345906067823512,-2.057247318383006,-2.2549805249719834,-1.9149250598649983,3444,12.216290212183436,5.356262833675565,0.3017055538287227
dkasc_20,xgboost,1,-0.25,full record,32196,0.05151494964957237,0.03468494862318039,0.9547213315963745,0.1344370803884109,-2.0609674606891537,-2.2115657770979236,-1.8836543496901506,3444,12.216290212183436,5.356262833675565,0.3017055538287227
dkasc_20,xgboost,2,-0.25,full record,32196,0.05145696923136711,0.03455578535795212,0.9548231959342957,0.13428577056094843,-2.0094019247199,-2.1997578927161476,-1.87300085849198,3444,12.216290212183436,5.356262833675565,0.3017055538287227
dkasc_20,xgboost,3,-0.25,full record,32196,0.05142459273338318,0.03445573151111603,0.9548799991607666,0.13420127854665415,-2.0480808365462844,-2.1944204626209385,-1.894009502612919,3444,12.216290212183436,5.356262833675565,0.3017055538287227
dkasc_20,xgboost,4,-0.25,full record,32196,0.05137505754828453,0.03462938964366913,0.9549669027328491,0.1340720080007939,-2.0623294467174094,-2.242293190381306,-1.9061607707496522,3444,12.216290212183436,5.356262833675565,0.3017055538287227
dkasc_20,xgboost,0,-0.5,full record,32196,0.053729549050331116,0.036598287522792816,0.9496447443962097,0.1421615061893792,-2.2554267087095514,-2.4468955249925095,-2.0689028110878804,3444,12.216290212183436,5.356262833675565,0.3017055538287227
dkasc_20,xgboost,1,-0.5,full record,32196,0.05370345339179039,0.03670697286725044,0.9496936798095703,0.14209246041868645,-2.2616882179907427,-2.4318327721604804,-2.1165273488842673,3444,12.216290212183436,5.356262833675565,0.3017055538287227
dkasc_20,xgboost,2,-0.5,full record,32196,0.053667936474084854,0.03637705370783806,0.9497601985931396,0.14199848720272865,-2.2280125502449377,-2.405394818931096,-2.055075634414971,3444,12.216290212183436,5.356262833675565,0.3017055538287227
dkasc_20,xgboost,3,-0.5,full record,32196,0.05366791784763336,0.03649420663714409,0.9497601985931396,0.1419984379195233,-2.2514063035791065,-2.3857799739219088,-2.0698684565371606,3444,12.216290212183436,5.356262833675565,0.3017055538287227
dkasc_20,xgboost,4,-0.5,full record,32196,0.05354716628789902,0.03641152009367943,0.9499860405921936,0.1416789447558924,-2.228771311251021,-2.3990333181328993,-2.064673566687771,3444,12.216290212183436,5.356262833675565,0.3017055538287227
dkasc_20,xgboost,0,-1.0,full record,32196,0.05820564925670624,0.04028833284974098,0.9382705688476562,0.15839927363946288,-2.5788216005203424,-2.7912634340202525,-2.445656393646145,3444,12.216290212183436,5.356262833675565,0.3017055538287227
dkasc_20,xgboost,1,-1.0,full record,32196,0.05822915956377983,0.0403875932097435,0.9382206797599792,0.15846325395084251,-2.6463702439599914,-2.7799005959157075,-2.4889125801461347,3444,12.216290212183436,5.356262833675565,0.3017055538287227
dkasc_20,xgboost,2,-1.0,full record,32196,0.058146122843027115,0.04012705013155937,0.9383967518806458,0.1582372800733822,-2.619983338673302,-2.7787599580040734,-2.395336480802812,3444,12.216290212183436,5.356262833675565,0.3017055538287227
dkasc_20,xgboost,3,-1.0,full record,32196,0.058177292346954346,0.040477361530065536,0.9383307099342346,0.15832210391513682,-2.6705911298891993,-2.8448719213150953,-2.482508051275145,3444,12.216290212183436,5.356262833675565,0.3017055538287227
dkasc_20,xgboost,4,-1.0,full record,32196,0.05815959349274635,0.04018634185194969,0.9383682012557983,0.15827393873380824,-2.602085149236011,-2.8076757314549057,-2.454303954923398,3444,12.216290212183436,5.356262833675565,0.3017055538287227
dkasc_20,xgboost,0,-2.0,full record,32196,0.06791752576828003,0.04811547324061394,0.9085531830787659,0.19601561564619766,-3.4531841941696673,-3.5888874614582233,-3.259790674682976,3444,12.216290212183436,5.356262833675565,0.3017055538287227
dkasc_20,xgboost,1,-2.0,full record,32196,0.06780678778886795,0.048642534762620926,0.908851146697998,0.1956960166477899,-3.449797718006231,-3.6472985772519158,-3.2633450522569163,3444,12.216290212183436,5.356262833675565,0.3017055538287227
dkasc_20,xgboost,2,-2.0,full record,32196,0.06777891516685486,0.04815301299095154,0.9089260697364807,0.19561557394759188,-3.4323397551020984,-3.600840956139517,-3.285055622631039,3444,12.216290212183436,5.356262833675565,0.3017055538287227
dkasc_20,xgboost,3,-2.0,full record,32196,0.06787413358688354,0.04834380000829697,0.9086700081825256,0.19589038220969582,-3.4585390323728094,-3.6210240014083017,-3.298929523465933,3444,12.216290212183436,5.356262833675565,0.3017055538287227
dkasc_20,xgboost,4,-2.0,full record,32196,0.06775487214326859,0.04805401712656021,0.9089906811714172,0.19554618378626093,-3.4420547074790364,-3.608183517475372,-3.28152808317667,3444,12.216290212183436,5.356262833675565,0.3017055538287227
dkasc_21,xgboost,0,0.0,full record,29666,0.022337784990668297,0.01596614345908165,0.9930496215820312,0.05548084555747861,-0.9303892498424893,-1.050297197050487,-0.8098333929059864,3177,12.216290212183436,4.988021902806297,0.27953861584754264
dkasc_21,xgboost,1,0.0,full record,29666,0.022350424900650978,0.015983551740646362,0.9930417537689209,0.05551223957859138,-0.9499441639963413,-1.0790171799765158,-0.805158642978171,3177,12.216290212183436,4.988021902806297,0.27953861584754264
dkasc_21,xgboost,2,0.0,full record,29666,0.022311512380838394,0.01592976227402687,0.9930660128593445,0.055415591701334255,-0.9354205540708871,-1.0553392027313202,-0.8102084265003442,3177,12.216290212183436,4.988021902806297,0.2795486459378134
dkasc_21,xgboost,3,0.0,full record,29666,0.022312210872769356,0.015962675213813782,0.9930655360221863,0.05541732656103324,-0.9328340040415606,-1.0502676961550188,-0.7985318813840181,3177,12.216290212183436,4.988021902806297,0.2795486459378134
dkasc_21,xgboost,4,0.0,full record,29666,0.02229793556034565,0.015924833714962006,0.9930744171142578,0.05538187065507858,-0.917292416118141,-1.0424109338034115,-0.8092336791946542,3177,12.216290212183436,4.988021902806297,0.27953861584754264
dkasc_21,xgboost,0,-0.25,full record,29666,0.02451215125620365,0.017847668379545212,0.9914163947105408,0.061696520909565594,-1.1426363918551563,-1.2736772249769623,-1.0352329485724305,3177,12.216290212183436,4.988021902806297,0.27955867602808426
dkasc_21,xgboost,1,-0.25,full record,29666,0.0244742464274168,0.01777179352939129,0.9914429187774658,0.061601115327355446,-1.1270646100481674,-1.2535647862439714,-1.001288188360805,3177,12.216290212183436,4.988021902806297,0.2795486459378134
dkasc_21,xgboost,2,-0.25,full record,29666,0.024471253156661987,0.017789790406823158,0.991445004940033,0.06159358133371359,-1.1545746378410437,-1.2620547559117052,-1.0119365846700341,3177,12.216290212183436,4.988021902806297,0.2795486459378134
dkasc_21,xgboost,3,-0.25,full record,29666,0.02446254901587963,0.017785249277949333,0.9914510846138,0.06157167321156774,-1.1177641633534592,-1.2420336764303075,-0.9998555310391233,3177,12.216290212183436,4.988021902806297,0.2795486459378134
dkasc_21,xgboost,4,-0.25,full record,29666,0.024428298696875572,0.01775355450809002,0.991474986076355,0.06148546594642375,-1.158418443328102,-1.260941232021796,-1.0273193519018027,3177,12.216290212183436,4.988021902806297,0.2795486459378134
dkasc_21,xgboost,0,-0.5,full record,29666,0.02692176215350628,0.019763845950365067,0.9893814921379089,0.06868103675513004,-1.348307315916055,-1.477311368622873,-1.1968663072428276,3177,12.216290212183436,4.988021902806297,0.2795486459378134
dkasc_21,xgboost,1,-0.5,full record,29666,0.026911800727248192,0.019733045250177383,0.9893893599510193,0.06865562381673976,-1.349689342616428,-1.4642227060547766,-1.1801641319147458,3177,12.216290212183436,4.988021902806297,0.2795486459378134
dkasc_21,xgboost,2,-0.5,full record,29666,0.026873216032981873,0.019741225987672806,0.9894197583198547,0.06855718907127324,-1.351341280203619,-1.4819801519965154,-1.2066008811169926,3177,12.216290212183436,4.988021902806297,0.2795486459378134
dkasc_21,xgboost,3,-0.5,full record,29666,0.02685506083071232,0.01970503479242325,0.9894340634346008,0.06851087270805517,-1.3198736111871001,-1.4540261834605217,-1.2130553917125493,3177,12.216290212183436,4.988021902806297,0.2795486459378134
dkasc_21,xgboost,4,-0.5,full record,29666,0.02684156410396099,0.019696632400155067,0.9894446730613708,0.06847644074253983,-1.3598538865541854,-1.470976007097642,-1.221274955398366,3177,12.216290212183436,4.988021902806297,0.2795486459378134
dkasc_21,xgboost,0,-1.0,full record,29666,0.03235919028520584,0.023962749168276787,0.9838709831237793,0.08485577099667843,-1.7520814722930875,-1.8511420734587558,-1.6223844556021383,3177,12.216290212183436,4.988021902806297,0.27955867602808426
dkasc_21,xgboost,1,-1.0,full record,29666,0.0323355570435524,0.023850897327065468,0.9838945865631104,0.08479379735259221,-1.7569097450632667,-1.8433697713618393,-1.5985517649588619,3177,12.216290212183436,4.988021902806297,0.2795486459378134
dkasc_21,xgboost,2,-1.0,full record,29666,0.03233291581273079,0.023927155882120132,0.9838972091674805,0.08478687123127172,-1.7330656422107016,-1.8756671031408778,-1.6143465117844813,3177,12.216290212183436,4.988021902806297,0.27955867602808426
dkasc_21,xgboost,3,-1.0,full record,29666,0.03226828947663307,0.023865098133683205,0.9839615225791931,0.08461740105825663,-1.7220010497564642,-1.8355870468578672,-1.6087128431755249,3177,12.216290212183436,4.988021902806297,0.27955867602808426
dkasc_21,xgboost,4,-1.0,full record,29666,0.032302383333444595,0.0238663163036108,0.9839276075363159,0.08470680565956135,-1.7178375368188963,-1.8384257723616904,-1.5874726813809739,3177,12.216290212183436,4.988021902806297,0.27955867602808426
dkasc_21,xgboost,0,-2.0,full record,29666,0.044363733381032944,0.032830964773893356,0.966557502746582,0.12321026032163293,-2.5931576821370097,-2.6933608972318823,-2.4644774158035325,3177,12.216290212183436,4.988021902806297,0.2795787362086259
dkasc_21,xgboost,1,-2.0,full record,29666,0.044411420822143555,0.032784491777420044,0.9664855599403381,0.12334270143029362,-2.580182894732208,-2.6988757507400556,-2.444734220859097,3177,12.216290212183436,4.988021902806297,0.27955867602808426
dkasc_21,xgboost,2,-2.0,full record,29666,0.0443749837577343,0.03284841030836105,0.9665405750274658,0.12324150570466202,-2.569719304662932,-2.679883360963864,-2.4602311106163706,3177,12.216290212183436,4.988021902806297,0.2795787362086259
dkasc_21,xgboost,3,-2.0,full record,29666,0.044342171400785446,0.03276883810758591,0.9665900468826294,0.12315037678621164,-2.56390679150046,-2.6806040378450695,-2.431968970693821,3177,12.216290212183436,4.988021902806297,0.27955867602808426
dkasc_21,xgboost,4,-2.0,full record,29666,0.04435794800519943,0.03270011022686958,0.966566264629364,0.1231941927455256,-2.5525493839482163,-2.672693494559508,-2.4307103921148294,3177,12.216290212183436,4.988021902806297,0.27955867602808426
pvdaq_1430,xgboost,0,0.0,full record,27546,0.04123206436634064,0.020983342081308365,0.977009117603302,0.09832984356488997,-0.2774688154906668,-0.5212078713533685,-0.05595200843275619,2985,8.736481861738536,4.291238877481177,0.33199723013822674
pvdaq_1430,xgboost,1,0.0,full record,27546,0.041145358234643936,0.02092045545578003,0.9771056771278381,0.09812306758855023,-0.2917301408362333,-0.5070003617593133,-0.046123141891335484,2985,8.736481861738536,4.291238877481177,0.33199723013822674
pvdaq_1430,xgboost,2,0.0,full record,27546,0.0412147119641304,0.02094087190926075,0.9770284295082092,0.09828846171750906,-0.22289834117458773,-0.47860283679761473,-0.025232487025574683,2985,8.736481861738536,4.291238877481177,0.33198391349508616
pvdaq_1430,xgboost,3,0.0,full record,27546,0.04107411205768585,0.020883096382021904,0.9771848917007446,0.0979531603684644,-0.30196942714164066,-0.48380059510028106,-0.0881900661425794,2985,8.736481861738536,4.291238877481177,0.33199723013822674
pvdaq_1430,xgboost,4,0.0,full record,27546,0.041008275002241135,0.02084108255803585,0.9772579669952393,0.09779615277104861,-0.280997183010373,-0.508463704477295,-0.04665748779336676,2985,8.736481861738536,4.291238877481177,0.33199723013822674
pvdaq_1430,xgboost,0,-0.25,full record,27546,0.04102272912859917,0.021121293306350708,0.97679603099823,0.09886747437856708,-0.4697161946052686,-0.6414340085794894,-0.2906457875155912,2985,8.736481861738536,4.291238877481177,0.33199723013822674
pvdaq_1430,xgboost,1,-0.25,full record,27546,0.04105827212333679,0.021019626408815384,0.9767557978630066,0.09895313533277965,-0.4823184608301112,-0.6713268982726173,-0.271944780613818,2985,8.736481861738536,4.291238877481177,0.33199723013822674
pvdaq_1430,xgboost,2,-0.25,full record,27546,0.0410345084965229,0.021041670814156532,0.9767826795578003,0.09889586342973783,-0.4481281387794689,-0.6922078208674853,-0.2675597573517424,2985,8.736481861738536,4.291238877481177,0.33199723013822674
pvdaq_1430,xgboost,3,-0.25,full record,27546,0.040931254625320435,0.02107773907482624,0.9768993854522705,0.09864701481136347,-0.4377501403544496,-0.6582420864470354,-0.27320396673216235,2985,8.736481861738536,4.291238877481177,0.3319705968519456
pvdaq_1430,xgboost,4,-0.25,full record,27546,0.04071912169456482,0.020912885665893555,0.9771382212638855,0.09813576050084248,-0.4571238303091234,-0.6514703969945246,-0.2516141465952931,2985,8.736481861738536,4.291238877481177,0.33199723013822674
pvdaq_1430,xgboost,0,-0.5,full record,27546,0.04091629013419151,0.021427135914564133,0.9764666557312012,0.09966726649453436,-0.6261011260151386,-0.8126265883737398,-0.4290842153019979,2985,8.736481861738536,4.291238877481177,0.33199723013822674
pvdaq_1430,xgboost,1,-0.5,full record,27546,0.040941715240478516,0.02133452706038952,0.9764373898506165,0.09972919906065039,-0.6220306178421041,-0.8850977542039075,-0.3939403779573414,2985,8.736481861738536,4.291238877481177,0.33199723013822674
pvdaq_1430,xgboost,2,-0.5,full record,27546,0.04100045561790466,0.021383868530392647,0.9763697385787964,0.09987228370570791,-0.6329813087562808,-0.8470195984985052,-0.4231805797827226,2985,8.736481861738536,4.291238877481177,0.33199723013822674
pvdaq_1430,xgboost,3,-0.5,full record,27546,0.04084617644548416,0.021345529705286026,0.9765472412109375,0.0994964778019527,-0.6002945219584388,-0.8165259155644367,-0.4123851135415651,2985,8.736481861738536,4.291238877481177,0.33199723013822674
pvdaq_1430,xgboost,4,-0.5,full record,27546,0.04086107388138771,0.021313732489943504,0.976530134677887,0.0995327662022308,-0.6059792211760118,-0.819276322437729,-0.3863064316689544,2985,8.736481861738536,4.291238877481177,0.33199723013822674
pvdaq_1430,xgboost,0,-1.0,full record,27546,0.04155130311846733,0.022694900631904602,0.9747858047485352,0.10342995202948854,-0.9449067500955421,-1.1529172190952786,-0.7390370330374929,2985,8.736481861738536,4.291238877481177,0.33199723013822674
pvdaq_1430,xgboost,1,-1.0,full record,27546,0.04171654209494591,0.02275601215660572,0.9745848774909973,0.10384126667254207,-0.9941842506121982,-1.2231204303890575,-0.7525682158844749,2985,8.736481861738536,4.291238877481177,0.33199723013822674
pvdaq_1430,xgboost,2,-1.0,full record,27546,0.04167331010103226,0.022729165852069855,0.974637508392334,0.10373365312685183,-0.9648831859208118,-1.2211870207191988,-0.7128398853738893,2985,8.736481861738536,4.291238877481177,0.33199723013822674
pvdaq_1430,xgboost,3,-1.0,full record,27546,0.041612617671489716,0.022745296359062195,0.9747113585472107,0.10358257687640932,-0.8895001387496687,-1.145613467742712,-0.702632065574571,2985,8.736481861738536,4.291238877481177,0.33199723013822674
pvdaq_1430,xgboost,4,-1.0,full record,27546,0.04156583920121193,0.022694434970617294,0.9747681617736816,0.10346613540348969,-0.9768110132281238,-1.1992708679081554,-0.7135917829978522,2985,8.736481861738536,4.291238877481177,0.33199723013822674
pvdaq_1430,xgboost,0,-2.0,full record,27546,0.045025572180747986,0.026985710486769676,0.9681077599525452,0.11721030160788648,-1.9228608261739975,-2.1933653247716407,-1.6182358960316723,2985,8.736481861738536,4.291238877481177,0.33199723013822674
pvdaq_1430,xgboost,1,-2.0,full record,27546,0.045026641339063644,0.027034640312194824,0.968106210231781,0.11721308483445252,-1.887337323828836,-2.129796186228751,-1.5853993244056583,2985,8.736481861738536,4.291238877481177,0.33199723013822674
pvdaq_1430,xgboost,2,-2.0,full record,27546,0.044981151819229126,0.026959044858813286,0.9681706428527832,0.11709466678707273,-1.8345953589355646,-2.0536200990833398,-1.5093632016365772,2985,8.736481861738536,4.291238877481177,0.33199723013822674
pvdaq_1430,xgboost,3,-2.0,full record,27546,0.045094750821590424,0.026992620900273323,0.9680096507072449,0.1173903870341286,-1.868830013521755,-2.169360582688432,-1.6456074162126886,2985,8.736481861738536,4.291238877481177,0.33199723013822674
pvdaq_1430,xgboost,4,-2.0,full record,27546,0.04493800550699234,0.026958681643009186,0.9682316780090332,0.11698234856376975,-1.828590687694536,-2.1098993760298557,-1.4909636513983617,2985,8.736481861738536,4.291238877481177,0.33199723013822674
pvdaq_1423,xgboost,0,0.0,full record,19656,0.03713420778512955,0.014925669878721237,0.9832608699798584,0.07879585225893704,-0.332725899718761,-0.49344139016680444,-0.1875619039312567,2121,7.260780287474333,4.298083504449007,0.3501355847452738
pvdaq_1423,xgboost,1,0.0,full record,19656,0.037287577986717224,0.015265009365975857,0.9831222891807556,0.07912129169782728,-0.3374536633325951,-0.4744081203497674,-0.19406315885539538,2121,7.260780287474333,4.298083504449007,0.3501355847452738
pvdaq_1423,xgboost,2,0.0,full record,19656,0.037251342087984085,0.01519329845905304,0.9831550717353821,0.07904440198633625,-0.32169216518087274,-0.4551430890901627,-0.2106945448553721,2121,7.260780287474333,4.298083504449007,0.3501355847452738
pvdaq_1423,xgboost,3,0.0,full record,19656,0.037214651703834534,0.015221220441162586,0.983188271522522,0.07896654789273339,-0.3218495521860931,-0.4805120182201972,-0.17855313172858156,2121,7.260780287474333,4.298083504449007,0.3501355847452738
pvdaq_1423,xgboost,4,0.0,full record,19656,0.037142857909202576,0.015060690231621265,0.9832530617713928,0.07881420713814771,-0.34106941160643406,-0.4923649716552958,-0.18039111928090934,2121,7.260780287474333,4.298083504449007,0.3501355847452738
pvdaq_1423,xgboost,0,-0.25,full record,19656,0.037132181227207184,0.016068851575255394,0.9829540848731995,0.07951717768639241,-0.5267912881902315,-0.7030274155543637,-0.3920148261007783,2121,7.260780287474333,4.298083504449007,0.3501355847452738
pvdaq_1423,xgboost,1,-0.25,full record,19656,0.03731885552406311,0.016369787976145744,0.982782244682312,0.07991693371315926,-0.5361437661710822,-0.6939975953735005,-0.3847727959256919,2121,7.260780287474333,4.298083504449007,0.3501355847452738
pvdaq_1423,xgboost,2,-0.25,full record,19656,0.037407200783491135,0.016227802261710167,0.9827006459236145,0.08010612178290134,-0.536191909381506,-0.672817287867733,-0.38069287992077244,2121,7.260780287474333,4.298083504449007,0.3501355847452738
pvdaq_1423,xgboost,3,-0.25,full record,19656,0.03733767941594124,0.01655714213848114,0.9827648997306824,0.07995724437377097,-0.5266663584499898,-0.6691768456260292,-0.3853490085836697,2121,7.260780287474333,4.298083504449007,0.3501355847452738
pvdaq_1423,xgboost,4,-0.25,full record,19656,0.03716570883989334,0.016226841136813164,0.9829232692718506,0.07958897581532678,-0.5310276794543878,-0.6976964281924347,-0.39447874049228193,2121,7.260780287474333,4.298083504449007,0.3501355847452738
pvdaq_1423,xgboost,0,-0.5,full record,19656,0.037557151168584824,0.017452657222747803,0.9822414517402649,0.08117481422583432,-0.7343932739533987,-0.9155800396715041,-0.5986938031185884,2121,7.260780287474333,4.298083504449007,0.3501355847452738
pvdaq_1423,xgboost,1,-0.5,full record,19656,0.03754319250583649,0.017366979271173477,0.982254683971405,0.08114464442274273,-0.7535127605032887,-0.9153215901696221,-0.6006024839919332,2121,7.260780287474333,4.298083504449007,0.3501355847452738
pvdaq_1423,xgboost,2,-0.5,full record,19656,0.03772171214222908,0.017553942278027534,0.9820855259895325,0.08153049100239368,-0.7353397776262094,-0.9233742692823732,-0.6064201856210594,2121,7.260780287474333,4.298083504449007,0.3501355847452738
pvdaq_1423,xgboost,3,-0.5,full record,19656,0.03760012611746788,0.017872098833322525,0.9822008013725281,0.08126769889315874,-0.7821633684480744,-0.936341184701708,-0.6123918556430796,2121,7.260780287474333,4.298083504449007,0.3501355847452738
pvdaq_1423,xgboost,4,-0.5,full record,19656,0.03750522434711456,0.017436711117625237,0.9822905659675598,0.08106258127005805,-0.7423657097045067,-0.9180956819093478,-0.6124852939762171,2121,7.260780287474333,4.298083504449007,0.3501355847452738
pvdaq_1423,xgboost,0,-1.0,full record,19656,0.038728613406419754,0.020549185574054718,0.9804216623306274,0.08529237747934615,-1.1892373881109086,-1.366886631073879,-1.0294139917365945,2121,7.260780287474333,4.298083504449007,0.3501355847452738
pvdaq_1423,xgboost,1,-1.0,full record,19656,0.03875000774860382,0.020699385553598404,0.980400025844574,0.08533949443368521,-1.1982511909320759,-1.3673549016879196,-1.0284215517540218,2121,7.260780287474333,4.298083504449007,0.3501355847452738
pvdaq_1423,xgboost,2,-1.0,full record,19656,0.03886980935931206,0.020498281344771385,0.9802786707878113,0.08560333461035075,-1.2095203657487563,-1.3384481970474047,-1.0386435118190485,2121,7.260780287474333,4.298083504449007,0.3501355847452738
pvdaq_1423,xgboost,3,-1.0,full record,19656,0.038912661373615265,0.020841997116804123,0.9802351593971252,0.08569770799112078,-1.2231692214872747,-1.3775235570512356,-1.0241975498192613,2121,7.260780287474333,4.298083504449007,0.3501355847452738
pvdaq_1423,xgboost,4,-1.0,full record,19656,0.0386924184858799,0.020442988723516464,0.9804582595825195,0.0852126650767067,-1.220971089001005,-1.3534912773391305,-1.059953421422627,2121,7.260780287474333,4.298083504449007,0.3501355847452738
pvdaq_1423,xgboost,0,-2.0,full record,19656,0.04330373555421829,0.027291011065244675,0.9737250804901123,0.09912346580336796,-2.023202826999937,-2.2021763991949883,-1.8218396325403456,2121,7.260780287474333,4.298083504449007,0.3501355847452738
pvdaq_1423,xgboost,1,-2.0,full record,19656,0.04337039589881897,0.027468547224998474,0.9736441373825073,0.09927605320267427,-2.046122274249018,-2.193380288120461,-1.8507291813201876,2121,7.260780287474333,4.298083504449007,0.3501355847452738
pvdaq_1423,xgboost,2,-2.0,full record,19656,0.043330032378435135,0.027356324717402458,0.9736931920051575,0.0991836599718995,-2.036795626410746,-2.210966210050516,-1.8790415053264957,2121,7.260780287474333,4.298083504449007,0.3501355847452738
pvdaq_1423,xgboost,3,-2.0,full record,19656,0.043346475809812546,0.02730085514485836,0.9736732244491577,0.0992212994477315,-2.046405705124566,-2.2135168931396,-1.873424018226677,2121,7.260780287474333,4.298083504449007,0.3501355847452738
pvdaq_1423,xgboost,4,-2.0,full record,19656,0.043307483196258545,0.027364328503608704,0.9737205505371094,0.0991320442611584,-2.018430908630446,-2.221445401750466,-1.86148119179953,2121,7.260780287474333,4.298083504449007,0.3501355847452738
pvdaq_2107,xgboost,0,0.0,full record,20796,0.05131863057613373,0.039187319576740265,0.9547244310379028,0.13391216051907262,0.543382909739687,0.055245351462046566,1.1011131555270224,2249,6.7734428473648185,3.260438056125941,0.27581317155178714
pvdaq_2107,xgboost,1,0.0,full record,20796,0.05129195749759674,0.03916607424616814,0.9547714591026306,0.13384255909879925,0.5118787498209709,0.01443597155124099,1.1668806579696374,2249,6.7734428473648185,3.260438056125941,0.27581317155178714
pvdaq_2107,xgboost,2,0.0,full record,20796,0.051228661090135574,0.03912679851055145,0.9548830389976501,0.13367739181781257,0.46717900087092645,0.06561916545495539,1.0361277804801061,2249,6.7734428473648185,3.260438056125941,0.27581317155178714
pvdaq_2107,xgboost,3,0.0,full record,20796,0.0512906089425087,0.03920404240489006,0.9547738432884216,0.13383904014431058,0.5168987997676844,0.027150216084315115,1.1968940291262609,2249,6.7734428473648185,3.260438056125941,0.27581317155178714
pvdaq_2107,xgboost,4,0.0,full record,20796,0.05126958340406418,0.03918108344078064,0.9548109173774719,0.13378417556106717,0.5892617958764501,0.05797039474263635,1.1128242516690534,2249,6.7734428473648185,3.260438056125941,0.27581317155178714
pvdaq_2107,xgboost,0,-0.25,full record,20796,0.05067729949951172,0.038689181208610535,0.9550442099571228,0.1333873540528679,0.37976943963423404,-0.2143289824539485,0.9373263365782549,2249,6.7734428473648185,3.260438056125941,0.27581317155178714
pvdaq_2107,xgboost,1,-0.25,full record,20796,0.050614625215530396,0.038644641637802124,0.9551553130149841,0.13322238952259516,0.34974511879497516,-0.24462601656433494,0.871443590215712,2249,6.7734428473648185,3.260438056125941,0.27581317155178714
pvdaq_2107,xgboost,2,-0.25,full record,20796,0.050488680601119995,0.03849558159708977,0.9553782343864441,0.13289089161249887,0.3007827993578127,-0.1678433796287896,0.843103802330426,2249,6.7734428473648185,3.260438056125941,0.27581317155178714
pvdaq_2107,xgboost,3,-0.25,full record,20796,0.05059181526303291,0.038635604083538055,0.9551957249641418,0.13316235161134576,0.3959476742903312,-0.18846730983802518,0.8512229719431441,2249,6.7734428473648185,3.260438056125941,0.27581317155178714
pvdaq_2107,xgboost,4,-0.25,full record,20796,0.05053532123565674,0.038546983152627945,0.955295741558075,0.1330136540898535,0.3539592030912919,-0.15423652695344842,0.9685492460218437,2249,6.7734428473648185,3.260438056125941,0.27581317155178714
pvdaq_2107,xgboost,0,-0.5,full record,20796,0.05002967640757561,0.03816128522157669,0.9553874731063843,0.13283665438676898,0.14830771918949992,-0.4637888416230728,0.6703359391900365,2249,6.7734428473648185,3.260438056125941,0.27581317155178714
pvdaq_2107,xgboost,1,-0.5,full record,20796,0.05003075674176216,0.03813869506120682,0.9553855061531067,0.13283952284383818,0.10789657206449199,-0.5462157467795625,0.6326000765751516,2249,6.7734428473648185,3.260438056125941,0.27581317155178714
pvdaq_2107,xgboost,2,-0.5,full record,20796,0.04994270205497742,0.038132358342409134,0.9555424451828003,0.13260572381023522,0.10001282181256732,-0.43505421639853004,0.5885011092487188,2249,6.7734428473648185,3.260438056125941,0.27581317155178714
pvdaq_2107,xgboost,3,-0.5,full record,20796,0.05000058934092522,0.03808081895112991,0.9554393291473389,0.13275942365298837,0.1762427088009888,-0.4883587858499794,0.6304355623450186,2249,6.7734428473648185,3.260438056125941,0.27581317155178714
pvdaq_2107,xgboost,4,-0.5,full record,20796,0.049959588795900345,0.03807562589645386,0.9555123448371887,0.13265056076159631,0.11951482197769536,-0.4268414244087286,0.7488503277476133,2249,6.7734428473648185,3.260438056125941,0.27581317155178714
pvdaq_2107,xgboost,0,-1.0,full record,20796,0.04913175478577614,0.037345342338085175,0.9553938508033752,0.13277955165678035,-0.28986873922782763,-0.9107136946018946,0.16149489905019632,2249,6.7734428473648185,3.260438056125941,0.27581317155178714
pvdaq_2107,xgboost,1,-1.0,full record,20796,0.04907333105802536,0.03732766956090927,0.9554998874664307,0.1326216603620222,-0.3652643192060663,-0.9950412845208125,0.1876800798681133,2249,6.7734428473648185,3.260438056125941,0.27581317155178714
pvdaq_2107,xgboost,2,-1.0,full record,20796,0.04907451942563057,0.037347372621297836,0.955497682094574,0.13262487194928407,-0.37918403568985015,-1.0139176801861272,0.2102179019131085,2249,6.7734428473648185,3.260438056125941,0.27581317155178714
pvdaq_2107,xgboost,3,-1.0,full record,20796,0.04905613511800766,0.03724430873990059,0.9555310606956482,0.13257518798960596,-0.2965527237759358,-0.8793901238118851,0.2880190562635887,2249,6.7734428473648185,3.260438056125941,0.27581317155178714
pvdaq_2107,xgboost,4,-1.0,full record,20796,0.049084682017564774,0.03729410097002983,0.9554792642593384,0.13265233655759243,-0.26067856601829087,-0.9430824072178122,0.2863219988948673,2249,6.7734428473648185,3.260438056125941,0.27581317155178714
pvdaq_2107,xgboost,0,-2.0,full record,20796,0.0485772043466568,0.036731600761413574,0.9531490206718445,0.13613774598631057,-1.3022347796216434,-1.754572293927259,-0.8440892513889686,2249,6.7734428473648185,3.260438056125941,0.27581317155178714
pvdaq_2107,xgboost,1,-2.0,full record,20796,0.04846576601266861,0.03664993867278099,0.9533637166023254,0.13582543975523645,-1.33639699721268,-1.8218022946614898,-0.836256357926507,2249,6.7734428473648185,3.260438056125941,0.27581317155178714
pvdaq_2107,xgboost,2,-2.0,full record,20796,0.04855555668473244,0.03674391284584999,0.9531907439231873,0.13607707835547644,-1.3532120305946653,-1.7974588223586108,-0.7852117168180424,2249,6.7734428473648185,3.260438056125941,0.27581317155178714
pvdaq_2107,xgboost,3,-2.0,full record,20796,0.04848340526223183,0.03660617396235466,0.9533297419548035,0.13587487379963492,-1.2540866033307498,-1.7377087248322654,-0.6342186070345616,2249,6.7734428473648185,3.260438056125941,0.27581317155178714
pvdaq_2107,xgboost,4,-2.0,full record,20796,0.048477817326784134,0.036637790501117706,0.9533405303955078,0.13585921359549602,-1.3027904539987887,-1.8457954721248448,-0.6997718317510041,2249,6.7734428473648185,3.260438056125941,0.27581317155178714
pvdaq_10,xgboost,0,0.0,full record,38116,0.04045591875910759,0.02360641397535801,0.9792680144309998,0.11013610270144623,-1.2968803599820928,-1.4030199977187368,-1.174351529431561,4145,13.125256673511293,6.424024640657084,0.2959165862845069
pvdaq_10,xgboost,1,0.0,full record,38116,0.04041768237948418,0.02358740195631981,0.9793071746826172,0.11003200901225799,-1.2899301491440944,-1.4038071311332574,-1.1871650939847704,4145,13.125256673511293,6.424024640657084,0.2959165862845069
pvdaq_10,xgboost,2,0.0,full record,38116,0.04046069458127022,0.02360851690173149,0.9792631268501282,0.11014910427096487,-1.2839762151935337,-1.4077422620474844,-1.163646056581501,4145,13.125256673511293,6.424024640657084,0.2959165862845069
pvdaq_10,xgboost,3,0.0,full record,38116,0.04047362133860588,0.023575738072395325,0.9792498350143433,0.11018429572668226,-1.3066014390865628,-1.3954126832797342,-1.180004078076208,4145,13.125256673511293,6.424024640657084,0.2959165862845069
pvdaq_10,xgboost,4,0.0,full record,38116,0.04048855975270271,0.023597320541739464,0.979234516620636,0.1102249636625401,-1.2969597799963961,-1.4211781933142364,-1.204373121393465,4145,13.125256673511293,6.424024640657084,0.2959165862845069
pvdaq_10,xgboost,0,-0.25,full record,38116,0.04263370484113693,0.025870470330119133,0.9762834906578064,0.11793917831280702,-1.514698293320943,-1.6070369918973981,-1.3855755294078875,4145,13.125256673511293,6.424024640657084,0.2959165862845069
pvdaq_10,xgboost,1,-0.25,full record,38116,0.04260581359267235,0.025832094252109528,0.9763145446777344,0.11786202173121768,-1.4643663711220223,-1.5758845602907516,-1.368521949971717,4145,13.125256673511293,6.424024640657084,0.2959165862845069
pvdaq_10,xgboost,2,-0.25,full record,38116,0.04263250157237053,0.025879932567477226,0.9762848615646362,0.11793584966637276,-1.482504860674766,-1.5972667631070423,-1.3724694593121645,4145,13.125256673511293,6.424024640657084,0.2959165862845069
pvdaq_10,xgboost,3,-0.25,full record,38116,0.042660895735025406,0.025844436138868332,0.9762532711029053,0.11801439747789594,-1.482407098259792,-1.6142965249612118,-1.3722250773631302,4145,13.125256673511293,6.424024640657084,0.2959165862845069
pvdaq_10,xgboost,4,-0.25,full record,38116,0.042714957147836685,0.02598782815039158,0.9761930108070374,0.11816394954307886,-1.521460868343738,-1.62805108663076,-1.3970555586643567,4145,13.125256673511293,6.424024640657084,0.2959165862845069
pvdaq_10,xgboost,0,-0.5,full record,38116,0.04500025510787964,0.028171047568321228,0.9727851152420044,0.12652917060335564,-1.714887112608697,-1.8315519844821382,-1.594198292911369,4145,13.125256673511293,6.424024640657084,0.2959165862845069
pvdaq_10,xgboost,1,-0.5,full record,38116,0.04508921131491661,0.028197240084409714,0.9726774096488953,0.1267792926319847,-1.6894529580342708,-1.7921921613308467,-1.575779535376215,4145,13.125256673511293,6.424024640657084,0.2959165862845069
pvdaq_10,xgboost,2,-0.5,full record,38116,0.04504524916410446,0.028191205114126205,0.9727306365966797,0.12665568234429042,-1.6818639325571594,-1.7910607876991484,-1.5858775555972222,4145,13.125256673511293,6.424024640657084,0.2959165862845069
pvdaq_10,xgboost,3,-0.5,full record,38116,0.04509145766496658,0.028183713555336,0.9726746678352356,0.12678560879192705,-1.687244043606646,-1.7988601741473214,-1.5845056862939582,4145,13.125256673511293,6.424024640657084,0.2959165862845069
pvdaq_10,xgboost,4,-0.5,full record,38116,0.045118652284145355,0.02830621413886547,0.9726417064666748,0.12686207308310307,-1.7232970864803705,-1.8226131887365087,-1.6055994871134165,4145,13.125256673511293,6.424024640657084,0.2959165862845069
pvdaq_10,xgboost,0,-1.0,full record,38116,0.0505315326154232,0.032977145165205,0.96360844373703,0.1469043067726895,-2.0895728247316496,-2.206870171591646,-1.983951929112826,4145,13.125256673511293,6.424024640657084,0.2959165862845069
pvdaq_10,xgboost,1,-1.0,full record,38116,0.05056445300579071,0.033027131110429764,0.9635609984397888,0.14700001230298546,-2.092754335087071,-2.230197957355758,-1.9798169412235325,4145,13.125256673511293,6.424024640657084,0.2959165862845069
pvdaq_10,xgboost,2,-1.0,full record,38116,0.050555258989334106,0.033006295561790466,0.963574230670929,0.14697328363389295,-2.09954672197233,-2.206168697044239,-1.974812641141597,4145,13.125256673511293,6.424024640657084,0.2959165862845069
pvdaq_10,xgboost,3,-1.0,full record,38116,0.050530072301626205,0.032992370426654816,0.9636105298995972,0.14690006137630207,-2.1010739589267104,-2.2298270613336992,-1.9853604251598544,4145,13.125256673511293,6.424024640657084,0.2959165862845069
pvdaq_10,xgboost,4,-1.0,full record,38116,0.05054603889584541,0.03309430927038193,0.9635875225067139,0.14694647915415068,-2.096393929155504,-2.207641163613877,-1.991988442433812,4145,13.125256673511293,6.424024640657084,0.2959165862845069
pvdaq_10,xgboost,0,-2.0,full record,38116,0.0632779449224472,0.04296645149588585,0.9359946250915527,0.19735807172670414,-2.8411921986400412,-3.012439585477227,-2.7060722896973353,4145,13.125256673511293,6.424024640657084,0.2959165862845069
pvdaq_10,xgboost,1,-2.0,full record,38116,0.06333447992801666,0.043071601539850235,0.9358802437782288,0.19753439919274182,-2.8636794429479497,-2.986946705407223,-2.712460935919536,4145,13.125256673511293,6.424024640657084,0.2959165862845069
pvdaq_10,xgboost,2,-2.0,full record,38116,0.06336929649114609,0.04312169551849365,0.9358097314834595,0.19764298884071152,-2.8877185914441275,-3.024843864962945,-2.7468195624827874,4145,13.125256673511293,6.424024640657084,0.2959165862845069
pvdaq_10,xgboost,3,-2.0,full record,38116,0.06327417492866516,0.04304113611578941,0.936002254486084,0.19734631346394518,-2.885664747492712,-3.015093103533625,-2.7353386506433424,4145,13.125256673511293,6.424024640657084,0.2959165862845069
pvdaq_10,xgboost,4,-2.0,full record,38116,0.0633142739534378,0.0429699532687664,0.9359211325645447,0.19747137862238148,-2.8882342552571325,-3.0379311795082686,-2.7481395983111723,4145,13.125256673511293,6.424024640657084,0.2959165862845069
pvdaq_33,xgboost,0,0.0,full record,37106,0.04722689464688301,0.019487954676151276,0.9706727266311646,0.12933471250933995,-0.43791314184954616,-0.5311999765968298,-0.32016705382800814,4034,12.301163586584531,5.936687200547571,0.28911904046813997
pvdaq_33,xgboost,1,0.0,full record,37106,0.047389641404151917,0.019594553858041763,0.9704702496528625,0.12978040781115013,-0.45404380227167823,-0.5510703418489918,-0.36275719251447347,4034,12.301163586584531,5.936687200547571,0.28911904046813997
pvdaq_33,xgboost,2,0.0,full record,37106,0.04727163165807724,0.01978382281959057,0.9706171751022339,0.12945722847242824,-0.4387035680773235,-0.5294863657572146,-0.3270929749299545,4034,12.301163586584531,5.936687200547571,0.28913841712121063
pvdaq_33,xgboost,3,0.0,full record,37106,0.04726550355553627,0.02005542255938053,0.9706247448921204,0.12944044616255396,-0.4199220776668233,-0.5091486139067292,-0.30635536003179437,4034,12.301163586584531,5.936687200547571,0.289148105447746
pvdaq_33,xgboost,4,0.0,full record,37106,0.04731470346450806,0.01969550922513008,0.9705635905265808,0.12957518413611607,-0.4386626447040798,-0.5461871969895671,-0.334407202201481,4034,12.301163586584531,5.936687200547571,0.28913841712121063
pvdaq_33,xgboost,0,-0.25,full record,37106,0.04696712642908096,0.020525822415947914,0.970087468624115,0.13064160194363086,-0.6523886734655038,-0.7521916019104236,-0.5632521433758586,4034,12.301163586584531,5.936687200547571,0.28911904046813997
pvdaq_33,xgboost,1,-0.25,full record,37106,0.04713071510195732,0.0206143856048584,0.9698787331581116,0.1310966326834116,-0.67374013430469,-0.7746043997499221,-0.5783069705833421,4034,12.301163586584531,5.936687200547571,0.28911904046813997
pvdaq_33,xgboost,2,-0.25,full record,37106,0.04705478996038437,0.021017737686634064,0.9699757099151611,0.13088544279641978,-0.6651284646841948,-0.7704974255416926,-0.5612524524201579,4034,12.301163586584531,5.936687200547571,0.289148105447746
pvdaq_33,xgboost,3,-0.25,full record,37106,0.04687463864684105,0.020384792238473892,0.9702051281929016,0.13038434217598718,-0.6489276044996939,-0.7473382215690494,-0.5647793123668587,4034,12.301163586584531,5.936687200547571,0.2891093521416046
pvdaq_33,xgboost,4,-0.25,full record,37106,0.04701601341366768,0.020788636058568954,0.9700251817703247,0.13077758373485765,-0.6420302708256886,-0.7707540763131239,-0.5454698352413523,4034,12.301163586584531,5.936687200547571,0.289148105447746
pvdaq_33,xgboost,0,-0.5,full record,37106,0.04700251668691635,0.02187747322022915,0.9691060185432434,0.13282425766213746,-0.8779042664493151,-0.9552329546240634,-0.7843437202647183,4034,12.301163586584531,5.936687200547571,0.28911904046813997
pvdaq_33,xgboost,1,-0.5,full record,37106,0.047214701771736145,0.022058045491576195,0.9688264727592468,0.1334238707970233,-0.9094097727971318,-1.0001940651172214,-0.8274946657142346,4034,12.301163586584531,5.936687200547571,0.28911904046813997
pvdaq_33,xgboost,2,-0.5,full record,37106,0.047172144055366516,0.022330475971102715,0.9688826203346252,0.13330360708599176,-0.8893286418760082,-0.9909530072383488,-0.7895754349051431,4034,12.301163586584531,5.936687200547571,0.289148105447746
pvdaq_33,xgboost,3,-0.5,full record,37106,0.046939168125391006,0.021832531318068504,0.9691892862319946,0.1326452411700076,-0.8749806365096036,-0.9857856636003026,-0.7887440583795757,4034,12.301163586584531,5.936687200547571,0.2891093521416046
pvdaq_33,xgboost,4,-0.5,full record,37106,0.047118742018938065,0.021868165582418442,0.9689530730247498,0.13315269844649266,-0.888014501698775,-0.9841126510584206,-0.8064722378504519,4034,12.301163586584531,5.936687200547571,0.28912872879467527
pvdaq_33,xgboost,0,-1.0,full record,37106,0.048198189586400986,0.02543494664132595,0.9654577970504761,0.14068869842698717,-1.332665418193657,-1.4379275438735295,-1.2473332348414028,4034,12.301163586584531,5.936687200547571,0.28911904046813997
pvdaq_33,xgboost,1,-1.0,full record,37106,0.048408158123493195,0.02557072788476944,0.9651561975479126,0.14130158867136383,-1.3529411573660166,-1.4519992073833143,-1.2661766418210707,4034,12.301163586584531,5.936687200547571,0.28911904046813997
pvdaq_33,xgboost,2,-1.0,full record,37106,0.048332419246435165,0.025714796036481857,0.965265154838562,0.1410805097444362,-1.3690409013702554,-1.4544344091802386,-1.2629235047434295,4034,12.301163586584531,5.936687200547571,0.289148105447746
pvdaq_33,xgboost,3,-1.0,full record,37106,0.04828421026468277,0.02540780045092106,0.965334415435791,0.1409397895440835,-1.3468082880523156,-1.4466151845348496,-1.2520439894518192,4034,12.301163586584531,5.936687200547571,0.2890899754885339
pvdaq_33,xgboost,4,-1.0,full record,37106,0.048298679292201996,0.025414949283003807,0.9653136134147644,0.14098202408995864,-1.3624219338828403,-1.4547569801830667,-1.2798259324269923,4034,12.301163586584531,5.936687200547571,0.28911904046813997
pvdaq_33,xgboost,0,-2.0,full record,37106,0.05482570827007294,0.03393000736832619,0.9495577216148376,0.17131829595220713,-2.24771395360428,-2.341436262469543,-2.139906188118643,4034,12.301163586584531,5.936687200547571,0.28912872879467527
pvdaq_33,xgboost,1,-2.0,full record,37106,0.05479462072253227,0.03396916016936302,0.9496148824691772,0.17122115419447984,-2.259906559914804,-2.3318889522289665,-2.162698549620576,4034,12.301163586584531,5.936687200547571,0.28909966381506924
pvdaq_33,xgboost,2,-2.0,full record,37106,0.05496254190802574,0.03414919972419739,0.9493055939674377,0.17174587101548838,-2.268329925397461,-2.3535308203726952,-2.1732965464856813,4034,12.301163586584531,5.936687200547571,0.28913841712121063
pvdaq_33,xgboost,3,-2.0,full record,37106,0.05481092631816864,0.033954109996557236,0.9495849013328552,0.17127210559934172,-2.2500633530221137,-2.348374783156282,-2.14928450369568,4034,12.301163586584531,5.936687200547571,0.28909966381506924
pvdaq_33,xgboost,4,-2.0,full record,37106,0.05485056713223457,0.033901654183864594,0.9495119452476501,0.1713959744362472,-2.2495829340566265,-2.345710153887382,-2.159238154348353,4034,12.301163586584531,5.936687200547571,0.2891093521416046
pvdaq_1278,xgboost,0,0.0,full record,22704,0.048764027655124664,0.02284345030784607,0.9528831839561462,0.1354090841682564,0.007610761226711782,-0.19156489814587235,0.24250250937116746,2415,6.899383983572895,3.3767967145790556,0.3698504729935917
pvdaq_1278,xgboost,1,0.0,full record,22704,0.04875979200005531,0.02274952083826065,0.9528914093971252,0.1353973225029188,0.018765157705309683,-0.15317374430360076,0.20535921507597737,2415,6.899383983572895,3.3767967145790556,0.3698504729935917
pvdaq_1278,xgboost,2,0.0,full record,22704,0.04867806285619736,0.022666873410344124,0.9530491828918457,0.13517037511871316,-0.022505398729288792,-0.20716307188979322,0.18605395410801867,2415,6.899383983572895,3.3767967145790556,0.3698504729935917
pvdaq_1278,xgboost,3,0.0,full record,22704,0.04875935986638069,0.02273443341255188,0.9528922438621521,0.13539612254409808,0.03759082347900011,-0.24336419051170233,0.24117915570454063,2415,6.899383983572895,3.3767967145790556,0.3698504729935917
pvdaq_1278,xgboost,4,0.0,full record,22704,0.04881943762302399,0.02276797778904438,0.9527760744094849,0.1355629478535964,0.037685392976360976,-0.1768258814711099,0.21604880277066862,2415,6.899383983572895,3.3767967145790556,0.3698504729935917
pvdaq_1278,xgboost,0,-0.25,full record,22704,0.048399899154901505,0.022746432572603226,0.9527544379234314,0.13559443787914993,-0.1850331770927638,-0.39446154630415897,0.02562959763912631,2415,6.899383983572895,3.3767967145790556,0.3698504729935917
pvdaq_1278,xgboost,1,-0.25,full record,22704,0.04834515601396561,0.022592592984437943,0.9528612494468689,0.13544107257152427,-0.19239890515244662,-0.39232354876672904,-0.0036844975078878044,2415,6.899383983572895,3.3767967145790556,0.3698504729935917
pvdaq_1278,xgboost,2,-0.25,full record,22704,0.04827883467078209,0.022515788674354553,0.9529905319213867,0.13525527042306157,-0.19025404110071809,-0.3585921718597396,-0.00010140544623519045,2415,6.899383983572895,3.3767967145790556,0.3698504729935917
pvdaq_1278,xgboost,3,-0.25,full record,22704,0.048273682594299316,0.02254638448357582,0.953000545501709,0.1352408366550829,-0.2073999873032084,-0.3990048897498766,-0.014058518432769063,2415,6.899383983572895,3.3767967145790556,0.3698504729935917
pvdaq_1278,xgboost,4,-0.25,full record,22704,0.0483623705804348,0.022615579888224602,0.9528276920318604,0.13548929993365685,-0.21377108466593686,-0.393658393052718,-0.039836328591302816,2415,6.899383983572895,3.3767967145790556,0.3698504729935917
pvdaq_1278,xgboost,0,-0.5,full record,22704,0.04794134572148323,0.0225379578769207,0.9528172016143799,0.13551620968491965,-0.3516855532580014,-0.5541545850284324,-0.183428082888444,2415,6.899383983572895,3.3767967145790556,0.3698504729935917
pvdaq_1278,xgboost,1,-0.5,full record,22704,0.04794150963425636,0.022493647411465645,0.9528168439865112,0.13551667301854953,-0.4014932971256935,-0.5831535866716697,-0.20635496629607397,2415,6.899383983572895,3.3767967145790556,0.3698504729935917
pvdaq_1278,xgboost,2,-0.5,full record,22704,0.047913286834955215,0.02247428335249424,0.9528723955154419,0.13543689539173426,-0.42109413651620714,-0.6157949404765439,-0.23138021084997867,2415,6.899383983572895,3.3767967145790556,0.3698504729935917
pvdaq_1278,xgboost,3,-0.5,full record,22704,0.04803484305739403,0.02259228751063347,0.9526329636573792,0.1357804993995196,-0.4059227003293864,-0.5637792144273845,-0.24360851654635757,2415,6.899383983572895,3.3767967145790556,0.3698504729935917
pvdaq_1278,xgboost,4,-0.5,full record,22704,0.04800467565655708,0.022577209398150444,0.952692449092865,0.13569522495100458,-0.41085625459951935,-0.6136143615524404,-0.2339565620362749,2415,6.899383983572895,3.3767967145790556,0.3698504729935917
pvdaq_1278,xgboost,0,-1.0,full record,22704,0.04733218252658844,0.02272017113864422,0.9523529410362244,0.1362418626771356,-0.7405950828700669,-0.9704251039954648,-0.5640386207779311,2415,6.899383983572895,3.3767967145790556,0.3698504729935917
pvdaq_1278,xgboost,1,-1.0,full record,22704,0.047306664288043976,0.022733604535460472,0.9524043202400208,0.13616841048951284,-0.7644821662645129,-0.9336412040744699,-0.5718473669611771,2415,6.899383983572895,3.3767967145790556,0.3698504729935917
pvdaq_1278,xgboost,2,-1.0,full record,22704,0.04718511924147606,0.022685041651129723,0.9526485800743103,0.13581855289453948,-0.7662657513921978,-0.9756381925705052,-0.570745729815042,2415,6.899383983572895,3.3767967145790556,0.3698504729935917
pvdaq_1278,xgboost,3,-1.0,full record,22704,0.04731028527021408,0.022698629647493362,0.9523970484733582,0.1361788331940923,-0.7517055001228123,-0.9593992555049549,-0.5638045578069684,2415,6.899383983572895,3.3767967145790556,0.3698504729935917
pvdaq_1278,xgboost,4,-1.0,full record,22704,0.047294531017541885,0.02269529365003109,0.9524286985397339,0.13613348585081395,-0.7822346976377903,-0.9882365382195113,-0.575705893291858,2415,6.899383983572895,3.3767967145790556,0.3698504729935917
pvdaq_1278,xgboost,0,-2.0,full record,22704,0.04684218019247055,0.024098455905914307,0.9499344825744629,0.13995185445944386,-1.4552038112742949,-1.6693252023862957,-1.2776698242553008,2415,6.899383983572895,3.3767967145790556,0.3698504729935917
pvdaq_1278,xgboost,1,-2.0,full record,22704,0.04684298858046532,0.02413463220000267,0.9499327540397644,0.13995426970567118,-1.507489763522446,-1.738925030534294,-1.301212176542943,2415,6.899383983572895,3.3767967145790556,0.3698504729935917
pvdaq_1278,xgboost,2,-2.0,full record,22704,0.04688721150159836,0.024149613454937935,0.9498381614685059,0.1400863959174904,-1.5606612932522141,-1.8193772589960355,-1.3447245201166738,2415,6.899383983572895,3.3767967145790556,0.3698504729935917
pvdaq_1278,xgboost,3,-2.0,full record,22704,0.046934824436903,0.02410043403506279,0.9497362375259399,0.14022865058123068,-1.4818245782404966,-1.7074466927081866,-1.2533293212142138,2415,6.899383983572895,3.3767967145790556,0.3698504729935917
pvdaq_1278,xgboost,4,-2.0,full record,22704,0.046846214681863785,0.024056361988186836,0.9499258399009705,0.13996390843024667,-1.4499586356944205,-1.730913147119989,-1.243329326100705,2415,6.899383983572895,3.3767967145790556,0.3698504729935917
